SMILES,Name,InChI,Formula,MW,LogP,pKd,Structure,Synthesize,Chemical,SA_Score,SA_Score_Binary,Database,HBA,HBD,TPSA,RotBonds,NumCarbons,NumOxygens,NumNitrogens,FractionCarbons,FractionOxygens,FractionNitrogens,CSP3,ChiralCarbonFraction,HeavyAtoms,NumRings,AliphaticRings,AromaticRings,Heterocycles,AliphaticHeterocycles,AromaticHeterocycles,SpiroAtoms,BridgeheadAtoms
OC/C=C/1\C(=O)NN=C1C(=O)Cc1oc(cc1)[C@H](CCN)n1cnc(c1)Cl,1/000001001,"InChI=1S/C17H18ClN5O4/c18-15-8-23(9-20-15)12(3-5-19)14-2-1-10(27-14)7-13(25)16-11(4-6-24)17(26)22-21-16/h1-2,4,8-9,12,24H,3,5-7,19H2,(H,22,26)/b11-4-/t12-/m0/s1",C17H18N5O4Cl,391.1047317360001,0.5838,6.15,1.62,5.35,-170,4.248686927494223,1,CONCAT,8,3,135.74,8,17,4,5,0.6296296296296297,0.14814814814814814,0.18518518518518517,0.29411764705882354,0.058823529411764705,27,3,1,2,3,1,2,0,0
OC/C=C/1\C(=O)NN=C1C(=O)Cc1oc(cc1)CC[C@@H](c1cscc1)N,1/000001011,"InChI=1S/C18H19N3O4S/c19-15(11-6-8-26-10-11)4-3-12-1-2-13(25-12)9-16(23)17-14(5-7-22)18(24)21-20-17/h1-2,5-6,8,10,15,22H,3-4,7,9,19H2,(H,21,24)/b14-5-/t15-/m0/s1",C18H19N3O4S,373.109627088,1.4897999999999993,5.98,2.84,3.98,-170,3.8991570926075503,1,CONCAT,7,3,117.91999999999999,8,18,4,3,0.6923076923076923,0.15384615384615385,0.11538461538461539,0.2777777777777778,0.05555555555555555,26,3,1,2,3,1,2,0,0
OC/C=C\1/C(=NNC1=O)C(=O)Cc1oc(cc1)CC[C@@H](C1=CSCC1)N,1/000001031,"InChI=1S/C18H21N3O4S/c19-15(11-6-8-26-10-11)4-3-12-1-2-13(25-12)9-16(23)17-14(5-7-22)18(24)21-20-17/h1-2,5,10,15,22H,3-4,6-9,19H2,(H,21,24)/b14-5-/t15-/m0/s1",C18H21N3O4S,375.125277152,1.076399999999999,5.94,2.76,3.98,-170,4.346683495933954,1,CONCAT,7,3,117.92,8,18,4,3,0.6923076923076923,0.15384615384615385,0.11538461538461539,0.3888888888888889,0.05555555555555555,26,3,2,1,3,2,1,0,0
C#CC(=O)OC[C@H](CCc1oc(cc1)CC(=O)C1=NNC(=O)/C/1=C\CO)N,1/000001020,"InChI=1S/C18H19N3O6/c1-2-16(24)26-10-11(19)3-4-12-5-6-13(27-12)9-15(23)17-14(7-8-22)18(25)21-20-17/h1,5-7,11,22H,3-4,8-10,19H2,(H,21,25)/b14-7-/t11-/m0/s1",C18H19N3O6,373.127385328,-0.7679999999999982,5.78,2.3,5.5,-170,4.2068899558343045,1,CONCAT,8,3,144.22,9,18,6,3,0.6666666666666666,0.2222222222222222,0.1111111111111111,0.3333333333333333,0.05555555555555555,27,2,1,1,2,1,1,0,0
Sc1c(/C=C/C=C/[C@H](c2nncs2)O)cc(cc1ON)Br,15/000000234,"InChI=1S/C13H12BrN3O2S2/c14-9-5-8(12(20)11(6-9)19-15)3-1-2-4-10(18)13-17-16-7-21-13/h1-7,10,18,20H,15H2/b3-1+,4-2+/t10-/m1/s1",C13H12N3O2S2Br,384.95543072400005,3.144800000000001,5.76,-6.3,3.7,-190,4.285903145067304,1,CONCAT,7,3,81.26,5,13,2,3,0.6190476190476191,0.09523809523809523,0.14285714285714285,0.07692307692307693,0.07692307692307693,21,2,0,2,1,0,1,0,0
OC/C=C/1\C(=O)NN=C1C(=O)Cc1oc(cc1)/C=C/Nc1cccc2c1C(=O)NC2=O,1/000000999,"InChI=1S/C21H16N4O6/c26-9-7-14-18(24-25-20(14)29)16(27)10-12-5-4-11(31-12)6-8-22-15-3-1-2-13-17(15)21(30)23-19(13)28/h1-8,22,26H,9-10H2,(H,25,29)(H,23,28,30)/b8-6+,14-7-",C21H16N4O6,420.106984232,0.7620999999999996,5.75,-0.23,6.74,-100,3.544765242063936,1,CONCAT,8,4,150.1,7,21,6,4,0.6774193548387096,0.1935483870967742,0.12903225806451613,0.09523809523809523,0.0,31,4,2,2,3,2,1,0,0
Sc1nnc([nH]1)[C@H](COC(=O)CNc1ncnc2c1cn[nH]2)N,1/000000699,"InChI=1S/C11H13N9O2S/c12-6(10-17-11(23)20-19-10)3-22-7(21)2-13-8-5-1-16-18-9(5)15-4-14-8/h1,4,6H,2-3,12H2,(H2,17,19,20,23)(H2,13,14,15,16,18)/t6-/m0/s1",C11H13N9O2S,335.0912916560001,-0.5852000000000006,5.74,1.19,3.58,-190,3.9350610257113736,1,CONCAT,10,5,160.38000000000002,6,11,2,9,0.4782608695652174,0.08695652173913043,0.391304347826087,0.2727272727272727,0.09090909090909091,23,3,0,3,3,0,3,0,0
Oc1c(OC(=O)c2nnc([nH]2)CCC[NH3+])cc(cc1)CN,17/000001158,"InChI=1S/C13H17N5O3/c14-5-1-2-11-16-12(18-17-11)13(20)21-10-6-8(7-15)3-4-9(10)19/h3-4,6,19H,1-2,5,7,14-15H2,(H,16,17,18)/p+1",C13H18N5O3,292.14041585609004,-0.6372999999999991,5.72,0.13,3.58,0,3.5143750415534205,1,CONCAT,6,4,141.76,6,13,3,5,0.6190476190476191,0.14285714285714285,0.23809523809523808,0.3076923076923077,0.0,21,2,0,2,1,0,1,0,0
Oc1cc(cc(c1CC/C=C/C[NH3+])N(=O)=O)NC(=O)Cc1n[nH]nc1,17/000001600,"InChI=1S/C15H18N6O4/c16-5-3-1-2-4-12-13(21(24)25)6-10(7-14(12)22)18-15(23)8-11-9-17-20-19-11/h1,3,6-7,9,22H,2,4-5,8,16H2,(H,18,23)(H,17,19,20)/p+1/b3-1+",C15H19N6O4,347.1462295080901,0.3303999999999995,5.71,-2.19,3.58,-60,3.4913758515612585,1,CONCAT,6,4,161.68,8,15,4,6,0.6,0.16,0.24,0.26666666666666666,0.0,25,2,0,2,1,0,1,0,0
Sc1c(/C=C/C=C/[C@H](CC)O)cc(cc1ON)Br,15/000000256,"InChI=1S/C13H16BrNO2S/c1-2-11(16)6-4-3-5-9-7-10(14)8-12(17-15)13(9)18/h3-8,11,16,18H,2,15H2,1H3/b5-3+,6-4+/t11-/m0/s1",C13H16NO2SBr,329.00851185199997,3.3306000000000013,5.69,-6.22,2.35,-190,3.9226164560949472,1,CONCAT,4,3,55.480000000000004,5,13,2,1,0.7222222222222222,0.1111111111111111,0.05555555555555555,0.23076923076923078,0.07692307692307693,18,1,0,1,0,0,0,0,0
OC/C=C\1/C(=NNC1=O)C(=O)Cc1oc(cc1)[C@H](C(=C)c1ccccc1)O,1/000001018,"InChI=1S/C20H18N2O5/c1-12(13-5-3-2-4-6-13)19(25)17-8-7-14(27-17)11-16(24)18-15(9-10-23)20(26)22-21-18/h2-9,19,23,25H,1,10-11H2,(H,22,26)/b15-9-/t19-/m0/s1",C20H18N2O5,366.121571676,1.542499999999999,5.63,0.58,3.84,-150,3.842480854619729,1,CONCAT,6,3,112.13000000000001,7,20,5,2,0.7407407407407407,0.18518518518518517,0.07407407407407407,0.15,0.05,27,3,1,2,2,1,1,0,0
O=C(C/C=C/Cc1ncnc(n1)/C=C\CCC[C@@H](C)N)NCCc1ccc(cc1)Cl,22/000000015,"InChI=1S/C23H30ClN5O/c1-18(25)7-3-2-4-8-21-27-17-28-22(29-21)9-5-6-10-23(30)26-16-15-19-11-13-20(24)14-12-19/h4-6,8,11-14,17-18H,2-3,7,9-10,15-16,25H2,1H3,(H,26,30)/b6-5+,8-4-/t18-/m1/s1",C23H30N5OCl,427.21388826,3.903400000000002,5.62,10.33,8.12,-170,3.5016415043731133,1,CONCAT,5,2,93.79,12,23,1,5,0.7666666666666667,0.03333333333333333,0.16666666666666666,0.391304347826087,0.043478260869565216,30,2,0,2,1,0,1,0,0
OP(=O)(OC[C@@H](c1cc(Cl)c(c(c1)/C=C\C)Cl)C(=O)OC/C=C\NCc1ncoc1)O,8/000000055,"InChI=1S/C19H21Cl2N2O7P/c1-2-4-13-7-14(8-17(20)18(13)21)16(11-30-31(25,26)27)19(24)29-6-3-5-22-9-15-10-28-12-23-15/h2-5,7-8,10,12,16,22H,6,9,11H2,1H3,(H2,25,26,27)/b4-2-,5-3-/t16-/m0/s1",C19H21N2O7PCl2,490.04634300199996,4.0541000000000045,5.6,2.08,6.05,-190,4.172950423895639,1,CONCAT,7,3,131.12,11,19,7,2,0.6129032258064516,0.22580645161290322,0.06451612903225806,0.2631578947368421,0.05263157894736842,31,2,0,2,1,0,1,0,0
Oc1c(OC(=O)c2nnc([nH]2)CCC)cc(cc1)[C@H](Cc1sccn1)N,17/000001330,"InChI=1S/C17H19N5O3S/c1-2-3-14-20-16(22-21-14)17(24)25-13-8-10(4-5-12(13)23)11(18)9-15-19-6-7-26-15/h4-8,11,23H,2-3,9,18H2,1H3,(H,20,21,22)/t11-/m0/s1",C17H19N5O3S,373.1208604680001,2.381,5.56,-1.62,6.45,-170,3.5712427474932067,1,CONCAT,8,3,127.00999999999999,7,17,3,5,0.6538461538461539,0.11538461538461539,0.19230769230769232,0.29411764705882354,0.058823529411764705,26,3,0,3,2,0,2,0,0
ONC/C=C\C[C@](CCCl)(Cc1nnsc1)O,1/000000832,"InChI=1S/C10H16ClN3O2S/c11-5-4-10(15,3-1-2-6-12-16)7-9-8-17-14-13-9/h1-2,8,12,15-16H,3-7H2/b2-1-/t10-/m0/s1",C10H16N3O2SCl,277.065175432,1.3657000000000001,5.52,-0.88,3.58,-150,4.441951383529146,1,CONCAT,6,3,78.27,8,10,2,3,0.5882352941176471,0.11764705882352941,0.17647058823529413,0.6,0.1,17,1,0,1,1,0,1,0,0
O[C@@H](c1cc(Cl)ccc1O)C1=CN[C@@H](N1)C,11/000000006,"InChI=1S/C11H13ClN2O2/c1-6-13-5-9(14-6)11(16)8-4-7(12)2-3-10(8)15/h2-6,11,13-16H,1H3/t6?,11-/m0/s1",C11H12N2O2Cl,240.066555336,1.4591999999999998,5.5,5.08,2.22,-170,4.048494688176955,1,CONCAT,4,4,64.52,2,11,2,2,0.6875,0.125,0.125,0.2727272727272727,0.18181818181818182,16,2,1,1,1,1,0,0,0
OC(=O)/C=C\c1ncc(o1)c1c[nH]c(c1)CCc1ccc(cc1)O,4/000000007,"InChI=1S/C18H16N2O4/c21-15-5-2-12(3-6-15)1-4-14-9-13(10-19-14)16-11-20-17(24-16)7-8-18(22)23/h2-3,5-11,19,21H,1,4H2,(H,22,23)/b8-7-",C18H16N2O4,324.111006992,3.2583000000000024,5.48,-2.53,3.58,-120,2.8921451785719583,1,CONCAT,4,3,99.35000000000001,6,18,4,2,0.75,0.16666666666666666,0.08333333333333333,0.1111111111111111,0.0,24,3,0,3,2,0,2,0,0
Oc1c(OC(=O)COCN)ccc(c1n1cnnc1)C[NH3+],17/000000256,"InChI=1S/C12H15N5O4/c13-3-8-1-2-9(21-10(18)4-20-5-14)12(19)11(8)17-6-15-16-7-17/h1-2,6-7,19H,3-5,13-14H2/p+1",C12H16N5O4,294.11968041209,-1.4469999999999983,5.48,-3.0,20.6,-120,3.7096222384243465,1,CONCAT,8,3,140.13,6,12,4,5,0.5714285714285714,0.19047619047619047,0.23809523809523808,0.25,0.0,21,2,0,2,1,0,1,0,0
Oc1c(OC(=O)c2nnc([nH]2)CCC)cccc1NC(=O)c1occc1,17/000000983,"InChI=1S/C17H16N4O5/c1-2-5-13-19-15(21-20-13)17(24)26-11-7-3-6-10(14(11)22)18-16(23)12-8-4-9-25-12/h3-4,6-9,22H,2,5H2,1H3,(H,18,23)(H,19,20,21)",C17H16N4O5,356.1120696119999,2.5273000000000003,5.46,-1.32,4.94,-60,2.8613145206486923,1,CONCAT,7,3,130.33999999999997,6,17,5,4,0.6538461538461539,0.19230769230769232,0.15384615384615385,0.17647058823529413,0.0,26,3,0,3,2,0,2,0,0
Oc1c(OC(=O)c2nnc([nH]2)CCCCN)ccc(c1)CC#C/C=C/C,17/000001072,"InChI=1S/C19H22N4O3/c1-2-3-4-5-8-14-10-11-16(15(24)13-14)26-19(25)18-21-17(22-23-18)9-6-7-12-20/h2-3,10-11,13,24H,6-9,12,20H2,1H3,(H,21,22,23)/b3-2+",C19H22N4O3,354.16919056399996,2.1329000000000002,5.46,-0.46,6.45,-80,3.4114746038087755,1,CONCAT,6,3,114.11999999999999,7,19,3,4,0.7307692307692307,0.11538461538461539,0.15384615384615385,0.3157894736842105,0.0,26,2,0,2,1,0,1,0,0
Oc1c(OC(=O)c2nnc([nH]2)CCC)cc(c(c1)OCCN)CN,17/000001013,"InChI=1S/C15H21N5O4/c1-2-3-13-18-14(20-19-13)15(22)24-12-6-9(8-17)11(7-10(12)21)23-5-4-16/h6-7,21H,2-5,8,16-17H2,1H3,(H,18,19,20)",C15H21N5O4,335.1593541520001,0.47819999999999996,5.46,-3.27,5.08,-60,3.1069533550807193,1,CONCAT,8,4,149.37,8,15,4,5,0.625,0.16666666666666666,0.20833333333333334,0.4,0.0,24,2,0,2,1,0,1,0,0
OC(=O)Cc1nnc([nH]1)Cc1nc(O)c2c(n1)[nH]nn2,28/000000041,"InChI=1S/C9H8N8O3/c18-6(19)2-5-10-4(13-14-5)1-3-11-8-7(9(20)12-3)15-17-16-8/h1-2H2,(H,18,19)(H,10,13,14)(H2,11,12,15,16,17,20)",C9H8N8O3,276.071936116,-1.2105000000000006,5.44,1.01,24.0,-40,3.797597576767956,1,CONCAT,8,4,166.45,4,9,3,8,0.45,0.15,0.4,0.2222222222222222,0.0,20,3,0,3,3,0,3,0,0
Sc1c(/C=C/C=C/[C@H](c2ocnc2)O)cc(cc1ON)Br,15/000000295,"InChI=1S/C14H13BrN2O3S/c15-10-5-9(14(21)12(6-10)20-16)3-1-2-4-11(18)13-7-17-8-19-13/h1-8,11,18,21H,16H2/b3-1+,4-2+/t11-/m1/s1",C14H13N2O3SBr,367.983025376,3.2813000000000008,5.44,-5.75,3.7,-190,4.236613184180732,1,CONCAT,6,3,81.51,5,14,3,2,0.6666666666666666,0.14285714285714285,0.09523809523809523,0.07142857142857142,0.07142857142857142,21,2,0,2,1,0,1,0,0
Oc1c(OC(=O)c2nnc([nH]2)CCCCN)cccc1c1[nH]ncc1C,17/000000845,"InChI=1S/C17H20N6O3/c1-10-9-19-22-14(10)11-5-4-6-12(15(11)24)26-17(25)16-20-13(21-23-16)7-2-3-8-18/h4-6,9,24H,2-3,7-8,18H2,1H3,(H,19,22)(H,20,21,23)",C17H20N6O3,356.1596885,1.7094199999999997,5.44,0.76,6.45,-140,3.19057418800836,1,CONCAT,7,4,142.8,7,17,3,6,0.6538461538461539,0.11538461538461539,0.23076923076923078,0.29411764705882354,0.0,26,3,0,3,2,0,2,0,0
ON[C@H](CCCCCCCS)C1=CC(=O)CO1,1/000000033,"InChI=1S/C12H21NO3S/c14-10-8-12(16-9-10)11(13-15)6-4-2-1-3-5-7-17/h8,11,13,15,17H,1-7,9H2/t11-/m1/s1",C12H21NO3S,259.124214532,2.0874,5.39,1.47,2.48,-150,3.905692729682991,1,CONCAT,5,3,58.56,9,12,3,1,0.7058823529411765,0.17647058823529413,0.058823529411764705,0.75,0.08333333333333333,17,1,1,0,1,1,0,0,0
O=NCC(=O)OC[C@@H](c1nnc([nH]1)S)N,1/000000708,"InChI=1S/C6H9N5O3S/c7-3(2-14-4(12)1-8-13)5-9-6(15)11-10-5/h3H,1-2,7H2,(H2,9,10,11,15)/t3-/m0/s1",C6H9N5O3S,231.042610148,-0.5972000000000002,5.39,5.31,2.22,-150,4.428612549948417,1,CONCAT,8,3,123.32000000000001,5,6,3,5,0.4,0.2,0.3333333333333333,0.5,0.16666666666666666,15,1,0,1,1,0,1,0,0
Sc1c(/C=C/C=C/[C@H](c2sncn2)O)cc(cc1ON)Br,15/000000278,"InChI=1S/C13H12BrN3O2S2/c14-9-5-8(12(20)11(6-9)19-15)3-1-2-4-10(18)13-16-7-17-21-13/h1-7,10,18,20H,15H2/b3-1+,4-2+/t10-/m1/s1",C13H12N3O2S2Br,384.95543072400005,3.144800000000001,5.39,-6.04,3.7,-190,4.393877330204201,1,CONCAT,7,3,81.26,5,13,2,3,0.6190476190476191,0.09523809523809523,0.14285714285714285,0.07692307692307693,0.07692307692307693,21,2,0,2,1,0,1,0,0
Oc1c(OC(=O)c2nc(oc2)CO)cccc1c1cc[nH]c1,17/000001185,"InChI=1S/C15H12N2O5/c18-7-13-17-11(8-21-13)15(20)22-12-3-1-2-10(14(12)19)9-4-5-16-6-9/h1-6,8,16,18-19H,7H2",C15H12N2O5,300.07462148400003,2.0867999999999993,5.38,-0.2,3.58,-120,2.9139013791647788,1,CONCAT,6,3,108.58000000000001,4,15,5,2,0.6818181818181818,0.22727272727272727,0.09090909090909091,0.06666666666666667,0.0,22,3,0,3,2,0,2,0,0
OC(=O)Cc1n[nH]nc1[C@@H](CNCCS)O,1/000000275,"InChI=1S/C8H14N4O3S/c13-6(4-9-1-2-16)8-5(3-7(14)15)10-12-11-8/h6,9,13,16H,1-4H2,(H,14,15)(H,10,11,12)/t6-/m1/s1",C8H14N4O3S,246.078661308,-1.0154000000000003,5.38,4.52,4.81,-150,3.782509588225732,1,CONCAT,6,5,111.13,7,8,3,4,0.5,0.1875,0.25,0.625,0.125,16,1,0,1,1,0,1,0,0
NN[C@H](/C=C/N(=O)=O)c1nnco1,26/000000066,"InChI=1S/C5H7N5O3/c6-8-4(1-2-10(11)12)5-9-7-3-13-5/h1-4,8H,6H2/b2-1+/t4-/m1/s1",C5H7N5O3,185.054889084,-0.6356000000000002,5.37,7.31,2.22,-150,4.511592820928185,1,CONCAT,7,2,120.11,4,5,3,5,0.38461538461538464,0.23076923076923078,0.38461538461538464,0.2,0.2,13,1,0,1,1,0,1,0,0
ON[C@H](c1n[nH]c(n1)COC(=O)c1cccc(c1)C)S,1/000000782,"InChI=1S/C12H14N4O3S/c1-7-3-2-4-8(5-7)12(17)19-6-9-13-10(15-14-9)11(20)16-18/h2-5,11,16,18,20H,6H2,1H3,(H,13,14,15)/t11-/m0/s1",C12H14N4O3S,294.078661308,1.3773199999999992,5.37,-1.26,21.4,-170,3.3214485366404674,1,CONCAT,7,4,100.13,5,12,3,4,0.6,0.15,0.2,0.25,0.08333333333333333,20,2,0,2,1,0,1,0,0
Oc1ccc(c(c1)c1cccc(c1O)OC(=O)C1=CC=CC1)Cl,17/000000177,"InChI=1S/C18H13ClO4/c19-15-9-8-12(20)10-14(15)13-6-3-7-16(17(13)21)23-18(22)11-4-1-2-5-11/h1-4,6-10,20-21H,5H2",C18H13O4Cl,328.05023657600003,4.209900000000001,5.37,-2.0,18.7,-180,2.7003662818495737,1,CONCAT,4,2,66.75999999999999,3,18,4,0,0.782608695652174,0.17391304347826086,0.0,0.05555555555555555,0.0,23,3,1,2,0,0,0,0,0
ON[C@H](C(=O)Cc1nnc(s1)C/C=C\c1oc(=O)[nH]n1)c1n[nH]cc1Br,1/000000421,"InChI=1S/C13H12BrN7O4S/c14-6-5-15-19-11(6)12(21-24)7(22)4-10-18-17-9(26-10)3-1-2-8-16-20-13(23)25-8/h1-2,5,12,21,24H,3-4H2,(H,15,19)(H,20,23)/b2-1-/t12-/m1/s1",C13H12N7O4SBr,440.9854849640001,0.7875999999999995,5.34,0.88,3.84,-190,4.649059171609631,1,CONCAT,10,4,162.67999999999998,8,13,4,7,0.5,0.15384615384615385,0.2692307692307692,0.23076923076923078,0.07692307692307693,26,3,0,3,3,0,3,0,0
Sc1c(/C=C/C=C/[C@H](C(=O)N)O)cc(cc1ON)Br,15/000000269,"InChI=1S/C12H13BrN2O3S/c13-8-5-7(11(19)10(6-8)18-15)3-1-2-4-9(16)12(14)17/h1-6,9,16,19H,15H2,(H2,14,17)/b3-1+,4-2+/t9-/m1/s1",C12H13N2O3SBr,343.983025376,1.4059,5.34,-5.84,2.35,-170,4.138779163765142,1,CONCAT,5,4,98.57000000000001,5,12,3,2,0.631578947368421,0.15789473684210525,0.10526315789473684,0.08333333333333333,0.08333333333333333,19,1,0,1,0,0,0,0,0
OC/C=C/1\C(=O)NN=C1C(=O)Cc1oc(cc1)CC(=O)Nc1ccccc1C,1/000000614,"InChI=1S/C20H19N3O5/c1-12-4-2-3-5-16(12)21-18(26)11-14-7-6-13(28-14)10-17(25)19-15(8-9-24)20(27)23-22-19/h2-8,24H,9-11H2,1H3,(H,21,26)(H,23,27)/b15-8-",C20H19N3O5,381.132470708,1.2853199999999991,5.32,3.08,3.84,-80,3.0327216634552636,1,CONCAT,6,3,121.0,7,20,5,3,0.7142857142857143,0.17857142857142858,0.10714285714285714,0.2,0.0,28,3,1,2,2,1,1,0,0
OC/C=C\1/C(=NNC1=O)C(=O)Cc1oc(cc1)c1cc(S)ccc1O,1/000000619,"InChI=1S/C17H14N2O5S/c20-6-5-11-16(18-19-17(11)23)14(22)7-9-1-4-15(24-9)12-8-10(25)2-3-13(12)21/h1-5,8,20-21,25H,6-7H2,(H,19,23)/b11-5-",C17H14N2O5S,358.06234254799995,1.4569999999999992,5.32,0.21,3.84,-120,3.4909723350777417,1,CONCAT,7,4,112.13000000000001,5,17,5,2,0.68,0.2,0.08,0.11764705882352941,0.0,25,3,1,2,2,1,1,0,0
Oc1c(OC(=O)c2nnc([nH]2)CCC)cc(cc1)CN,17/000000735,"InChI=1S/C13H16N4O3/c1-2-3-11-15-12(17-16-11)13(19)20-10-6-8(7-14)4-5-9(10)18/h4-6,18H,2-3,7,14H2,1H3,(H,15,16,17)",C13H16N4O3,276.122240372,1.1406999999999998,5.32,-0.33,3.58,-20,2.8835743118749537,1,CONCAT,6,3,114.11999999999999,5,13,3,4,0.65,0.15,0.2,0.3076923076923077,0.0,20,2,0,2,1,0,1,0,0
Oc1c(OC(=O)c2nc(oc2)CC=C)ccc(c1c1cc[nH]c1)CC#CC,17/000001229,"InChI=1S/C21H18N2O4/c1-3-5-7-14-8-9-17(20(24)19(14)15-10-11-22-12-15)27-21(25)16-13-26-18(23-16)6-4-2/h4,8-13,22,24H,2,6-7H2,1H3",C21H18N2O4,362.126657056,3.8888000000000025,5.31,-2.85,6.45,-200,3.497924962837022,1,CONCAT,5,2,88.35,6,21,4,2,0.7777777777777778,0.14814814814814814,0.07407407407407407,0.14285714285714285,0.0,27,3,0,3,2,0,2,0,0
OC/C=C/C=C/c1cc(Br)cc(c1S)ON,15/000000174,"InChI=1S/C11H12BrNO2S/c12-9-6-8(4-2-1-3-5-14)11(16)10(7-9)15-13/h1-4,6-7,14,16H,5,13H2/b3-1+,4-2+",C11H12NO2SBr,300.977211724,2.552,5.3,-5.2,2.35,0,3.534983790033646,1,CONCAT,4,3,55.480000000000004,4,11,2,1,0.6875,0.125,0.0625,0.09090909090909091,0.0,16,1,0,1,0,0,0,0,0
Sc1c(/C=C/C=C/[C@H](CO)O)cc(cc1ON)Br,15/000000297,"InChI=1S/C12H14BrNO3S/c13-9-5-8(12(18)11(6-9)17-14)3-1-2-4-10(16)7-15/h1-6,10,15-16,18H,7,14H2/b3-1+,4-2+/t10-/m1/s1",C12H14NO3SBr,330.987776408,1.9128999999999998,5.3,-6.1,2.35,-150,4.007532939611431,1,CONCAT,5,4,75.71,5,12,3,1,0.6666666666666666,0.16666666666666666,0.05555555555555555,0.16666666666666666,0.08333333333333333,18,1,0,1,0,0,0,0,0
Sc1nnc([nH]1)[C@H](COC(=O)CCC(=O)C1=CCNC(=S)N1)N,1/000001124,"InChI=1S/C12H16N6O3S2/c13-6(10-16-12(23)18-17-10)5-21-9(20)2-1-8(19)7-3-4-14-11(22)15-7/h3,6H,1-2,4-5,13H2,(H2,14,15,22)(H2,16,17,18,23)/t6-/m0/s1",C12H16N6O3S2,356.0725303720001,-0.6526999999999994,5.3,0.29,3.58,-170,4.437790680431654,1,CONCAT,8,5,135.02,7,12,3,6,0.5217391304347826,0.13043478260869565,0.2608695652173913,0.4166666666666667,0.08333333333333333,23,2,1,1,2,1,1,0,0
O=Nc1ccc(c(c1c1nc(N)c(cc1)Cl)O)OC(=O)CC(=O)NN,17/000000123,"InChI=1S/C14H12ClN5O5/c15-6-1-2-7(18-14(6)16)12-8(20-24)3-4-9(13(12)23)25-11(22)5-10(21)19-17/h1-4,23H,5,17H2,(H2,16,18)(H,19,21)",C14H12N5O5Cl,365.052696164,1.3731000000000002,5.29,-2.86,24.5,-180,3.09456910947981,1,CONCAT,9,4,169.99,5,14,5,5,0.56,0.2,0.2,0.07142857142857142,0.0,25,2,0,2,1,0,1,0,0
C1=CC(=O)[C@@H](O1)/C=c\1/sc2c([nH]1)c(OS(=O)=O)ccc2C[NH3+],30/000000033,"InChI=1S/C13H12N2O5S2/c14-6-7-1-2-9(20-22(17)18)12-13(7)21-11(15-12)5-10-8(16)3-4-19-10/h1-5,10,15,22H,6,14H2/p+1/b11-5+/t10-/m0/s1",C13H13N2O5S2,341.02603993609006,0.17429999999999984,5.29,-0.37,24.8,-190,5.378589207262442,1,CONCAT,7,3,109.33999999999999,4,13,5,2,0.5909090909090909,0.22727272727272727,0.09090909090909091,0.15384615384615385,0.07692307692307693,22,3,2,1,2,2,0,0,0
OC/C=C\1/C(=NNC1=O)C(=O)Cc1oc(cc1)[C@H](/C=C/CSC)O,1/000000992,"InChI=1S/C16H18N2O5S/c1-24-8-2-3-12(20)14-5-4-10(23-14)9-13(21)15-11(6-7-19)16(22)18-17-15/h2-6,12,19-20H,7-9H2,1H3,(H,18,22)/b3-2+,11-6-/t12-/m0/s1",C16H18N2O5S,350.09364267599994,0.7482999999999991,5.29,1.68,3.84,-190,4.392761133233142,1,CONCAT,7,3,112.13000000000001,8,16,5,2,0.6666666666666666,0.20833333333333334,0.08333333333333333,0.3125,0.0625,24,2,1,1,2,1,1,0,0
Oc1c(OC(=O)c2nnc[nH]2)ccc(c1c1[nH]ccc1)CC#CC,17/000000594,"InChI=1S/C17H14N4O3/c1-2-3-5-11-7-8-13(24-17(23)16-19-10-20-21-16)15(22)14(11)12-6-4-9-18-12/h4,6-10,18,22H,5H2,1H3,(H,19,20,21)",C17H14N4O3,322.10659030799997,2.2904,5.27,-4.16,5.09,-180,3.6095204294080783,1,CONCAT,5,3,103.88999999999999,4,17,3,4,0.7083333333333334,0.125,0.16666666666666666,0.11764705882352941,0.0,24,3,0,3,2,0,2,0,0
OC/C=C(\C[NH3+])/C=C/c1cc(Br)cc(c1S)ON,15/000000245,"InChI=1S/C12H15BrN2O2S/c13-10-5-9(12(18)11(6-10)17-15)2-1-8(7-14)3-4-16/h1-3,5-6,16,18H,4,7,14-15H2/p+1/b2-1+,8-3-",C12H16N2O2SBr,331.01103727209,1.1640999999999997,5.27,-9.04,2.35,-40,4.172023275285477,1,CONCAT,4,4,83.12,5,12,2,2,0.6666666666666666,0.1111111111111111,0.1111111111111111,0.16666666666666666,0.0,18,1,0,1,0,0,0,0,0
Oc1c(OC(=O)c2nnc[nH]2)ccc(c1c1ncsc1)CC#CC,17/000000563,"InChI=1S/C16H12N4O3S/c1-2-3-4-10-5-6-12(23-16(22)15-17-8-19-20-15)14(21)13(10)11-7-24-9-18-11/h5-9,21H,4H2,1H3,(H,17,19,20)",C16H12N4O3S,340.063011244,2.4188,5.27,-6.3,5.09,-200,3.642458222050219,1,CONCAT,7,2,100.99,4,16,3,4,0.6666666666666666,0.125,0.16666666666666666,0.125,0.0,24,3,0,3,2,0,2,0,0
Oc1c(OC(=O)C(=O)O)ccc(c1C1=CCC=CO1)CCC,17/000001443,"InChI=1S/C16H16O6/c1-2-5-10-7-8-12(22-16(20)15(18)19)14(17)13(10)11-6-3-4-9-21-11/h4,6-9,17H,2-3,5H2,1H3,(H,18,19)",C16H15O6,304.094688232,2.6096000000000013,5.26,-4.95,20.0,-180,3.214280482029128,1,CONCAT,5,2,93.06,4,16,6,0,0.7272727272727273,0.2727272727272727,0.0,0.25,0.0,22,2,1,1,1,1,0,0,0
Sc1c(/C=C/C=C/[C@@H](CO)O)cc(cc1ON)Br,15/000000214,"InChI=1S/C12H14BrNO3S/c13-9-5-8(12(18)11(6-9)17-14)3-1-2-4-10(16)7-15/h1-6,10,15-16,18H,7,14H2/b3-1+,4-2+/t10-/m0/s1",C12H14NO3SBr,330.987776408,1.9128999999999998,5.26,-5.38,2.35,-190,4.007532939611431,1,CONCAT,5,4,75.71,5,12,3,1,0.6666666666666666,0.16666666666666666,0.05555555555555555,0.16666666666666666,0.08333333333333333,18,1,0,1,0,0,0,0,0
OC(=O)c1ccccc1COC(=O)[C@@H](c1cnc[nH]1)/C=C/c1csc(c1)Cl,12/000000058,"InChI=1S/C19H15ClN2O4S/c20-17-7-12(10-27-17)5-6-15(16-8-21-11-22-16)19(25)26-9-13-3-1-2-4-14(13)18(23)24/h1-8,10-11,15H,9H2,(H,21,22)(H,23,24)/b6-5+/t15-/m1/s1",C19H15N2O4SCl,402.04410564,4.363200000000003,5.26,-1.54,3.72,-190,3.511773088701436,1,CONCAT,5,2,92.28,7,19,4,2,0.7037037037037037,0.14814814814814814,0.07407407407407407,0.10526315789473684,0.05263157894736842,27,3,0,3,2,0,2,0,0
Oc1c(OC(=O)c2nnc[nH]2)cccc1c1[nH]nc(c1Cl)CC,17/000001461,"InChI=1S/C14H12ClN5O3/c1-2-8-10(15)11(19-18-8)7-4-3-5-9(12(7)21)23-14(22)13-16-6-17-20-13/h3-6,21H,2H2,1H3,(H,18,19)(H,16,17,20)",C14H12N5O3Cl,333.062866924,2.3354,5.25,-2.93,3.58,-160,3.336965571790402,1,CONCAT,6,3,116.77999999999999,4,14,3,5,0.6086956521739131,0.13043478260869565,0.21739130434782608,0.14285714285714285,0.0,23,3,0,3,2,0,2,0,0
Sc1c(/C=C/C=C/[C@H](CN)O)cc(cc1ON)Br,15/000000227,"InChI=1S/C12H15BrN2O2S/c13-9-5-8(12(18)11(6-9)17-15)3-1-2-4-10(16)7-14/h1-6,10,16,18H,7,14-15H2/b3-1+,4-2+/t10-/m1/s1",C12H15N2O2SBr,330.00376082,1.8793,5.25,-5.77,2.35,-150,4.1194352943995,1,CONCAT,5,4,81.5,5,12,2,2,0.6666666666666666,0.1111111111111111,0.1111111111111111,0.16666666666666666,0.08333333333333333,18,1,0,1,0,0,0,0,0
OC(=O)c1c(S)c(N=O)ccc1COC(=O)C/C=C/c1csc(c1)Cl,12/000000111,"InChI=1S/C16H12ClNO5S2/c17-12-6-9(8-25-12)2-1-3-13(19)23-7-10-4-5-11(18-22)15(24)14(10)16(20)21/h1-2,4-6,8,24H,3,7H2,(H,20,21)/b2-1+",C16H12NO5S2Cl,396.98454216400006,4.933000000000002,5.24,-0.19,5.09,-40,3.4118545806582476,1,CONCAT,7,2,93.03,7,16,5,1,0.64,0.2,0.04,0.125,0.0,25,2,0,2,1,0,1,0,0
Oc1ccc(cc1[C@H]([NH3+])c1nocn1)Cl,11/000000014,"InChI=1S/C9H8ClN3O2/c10-5-1-2-7(14)6(3-5)8(11)9-12-4-15-13-9/h1-4,8,14H,11H2/p+1/t8-/m0/s1",C9H9N3O2Cl,226.03778062809,0.7599000000000002,5.24,6.14,16.1,-150,3.901506519393605,1,CONCAT,4,2,86.79,2,9,2,3,0.6,0.13333333333333333,0.2,0.1111111111111111,0.1111111111111111,15,2,0,2,1,0,1,0,0
Sc1nnc([nH]1)[C@H](COC(=O)Cc1ccoc1C)N,1/000000717,"InChI=1S/C11H14N4O3S/c1-6-7(2-3-17-6)4-9(16)18-5-8(12)10-13-11(19)15-14-10/h2-3,8H,4-5,12H2,1H3,(H2,13,14,15,19)/t8-/m0/s1",C11H14N4O3S,282.078661308,0.7805200000000001,5.22,6.31,2.22,-170,3.9001052800461977,1,CONCAT,7,3,107.03,5,11,3,4,0.5789473684210527,0.15789473684210525,0.21052631578947367,0.36363636363636365,0.09090909090909091,19,2,0,2,2,0,2,0,0
OC(=O)[C@@H](c1nnc[nH]1)c1nc(O)c2c(n1)[nH]nn2,28/000000071,"InChI=1S/C8H6N8O3/c17-7-3-6(15-16-13-3)11-5(12-7)2(8(18)19)4-9-1-10-14-4/h1-2H,(H,18,19)(H,9,10,14)(H2,11,12,13,15,16,17)/t2-/m0/s1",C8H6N8O3,262.056286052,-1.2119000000000006,5.22,-1.79,23.4,-190,4.491069963161825,1,CONCAT,8,4,166.45,3,8,3,8,0.42105263157894735,0.15789473684210525,0.42105263157894735,0.125,0.125,19,3,0,3,3,0,3,0,0
ON[C@@H](CO)C(=O)Cc1nnc(s1)CC#CC,1/000000571,"InChI=1S/C10H13N3O3S/c1-2-3-4-9-11-12-10(17-9)5-8(15)7(6-14)13-16/h7,13-14,16H,4-6H2,1H3/t7-/m0/s1",C10H13N3O3S,255.067762276,-0.4448000000000003,5.22,-1.31,2.22,-190,3.935835119208361,1,CONCAT,7,3,95.34,6,10,3,3,0.5882352941176471,0.17647058823529413,0.17647058823529413,0.5,0.1,17,1,0,1,1,0,1,0,0
OC/C=C\1/C(=NNC1=O)C(=O)Cc1oc(cc1)c1ccccc1,1/000000626,"InChI=1S/C17H14N2O4/c20-9-8-13-16(18-19-17(13)22)14(21)10-12-6-7-15(23-12)11-4-2-1-3-5-11/h1-8,20H,9-10H2,(H,19,22)/b13-8-",C17H14N2O4,310.095356928,1.4626999999999992,5.21,2.07,3.84,-120,2.964955856889917,1,CONCAT,5,2,91.9,5,17,4,2,0.7391304347826086,0.17391304347826086,0.08695652173913043,0.11764705882352941,0.0,23,3,1,2,2,1,1,0,0
O[C@](c1nnc[nH]1)(C#CC/C=C\CCNN)S,21/000000043,"InChI=1S/C10H15N5OS/c11-13-7-5-3-1-2-4-6-10(16,17)9-12-8-14-15-9/h1,3,8,13,16-17H,2,5,7,11H2,(H,12,14,15)/b3-1-/t10-/m1/s1",C10H15N5OS,253.09973109999999,-0.3172999999999999,5.2,11.17,21.9,-150,4.884024460452222,1,CONCAT,6,5,99.85,5,10,1,5,0.5882352941176471,0.058823529411764705,0.29411764705882354,0.4,0.1,17,1,0,1,1,0,1,0,0
OC(=O)c1c(S)cccc1COC(=O)[C@@H](C1=CCC=C1)/C=C/c1csc(c1)Cl,12/000000122,"InChI=1S/C21H17ClO4S2/c22-18-10-13(12-28-18)8-9-16(14-4-1-2-5-14)21(25)26-11-15-6-3-7-17(27)19(15)20(23)24/h1,3-10,12,16,27H,2,11H2,(H,23,24)/b9-8+/t16-/m1/s1",C21H17O4S2Cl,432.0256787040001,5.6475000000000035,5.2,-0.66,5.08,-190,4.035350927169169,1,CONCAT,5,2,63.6,7,21,4,0,0.75,0.14285714285714285,0.0,0.14285714285714285,0.047619047619047616,28,3,1,2,1,0,1,0,0
Oc1c(OC(=O)c2nnc([nH]2)CCCCN)cccc1CN(=O)=O,17/000001375,"InChI=1S/C14H17N5O5/c15-7-2-1-6-11-16-13(18-17-11)14(21)24-10-5-3-4-9(12(10)20)8-19(22)23/h3-5,20H,1-2,6-8,15H2,(H,16,17,18)",C14H17N5O5,335.12296864399997,0.7876,5.19,1.15,5.21,-40,3.2094045605916257,1,CONCAT,8,3,157.26,8,14,5,5,0.5833333333333334,0.20833333333333334,0.20833333333333334,0.35714285714285715,0.0,24,2,0,2,1,0,1,0,0
ONC(=O)/C=C/CCCC(=O)O[C@H](c1scc(c1)Br)c1nnc(s1)CN,8/000000065,"InChI=1S/C15H17BrN4O4S2/c16-9-6-10(25-8-9)14(15-19-18-12(7-17)26-15)24-13(22)5-3-1-2-4-11(21)20-23/h2,4,6,8,14,23H,1,3,5,7,17H2,(H,20,21)/b4-2+/t14-/m1/s1",C15H17N4O4S2Br,459.98745912400017,2.6853,5.19,-0.48,4.69,-150,3.7135192832491937,1,CONCAT,9,3,127.43,9,15,4,4,0.5769230769230769,0.15384615384615385,0.15384615384615385,0.3333333333333333,0.06666666666666667,26,2,0,2,2,0,2,0,0
Oc1c(OC(=O)c2nnc[nH]2)cc(cc1)C[NH2+][C@H]1CN=CC1,17/000001321,"InChI=1S/C14H15N5O3/c20-11-2-1-9(6-16-10-3-4-15-7-10)5-12(11)22-14(21)13-17-8-18-19-13/h1-2,4-5,8,10,16,20H,3,6-7H2,(H,17,18,19)/p+1/t10-/m1/s1",C14H16N5O3,302.12476579209,-0.3640000000000003,5.18,-2.67,3.58,-150,4.635511283875346,1,CONCAT,6,3,117.07,5,14,3,5,0.6363636363636364,0.13636363636363635,0.22727272727272727,0.2857142857142857,0.07142857142857142,22,3,1,2,2,1,1,0,0
OC/C=C/1\C(=O)NN=C1C(=O)C/C=C/C(=O)[C@@H](c1c(Cl)scc1)c1nocc1,1/000001028,"InChI=1S/C18H14ClN3O5S/c19-17-10(6-9-28-17)15(12-5-8-27-22-12)13(24)2-1-3-14(25)16-11(4-7-23)18(26)21-20-16/h1-2,4-6,8-9,15,23H,3,7H2,(H,21,26)/b2-1+,11-4-/t15-/m0/s1",C18H14N3O5SCl,419.034269228,2.0103999999999997,5.18,-0.33,7.96,-170,4.4701201579384,1,CONCAT,8,2,121.85999999999999,8,18,5,3,0.6428571428571429,0.17857142857142858,0.10714285714285714,0.16666666666666666,0.05555555555555555,28,3,1,2,3,1,2,0,0
OC(=O)Cc1onc(n1)C/C=C/Cc1ncnc(n1)/C=C\C[C@H](C)O,22/000000018,"InChI=1S/C16H19N5O4/c1-11(22)5-4-8-13-18-10-17-12(19-13)6-2-3-7-14-20-15(25-21-14)9-16(23)24/h2-4,8,10-11,22H,5-7,9H2,1H3,(H,23,24)/b3-2+,8-4-/t11-/m0/s1",C16H19N5O4,345.143704088,1.0072,5.18,8.68,6.72,-170,4.003358640790475,1,CONCAT,8,2,135.12,9,16,4,5,0.64,0.16,0.2,0.375,0.0625,25,2,0,2,2,0,2,0,0
OC[C@@H](/C=C/c1nc(c[nH]1)CCO)S,26/000000077,"InChI=1S/C9H14N2O2S/c12-4-3-7-5-10-9(11-7)2-1-8(14)6-13/h1-2,5,8,12-14H,3-4,6H2,(H,10,11)/b2-1+/t8-/m1/s1",C9H14N2O2S,214.077598688,0.2484,5.18,10.24,2.22,-150,4.5209848400434485,1,CONCAT,4,4,69.14,5,9,2,2,0.6428571428571429,0.14285714285714285,0.14285714285714285,0.4444444444444444,0.1111111111111111,14,1,0,1,1,0,1,0,0
Oc1c(OC(=O)CCNN)ccc(c1)c1nocn1,17/000000081,"InChI=1S/C11H12N4O4/c12-14-4-3-10(17)19-9-2-1-7(5-8(9)16)11-13-6-18-15-11/h1-2,5-6,14,16H,3-4,12H2",C11H12N4O4,264.085854864,0.20099999999999968,5.17,-3.47,20.4,-160,2.8885745845501596,1,CONCAT,8,3,123.5,5,11,4,4,0.5789473684210527,0.21052631578947367,0.21052631578947367,0.18181818181818182,0.0,19,2,0,2,1,0,1,0,0
Oc1c(OC(=O)c2nc(oc2)CC=C)c(F)ccc1c1cc[nH]c1,17/000001388,"InChI=1S/C17H13FN2O4/c1-2-3-14-20-13(9-23-14)17(22)24-16-12(18)5-4-11(15(16)21)10-6-7-19-8-10/h2,4-9,19,21H,1,3H2",C17H13N2O4F,328.08593511600003,3.462100000000002,5.16,0.72,4.94,-120,3.1989538447139996,1,CONCAT,5,2,88.35,5,17,4,2,0.7083333333333334,0.16666666666666666,0.08333333333333333,0.058823529411764705,0.0,24,3,0,3,2,0,2,0,0
Oc1c(OC(=O)[C@H]2C=CCC2)cc(cc1N(=O)=O)O,17/000000366,"InChI=1S/C12H11NO6/c14-8-5-9(13(17)18)11(15)10(6-8)19-12(16)7-3-1-2-4-7/h1,3,5-7,14-15H,2,4H2/t7-/m0/s1",C12H11NO6,265.058637072,1.8775999999999997,5.16,-0.32,2.35,-150,3.3952925469882542,1,CONCAT,6,2,109.89999999999999,3,12,6,1,0.631578947368421,0.3157894736842105,0.05263157894736842,0.25,0.08333333333333333,19,2,1,1,0,0,0,0,0
ONCc1nnc([nH]1)c1nnc([nH]1)C/C=C/C,21/000000021,"InChI=1S/C9H13N7O/c1-2-3-4-6-11-8(15-13-6)9-12-7(5-10-17)14-16-9/h2-3,10,17H,4-5H2,1H3,(H,11,13,15)(H,12,14,16)/b3-2+",C9H13N7O,235.11815803599998,0.1871999999999996,5.16,10.38,22.4,-100,4.084877884823287,1,CONCAT,6,4,115.4,5,9,1,7,0.5294117647058824,0.058823529411764705,0.4117647058823529,0.3333333333333333,0.0,17,2,0,2,2,0,2,0,0
Oc1c(OC(=O)c2nnc([nH]2)CCCCN)cccc1C(=O)C,17/000001488,"InChI=1S/C15H18N4O4/c1-9(20)10-5-4-6-11(13(10)21)23-15(22)14-17-12(18-19-14)7-2-3-8-16/h4-6,21H,2-3,7-8,16H2,1H3,(H,17,18,19)",C15H18N4O4,318.13280505599994,1.2135,5.15,1.46,5.09,-20,2.8734647729738327,1,CONCAT,7,3,131.19,7,15,4,4,0.6521739130434783,0.17391304347826086,0.17391304347826086,0.3333333333333333,0.0,23,2,0,2,1,0,1,0,0
Oc1c(OC(=O)c2nnc([nH]2)CCC)cccc1c1cc(=O)cc[nH]1,17/000000553,"InChI=1S/C17H16N4O4/c1-2-4-14-19-16(21-20-14)17(24)25-13-6-3-5-11(15(13)23)12-9-10(22)7-8-18-12/h3,5-9,23H,2,4H2,1H3,(H,18,22)(H,19,20,21)",C17H16N4O4,340.117154992,2.0372999999999997,5.14,-0.27,4.94,-200,3.181048635959959,1,CONCAT,6,3,120.95999999999998,5,17,4,4,0.68,0.16,0.16,0.17647058823529413,0.0,25,3,0,3,2,0,2,0,0
Oc1c(OC(=O)c2nnc([nH]2)CCCCN)ccc(c1)c1ccoc1C,17/000001540,"InChI=1S/C18H20N4O4/c1-11-13(7-9-25-11)12-5-6-15(14(23)10-12)26-18(24)17-20-16(21-22-17)4-2-3-8-19/h5-7,9-10,23H,2-4,8,19H2,1H3,(H,20,21,22)",C18H20N4O4,356.14845511999994,2.579320000000001,5.14,-1.3,6.45,-200,3.016531776365948,1,CONCAT,7,3,127.25999999999999,7,18,4,4,0.6923076923076923,0.15384615384615385,0.15384615384615385,0.2777777777777778,0.0,26,3,0,3,2,0,2,0,0
OC(=O)[C@@H](CCCc1ccccc1O)C=C,17/000001642,"InChI=1S/C13H16O3/c1-2-10(13(15)16)7-5-8-11-6-3-4-9-12(11)14/h2-4,6,9-10,14H,1,5,7-8H2,(H,15,16)/t10-/m1/s1",C13H16O3,220.109944372,2.601700000000001,5.14,1.36,3.58,-150,2.8826008469669926,1,CONCAT,2,2,57.53,6,13,3,0,0.8125,0.1875,0.0,0.3076923076923077,0.07692307692307693,16,1,0,1,0,0,0,0,0
ON[C@H](C(=O)Cc1nnc(s1)C/C=C\C1=CCCC1)c1n[nH]cc1Br,1/000000444,"InChI=1S/C16H18BrN5O2S/c17-11-9-18-21-15(11)16(22-24)12(23)8-14-20-19-13(25-14)7-3-6-10-4-1-2-5-10/h3-4,6,9,16,22,24H,1-2,5,7-8H2,(H,18,21)/b6-3-/t16-/m1/s1",C16H18N5O2SBr,423.0364579160001,3.064400000000001,5.14,2.25,3.84,-170,4.479358153249848,1,CONCAT,7,3,103.78999999999999,8,16,2,5,0.64,0.08,0.2,0.375,0.0625,25,3,1,2,2,0,2,0,0
Oc1c(OC(=O)C(=O)O)ccc(c1C1=CCCC1)C(=O)NC=S,17/000001205,"InChI=1S/C15H13NO6S/c17-12-10(22-15(21)14(19)20)6-5-9(13(18)16-7-23)11(12)8-3-1-2-4-8/h3,5-7,17H,1-2,4H2,(H,19,20)(H,16,18,23)",C15H12NO6S,335.0463581360001,1.6365,5.14,-6.06,24.5,-160,3.2396826301166906,1,CONCAT,6,3,112.93,4,15,6,1,0.6521739130434783,0.2608695652173913,0.043478260869565216,0.2,0.0,23,2,1,1,0,0,0,0,0
Oc1c(OC(=O)c2nnc[nH]2)ccc(c1c1csc(c1)Cl)CC[NH3+],17/000000349,"InChI=1S/C15H13ClN4O3S/c16-11-5-9(6-24-11)12-8(3-4-17)1-2-10(13(12)21)23-15(22)14-18-7-19-20-14/h1-2,5-7,21H,3-4,17H2,(H,18,19,20)/p+1",C15H14N4O3SCl,365.04696540809005,1.8957999999999995,5.13,-4.29,5.09,-160,3.894354523447032,1,CONCAT,6,3,115.74,5,15,3,4,0.625,0.125,0.16666666666666666,0.13333333333333333,0.0,24,3,0,3,2,0,2,0,0
Oc1c(OC(=O)c2ncoc2)cc(cc1c1cc[nH]c1)NC=C,17/000000990,"InChI=1S/C16H13N3O4/c1-2-18-11-5-12(10-3-4-17-7-10)15(20)14(6-11)23-16(21)13-8-22-9-19-13/h2-9,17-18,20H,1H2",C16H13N3O4,311.09060589600006,3.1499000000000006,5.12,-3.37,24.8,-120,3.4107055072395687,1,CONCAT,6,3,100.38,5,16,4,3,0.6956521739130435,0.17391304347826086,0.13043478260869565,0.0,0.0,23,3,0,3,2,0,2,0,0
Oc1c(OC(=O)c2nnn[nH]2)cccc1c1nc(sc1)C,17/000001491,"InChI=1S/C12H9N5O3S/c1-6-13-8(5-21-6)7-3-2-4-9(10(7)18)20-12(19)11-14-16-17-15-11/h2-5,18H,1H3,(H,14,15,16,17)",C12H9N5O3S,303.042610148,1.5564200000000001,5.12,-1.9,3.58,-160,2.962197466586016,1,CONCAT,8,2,113.88000000000001,3,12,3,5,0.5714285714285714,0.14285714285714285,0.23809523809523808,0.08333333333333333,0.0,21,3,0,3,2,0,2,0,0
OC/C(=C\CO)/C=C/c1cc(Br)cc(c1S)ON,15/000000283,"InChI=1S/C12H14BrNO3S/c13-10-5-9(12(18)11(6-10)17-14)2-1-8(7-16)3-4-15/h1-3,5-6,15-16,18H,4,7,14H2/b2-1+,8-3-",C12H14NO3SBr,330.987776408,1.9144999999999999,5.11,-9.03,2.35,-60,3.698131595536656,1,CONCAT,5,4,75.71,5,12,3,1,0.6666666666666666,0.16666666666666666,0.05555555555555555,0.16666666666666666,0.0,18,1,0,1,0,0,0,0,0
ONC/C=C\C[C@H](Cc1cc(F)ccc1F)O,1/000000899,"InChI=1S/C12H15F2NO2/c13-10-4-5-12(14)9(7-10)8-11(16)3-1-2-6-15-17/h1-2,4-5,7,11,15-17H,3,6,8H2/b2-1-/t11-/m1/s1",C12H15NO2F2,243.10708516,1.7933,5.11,-2.67,3.58,-150,3.2286707984227627,1,CONCAT,3,3,52.489999999999995,6,12,2,1,0.7058823529411765,0.11764705882352941,0.058823529411764705,0.3333333333333333,0.08333333333333333,17,1,0,1,0,0,0,0,0
Oc1cc(cc(c1CC/C=C/C[NH3+])N(=O)=O)NC(=O)CCF,17/000001580,"InChI=1S/C14H18FN3O4/c15-6-5-14(20)17-10-8-12(18(21)22)11(13(19)9-10)4-2-1-3-7-16/h1,3,8-9,19H,2,4-7,16H2,(H,17,20)/p+1/b3-1+",C14H19N3O4F,312.13541072809,1.3291999999999997,5.11,-2.73,3.58,-120,3.4501964341098343,1,CONCAT,4,3,120.10999999999999,8,14,4,3,0.6363636363636364,0.18181818181818182,0.13636363636363635,0.35714285714285715,0.0,22,1,0,1,0,0,0,0,0
N(CCOC)Cc1nnc([nH]1)[C@@H](n1nc[nH]c1=O)Cl,26/000000023,"InChI=1S/C9H14ClN7O2/c1-19-3-2-11-4-6-14-8(16-15-6)7(10)17-9(18)12-5-13-17/h5,7,11H,2-4H2,1H3,(H,12,13,18)(H,14,15,16)/t7-/m1/s1",C9H14N7O2Cl,287.089750368,-0.7888,5.11,7.54,22.8,-170,4.213593040084902,1,CONCAT,7,3,113.50999999999999,7,9,2,7,0.47368421052631576,0.10526315789473684,0.3684210526315789,0.5555555555555556,0.1111111111111111,19,2,0,2,2,0,2,0,0
Oc1c(OC(=O)c2nc(oc2)CN)ccc(c1)[C@H](C)O,17/000001533,"InChI=1S/C13H14N2O5/c1-7(16)8-2-3-11(10(17)4-8)20-13(18)9-6-19-12(5-14)15-9/h2-4,6-7,16-17H,5,14H2,1H3/t7-/m0/s1",C13H14N2O5,278.090271548,1.1114,5.1,-0.57,2.35,-170,3.061619705471637,1,CONCAT,7,3,118.81,4,13,5,2,0.65,0.25,0.1,0.23076923076923078,0.07692307692307693,20,2,0,2,1,0,1,0,0
OC(=O)/C=C\Cc1oc(nc1)C(=O)Oc1cccc(c1O)c1coc(c1)C[NH3+],17/000000772,"InChI=1S/C19H16N2O7/c20-8-13-7-11(10-26-13)14-4-2-5-15(17(14)24)28-19(25)18-21-9-12(27-18)3-1-6-16(22)23/h1-2,4-7,9-10,24H,3,8,20H2,(H,22,23)/p+1/b6-1-",C19H17N2O7,385.10302730409,1.7845999999999993,5.09,1.6,6.45,-140,3.643573659560424,1,CONCAT,7,3,150.64000000000001,7,19,7,2,0.6785714285714286,0.25,0.07142857142857142,0.10526315789473684,0.0,28,3,0,3,2,0,2,0,0
Sc1c(/C=C/C=C/CCCC)cc(cc1ON)Br,15/000000167,"InChI=1S/C14H18BrNOS/c1-2-3-4-5-6-7-8-11-9-12(15)10-13(17-16)14(11)18/h5-10,18H,2-4,16H2,1H3/b6-5+,8-7+",C14H18NOSBr,327.029247296,4.749900000000003,5.08,-8.6,2.35,-80,3.2678788106072982,1,CONCAT,3,2,35.25,6,14,1,1,0.7777777777777778,0.05555555555555555,0.05555555555555555,0.2857142857142857,0.0,18,1,0,1,0,0,0,0,0
OC[C@H](n1nc([nH]c1=O)COCC=C)c1nnc[nH]1,26/000000117,"InChI=1S/C10H14N6O3/c1-2-3-19-5-8-13-10(18)16(15-8)7(4-17)9-11-6-12-14-9/h2,6-7,17H,1,3-5H2,(H,11,12,14)(H,13,15,18)/t7-/m0/s1",C10H14N6O3,266.112738308,-1.0261999999999991,5.08,11.19,22.5,-150,4.354546886238747,1,CONCAT,7,3,121.71000000000001,7,10,3,6,0.5263157894736842,0.15789473684210525,0.3157894736842105,0.4,0.1,19,2,0,2,2,0,2,0,0
Oc1c(OC(=O)c2nc(oc2)CC=C)ccc(c1c1cc[nH]c1)CC(=O)N,17/000001451,"InChI=1S/C19H17N3O5/c1-2-3-16-22-13(10-26-16)19(25)27-14-5-4-11(8-15(20)23)17(18(14)24)12-6-7-21-9-12/h2,4-7,9-10,21,24H,1,3,8H2,(H2,20,23)",C19H17N3O5,367.11682064400003,2.3507999999999996,5.07,-1.59,6.45,-160,3.2584960023238514,1,CONCAT,6,3,131.44,7,19,5,3,0.7037037037037037,0.18518518518518517,0.1111111111111111,0.10526315789473684,0.0,27,3,0,3,2,0,2,0,0
Oc1c(OC(=O)c2nc(oc2)CC=C)cccc1c1cc[nH]c1,17/000000839,"InChI=1S/C17H14N2O4/c1-2-4-15-19-13(10-22-15)17(21)23-14-6-3-5-12(16(14)20)11-7-8-18-9-11/h2-3,5-10,18,20H,1,4H2",C17H14N2O4,310.095356928,3.3230000000000013,5.07,0.89,4.94,-120,3.0386278848619455,1,CONCAT,5,2,88.35,5,17,4,2,0.7391304347826086,0.17391304347826086,0.08695652173913043,0.058823529411764705,0.0,23,3,0,3,2,0,2,0,0
Oc1c(OC(=O)c2nnc([nH]2)C[NH3+])cccc1c1ncncn1,17/000000586,"InChI=1S/C13H11N7O3/c14-4-9-18-12(20-19-9)13(22)23-8-3-1-2-7(10(8)21)11-16-5-15-6-17-11/h1-3,5-6,21H,4,14H2,(H,18,19,20)/p+1",C13H12N7O3,314.09961366409004,-0.6766000000000001,5.07,0.7,22.3,-160,3.6351789338129943,1,CONCAT,8,3,154.40999999999997,4,13,3,7,0.5652173913043478,0.13043478260869565,0.30434782608695654,0.07692307692307693,0.0,23,3,0,3,2,0,2,0,0
Oc1cc(OC(=O)[C@H](CF)O)c(c(c1)N(=O)=O)O,17/000000726,"InChI=1S/C9H8FNO7/c10-3-6(13)9(15)18-7-2-4(12)1-5(8(7)14)11(16)17/h1-2,6,12-14H,3H2/t6-/m0/s1",C9H8NO7F,261.028479816,0.24179999999999985,5.06,-1.05,2.35,-150,3.36447823504548,1,CONCAT,7,3,130.13,4,9,7,1,0.5,0.3888888888888889,0.05555555555555555,0.2222222222222222,0.1111111111111111,18,1,0,1,0,0,0,0,0
Sc1c(/C=C/C=C/C[C@H](C)O)cc(cc1ON)Br,15/000000092,"InChI=1S/C13H16BrNO2S/c1-9(16)5-3-2-4-6-10-7-11(14)8-12(17-15)13(10)18/h2-4,6-9,16,18H,5,15H2,1H3/b3-2+,6-4+/t9-/m0/s1",C13H16NO2SBr,329.00851185199997,3.3306000000000013,5.05,-5.48,2.35,-190,3.94619447807297,1,CONCAT,4,3,55.480000000000004,5,13,2,1,0.7222222222222222,0.1111111111111111,0.05555555555555555,0.23076923076923078,0.07692307692307693,18,1,0,1,0,0,0,0,0
Oc1c(OC(=O)c2nc(oc2)CC=C)ccc(c1c1cc[nH]c1)OCCN,17/000001475,"InChI=1S/C19H19N3O5/c1-2-3-16-22-13(11-26-16)19(24)27-15-5-4-14(25-9-7-20)17(18(15)23)12-6-8-21-10-12/h2,4-6,8,10-11,21,23H,1,3,7,9,20H2",C19H19N3O5,369.132470708,2.6605,5.05,-0.94,6.45,-160,3.1818244633365227,1,CONCAT,7,3,123.6,8,19,5,3,0.7037037037037037,0.18518518518518517,0.1111111111111111,0.15789473684210525,0.0,27,3,0,3,2,0,2,0,0
Oc1c(OC(=O)c2nnc([nH]2)CCCCN)cccc1,17/000000327,"InChI=1S/C13H16N4O3/c14-8-4-3-7-11-15-12(17-16-11)13(19)20-10-6-2-1-5-9(10)18/h1-2,5-6,18H,3-4,7-8,14H2,(H,15,16,17)",C13H16N4O3,276.12224037199996,1.0109,5.05,2.59,5.09,0,2.771165188103989,1,CONCAT,6,3,114.11999999999999,6,13,3,4,0.65,0.15,0.2,0.3076923076923077,0.0,20,2,0,2,1,0,1,0,0
Sc1nnc([nH]1)[C@H](CCCc1ccccc1)N,1/000001116,"InChI=1S/C12H16N4S/c13-10(11-14-12(17)16-15-11)8-4-7-9-5-2-1-3-6-9/h1-3,5-6,10H,4,7-8,13H2,(H2,14,15,16,17)/t10-/m0/s1",C12H16N4S,248.10956751199998,2.1161000000000003,5.05,4.2,3.72,-150,3.2273734204208253,1,CONCAT,4,3,67.59,5,12,0,4,0.7058823529411765,0.0,0.23529411764705882,0.3333333333333333,0.08333333333333333,17,2,0,2,1,0,1,0,0
Oc1c(OC(=O)c2nnc([nH]2)CCC)cccc1N1C=NOC1,17/000000338,"InChI=1S/C14H15N5O4/c1-2-4-11-16-13(18-17-11)14(21)23-10-6-3-5-9(12(10)20)19-7-15-22-8-19/h3,5-7,20H,2,4,8H2,1H3,(H,16,17,18)",C14H15N5O4,317.11240396,1.4193999999999998,5.04,-0.32,23.8,-140,3.713357255491316,1,CONCAT,8,2,112.92999999999999,5,14,4,5,0.6086956521739131,0.17391304347826086,0.21739130434782608,0.2857142857142857,0.0,23,3,1,2,2,1,1,0,0
Oc1cc(OC(=O)c2nnn[nH]2)c(c(c1)C(=O)[C@@H](CC)O)O,17/000001382,"InChI=1S/C12H12N4O6/c1-2-7(18)9(19)6-3-5(17)4-8(10(6)20)22-12(21)11-13-15-16-14-11/h3-4,7,17-18,20H,2H2,1H3,(H,13,14,15,16)/t7-/m1/s1",C12H12N4O6,308.07568410399995,-0.21630000000000027,5.04,-2.51,5.09,-190,3.678951043490731,1,CONCAT,9,4,158.51999999999998,5,12,6,4,0.5454545454545454,0.2727272727272727,0.18181818181818182,0.25,0.08333333333333333,22,2,0,2,1,0,1,0,0
OC(=O)[C@H](C(=O)Oc1ccccc1O)O,17/000000106,"InChI=1S/C9H8O6/c10-5-3-1-2-4-6(5)15-9(14)7(11)8(12)13/h1-4,7,10-11H,(H,12,13)/t7-/m1/s1",C9H8O6,212.032087976,-0.2569000000000003,5.04,0.42,2.22,-150,2.774720035877122,1,CONCAT,5,3,104.06,3,9,6,0,0.6,0.4,0.0,0.1111111111111111,0.1111111111111111,15,1,0,1,0,0,0,0,0
Oc1c(OC(=O)C(=O)O)ccc(c1)[C@H](CC)c1scnc1,17/000001379,"InChI=1S/C14H13NO5S/c1-2-9(12-6-15-7-21-12)8-3-4-11(10(16)5-8)20-14(19)13(17)18/h3-7,9,16H,2H2,1H3,(H,17,18)/t9-/m0/s1",C14H12NO5S,307.05144351600006,2.3806000000000003,5.04,-5.82,22.1,-190,3.3529321024921117,1,CONCAT,6,2,96.72,4,14,5,1,0.6666666666666666,0.23809523809523808,0.047619047619047616,0.21428571428571427,0.07142857142857142,21,2,0,2,1,0,1,0,0
Oc1c(OC(=O)c2occc2)cc(cc1)[C@H](C[NH3+])[NH3+],17/000000474,"InChI=1S/C13H14N2O4/c14-7-9(15)8-3-4-10(16)12(6-8)19-13(17)11-2-1-5-18-11/h1-6,9,16H,7,14-15H2/p+2/t9-/m0/s1",C13H16N2O4,264.10990983218,-0.2706999999999996,5.04,-3.94,17.6,-170,3.8434405485512766,1,CONCAT,4,3,114.95,4,13,4,2,0.6842105263157895,0.21052631578947367,0.10526315789473684,0.15384615384615385,0.07692307692307693,19,2,0,2,1,0,1,0,0
Oc1c(OC(=O)c2nnc([nH]2)CCC)ccc(c1)Cc1nnc[nH]1,17/000000416,"InChI=1S/C15H16N6O3/c1-2-3-12-18-14(21-20-12)15(23)24-11-5-4-9(6-10(11)22)7-13-16-8-17-19-13/h4-6,8,22H,2-3,7H2,1H3,(H,16,17,19)(H,18,20,21)",C15H16N6O3,328.1283883720001,1.3908999999999996,5.04,-1.84,4.94,-60,3.3695585564983803,1,CONCAT,7,3,129.67,6,15,3,6,0.625,0.125,0.25,0.26666666666666666,0.0,24,3,0,3,2,0,2,0,0
Sc1c(/C=C/[C@@H]2C=CC[NH2+]2)cc(cc1ON)Br,15/000000062,"InChI=1S/C12H13BrN2OS/c13-9-6-8(12(17)11(7-9)16-14)3-4-10-2-1-5-15-10/h1-4,6-7,10,15,17H,5,14H2/p+1/b4-3+/t10-/m0/s1",C12H14N2OSBr,313.00047258808996,1.5052999999999999,5.03,-6.34,2.35,-150,5.049956191221453,1,CONCAT,3,3,51.86,3,12,1,2,0.7058823529411765,0.058823529411764705,0.11764705882352941,0.16666666666666666,0.08333333333333333,17,2,1,1,1,1,0,0,0
OC(=O)Cc1nc2ncoc2c(c1)OCc1ncc(nc1)C/C=C/C,24/000000003,"InChI=1S/C17H16N4O4/c1-2-3-4-11-7-19-13(8-18-11)9-24-14-5-12(6-15(22)23)21-17-16(14)25-10-20-17/h2-3,5,7-8,10H,4,6,9H2,1H3,(H,22,23)/b3-2+",C17H15N4O4,340.117154992,2.3375000000000004,5.03,0.56,22.0,-80,3.3489627746381805,1,CONCAT,7,1,111.23,7,17,4,4,0.68,0.16,0.16,0.23529411764705882,0.0,25,3,0,3,3,0,3,0,0
Oc1c(OC(=O)c2nnc[nH]2)cccc1c1scc(n1)C,17/000000173,"InChI=1S/C13H10N4O3S/c1-7-5-21-12(16-7)8-3-2-4-9(10(8)18)20-13(19)11-14-6-15-17-11/h2-6,18H,1H3,(H,14,15,17)",C13H10N4O3S,302.04736118000005,2.1614199999999997,5.03,-1.7,25.0,-140,3.052945158893708,1,CONCAT,7,2,100.99,3,13,3,4,0.6190476190476191,0.14285714285714285,0.19047619047619047,0.07692307692307693,0.0,21,3,0,3,2,0,2,0,0
OC(=O)CC(=O)Oc1cc(cc(c1O)C=C(C)C)Cc1nocn1,17/000000122,"InChI=1S/C16H16N2O6/c1-9(2)3-11-4-10(6-13-17-8-23-18-13)5-12(16(11)22)24-15(21)7-14(19)20/h3-5,8,22H,6-7H2,1-2H3,(H,19,20)",C16H16N2O6,332.10083623200006,2.1693,5.03,-6.03,25.0,-140,3.116023713080928,1,CONCAT,7,2,122.75,6,16,6,2,0.6666666666666666,0.25,0.08333333333333333,0.25,0.0,24,2,0,2,1,0,1,0,0
Oc1ccc(cc1)Cc1oc(cc1)CC(=O)C1=NNC(=O)/C/1=C\CO,1/000000644,"InChI=1S/C18H16N2O5/c21-8-7-15-17(19-20-18(15)24)16(23)10-14-6-5-13(25-14)9-11-1-3-12(22)4-2-11/h1-7,21-22H,8-10H2,(H,20,24)/b15-7-",C18H16N2O5,340.105921612,1.0920999999999996,5.02,1.23,3.84,-20,3.1455498277259384,1,CONCAT,6,3,112.13000000000001,6,18,5,2,0.72,0.2,0.08,0.16666666666666666,0.0,25,3,1,2,2,1,1,0,0
Oc1c(OC(=O)c2snnc2)cc(cc1)[C@@H]([NH3+])C,17/000000397,"InChI=1S/C11H11N3O3S/c1-6(12)7-2-3-8(15)9(4-7)17-11(16)10-5-13-14-18-10/h2-6,15H,12H2,1H3/p+1/t6-/m0/s1",C11H12N3O3S,266.05938866409,0.7658,5.02,-2.86,20.3,-170,3.7558089584497343,1,CONCAT,6,2,99.95,3,11,3,3,0.6111111111111112,0.16666666666666666,0.16666666666666666,0.18181818181818182,0.09090909090909091,18,2,0,2,1,0,1,0,0
Sc1c(/C=C/C(=C/CS(=O)=O)/CO)cc(cc1ON)Br,15/000000285,"InChI=1S/C12H14BrNO4S2/c13-10-5-9(12(19)11(6-10)18-14)2-1-8(7-15)3-4-20(16)17/h1-3,5-6,15,19-20H,4,7,14H2/b2-1+,8-3-",C12H14NO4S2Br,378.95476202800006,1.5336000000000003,5.02,-10.11,2.35,-60,4.293641436417079,1,CONCAT,6,4,89.62,6,12,4,1,0.6,0.2,0.05,0.16666666666666666,0.0,20,1,0,1,0,0,0,0,0
Oc1ccc(cc1CCN)CCc1[nH]cc(c1)c1oc(nc1)/C=C\NC,4/000000011,"InChI=1S/C20H24N4O2/c1-22-9-7-20-24-13-19(26-20)16-11-17(23-12-16)4-2-14-3-5-18(25)15(10-14)6-8-21/h3,5,7,9-13,22-23,25H,2,4,6,8,21H2,1H3/b9-7-",C20H24N4O2,352.18992600800004,2.851800000000001,5.01,-2.1,5.09,-160,3.3585901048482754,1,CONCAT,5,4,100.10000000000001,8,20,2,4,0.7692307692307693,0.07692307692307693,0.15384615384615385,0.25,0.0,26,3,0,3,2,0,2,0,0
OCC#Cc1ncc([nH]1)c1nnc([nH]1)C/C=C/CO,21/000000015,"InChI=1S/C12H13N5O2/c18-6-2-1-4-11-15-12(17-16-11)9-8-13-10(14-9)5-3-7-19/h1-2,8,18-19H,4,6-7H2,(H,13,14)(H,15,16,17)/b2-1+",C12H13N5O2,259.106924656,-0.37040000000000023,5.01,8.87,24.8,-80,3.951227684783259,1,CONCAT,5,4,110.71,4,12,2,5,0.631578947368421,0.10526315789473684,0.2631578947368421,0.25,0.0,19,2,0,2,2,0,2,0,0
Oc1c(OC(=O)C(=O)O)cccc1C1=CCON1,17/000000776,"InChI=1S/C11H9NO6/c13-9-6(7-4-5-17-12-7)2-1-3-8(9)18-11(16)10(14)15/h1-4,12-13H,5H2,(H,14,15)",C11H8NO6,251.042987008,0.2579000000000001,5.0,-2.44,3.58,-120,3.251039118299608,1,CONCAT,6,3,105.09,2,11,6,1,0.6111111111111112,0.3333333333333333,0.05555555555555555,0.09090909090909091,0.0,18,2,1,1,1,1,0,0,0
OCc1cc(cc2c1s/c(=C/CN)/[nH]2)Cc1nocc1,30/000000047,"InChI=1S/C14H15N3O2S/c15-3-1-13-16-12-7-9(6-11-2-4-19-17-11)5-10(8-18)14(12)20-13/h1-2,4-5,7,16,18H,3,6,8,15H2/b13-1+",C14H15N3O2S,289.08849772,2.0754,5.0,-5.93,20.7,-100,3.733613142871543,1,CONCAT,6,3,84.31,4,14,2,3,0.7,0.1,0.15,0.21428571428571427,0.0,20,3,1,2,2,1,1,0,0
Oc1c(OC(=O)c2nnc[nH]2)cccc1C[C@H](c1ocnc1)F,17/000001345,"InChI=1S/C14H11FN4O4/c15-9(11-5-16-7-22-11)4-8-2-1-3-10(12(8)20)23-14(21)13-17-6-18-19-13/h1-3,5-7,9,20H,4H2,(H,17,18,19)/t9-/m1/s1",C14H11N4O4F,318.0764330520001,1.9707999999999999,4.99,-1.23,3.58,-150,3.9115980886484376,1,CONCAT,7,2,114.13,5,14,4,4,0.6086956521739131,0.17391304347826086,0.17391304347826086,0.14285714285714285,0.07142857142857142,23,3,0,3,2,0,2,0,0
Sc1c(/C=C/C=C/[C@H]2N=CNC2=O)cc(cc1ON)Br,15/000000147,"InChI=1S/C13H12BrN3O2S/c14-9-5-8(12(20)11(6-9)19-15)3-1-2-4-10-13(18)17-7-16-10/h1-7,10,20H,15H2,(H,16,17,18)/b3-1+,4-2+/t10-/m1/s1",C13H12N3O2SBr,352.983359724,2.0864000000000003,4.99,-7.0,2.35,-190,4.4958619981789285,1,CONCAT,5,3,76.71,4,13,2,3,0.65,0.1,0.15,0.07692307692307693,0.07692307692307693,20,2,1,1,1,1,0,0,0
Oc1c(OC(=O)C(=O)O)ccc(c1c1sccn1)CCC,17/000001365,"InChI=1S/C14H13NO5S/c1-2-3-8-4-5-9(20-14(19)13(17)18)11(16)10(8)12-15-6-7-21-12/h4-7,16H,2-3H2,1H3,(H,17,18)",C14H12NO5S,307.05144351600006,2.4582000000000006,4.99,-5.13,22.1,-140,2.724081816718641,1,CONCAT,6,2,96.72,4,14,5,1,0.6666666666666666,0.23809523809523808,0.047619047619047616,0.21428571428571427,0.0,21,2,0,2,1,0,1,0,0
OC(=O)CCCCc1c(O)ccc(c1)[C@@H](CC[C@@H]1NC=CN1)NN,17/000001651,"InChI=1S/C17H26N4O3/c18-21-14(6-8-16-19-9-10-20-16)12-5-7-15(22)13(11-12)3-1-2-4-17(23)24/h5,7,9-11,14,16,19-22H,1-4,6,8,18H2,(H,23,24)/t14-/m1/s1",C17H25N4O3,334.2004906920001,1.4643,4.99,-1.18,5.09,-150,3.715587232375441,1,CONCAT,6,6,119.64,10,17,3,4,0.7083333333333334,0.125,0.16666666666666666,0.47058823529411764,0.058823529411764705,24,2,1,1,1,1,0,0,0
Oc1c(OC(=O)c2nnc([nH]2)CCC)ccc(c1)c1nnc[nH]1,17/000000676,"InChI=1S/C14H14N6O3/c1-2-3-11-17-13(20-18-11)14(22)23-10-5-4-8(6-9(10)21)12-15-7-16-19-12/h4-7,21H,2-3H2,1H3,(H,15,16,19)(H,17,18,20)",C14H14N6O3,314.1127383080001,1.4670999999999996,4.99,-2.84,24.7,-200,3.3700397729738336,1,CONCAT,7,3,129.67,5,14,3,6,0.6086956521739131,0.13043478260869565,0.2608695652173913,0.21428571428571427,0.0,23,3,0,3,2,0,2,0,0
C#C[C@H](c1ccc(c(c1C(=O)NN)O)OC(=O)c1nnc[nH]1)N,17/000001081,"InChI=1S/C13H12N6O4/c1-2-7(14)6-3-4-8(10(20)9(6)12(21)18-15)23-13(22)11-16-5-17-19-11/h1,3-5,7,20H,14-15H2,(H,18,21)(H,16,17,19)/t7-/m1/s1",C13H12N6O4,316.09200286400005,-1.0339999999999996,4.98,-3.41,3.58,-190,4.065102184552534,1,CONCAT,8,5,169.24,4,13,4,6,0.5652173913043478,0.17391304347826086,0.2608695652173913,0.07692307692307693,0.07692307692307693,23,2,0,2,1,0,1,0,0
Oc1nc(nc2c1nn[nH]2)[C@@H](CS)c1nnc[nH]1,28/000000068,"InChI=1S/C8H8N8OS/c17-8-4-7(15-16-13-4)11-6(12-8)3(1-18)5-9-2-10-14-5/h2-3,18H,1H2,(H,9,10,14)(H2,11,12,13,15,16,17)/t3-/m0/s1",C8H8N8OS,264.054177876,-0.3667000000000004,4.98,-2.45,22.5,-190,4.752762283893522,1,CONCAT,8,4,129.15,3,8,1,8,0.4444444444444444,0.05555555555555555,0.4444444444444444,0.25,0.125,18,3,0,3,3,0,3,0,0
S[C@@H](c1nnc[nH]1)C#CC/C=C\CCNN,21/000000012,"InChI=1S/C10H15N5S/c11-13-7-5-3-1-2-4-6-9(16)10-12-8-14-15-10/h1,3,8-9,13,16H,2,5,7,11H2,(H,12,14,15)/b3-1-/t9-/m1/s1",C10H15N5S,237.10481647999998,0.5786999999999998,4.98,10.1,20.7,-150,4.9332100746957845,1,CONCAT,5,4,79.62,5,10,0,5,0.625,0.0,0.3125,0.4,0.1,16,1,0,1,1,0,1,0,0
Oc1c(OC(=O)C(=O)O)ccc(c1)[C@H](CN)C1=CCC=C1,17/000001274,"InChI=1S/C15H15NO5/c16-8-11(9-3-1-2-4-9)10-5-6-13(12(17)7-10)21-15(20)14(18)19/h1,3-7,11,17H,2,8,16H2,(H,18,19)/t11-/m1/s1",C15H14NO5,289.09502258000003,1.3108000000000002,4.98,-5.85,19.6,-150,3.5826684420146577,1,CONCAT,5,3,109.85,4,15,5,1,0.7142857142857143,0.23809523809523808,0.047619047619047616,0.2,0.06666666666666667,21,2,1,1,0,0,0,0,0
Sc1c(/C=C/C=C/[C@H](C)F)cc(cc1ON)Br,15/000000158,"InChI=1S/C12H13BrFNOS/c1-8(14)4-2-3-5-9-6-10(13)7-11(16-15)12(9)17/h2-8,17H,15H2,1H3/b4-2+,5-3+/t8-/m0/s1",C12H13NOSFBr,316.988525356,3.9177000000000017,4.98,-5.42,2.35,-170,4.179724167810083,1,CONCAT,3,2,35.25,4,12,1,1,0.7058823529411765,0.058823529411764705,0.058823529411764705,0.16666666666666666,0.08333333333333333,17,1,0,1,0,0,0,0,0
C=C(CCc1ccccc1C(=O)O)C/C=C/[C@@H]1C(=O)NCCN1,27/000000013,"InChI=1S/C18H22N2O3/c1-13(5-4-8-16-17(21)20-12-11-19-16)9-10-14-6-2-3-7-15(14)18(22)23/h2-4,6-8,16,19H,1,5,9-12H2,(H,20,21)(H,22,23)/b8-4+/t16-/m1/s1",C18H21N2O3,314.163042564,1.9078999999999995,4.98,3.12,3.58,-150,3.5929884060233697,1,CONCAT,3,3,78.42999999999999,7,18,3,2,0.782608695652174,0.13043478260869565,0.08695652173913043,0.3333333333333333,0.05555555555555555,23,2,1,1,1,1,0,0,0
Sc1c(/C=C/C=C/[C@@H](CBr)O)cc(cc1ON)Br,15/000000205,"InChI=1S/C12H13Br2NO2S/c13-7-10(16)4-2-1-3-8-5-9(14)6-11(17-15)12(8)18/h1-6,10,16,18H,7,15H2/b3-1+,4-2+/t10-/m0/s1",C12H13NO2SBr2,392.90337385600003,3.315500000000001,4.97,-6.32,2.35,-190,4.181593222185999,1,CONCAT,4,3,55.480000000000004,5,12,2,1,0.6666666666666666,0.1111111111111111,0.05555555555555555,0.16666666666666666,0.08333333333333333,18,1,0,1,0,0,0,0,0
Oc1c(OC(=O)c2nnc([nH]2)CCC)cccc1c1occn1,17/000001033,"InChI=1S/C15H14N4O4/c1-2-4-11-17-13(19-18-11)15(21)23-10-6-3-5-9(12(10)20)14-16-7-8-22-14/h3,5-8,20H,2,4H2,1H3,(H,17,18,19)",C15H14N4O4,314.101504928,2.3369999999999997,4.97,0.3,24.9,-140,3.158050961785023,1,CONCAT,7,2,114.13,5,15,4,4,0.6521739130434783,0.17391304347826086,0.17391304347826086,0.2,0.0,23,3,0,3,2,0,2,0,0
Oc1c(OC(=O)c2nnc[nH]2)ccc(c1c1cnsc1)CC[NH3+],17/000000601,"InChI=1S/C14H13N5O3S/c15-4-3-8-1-2-10(22-14(21)13-16-7-17-19-13)12(20)11(8)9-5-18-23-6-9/h1-2,5-7,20H,3-4,15H2,(H,16,17,19)/p+1",C14H14N5O3S,332.08118672809,0.6373999999999997,4.97,-3.73,5.09,-160,4.055063549197611,1,CONCAT,7,3,128.63,5,14,3,5,0.6086956521739131,0.13043478260869565,0.21739130434782608,0.14285714285714285,0.0,23,3,0,3,2,0,2,0,0
Oc1c(OC(=O)c2nnc([nH]2)CCC)ccc(c1)C(F)F,17/000000806,"InChI=1S/C13H13F2N3O3/c1-2-3-10-16-12(18-17-10)13(20)21-9-5-4-7(11(14)15)6-8(9)19/h4-6,11,19H,2-3H2,1H3,(H,16,17,18)",C13H13N3O3F2,297.092497716,2.619600000000001,4.97,-0.28,23.5,-190,3.0320083419175807,1,CONCAT,5,2,88.1,5,13,3,3,0.6190476190476191,0.14285714285714285,0.14285714285714285,0.3076923076923077,0.0,21,2,0,2,1,0,1,0,0
OC(=O)c1c(S)cccc1COC(=O)[C@H](/C=C/c1csc(c1)Cl)NC=C,12/000000104,"InChI=1S/C18H16ClNO4S2/c1-2-20-13(7-6-11-8-15(19)26-10-11)18(23)24-9-12-4-3-5-14(25)16(12)17(21)22/h2-8,10,13,20,25H,1,9H2,(H,21,22)/b7-6+/t13-/m0/s1",C18H16NO4S2Cl,409.0209276720001,4.246700000000002,4.96,0.05,4.94,-190,3.958497944998404,1,CONCAT,6,3,75.63,8,18,4,1,0.6923076923076923,0.15384615384615385,0.038461538461538464,0.1111111111111111,0.05555555555555555,26,2,0,2,1,0,1,0,0
OC(=O)/C=C/Cc1ccc(c(c1)O)OC(=O)c1snnc1,17/000000355,"InChI=1S/C13H10N2O5S/c16-9-6-8(2-1-3-12(17)18)4-5-10(9)20-13(19)11-7-14-15-21-11/h1,3-7,16H,2H2,(H,17,18)/b3-1+",C13H10N2O5S,306.03104242000006,1.6461999999999997,4.96,-4.42,3.58,-60,2.881558874669457,1,CONCAT,7,2,109.61000000000001,5,13,5,2,0.6190476190476191,0.23809523809523808,0.09523809523809523,0.07692307692307693,0.0,21,2,0,2,1,0,1,0,0
Oc1c(OC(=O)c2nnc[nH]2)cc(cc1N(=O)=O)CON,17/000001074,"InChI=1S/C10H9N5O6/c11-20-3-5-1-6(15(18)19)8(16)7(2-5)21-10(17)9-12-4-13-14-9/h1-2,4,16H,3,11H2,(H,12,13,14)",C10H9N5O6,295.05528300800006,0.027999999999999914,4.96,-4.19,3.85,-20,3.258244946692116,1,CONCAT,9,3,166.49,5,10,6,5,0.47619047619047616,0.2857142857142857,0.23809523809523808,0.1,0.0,21,2,0,2,1,0,1,0,0
Oc1c(OC(=O)c2nnn[nH]2)cccc1c1sccc1,17/000001441,"InChI=1S/C12H8N4O3S/c17-10-7(9-5-2-6-20-9)3-1-4-8(10)19-12(18)11-13-15-16-14-11/h1-6,17H,(H,13,14,15,16)",C12H8N4O3S,288.031711116,1.8529999999999998,4.96,-1.59,3.58,-120,2.846652400165974,1,CONCAT,7,2,100.99000000000001,3,12,3,4,0.6,0.15,0.2,0.0,0.0,20,3,0,3,2,0,2,0,0
OC[C@H]([NH3+])c1onc(n1)C/C=C/Cc1ncnc(n1)/C=C\CCCI,22/000000020,"InChI=1S/C16H21IN6O2/c17-9-5-1-2-6-13-19-11-20-14(21-13)7-3-4-8-15-22-16(25-23-15)12(18)10-24/h2-4,6,11-12,24H,1,5,7-10,18H2/p+1/b4-3+,6-2-/t12-/m0/s1",C16H22N6O2I,457.08434836409,1.0996999999999995,4.96,9.61,7.96,-150,4.67868507632677,1,CONCAT,7,2,125.46000000000001,10,16,2,6,0.64,0.08,0.24,0.4375,0.0625,25,2,0,2,2,0,2,0,0
Oc1c(OC(=O)c2nc(oc2)C[NH3+])ccc(c1)[C@H](C)O,17/000001317,"InChI=1S/C13H14N2O5/c1-7(16)8-2-3-11(10(17)4-8)20-13(18)9-6-19-12(5-14)15-9/h2-4,6-7,16-17H,5,14H2,1H3/p+1/t7-/m0/s1",C13H15N2O5,279.09754800009,0.3945999999999998,4.96,-0.07,2.35,-170,3.5489413837933137,1,CONCAT,6,3,120.43,4,13,5,2,0.65,0.25,0.1,0.23076923076923078,0.07692307692307693,20,2,0,2,1,0,1,0,0
c1cc(OS(=O)=O)c2c(c1)s/c(=C/[C@@H]1NC(=O)C1)/[nH]2,30/000000006,"InChI=1S/C11H10N2O4S2/c14-9-4-6(12-9)5-10-13-11-7(17-19(15)16)2-1-3-8(11)18-10/h1-3,5-6,13,19H,4H2,(H,12,14)/b10-5+/t6-/m1/s1",C11H10N2O4S2,298.0081988,0.8392999999999999,4.96,0.9,21.4,-190,4.483221680626749,1,CONCAT,6,3,84.5,3,11,4,2,0.5789473684210527,0.21052631578947367,0.10526315789473684,0.18181818181818182,0.09090909090909091,19,3,2,1,2,2,0,0,0
Sc1c(/C=C/C=C/COc2cncnc2)cc(cc1ON)Br,15/000000249,"InChI=1S/C15H14BrN3O2S/c16-12-6-11(15(22)14(7-12)21-17)4-2-1-3-5-20-13-8-18-10-19-9-13/h1-4,6-10,22H,5,17H2/b3-1+,4-2+",C15H14N3O2SBr,378.999009788,3.428700000000001,4.95,-7.51,3.7,-60,3.3830398407032405,1,CONCAT,6,2,70.26,6,15,2,3,0.6818181818181818,0.09090909090909091,0.13636363636363635,0.06666666666666667,0.0,22,2,0,2,1,0,1,0,0
N1N=C(/C(=C/CN)/C1=O)COC(=O)C/C(=C/c1ccc(cc1Cl)Cl)/C,1/000000962,"InChI=1S/C17H17Cl2N3O3/c1-10(6-11-2-3-12(18)8-14(11)19)7-16(23)25-9-15-13(4-5-20)17(24)22-21-15/h2-4,6,8H,5,7,9,20H2,1H3,(H,22,24)/b10-6+,13-4-",C17H17N3O3Cl2,381.064696764,2.7009,4.94,2.38,5.09,-40,3.3575315037351707,1,CONCAT,5,2,93.78,6,17,3,3,0.68,0.12,0.12,0.23529411764705882,0.0,25,2,1,1,1,1,0,0,0
Sc1c(/C=C/[C@H]2N=CCC2)cc(cc1ON)Br,15/000000035,"InChI=1S/C12H13BrN2OS/c13-9-6-8(12(17)11(7-9)16-14)3-4-10-2-1-5-15-10/h3-7,10,17H,1-2,14H2/b4-3+/t10-/m0/s1",C12H13N2OSBr,311.99319613600005,3.2367,4.94,-9.22,2.35,-190,4.4560254219906845,1,CONCAT,4,2,47.61,3,12,1,2,0.7058823529411765,0.058823529411764705,0.11764705882352941,0.25,0.08333333333333333,17,2,1,1,1,1,0,0,0
Oc1c(OC(=O)c2occc2)ccc(c1c1cscc1)C(=C)N,17/000001328,"InChI=1S/C17H13NO4S/c1-10(18)12-4-5-13(22-17(20)14-3-2-7-21-14)16(19)15(12)11-6-8-23-9-11/h2-9,19H,1,18H2",C17H13NO4S,327.0565288960001,3.862300000000002,4.94,-2.38,5.09,-140,2.842587583624722,1,CONCAT,6,2,85.69,4,17,4,1,0.7391304347826086,0.17391304347826086,0.043478260869565216,0.0,0.0,23,3,0,3,2,0,2,0,0
OC(=O)CC(=O)Oc1ccc(cc1O)[C@H](C=C)O,17/000000063,"InChI=1S/C12H12O6/c1-2-8(13)7-3-4-10(9(14)5-7)18-12(17)6-11(15)16/h2-5,8,13-14H,1,6H2,(H,15,16)/t8-/m0/s1",C12H12O6,252.063388104,0.9917,4.93,-2.77,3.58,-150,3.0938319584497354,1,CONCAT,5,3,104.06,5,12,6,0,0.6666666666666666,0.3333333333333333,0.0,0.16666666666666666,0.08333333333333333,18,1,0,1,0,0,0,0,0
Sc1nnc([nH]1)[C@@H](c1nonc1)N,1/000001074,"InChI=1S/C5H6N6OS/c6-3(2-1-7-12-11-2)4-8-5(13)10-9-4/h1,3H,6H2,(H2,8,9,10,13)/t3-/m1/s1",C5H6N6OS,198.032379812,-0.4755,4.93,5.38,20.1,-150,4.893765274150638,1,CONCAT,7,3,106.50999999999999,2,5,1,6,0.38461538461538464,0.07692307692307693,0.46153846153846156,0.2,0.2,13,2,0,2,2,0,2,0,0
Oc1c(OC(=O)c2nnc([nH]2)CCCCN)cc(cc1)CC(=O)OC,17/000001058,"InChI=1S/C16H20N4O5/c1-24-14(22)9-10-5-6-11(21)12(8-10)25-16(23)15-18-13(19-20-15)4-2-3-7-17/h5-6,8,21H,2-4,7,9,17H2,1H3,(H,18,19,20)",C16H20N4O5,348.1433697399999,0.7263999999999996,4.93,-0.28,5.09,-60,2.8603729944184,1,CONCAT,8,3,140.42,8,16,5,4,0.64,0.2,0.16,0.375,0.0,25,2,0,2,1,0,1,0,0
Oc1c(OC(=O)c2nnc[nH]2)cc(cc1N(=O)=O)O,17/000000407,"InChI=1S/C9H6N4O6/c14-4-1-5(13(17)18)7(15)6(2-4)19-9(16)8-10-3-11-12-8/h1-3,14-15H,(H,10,11,12)",C9H6N4O6,266.028733912,0.34329999999999977,4.92,-1.3,2.35,0,3.142265807429842,1,CONCAT,8,3,151.47,3,9,6,4,0.47368421052631576,0.3157894736842105,0.21052631578947367,0.0,0.0,19,2,0,2,1,0,1,0,0
OCCCC[C@@H](c1cccc(c1O)OC(=O)C(=O)O)N,17/000001224,"InChI=1S/C13H17NO6/c14-9(5-1-2-7-15)8-4-3-6-10(11(8)16)20-13(19)12(17)18/h3-4,6,9,15-16H,1-2,5,7,14H2,(H,17,18)/t9-/m0/s1",C13H16NO6,283.10558726400006,0.5446000000000001,4.92,-2.61,5.09,-190,2.989303481695412,1,CONCAT,6,4,130.07999999999998,6,13,6,1,0.65,0.3,0.05,0.38461538461538464,0.07692307692307693,20,1,0,1,0,0,0,0,0
OCCC(=O)CC(=O)Oc1ccc(c(c1O)C1=NNC(=O)C1)Cl,17/000000390,"InChI=1S/C14H13ClN2O6/c15-8-1-2-10(23-12(21)5-7(19)3-4-18)14(22)13(8)9-6-11(20)17-16-9/h1-2,18,22H,3-6H2,(H,17,20)",C14H13N2O6Cl,340.046213816,0.5165999999999998,4.92,-2.3,23.9,-120,3.06770460813867,1,CONCAT,7,3,125.28999999999999,6,14,6,2,0.6086956521739131,0.2608695652173913,0.08695652173913043,0.2857142857142857,0.0,23,2,1,1,1,1,0,0,0
Oc1c(OC(=O)C(=O)O)cc(c(c1)C/C=C\C)O,17/000001028,"InChI=1S/C12H12O6/c1-2-3-4-7-5-9(14)10(6-8(7)13)18-12(17)11(15)16/h2-3,5-6,13-14H,4H2,1H3,(H,15,16)/b3-2-",C12H11O6,252.063388104,1.2063999999999997,4.91,-5.09,3.58,-40,2.8419923490688372,1,CONCAT,5,3,104.06,3,12,6,0,0.6666666666666666,0.3333333333333333,0.0,0.16666666666666666,0.0,18,1,0,1,0,0,0,0,0
Oc1c(OC(=O)c2nc(oc2)CC=C)cc(cc1c1cc[nH]c1)CC(=O)N,17/000001209,"InChI=1S/C19H17N3O5/c1-2-3-17-22-14(10-26-17)19(25)27-15-7-11(8-16(20)23)6-13(18(15)24)12-4-5-21-9-12/h2,4-7,9-10,21,24H,1,3,8H2,(H2,20,23)",C19H17N3O5,367.11682064400003,2.350799999999999,4.91,-3.05,6.45,-140,3.1928287958461192,1,CONCAT,6,3,131.44,7,19,5,3,0.7037037037037037,0.18518518518518517,0.1111111111111111,0.10526315789473684,0.0,27,3,0,3,2,0,2,0,0
Oc1c(OC(=O)c2nnc([nH]2)CCC)cccc1/C=C\C,17/000000370,"InChI=1S/C15H17N3O3/c1-3-6-10-8-5-9-11(13(10)19)21-15(20)14-16-12(7-4-2)17-18-14/h3,5-6,8-9,19H,4,7H2,1-2H3,(H,16,17,18)/b6-3-",C15H17N3O3,287.126991404,2.7151000000000005,4.9,-0.12,4.94,-80,3.0607351458558982,1,CONCAT,5,2,88.1,5,15,3,3,0.7142857142857143,0.14285714285714285,0.14285714285714285,0.26666666666666666,0.0,21,2,0,2,1,0,1,0,0
Oc1c(OC(=O)c2nnc([nH]2)CCC)ccc(c1)OCCCCN,17/000000323,"InChI=1S/C16H22N4O4/c1-2-5-14-18-15(20-19-14)16(22)24-13-7-6-11(10-12(13)21)23-9-4-3-8-17/h6-7,10,21H,2-5,8-9,17H2,1H3,(H,18,19,20)",C16H22N4O4,334.16410518400005,1.7996999999999999,4.9,-2.63,4.94,-80,2.805380994035268,1,CONCAT,7,3,123.35,9,16,4,4,0.6666666666666666,0.16666666666666666,0.16666666666666666,0.4375,0.0,24,2,0,2,1,0,1,0,0
ON[C@H](C(=O)Cc1nnc(s1)CNC(=O)CCCC)c1n[nH]cc1Br,1/000000543,"InChI=1S/C14H19BrN6O3S/c1-2-3-4-10(23)16-7-12-19-18-11(25-12)5-9(22)14(21-24)13-8(15)6-17-20-13/h6,14,21,24H,2-5,7H2,1H3,(H,16,23)(H,17,20)/t14-/m1/s1",C14H19N6O3SBr,430.0422715680001,1.6617999999999988,4.9,0.19,3.84,-190,3.8727088125905063,1,CONCAT,8,4,132.89000000000001,10,14,3,6,0.56,0.12,0.24,0.5,0.07142857142857142,25,2,0,2,2,0,2,0,0
Sc1c(/C=C/C=C/COCc2nnc[nH]2)cc(cc1ON)Br,15/000000215,"InChI=1S/C14H15BrN4O2S/c15-11-6-10(14(22)12(7-11)21-16)4-2-1-3-5-20-8-13-17-9-18-19-13/h1-4,6-7,9,22H,5,8,16H2,(H,17,18,19)/b3-1+,4-2+",C14H15N4O2SBr,382.00990882,2.8945999999999996,4.9,-5.87,3.7,0,3.892879401142801,1,CONCAT,6,3,86.05,7,14,2,4,0.6363636363636364,0.09090909090909091,0.18181818181818182,0.14285714285714285,0.0,22,2,0,2,1,0,1,0,0
Oc1cc(/C=C\C)c(cc1OC(=O)c1nnc[nH]1)C[NH3+],17/000001243,"InChI=1S/C13H14N4O3/c1-2-3-8-4-10(18)11(5-9(8)6-14)20-13(19)12-15-7-16-17-12/h2-5,7,18H,6,14H2,1H3,(H,15,16,17)/p+1/b3-2-",C13H15N4O3,275.11386676009005,0.5044999999999995,4.9,-3.99,20.5,-60,3.874103432754074,1,CONCAT,5,3,115.74,4,13,3,4,0.65,0.15,0.2,0.15384615384615385,0.0,20,2,0,2,1,0,1,0,0
Sc1c(/C=C/C=C/C2=COCC2=O)cc(cc1ON)Br,15/000000110,"InChI=1S/C14H12BrNO3S/c15-11-5-9(14(20)13(6-11)19-16)3-1-2-4-10-7-18-8-12(10)17/h1-7,20H,8,16H2/b3-1+,4-2+",C14H12NO3SBr,352.972126344,3.0429000000000004,4.9,-7.09,2.35,-60,3.9893603008859433,1,CONCAT,5,2,61.55,4,14,3,1,0.7,0.15,0.05,0.07142857142857142,0.0,20,2,1,1,1,1,0,0,0
Oc1cc(c(cc1OC(=O)c1nnc[nH]1)C[NH3+])CCCl,17/000001556,"InChI=1S/C12H13ClN4O3/c13-2-1-7-3-9(18)10(4-8(7)5-14)20-12(19)11-15-6-16-17-11/h3-4,6,18H,1-2,5,14H2,(H,15,16,17)/p+1",C12H14N4O3Cl,297.07489440808996,0.2526999999999996,4.9,-4.72,3.58,-40,3.823347388798031,1,CONCAT,5,3,115.74,5,12,3,4,0.6,0.15,0.2,0.25,0.0,20,2,0,2,1,0,1,0,0
OC/C=C/1\C(=O)NN=C1C(=O)Cc1oc(cc1)COCC/N=c\1/scc[nH]1,1/000001027,"InChI=1S/C17H18N4O5S/c22-6-3-13-15(20-21-16(13)24)14(23)9-11-1-2-12(26-11)10-25-7-4-18-17-19-5-8-27-17/h1-3,5,8,22H,4,6-7,9-10H2,(H,18,19)(H,21,24)/b13-3-",C17H18N4O5S,390.099790676,0.30279999999999935,4.9,3.5,5.35,-60,4.001362056512578,1,CONCAT,8,3,129.28,9,17,5,4,0.6296296296296297,0.18518518518518517,0.14814814814814814,0.29411764705882354,0.0,27,3,1,2,3,1,2,0,0
Sc1c(/C=C/C(=C)c2nonc2)cc(cc1ON)Br,15/000000101,"InChI=1S/C12H10BrN3O2S/c1-7(10-6-15-18-16-10)2-3-8-4-9(13)5-11(17-14)12(8)19/h2-6,19H,1,14H2/b3-2+",C12H10N3O2SBr,338.96770966,3.0999000000000008,4.89,-7.79,2.35,-60,3.9702872599250982,1,CONCAT,6,2,74.17,4,12,2,3,0.631578947368421,0.10526315789473684,0.15789473684210525,0.0,0.0,19,2,0,2,1,0,1,0,0
ON[C@H](C(=O)Cc1nnc(s1)C/C=C/CC)c1n[nH]cc1Br,1/000000123,"InChI=1S/C13H16BrN5O2S/c1-2-3-4-5-10-16-17-11(22-10)6-9(20)13(19-21)12-8(14)7-15-18-12/h3-4,7,13,19,21H,2,5-6H2,1H3,(H,15,18)/b4-3+/t13-/m1/s1",C13H16N5O2SBr,385.02080785199996,2.3640999999999996,4.89,0.1,3.84,-170,4.3641574454758425,1,CONCAT,7,3,103.78999999999999,8,13,2,5,0.5909090909090909,0.09090909090909091,0.22727272727272727,0.38461538461538464,0.07692307692307693,22,2,0,2,2,0,2,0,0
Oc1c(OC(=O)c2nnc([nH]2)CCC)ccc(c1)c1ocnc1,17/000001094,"InChI=1S/C15H14N4O4/c1-2-3-13-17-14(19-18-13)15(21)23-11-5-4-9(6-10(11)20)12-7-16-8-22-12/h4-8,20H,2-3H2,1H3,(H,17,18,19)",C15H14N4O4,314.101504928,2.3369999999999997,4.89,-1.85,4.94,-200,3.0605404722745337,1,CONCAT,7,2,114.13,5,15,4,4,0.6521739130434783,0.17391304347826086,0.17391304347826086,0.2,0.0,23,3,0,3,2,0,2,0,0
Oc1c(OC(=O)c2occc2)cccc1n1ccc(=O)c(c1)O,17/000000202,"InChI=1S/C16H11NO6/c18-11-6-7-17(9-12(11)19)10-3-1-4-13(15(10)20)23-16(21)14-5-2-8-22-14/h1-9,19-20H",C16H11NO6,313.058637072,2.0608999999999997,4.89,-2.51,23.8,-160,2.6961229682401058,1,CONCAT,7,2,101.89999999999999,3,16,6,1,0.6956521739130435,0.2608695652173913,0.043478260869565216,0.0,0.0,23,3,0,3,2,0,2,0,0
Sc1c(/C=C/C=C/CCNCC)cc(cc1ON)Br,15/000000064,"InChI=1S/C14H19BrN2OS/c1-2-17-8-6-4-3-5-7-11-9-12(15)10-13(18-16)14(11)19/h3-5,7,9-10,17,19H,2,6,8,16H2,1H3/b4-3+,7-5+",C14H19N2OSBr,342.04014632800005,3.5593000000000012,4.89,-7.83,2.35,-60,3.4191763745840236,1,CONCAT,4,3,47.28,7,14,1,2,0.7368421052631579,0.05263157894736842,0.10526315789473684,0.2857142857142857,0.0,19,1,0,1,0,0,0,0,0
OC/C=C/1\C(=O)NN=C1C(=O)C/C=C/C(=O)[C@@H](CCC)c1nscn1,1/000001006,"InChI=1S/C16H18N4O4S/c1-2-4-10(15-17-9-25-20-15)12(22)5-3-6-13(23)14-11(7-8-21)16(24)19-18-14/h3,5,7,9-10,21H,2,4,6,8H2,1H3,(H,19,24)/b5-3+,11-7-/t10-/m1/s1",C16H18N4O4S,362.1048760560001,0.9107999999999996,4.88,-1.38,7.96,-170,4.560544197205891,1,CONCAT,8,2,121.60999999999999,9,16,4,4,0.64,0.16,0.16,0.375,0.0625,25,2,1,1,2,1,1,0,0
c1c(OC(=O)CS[C@@H]2CONC2)c(N)c(cc1COC(=O)CN(=O)=O)I,9/000000017,"InChI=1S/C14H16IN3O7S/c15-10-1-8(5-23-12(19)4-18(21)22)2-11(14(10)16)25-13(20)7-26-9-3-17-24-6-9/h1-2,9,17H,3-7,16H2/t9-/m0/s1",C14H16N3O7SI,496.9753688519999,0.7353000000000004,4.88,-1.31,3.72,-170,4.1296883296137885,1,CONCAT,10,2,143.02,8,14,7,3,0.5384615384615384,0.2692307692307692,0.11538461538461539,0.42857142857142855,0.07142857142857142,26,2,1,1,1,1,0,0,0
Oc1c(OC(=O)c2nnc[nH]2)ccc(c1N(=O)=O)S,17/000001380,"InChI=1S/C9H6N4O5S/c14-7-4(1-2-5(19)6(7)13(16)17)18-9(15)8-10-3-11-12-8/h1-3,14,19H,(H,10,11,12)",C9H6N4O5S,282.005890292,0.9263999999999997,4.88,-2.53,2.35,0,3.4647267541754045,1,CONCAT,8,3,131.24,3,9,5,4,0.47368421052631576,0.2631578947368421,0.21052631578947367,0.0,0.0,19,2,0,2,1,0,1,0,0
Oc1c(OC(=O)c2nnc[nH]2)cccc1c1[nH]ncc1Cl,17/000000779,"InChI=1S/C12H8ClN5O3/c13-7-4-15-17-9(7)6-2-1-3-8(10(6)19)21-12(20)11-14-5-16-18-11/h1-5,19H,(H,15,17)(H,14,16,18)",C12H8N5O3Cl,305.031566796,1.7729999999999997,4.88,-2.45,3.58,-120,3.238845928124478,1,CONCAT,6,3,116.77999999999999,3,12,3,5,0.5714285714285714,0.14285714285714285,0.23809523809523808,0.0,0.0,21,3,0,3,2,0,2,0,0
ON[C@H](C(=O)Cc1nnc(s1)C/C=C(\C)/C=C)c1[nH]ccc1,1/000000531,"InChI=1S/C15H18N4O2S/c1-3-10(2)6-7-13-17-18-14(22-13)9-12(20)15(19-21)11-5-4-8-16-11/h3-6,8,15-16,19,21H,1,7,9H2,2H3/b10-6+/t15-/m0/s1",C15H18N4O2S,318.115046816,2.3727,4.88,3.48,3.7,-170,4.206603847460954,1,CONCAT,6,3,90.9,8,15,2,4,0.6818181818181818,0.09090909090909091,0.18181818181818182,0.26666666666666666,0.06666666666666667,22,2,0,2,2,0,2,0,0
OC/C=C/Cc1nnc([nH]1)CC/C=C/CN,21/000000031,"InChI=1S/C11H18N4O/c12-8-4-1-2-6-10-13-11(15-14-10)7-3-5-9-16/h1,3-5,16H,2,6-9,12H2,(H,13,14,15)/b4-1+,5-3+",C11H18N4O,222.148061196,0.34320000000000006,4.88,9.23,3.58,0,3.773517037221241,1,CONCAT,4,3,87.82000000000001,7,11,1,4,0.6875,0.0625,0.25,0.45454545454545453,0.0,16,1,0,1,1,0,1,0,0
Sc1c(cc(cc1ON)Br)/C=C/C(=C)CC,15/000000128,"InChI=1S/C12H14BrNOS/c1-3-8(2)4-5-9-6-10(13)7-11(15-14)12(9)16/h4-7,16H,2-3,14H2,1H3/b5-4+",C12H14NOSBr,298.997947168,3.9697000000000013,4.88,-8.73,2.35,-60,3.5433509798206035,1,CONCAT,3,2,35.25,4,12,1,1,0.75,0.0625,0.0625,0.16666666666666666,0.0,16,1,0,1,0,0,0,0,0
Oc1c(OC(=O)c2nnc([nH]2)CCC)cccc1n1nccc1,17/000000342,"InChI=1S/C15H15N5O3/c1-2-5-12-17-14(19-18-12)15(22)23-11-7-3-6-10(13(11)21)20-9-4-8-16-20/h3-4,6-9,21H,2,5H2,1H3,(H,17,18,19)",C15H15N5O3,313.11748934,1.8676999999999997,4.87,0.23,4.94,-140,3.019022989757051,1,CONCAT,7,2,105.92,5,15,3,5,0.6521739130434783,0.13043478260869565,0.21739130434782608,0.2,0.0,23,3,0,3,2,0,2,0,0
Oc1c(OC(=O)c2nnc[nH]2)ccc(c1)C1=CCNN1,17/000000972,"InChI=1S/C12H11N5O3/c18-9-5-7(8-3-4-14-16-8)1-2-10(9)20-12(19)11-13-6-15-17-11/h1-3,5-6,14,16,18H,4H2,(H,13,15,17)",C12H11N5O3,273.086189212,0.1781999999999998,4.87,-4.48,3.58,-180,3.5880494823940907,1,CONCAT,7,4,112.16,3,12,3,5,0.6,0.15,0.25,0.08333333333333333,0.0,20,3,1,2,2,1,1,0,0
NCC#CCCc1nc(sc1)Nc1ccccc1,18/000000017,"InChI=1S/C14H15N3S/c15-10-6-2-5-9-13-11-18-14(17-13)16-12-7-3-1-4-8-12/h1,3-4,7-8,11H,5,9-10,15H2,(H,16,17)",C14H15N3S,257.09866848,2.7814000000000014,4.87,1.08,18.8,-20,2.431482189417169,1,CONCAT,4,2,50.94,4,14,0,3,0.7777777777777778,0.0,0.16666666666666666,0.21428571428571427,0.0,18,2,0,2,1,0,1,0,0
Oc1c(OC(=O)c2ncc(o2)CCCCC(=O)O)ccc(c1)CC(=O)O,17/000001396,"InChI=1S/C17H17NO8/c19-12-7-10(8-15(22)23)5-6-13(12)26-17(24)16-18-9-11(25-16)3-1-2-4-14(20)21/h5-7,9,19H,1-4,8H2,(H,20,21)(H,22,23)",C17H16NO8,363.095416504,2.0239,4.87,2.79,5.09,-20,2.653798720232892,1,CONCAT,7,3,147.16,9,17,8,1,0.6538461538461539,0.3076923076923077,0.038461538461538464,0.29411764705882354,0.0,26,2,0,2,1,0,1,0,0
ONC/C=C/CC1=C[C@H](C=CO1)N(CCO)C(=O)C=C,1/000000867,"InChI=1S/C14H20N2O4/c1-2-14(18)16(8-9-17)12-6-10-20-13(11-12)5-3-4-7-15-19/h2-4,6,10-12,15,17,19H,1,5,7-9H2/b4-3+/t12-/m0/s1",C14H20N2O4,280.14230712,0.7147999999999999,4.86,-4.17,3.58,-190,4.6156213388382685,1,CONCAT,5,3,82.03,8,14,4,2,0.7,0.2,0.1,0.35714285714285715,0.07142857142857142,20,1,1,0,1,1,0,0,0
Sc1nnc([nH]1)[C@H](COC(=O)CCC=C)N,1/000000687,"InChI=1S/C9H14N4O2S/c1-2-3-4-7(14)15-5-6(10)8-11-9(16)13-12-8/h2,6H,1,3-5,10H2,(H2,11,12,13,16)/t6-/m0/s1",C9H14N4O2S,242.083746688,0.6026000000000001,4.86,5.2,2.22,-150,3.979313784029927,1,CONCAT,6,3,93.89,6,9,2,4,0.5625,0.125,0.25,0.4444444444444444,0.1111111111111111,16,1,0,1,1,0,1,0,0
Oc1c(OC(=O)CO)ccc(c1N(=O)=O)[C@@H](CCl)C=C,17/000000873,"InChI=1S/C12H12ClNO6/c1-2-7(5-13)8-3-4-9(20-10(16)6-15)12(17)11(8)14(18)19/h2-4,7,15,17H,1,5-6H2/t7-/m1/s1",C12H12NO6Cl,301.035314784,1.7065,4.86,-5.83,19.7,-170,3.704557618125021,1,CONCAT,6,2,109.9,6,12,6,1,0.6,0.3,0.05,0.25,0.08333333333333333,20,1,0,1,0,0,0,0,0
OC/C(=C/Cc1nnc(s1)CC(=O)[C@H](c1n[nH]cc1Br)NO)/C=C,1/000000764,"InChI=1S/C14H16BrN5O3S/c1-2-8(7-21)3-4-11-17-18-12(24-11)5-10(22)14(20-23)13-9(15)6-16-19-13/h2-3,6,14,20-21,23H,1,4-5,7H2,(H,16,19)/b8-3+/t14-/m1/s1",C14H16N5O3SBr,413.015722472,1.5026,4.86,0.81,3.84,-170,4.661366184897895,1,CONCAT,8,4,124.02,9,14,3,5,0.5833333333333334,0.125,0.20833333333333334,0.2857142857142857,0.07142857142857142,24,2,0,2,2,0,2,0,0
Sc1c(/C=C/C(=C/CCCC)/C=S)cc(cc1ON)Br,15/000000266,"InChI=1S/C15H18BrNOS2/c1-2-3-4-5-11(10-19)6-7-12-8-13(16)9-14(18-17)15(12)20/h5-10,20H,2-4,17H2,1H3/b7-6+,11-5-",C15H18NOS2Br,371.00131829599997,5.119800000000002,4.86,-9.16,2.35,-80,3.8340878233634648,1,CONCAT,4,2,35.25,7,15,1,1,0.75,0.05,0.05,0.26666666666666666,0.0,20,1,0,1,0,0,0,0,0
ON[C@H](CCCCc1nncs1)c1nnco1,1/000000073,"InChI=1S/C9H13N5O2S/c15-14-7(9-13-10-5-16-9)3-1-2-4-8-12-11-6-17-8/h5-7,14-15H,1-4H2/t7-/m1/s1",C9H13N5O2S,255.078995656,1.3539999999999999,4.86,5.56,3.98,-150,3.9829754989137616,1,CONCAT,8,2,96.96000000000001,7,9,2,5,0.5294117647058824,0.11764705882352941,0.29411764705882354,0.5555555555555556,0.1111111111111111,17,2,0,2,2,0,2,0,0
Sc1c(cc(cc1O)Br)c1noc(c1)C/C=C\CN,15/000000237,"InChI=1S/C13H13BrN2O2S/c14-8-5-10(13(19)12(17)6-8)11-7-9(18-16-11)3-1-2-4-15/h1-2,5-7,17,19H,3-4,15H2/b2-1-",C13H13N2O2SBr,339.988110756,3.155800000000001,4.86,-6.09,20.0,-180,3.4515972744388863,1,CONCAT,5,3,72.28,4,13,2,2,0.6842105263157895,0.10526315789473684,0.10526315789473684,0.15384615384615385,0.0,19,2,0,2,1,0,1,0,0
Oc1c(OC(=O)c2nc(=O)o[nH]2)cccc1C1=CCCS1,17/000001256,"InChI=1S/C13H10N2O5S/c16-10-7(9-5-2-6-21-9)3-1-4-8(10)19-12(17)11-14-13(18)20-15-11/h1,3-5,16H,2,6H2,(H,14,15,18)",C13H10N2O5S,306.03104242,1.7654999999999998,4.85,-2.36,3.58,-120,3.4058443896629385,1,CONCAT,7,2,105.42000000000002,3,13,5,2,0.6190476190476191,0.23809523809523808,0.09523809523809523,0.15384615384615385,0.0,21,3,1,2,2,1,1,0,0
Oc1c(OC(=O)c2nnc[nH]2)ccc(c1)c1nncn1C,17/000000787,"InChI=1S/C12H10N6O3/c1-18-6-15-17-11(18)7-2-3-9(8(19)4-7)21-12(20)10-13-5-14-16-10/h2-6,19H,1H3,(H,13,14,16)",C12H10N6O3,286.08143818,0.5249999999999997,4.85,-3.94,23.5,-200,3.073024389662939,1,CONCAT,8,2,118.81,3,12,3,6,0.5714285714285714,0.14285714285714285,0.2857142857142857,0.08333333333333333,0.0,21,3,0,3,2,0,2,0,0
ONC/C=C\C[C@H](Cc1nnsc1)O,1/000000490,"InChI=1S/C8H13N3O2S/c12-8(3-1-2-4-9-13)5-7-6-14-11-10-7/h1-2,6,8-9,12-13H,3-5H2/b2-1-/t8-/m1/s1",C8H13N3O2S,215.072847656,0.3666000000000001,4.85,-2.13,3.58,-150,4.089074041226882,1,CONCAT,6,3,78.27,6,8,2,3,0.5714285714285714,0.14285714285714285,0.21428571428571427,0.5,0.125,14,1,0,1,1,0,1,0,0
ON[C@H](/C=C/c1ccnn1C(=O)CCC)S,1/000000796,"InChI=1S/C10H15N3O2S/c1-2-3-10(14)13-8(6-7-11-13)4-5-9(16)12-15/h4-7,9,12,15-16H,2-3H2,1H3/b5-4+/t9-/m0/s1",C10H15N3O2S,241.08849772,1.5713000000000001,4.85,-0.52,3.72,-170,4.184926021792165,1,CONCAT,6,3,67.15,5,10,2,3,0.625,0.125,0.1875,0.4,0.1,16,1,0,1,1,0,1,0,0
Oc1c(OC(=O)c2nc(oc2)CC=C)cccc1c1cc[nH]c1CCC,17/000001210,"InChI=1S/C20H20N2O4/c1-3-6-15-13(10-11-21-15)14-8-5-9-17(19(14)23)26-20(24)16-12-25-18(22-16)7-4-2/h4-5,8-12,21,23H,2-3,6-7H2,1H3",C20H20N2O4,352.14230712,4.275500000000003,4.85,-2.16,4.94,-180,3.078830113164284,1,CONCAT,5,2,88.35,7,20,4,2,0.7692307692307693,0.15384615384615385,0.07692307692307693,0.2,0.0,26,3,0,3,2,0,2,0,0
SC/C(=C\CCCC)/C=C/c1cc(Br)cc(c1S)ON,15/000000286,"InChI=1S/C15H20BrNOS2/c1-2-3-4-5-11(10-19)6-7-12-8-13(16)9-14(18-17)15(12)20/h5-9,19-20H,2-4,10,17H2,1H3/b7-6+,11-5-",C15H20NOS2Br,373.01696835999996,5.049900000000003,4.85,-8.69,2.35,-80,3.629756354831997,1,CONCAT,4,3,35.25,7,15,1,1,0.75,0.05,0.05,0.3333333333333333,0.0,20,1,0,1,0,0,0,0,0
[nH]1c(nnc1C[NH3+])[C@@H](n1nc[nH]c1=O)Cl,26/000000035,"InChI=1S/C6H8ClN7O/c7-4(14-6(15)9-2-10-14)5-11-3(1-8)12-13-5/h2,4H,1,8H2,(H,9,10,15)(H,11,12,13)/p+1/t4-/m1/s1",C6H9N7OCl,230.05516200808998,-1.7829,4.84,5.9,19.8,-150,5.227223002910089,1,CONCAT,5,3,119.89000000000001,3,6,1,7,0.4,0.06666666666666667,0.4666666666666667,0.3333333333333333,0.16666666666666666,15,2,0,2,2,0,2,0,0
Sc1nnc([nH]1)[C@H](COC(=O)C)N,1/000000375,"InChI=1S/C6H10N4O2S/c1-3(11)12-2-4(7)5-8-6(13)10-9-5/h4H,2,7H2,1H3,(H2,8,9,10,13)/t4-/m0/s1",C6H10N4O2S,202.05244656,-0.34370000000000006,4.84,5.73,2.22,-170,4.0565291945545585,1,CONCAT,6,3,93.89,3,6,2,4,0.46153846153846156,0.15384615384615385,0.3076923076923077,0.5,0.16666666666666666,13,1,0,1,1,0,1,0,0
Sc1c(/C=C/C=C/[C@H](C=S)O)cc(cc1ON)Br,15/000000211,"InChI=1S/C12H12BrNO2S2/c13-9-5-8(12(18)11(6-9)16-14)3-1-2-4-10(15)7-17/h1-7,10,15,18H,14H2/b3-1+,4-2+/t10-/m1/s1",C12H12NO2S2Br,344.949282724,2.9203,4.84,-7.89,2.35,-190,4.452624619360253,1,CONCAT,5,3,55.480000000000004,5,12,2,1,0.6666666666666666,0.1111111111111111,0.05555555555555555,0.08333333333333333,0.08333333333333333,18,1,0,1,0,0,0,0,0
OCCn1nc([nH]c1=O)CC(=O)Nc1ccc(c(c1)Cl)C,13/000000013,"InChI=1S/C13H15ClN4O3/c1-8-2-3-9(6-10(8)14)15-12(20)7-11-16-13(21)18(17-11)4-5-19/h2-3,6,19H,4-5,7H2,1H3,(H,15,20)(H,16,17,21)",C13H15N4O3Cl,310.08326802000005,0.7067200000000001,4.84,2.66,4.81,-20,2.5685035673817715,1,CONCAT,5,3,100.00999999999999,5,13,3,4,0.6190476190476191,0.14285714285714285,0.19047619047619047,0.3076923076923077,0.0,21,2,0,2,1,0,1,0,0
O=N[C@H](/C=C\1/C(=NNC1=O)C(=O)O)Cl,1/000000972,"InChI=1S/C6H4ClN3O4/c7-3(10-14)1-2-4(6(12)13)8-9-5(2)11/h1,3H,(H,9,11)(H,12,13)/b2-1-/t3-/m1/s1",C6H4N3O4Cl,216.989033288,-0.1855,4.84,6.76,2.22,-150,4.467334592162432,1,CONCAT,5,2,108.19000000000001,3,6,4,3,0.42857142857142855,0.2857142857142857,0.21428571428571427,0.16666666666666666,0.16666666666666666,14,1,1,0,1,1,0,0,0
OC(=O)/C=C/C=C/c1cc(Br)cc(c1S)ON,15/000000192,"InChI=1S/C11H10BrNO3S/c12-8-5-7(3-1-2-4-10(14)15)11(17)9(6-8)16-13/h1-6,17H,13H2,(H,14,15)/b3-1+,4-2+",C11H10NO3SBr,314.95647628,2.6443,4.84,-5.15,2.35,-20,3.341279959766978,1,CONCAT,4,3,72.55,4,11,3,1,0.6470588235294118,0.17647058823529413,0.058823529411764705,0.0,0.0,17,1,0,1,0,0,0,0,0
C(=C\Cc1cccc2c1cc(cc2)Cc1nnc([nH]1)CC[NH3+])/C#CC,30/000000036,"InChI=1S/C21H22N4/c1-2-3-4-5-7-17-8-6-9-18-11-10-16(14-19(17)18)15-21-23-20(12-13-22)24-25-21/h4-6,8-11,14H,7,12-13,15,22H2,1H3,(H,23,24,25)/p+1/b5-4+",C21H23N4,331.19172315609006,2.4551,4.84,-1.73,4.94,-120,3.664075893710889,1,CONCAT,2,2,69.21000000000001,6,21,0,4,0.84,0.0,0.16,0.23809523809523808,0.0,25,3,0,3,1,0,1,0,0
c1sc(nc1)Nc1c2ccccc2ccc1Cc1nnc[nH]1,30/000000011,"InChI=1S/C16H13N5S/c1-2-4-13-11(3-1)5-6-12(9-14-18-10-19-21-14)15(13)20-16-17-7-8-22-16/h1-8,10H,9H2,(H,17,20)(H,18,19,21)",C16H13N5S,307.08916641600007,3.748800000000002,4.84,-1.61,21.4,-80,2.898996783760184,1,CONCAT,5,2,66.49000000000001,4,16,0,5,0.7272727272727273,0.0,0.22727272727272727,0.0625,0.0,22,4,0,4,2,0,2,0,0
Oc1c(OC(=O)c2nnc([nH]2)CCCCNC)cccc1,17/000001401,"InChI=1S/C14H18N4O3/c1-15-9-5-4-8-12-16-13(18-17-12)14(20)21-11-7-3-2-6-10(11)19/h2-3,6-7,15,19H,4-5,8-9H2,1H3,(H,16,17,18)",C14H18N4O3,290.13789043599996,1.2715999999999994,4.83,3.82,5.09,-20,2.791079774278323,1,CONCAT,6,3,100.13,7,14,3,4,0.6666666666666666,0.14285714285714285,0.19047619047619047,0.35714285714285715,0.0,21,2,0,2,1,0,1,0,0
Oc1c(OC(=O)c2occc2)cc(c(c1)CC)C[NH3+],17/000000310,"InChI=1S/C14H15NO4/c1-2-9-6-11(16)13(7-10(9)8-15)19-14(17)12-4-3-5-18-12/h3-7,16H,2,8,15H2,1H3/p+1",C14H16NO4,262.10738441209,1.5087,4.83,-3.56,3.58,-40,2.9866826155129047,1,CONCAT,4,2,87.31,4,14,4,1,0.7368421052631579,0.21052631578947367,0.05263157894736842,0.21428571428571427,0.0,19,2,0,2,1,0,1,0,0
OC(=O)Cn1nccc1/C=C/[C@@H](NO)S,1/000000934,"InChI=1S/C8H11N3O3S/c12-8(13)5-11-6(3-4-9-11)1-2-7(15)10-14/h1-4,7,10,14-15H,5H2,(H,12,13)/b2-1+/t7-/m0/s1",C8H11N3O3S,229.052112212,0.21560000000000018,4.82,1.9,2.35,-150,4.1102354392542315,1,CONCAT,6,4,87.38,5,8,3,3,0.5333333333333333,0.2,0.2,0.25,0.125,15,1,0,1,1,0,1,0,0
OC(=O)c1c(O)c(OC(=O)c2occc2)cc(c1)C[NH3+],17/000000406,"InChI=1S/C13H11NO6/c14-6-7-4-8(12(16)17)11(15)10(5-7)20-13(18)9-2-1-3-19-9/h1-5,15H,6,14H2,(H,16,17)/p+1",C13H12NO6,278.06591352409004,0.6445000000000001,4.82,-2.6,3.58,0,2.9116746765103194,1,CONCAT,5,3,124.61000000000001,4,13,6,1,0.65,0.3,0.05,0.07692307692307693,0.0,20,2,0,2,1,0,1,0,0
OC/C=C/Cc1nnc(s1)CC(=O)[C@H](c1n[nH]cc1Br)NO,1/000000539,"InChI=1S/C12H14BrN5O3S/c13-7-6-14-17-11(7)12(18-21)8(20)5-10-16-15-9(22-10)3-1-2-4-19/h1-2,6,12,18-19,21H,3-5H2,(H,14,17)/b2-1+/t12-/m1/s1",C12H14N5O3SBr,387.000072408,0.9463999999999999,4.82,1.04,3.84,-170,4.435483003788498,1,CONCAT,8,4,124.02,8,12,3,5,0.5454545454545454,0.13636363636363635,0.22727272727272727,0.3333333333333333,0.08333333333333333,22,2,0,2,2,0,2,0,0
OC/C=C\1/C(=NNC1=O)C(=O)Cc1oc(cc1)/C=C/N[C@H](C)Cl,1/000000967,"InChI=1S/C15H16ClN3O4/c1-9(16)17-6-4-10-2-3-11(23-10)8-13(21)14-12(5-7-20)15(22)19-18-14/h2-6,9,17,20H,7-8H2,1H3,(H,19,22)/b6-4+,12-5-/t9-/m1/s1",C15H16N3O4Cl,337.082933672,0.940799999999999,4.81,0.98,3.84,-190,4.3227789015855,1,CONCAT,6,3,103.93,7,15,4,3,0.6521739130434783,0.17391304347826086,0.13043478260869565,0.26666666666666666,0.06666666666666667,23,2,1,1,2,1,1,0,0
Oc1cc(c(cc1OC(=O)c1nnn[nH]1)OC(F)F)CC#CC,17/000000988,"InChI=1S/C13H10F2N4O4/c1-2-3-4-7-5-8(20)10(6-9(7)23-13(14)15)22-12(21)11-16-18-19-17-11/h5-6,13,20H,4H2,1H3,(H,16,17,18,19)",C13H10N4O4F2,324.06701124,1.2916999999999998,4.81,-5.26,5.09,-190,3.4064335229738347,1,CONCAT,7,2,110.22000000000001,5,13,4,4,0.5652173913043478,0.17391304347826086,0.17391304347826086,0.23076923076923078,0.0,23,2,0,2,1,0,1,0,0
ON[C@H](C(=O)Cc1nnc(s1)CNC(=O)CC=C)c1n[nH]cc1Br,1/000000441,"InChI=1S/C13H15BrN6O3S/c1-2-3-9(22)15-6-11-18-17-10(24-11)4-8(21)13(20-23)12-7(14)5-16-19-12/h2,5,13,20,23H,1,3-4,6H2,(H,15,22)(H,16,19)/t13-/m1/s1",C13H15N6O3SBr,414.0109714400001,1.0476999999999992,4.81,0.51,3.84,-170,4.169546667102258,1,CONCAT,8,4,132.89000000000001,9,13,3,6,0.5416666666666666,0.125,0.25,0.3076923076923077,0.07692307692307693,24,2,0,2,2,0,2,0,0
Oc1c(OC(=O)CO)ccc(c1N(=O)=O)CCCl,17/000000501,"InChI=1S/C10H10ClNO6/c11-4-3-6-1-2-7(18-8(14)5-13)10(15)9(6)12(16)17/h1-2,13,15H,3-5H2",C10H10NO6Cl,275.01966472,0.9793999999999998,4.81,-5.43,3.58,-20,2.835037541376529,1,CONCAT,6,2,109.9,5,10,6,1,0.5555555555555556,0.3333333333333333,0.05555555555555555,0.3,0.0,18,1,0,1,0,0,0,0,0
OCc1nn(c(=O)[nH]1)CCOCCCCCS(=O)(=O)C,26/000000072,"InChI=1S/C11H21N3O5S/c1-20(17,18)8-4-2-3-6-19-7-5-14-11(16)12-10(9-15)13-14/h15H,2-9H2,1H3,(H,12,13,16)",C11H21N3O5S,307.120191772,-0.7047999999999985,4.8,4.41,3.58,-170,2.9424307604264026,1,CONCAT,7,2,114.28,10,11,5,3,0.55,0.25,0.15,0.8181818181818182,0.0,20,1,0,1,1,0,1,0,0
Oc1c(OC(=O)c2nnn[nH]2)cccc1C(=O)[C@@H](c1coc(c1)Br)O,17/000000893,"InChI=1S/C14H9BrN4O6/c15-9-4-6(5-24-9)10(20)12(22)7-2-1-3-8(11(7)21)25-14(23)13-16-18-19-17-13/h1-5,10,20-21H,(H,16,17,18,19)/t10-/m1/s1",C14H9N4O6Br,407.97054610799995,1.3963,4.8,-3.84,4.94,-190,3.784150790612484,1,CONCAT,9,3,151.42999999999998,5,14,6,4,0.56,0.24,0.16,0.07142857142857142,0.07142857142857142,25,3,0,3,2,0,2,0,0
Sc1c(/C=C/C=C/C(=O)C)cc(cc1ON)Br,15/000000145,"InChI=1S/C12H12BrNO2S/c1-8(15)4-2-3-5-9-6-10(13)7-11(16-14)12(9)17/h2-7,17H,14H2,1H3/b4-2+,5-3+",C12H12NO2SBr,312.977211724,3.1487,4.8,-7.8,2.35,-40,3.4131023677937335,1,CONCAT,4,2,52.32,4,12,2,1,0.7058823529411765,0.11764705882352941,0.058823529411764705,0.08333333333333333,0.0,17,1,0,1,0,0,0,0,0
Oc1nc(nc2c1nn[nH]2)[C@@H](CCON)c1nnc[nH]1,28/000000046,"InChI=1S/C9H11N9O2/c10-20-2-1-4(6-11-3-12-16-6)7-13-8-5(9(19)14-7)15-18-17-8/h3-4H,1-2,10H2,(H,11,12,16)(H2,13,14,15,17,18,19)/t4-/m0/s1",C9H11N9O2,277.10357059200004,-1.0160999999999996,4.8,-4.72,23.2,-190,4.690397646151644,1,CONCAT,9,4,164.4,5,9,2,9,0.45,0.1,0.45,0.3333333333333333,0.1111111111111111,20,3,0,3,3,0,3,0,0
O[C@H](CC(=O)Oc1ccc(c(c1)CN)SC)c1occ(n1)CF,19/000000001,"InChI=1S/C15H17FN2O4S/c1-23-13-3-2-11(4-9(13)7-17)22-14(20)5-12(19)15-18-10(6-16)8-21-15/h2-4,8,12,19H,5-7,17H2,1H3/t12-/m1/s1",C15H17N2O4SF,340.08930624400006,2.3538000000000006,4.8,1.75,5.09,-190,3.5916868342778088,1,CONCAT,7,2,98.58,7,15,4,2,0.6521739130434783,0.17391304347826086,0.08695652173913043,0.3333333333333333,0.06666666666666667,23,2,0,2,1,0,1,0,0
OCC#Cc1nnc(s1)CC(=O)[C@H](c1nnc[nH]1)NO,1/000000310,"InChI=1S/C10H10N6O3S/c17-3-1-2-7-13-14-8(20-7)4-6(18)9(16-19)10-11-5-12-15-10/h5,9,16-17,19H,3-4H2,(H,11,12,15)/t9-/m1/s1",C10H10N6O3S,294.05350918,-1.1683,4.8,0.12,2.35,-190,4.5139492306832665,1,CONCAT,9,4,136.91,5,10,3,6,0.5,0.15,0.3,0.3,0.1,20,2,0,2,2,0,2,0,0
Oc1c(OC(=O)c2nnc[nH]2)cccc1/C=C/C(=C\C)/C,17/000000125,"InChI=1S/C15H15N3O3/c1-3-10(2)7-8-11-5-4-6-12(13(11)19)21-15(20)14-16-9-17-18-14/h3-9,19H,1-2H3,(H,16,17,18)/b8-7+,10-3-",C15H15N3O3,285.11134134,2.7089000000000008,4.8,-3.5,3.58,-120,3.238418848593839,1,CONCAT,5,2,88.1,4,15,3,3,0.7142857142857143,0.14285714285714285,0.14285714285714285,0.13333333333333333,0.0,21,2,0,2,1,0,1,0,0
Oc1c(OC(=O)c2nnc[nH]2)ccc(c1)SC(S)(F)F,17/000001394,"InChI=1S/C10H7F2N3O3S2/c11-10(12,19)20-5-1-2-7(6(16)3-5)18-9(17)8-13-4-14-15-8/h1-4,16,19H,(H,13,14,15)",C10H7N3O3S2F2,318.989689524,2.3017,4.79,-3.8,3.58,-190,3.549305166020808,1,CONCAT,7,3,88.1,4,10,3,3,0.5,0.15,0.15,0.1,0.0,20,2,0,2,1,0,1,0,0
OC(=O)c1c2c(oc1C/C(=C/C)/CCNN)ccc(c2)O[P@H](=O)O,17/000001112,"InChI=1S/C15H19N2O6P/c1-2-9(5-6-17-16)7-13-14(15(18)19)11-8-10(23-24(20)21)3-4-12(11)22-13/h2-4,8,17,24H,5-7,16H2,1H3,(H,18,19)(H,20,21)/b9-2+",C15H19N2O6P,354.098072958,2.234,4.79,-5.11,23.8,-100,4.185040770014273,1,CONCAT,6,4,135.01999999999998,8,15,6,2,0.625,0.25,0.08333333333333333,0.26666666666666666,0.0,24,2,0,2,1,0,1,0,0
Oc1c(OC(=O)c2nnn[nH]2)cccc1c1cnsc1,17/000000617,"InChI=1S/C11H7N5O3S/c17-9-7(6-4-12-20-5-6)2-1-3-8(9)19-11(18)10-13-15-16-14-10/h1-5,17H,(H,13,14,15,16)",C11H7N5O3S,289.026960084,1.2479999999999998,4.79,-0.99,3.58,-120,3.340723752951119,1,CONCAT,8,2,113.88000000000001,3,11,3,5,0.55,0.15,0.25,0.0,0.0,20,3,0,3,2,0,2,0,0
Oc1c(OC(=O)c2nnc[nH]2)ccc(c1)C[C@H](c1nnco1)F,17/000001043,"InChI=1S/C13H10FN5O4/c14-8(12-19-17-6-22-12)3-7-1-2-10(9(20)4-7)23-13(21)11-15-5-16-18-11/h1-2,4-6,8,20H,3H2,(H,15,16,18)/t8-/m1/s1",C13H10N5O4F,319.07168201999997,1.3657999999999997,4.79,-4.35,3.58,-170,3.893788997739346,1,CONCAT,8,2,127.02,5,13,4,5,0.5652173913043478,0.17391304347826086,0.21739130434782608,0.15384615384615385,0.07692307692307693,23,3,0,3,2,0,2,0,0
ONCC(=O)Cc1nnc(s1)[C@H](N1C=NCC1)C#CC,1/000000455,"InChI=1S/C12H15N5O2S/c1-2-3-10(17-5-4-13-8-17)12-16-15-11(20-12)6-9(18)7-14-19/h8,10,14,19H,4-7H2,1H3/t10-/m1/s1",C12H15N5O2S,293.09464572,0.03679999999999972,4.79,-2.49,5.09,-190,4.534400242829014,1,CONCAT,8,2,90.71,6,12,2,5,0.6,0.1,0.25,0.5,0.08333333333333333,20,2,1,1,2,1,1,0,0
Oc1cc(cc(c1CC/C=C/C[NH3+])N(=O)=O)NC(=O)CC(=C)C,17/000001618,"InChI=1S/C16H21N3O4/c1-11(2)8-16(21)18-12-9-14(19(22)23)13(15(20)10-12)6-4-3-5-7-17/h3,5,9-10,20H,1,4,6-8,17H2,2H3,(H,18,21)/p+1/b5-3+",C16H22N3O4,320.16048260408996,1.9357999999999997,4.78,-3.93,21.8,-170,3.4644258771921965,1,CONCAT,4,3,120.10999999999999,8,16,4,3,0.6956521739130435,0.17391304347826086,0.13043478260869565,0.3125,0.0,23,1,0,1,0,0,0,0,0
O[C@@H](C1=NNC(=O)/C/1=C\C(=O)C)C=C,1/000000979,"InChI=1S/C9H10N2O3/c1-3-7(13)8-6(4-5(2)12)9(14)11-10-8/h3-4,7,13H,1H2,2H3,(H,11,14)/b6-4-/t7-/m1/s1",C9H10N2O3,194.06914218,-0.4655,4.78,7.47,3.58,-170,4.2552451950730354,1,CONCAT,4,2,78.76,3,9,3,2,0.6428571428571429,0.21428571428571427,0.14285714285714285,0.2222222222222222,0.1111111111111111,14,1,1,0,1,1,0,0,0
OC(=S)Nc1c(O)c(OC(=O)[C@@H](C)N)ccc1CCO,17/000000247,"InChI=1S/C12H16N2O5S/c1-6(13)11(17)19-8-3-2-7(4-5-15)9(10(8)16)14-12(18)20/h2-3,6,15-16H,4-5,13H2,1H3,(H2,14,18,20)/t6-/m1/s1",C12H16N2O5S,300.07799261199995,0.43439999999999984,4.78,-4.57,19.5,-170,3.4984145121743673,1,CONCAT,6,5,125.03999999999999,5,12,5,2,0.6,0.25,0.1,0.3333333333333333,0.08333333333333333,20,1,0,1,0,0,0,0,0
Sc1nnc([nH]1)[C@H](c1nncs1)N,1/000000694,"InChI=1S/C5H6N6S2/c6-2(4-10-7-1-13-4)3-8-5(12)11-9-3/h1-2H,6H2,(H2,8,9,11,12)/t2-/m1/s1",C5H6N6S2,214.00953619199998,-0.007000000000000006,4.78,5.87,21.4,-150,4.575988558973922,1,CONCAT,7,3,93.36999999999999,2,5,0,6,0.38461538461538464,0.0,0.46153846153846156,0.2,0.2,13,2,0,2,2,0,2,0,0
ONCC(=O)Cc1nnc(s1)C/C=C(\C)/C=C,1/000000385,"InChI=1S/C11H15N3O2S/c1-3-8(2)4-5-10-13-14-11(17-10)6-9(15)7-12-16/h3-4,12,16H,1,5-7H2,2H3/b8-4+",C11H15N3O2S,253.08849772,1.3032999999999995,4.78,0.81,3.58,-20,3.664373619483764,1,CONCAT,6,2,75.11,7,11,2,3,0.6470588235294118,0.11764705882352941,0.17647058823529413,0.36363636363636365,0.0,17,1,0,1,1,0,1,0,0
Oc1c(OC(=O)c2nc(oc2)CC=C)cccc1c1cc[nH]c1C[NH2+]C,17/000001366,"InChI=1S/C19H19N3O4/c1-3-5-17-22-15(11-25-17)19(24)26-16-7-4-6-13(18(16)23)12-8-9-21-14(12)10-20-2/h3-4,6-9,11,20-21,23H,1,5,10H2,2H3/p+1",C19H20N3O4,354.14483254009,2.0161999999999995,4.78,-1.53,4.94,-180,3.6927910279251983,1,CONCAT,5,3,104.96,7,19,4,3,0.7307692307692307,0.15384615384615385,0.11538461538461539,0.15789473684210525,0.0,26,3,0,3,2,0,2,0,0
ON[C@H](/C=C/Cc1ncnc(c1)Cc1ccccc1)S,1/000000793,"InChI=1S/C15H17N3OS/c19-18-15(20)8-4-7-13-10-14(17-11-16-13)9-12-5-2-1-3-6-12/h1-6,8,10-11,15,18-20H,7,9H2/b8-4+/t15-/m0/s1",C15H17N3OS,287.109233164,2.4008000000000007,4.78,-4.89,15.5,-150,3.5184687336848013,1,CONCAT,5,3,58.04,6,15,1,3,0.75,0.05,0.15,0.2,0.06666666666666667,20,2,0,2,1,0,1,0,0
Sc1c(/C=C/C=C/CS(=O)=O)cc(cc1ON)Br,15/000000085,"InChI=1S/C11H12BrNO3S2/c12-9-6-8(11(17)10(7-9)16-13)4-2-1-3-5-18(14)15/h1-4,6-7,17-18H,5,13H2/b3-1+,4-2+",C11H12NO3S2Br,348.94419734400003,2.1711,4.78,-8.15,2.35,-40,4.218269429131633,1,CONCAT,5,3,69.39,5,11,3,1,0.6111111111111112,0.16666666666666666,0.05555555555555555,0.09090909090909091,0.0,18,1,0,1,0,0,0,0,0
Oc1c(OC(=O)c2nnn[nH]2)cccc1C1=CSCC1,17/000001252,"InChI=1S/C12H10N4O3S/c17-10-8(7-4-5-20-6-7)2-1-3-9(10)19-12(18)11-13-15-16-14-11/h1-3,6,17H,4-5H2,(H,13,14,15,16)",C12H10N4O3S,290.04736118,1.6023,4.78,-1.77,3.58,-120,3.4565826388927645,1,CONCAT,7,2,100.99000000000001,3,12,3,4,0.6,0.15,0.2,0.16666666666666666,0.0,20,3,1,2,2,1,1,0,0
ON[C@H](C(=O)Cc1nnc(s1)CCC(=O)O)c1n[nH]cc1Br,1/000000100,"InChI=1S/C11H12BrN5O4S/c12-5-4-13-16-10(5)11(17-21)6(18)3-8-15-14-7(22-8)1-2-9(19)20/h4,11,17,21H,1-3H2,(H,13,16)(H,19,20)/t11-/m1/s1",C11H12N5O4SBr,388.979336964,0.8725999999999994,4.78,-0.33,2.61,-190,4.017398937563871,1,CONCAT,8,4,141.09,8,11,4,5,0.5,0.18181818181818182,0.22727272727272727,0.36363636363636365,0.09090909090909091,22,2,0,2,2,0,2,0,0
Oc1c(OC(=O)c2occc2)cc(cc1CNCO)C[NH3+],17/000000387,"InChI=1S/C14H16N2O5/c15-6-9-4-10(7-16-8-17)13(18)12(5-9)21-14(19)11-2-1-3-20-11/h1-5,16-18H,6-8,15H2/p+1",C14H17N2O5,293.11319806409006,-0.014300000000000257,4.78,-2.73,5.09,0,3.195873607394359,1,CONCAT,6,4,119.57000000000001,6,14,5,2,0.6666666666666666,0.23809523809523808,0.09523809523809523,0.21428571428571427,0.0,21,2,0,2,1,0,1,0,0
Oc1ccc(cc1[C@H]([NH3+])c1nscc1)Cl,11/000000019,"InChI=1S/C10H9ClN2OS/c11-6-1-2-9(14)7(5-6)10(12)8-3-4-15-13-8/h1-5,10,14H,12H2/p+1/t10-/m0/s1",C10H10N2OSCl,241.01968804009,1.8334,4.77,5.01,16.0,-150,3.997312013899099,1,CONCAT,3,2,60.760000000000005,2,10,1,2,0.6666666666666666,0.06666666666666667,0.13333333333333333,0.1,0.1,15,2,0,2,1,0,1,0,0
Oc1c(OC(=O)c2occc2)cc(cc1c1cc(nn1C)C)C[NH3+],17/000000945,"InChI=1S/C17H17N3O4/c1-10-6-13(20(2)19-10)12-7-11(9-18)8-15(16(12)21)24-17(22)14-4-3-5-23-14/h3-8,21H,9,18H2,1-2H3/p+1",C17H18N3O4,328.12918247609,1.6552199999999997,4.77,-4.46,24.4,-200,3.168765065758101,1,CONCAT,6,2,105.13000000000001,4,17,4,3,0.7083333333333334,0.16666666666666666,0.125,0.17647058823529413,0.0,24,3,0,3,2,0,2,0,0
Oc1c(OC(=O)c2occc2)cc(c(c1)C=C)[C@H](C[NH3+])[NH3+],17/000001054,"InChI=1S/C15H16N2O4/c1-2-9-6-12(18)14(7-10(9)11(17)8-16)21-15(19)13-4-3-5-20-13/h2-7,11,18H,1,8,16-17H2/p+2/t11-/m0/s1",C15H18N2O4,290.12555989618005,0.37230000000000013,4.77,-5.12,19.8,-190,4.1556127390968856,1,CONCAT,4,3,114.95,5,15,4,2,0.7142857142857143,0.19047619047619047,0.09523809523809523,0.13333333333333333,0.06666666666666667,21,2,0,2,1,0,1,0,0
OCc1nnc([nH]1)C(=O)Oc1cccc(c1O)c1ncncn1,17/000000669,"InChI=1S/C13H10N6O4/c20-4-9-17-12(19-18-9)13(22)23-8-3-1-2-7(10(8)21)11-15-5-14-6-16-11/h1-3,5-6,20-21H,4H2,(H,17,18,19)",C13H10N6O4,314.07635280000005,0.07379999999999998,4.77,-0.06,22.1,-160,3.2467838289178896,1,CONCAT,9,3,147.0,4,13,4,6,0.5652173913043478,0.17391304347826086,0.2608695652173913,0.07692307692307693,0.0,23,3,0,3,2,0,2,0,0
Oc1c(OC(=O)c2nnc[nH]2)cccc1C1=CC=CCC1,17/000000139,"InChI=1S/C15H13N3O3/c19-13-11(10-5-2-1-3-6-10)7-4-8-12(13)21-15(20)14-16-9-17-18-14/h1-2,4-5,7-9,19H,3,6H2,(H,16,17,18)",C15H13N3O3,283.095691276,2.4629000000000003,4.77,-2.16,3.58,-180,3.297026974782737,1,CONCAT,5,2,88.1,3,15,3,3,0.7142857142857143,0.14285714285714285,0.14285714285714285,0.13333333333333333,0.0,21,3,1,2,1,0,1,0,0
Sc1c(/C=C/C=C/CC(=O)C)cc(cc1ON)Br,15/000000082,"InChI=1S/C13H14BrNO2S/c1-9(16)5-3-2-4-6-10-7-11(14)8-12(17-15)13(10)18/h2-4,6-8,18H,5,15H2,1H3/b3-2+,6-4+",C13H14NO2SBr,326.99286178799997,3.538800000000002,4.77,-8.91,2.35,-80,3.524257812177158,1,CONCAT,4,2,52.32,5,13,2,1,0.7222222222222222,0.1111111111111111,0.05555555555555555,0.15384615384615385,0.0,18,1,0,1,0,0,0,0,0
Oc1c(OC(=O)C(=O)O)ccc(c1)C1=CCN=C1,17/000000918,"InChI=1S/C12H9NO5/c14-9-5-7(8-3-4-13-6-8)1-2-10(9)18-12(17)11(15)16/h1-3,5-6,14H,4H2,(H,15,16)",C12H8NO5,247.048072388,0.85,4.77,-4.58,3.58,-160,3.098052964453453,1,CONCAT,5,2,96.19,2,12,5,1,0.6666666666666666,0.2777777777777778,0.05555555555555555,0.08333333333333333,0.0,18,2,1,1,1,1,0,0,0
Sc1c(/C=C/C=C/[C@@H](S(=O)=O)[NH3+])cc(cc1ON)Br,15/000000209,"InChI=1S/C11H13BrN2O3S2/c12-8-5-7(11(18)9(6-8)17-14)3-1-2-4-10(13)19(15)16/h1-6,10,18-19H,13-14H2/p+1/b3-1+,4-2+/t10-/m1/s1",C11H14N2O3S2Br,364.96237282809005,0.7391000000000001,4.77,-9.04,2.35,-190,4.95058187869727,1,CONCAT,5,4,97.03,5,11,3,2,0.5789473684210527,0.15789473684210525,0.10526315789473684,0.09090909090909091,0.09090909090909091,19,1,0,1,0,0,0,0,0
Oc1c(OC(=O)[C@@H](CC)F)cc(cc1N(=O)=O)O,17/000001311,"InChI=1S/C10H10FNO6/c1-2-6(11)10(15)18-8-4-5(13)3-7(9(8)14)12(16)17/h3-4,6,13-14H,2H2,1H3/t6-/m1/s1",C10H10NO6F,259.04921526000004,1.6595,4.76,-0.33,2.35,-170,3.207018005912909,1,CONCAT,6,2,109.89999999999999,4,10,6,1,0.5555555555555556,0.3333333333333333,0.05555555555555555,0.3,0.1,18,1,0,1,0,0,0,0,0
ON[C@H](C(=O)Cc1nncs1)c1[nH]ccc1,1/000000058,"InChI=1S/C9H10N4O2S/c14-7(4-8-12-11-5-16-8)9(13-15)6-2-1-3-10-6/h1-3,5,9-10,13,15H,4H2/t9-/m0/s1",C9H10N4O2S,238.05244656,0.6978999999999996,4.76,5.73,2.35,-150,4.05724519175264,1,CONCAT,6,3,90.9,5,9,2,4,0.5625,0.125,0.25,0.2222222222222222,0.1111111111111111,16,2,0,2,2,0,2,0,0
C#C[C@H](c1ccc(c(c1C=C)O)OC(=O)c1nnc[nH]1)N,17/000001086,"InChI=1S/C14H12N4O3/c1-3-8-9(10(15)4-2)5-6-11(12(8)19)21-14(20)13-16-7-17-18-13/h2-3,5-7,10,19H,1,15H2,(H,16,17,18)/t10-/m1/s1",C14H12N4O3,284.090940244,1.0055000000000005,4.76,-2.79,23.9,-170,4.182431306736143,1,CONCAT,6,3,114.11999999999999,4,14,3,4,0.6666666666666666,0.14285714285714285,0.19047619047619047,0.07142857142857142,0.07142857142857142,21,2,0,2,1,0,1,0,0
Oc1c(OC(=O)C(=O)O)ccc(c1CN)/C(=C\C#CC)/C,17/000001278,"InChI=1S/C15H15NO5/c1-3-4-5-9(2)10-6-7-12(13(17)11(10)8-16)21-15(20)14(18)19/h5-7,17H,8,16H2,1-2H3,(H,18,19)/b9-5-",C15H14NO5,289.09502258000003,1.2675,4.76,-6.13,21.0,-170,3.338726312739862,1,CONCAT,5,3,109.85,3,15,5,1,0.7142857142857143,0.23809523809523808,0.047619047619047616,0.2,0.0,21,1,0,1,0,0,0,0,0
Oc1c(OC(=O)c2nnc[nH]2)cccc1I,17/000000838,"InChI=1S/C9H6IN3O3/c10-5-2-1-3-6(7(5)14)16-9(15)8-11-4-12-13-8/h1-4,14H,(H,11,12,13)",C9H6N3O3I,330.945389052,1.3340999999999998,4.76,-0.92,2.22,0,3.115566936886794,1,CONCAT,5,2,88.1,2,9,3,3,0.5625,0.1875,0.1875,0.0,0.0,16,2,0,2,1,0,1,0,0
O[C@@H](C(=O)C[NH3+])/C=c\1/sc2c([nH]1)cccc2,30/000000077,"InChI=1S/C11H12N2O2S/c12-6-9(15)8(14)5-11-13-7-3-1-2-4-10(7)16-11/h1-5,8,13-14H,6,12H2/p+1/b11-5+/t8-/m1/s1",C11H13N2O2S,237.06922507609,0.21749999999999942,4.76,0.88,3.58,-190,4.148660777036921,1,CONCAT,4,3,76.97,3,11,2,2,0.6875,0.125,0.125,0.18181818181818182,0.09090909090909091,16,2,1,1,1,1,0,0,0
Oc1c(OC(=O)CO)ccc(c1n1cnnc1)CNC,17/000000187,"InChI=1S/C12H14N4O4/c1-13-4-8-2-3-9(20-10(18)5-17)12(19)11(8)16-6-14-15-7-16/h2-3,6-7,13,17,19H,4-5H2,1H3",C12H14N4O4,278.101504928,-0.41000000000000036,4.76,-5.33,19.2,-160,3.0684847514353937,1,CONCAT,8,3,109.5,5,12,4,4,0.6,0.2,0.2,0.25,0.0,20,2,0,2,1,0,1,0,0
OC/C=C/1\C(=O)NN=C1C(=O)C/C=C/C(=O)[C@@H](CCC)C1=NCCC1,1/000000975,"InChI=1S/C18H23N3O4/c1-2-5-12(14-6-4-10-19-14)15(23)7-3-8-16(24)17-13(9-11-22)18(25)21-20-17/h3,7,9,12,22H,2,4-6,8,10-11H2,1H3,(H,21,25)/b7-3+,13-9-/t12-/m0/s1",C18H23N3O4,345.16885621600005,1.1264999999999994,4.76,-0.97,7.96,-170,4.419724856546551,1,CONCAT,6,2,108.18999999999998,9,18,4,3,0.72,0.16,0.12,0.5,0.05555555555555555,25,2,2,0,2,2,0,0,0
Oc1cc(NC(=O)C)c(cc1OC(=O)c1nnc[nH]1)CON,17/000000898,"InChI=1S/C12H13N5O5/c1-6(18)16-8-3-9(19)10(2-7(8)4-21-13)22-12(20)11-14-5-15-17-11/h2-3,5,19H,4,13H2,1H3,(H,16,18)(H,14,15,17)",C12H13N5O5,307.091668516,0.07819999999999971,4.76,-4.77,23.7,-80,3.2711722853078165,1,CONCAT,8,4,152.45,5,12,5,5,0.5454545454545454,0.22727272727272727,0.22727272727272727,0.16666666666666666,0.0,22,2,0,2,1,0,1,0,0
O[C@@H](C)c1ccc(c(c1C=C)O)OC(=O)c1ncoc1,17/000001215,"InChI=1S/C14H13NO5/c1-3-9-10(8(2)16)4-5-12(13(9)17)20-14(18)11-6-19-7-15-11/h3-8,16-17H,1H2,2H3/t8-/m0/s1",C14H13NO5,275.07937251600003,2.2957,4.76,-2.94,19.6,-170,3.59516488029681,1,CONCAT,6,2,92.78999999999999,4,14,5,1,0.7,0.25,0.05,0.14285714285714285,0.07142857142857142,20,2,0,2,1,0,1,0,0
Oc1c(OC(=O)c2nnc[nH]2)cc(cc1c1ncncn1)C=C,17/000000509,"InChI=1S/C14H10N6O3/c1-2-8-3-9(12-16-5-15-6-17-12)11(21)10(4-8)23-14(22)13-18-7-19-20-13/h2-7,21H,1H2,(H,18,19,20)",C14H10N6O3,310.08143818,1.2244999999999997,4.76,-3.71,22.5,-160,3.4341180946521543,1,CONCAT,8,2,126.77,4,14,3,6,0.6086956521739131,0.13043478260869565,0.2608695652173913,0.0,0.0,23,3,0,3,2,0,2,0,0
Oc1c(OC(=O)c2nnc[nH]2)cccc1c1c[nH]c(=O)c(c1)N,17/000000363,"InChI=1S/C14H11N5O4/c15-9-4-7(5-16-13(9)21)8-2-1-3-10(11(8)20)23-14(22)12-17-6-18-19-12/h1-6,20H,15H2,(H,16,21)(H,17,18,19)",C14H11N5O4,313.08110383200005,0.6669999999999998,4.75,-1.77,3.58,-180,3.185801784808154,1,CONCAT,7,4,146.98,3,14,4,5,0.6086956521739131,0.17391304347826086,0.21739130434782608,0.0,0.0,23,3,0,3,2,0,2,0,0
Sc1c(/C=C/C(=C/CS(=O)=O)/C)cc(cc1ON)Br,15/000000241,"InChI=1S/C12H14BrNO3S2/c1-8(4-5-19(15)16)2-3-9-6-10(13)7-11(17-14)12(9)18/h2-4,6-7,18-19H,5,14H2,1H3/b3-2+,8-4+",C12H14NO3S2Br,362.95984740800003,2.5612000000000004,4.75,-9.3,2.35,-80,4.107450753479268,1,CONCAT,5,3,69.39,5,12,3,1,0.631578947368421,0.15789473684210525,0.05263157894736842,0.16666666666666666,0.0,19,1,0,1,0,0,0,0,0
c1oc(nc1CCN)[C@H](NC(=O)C)c1ccc(c(c1)I)N(=O)=O,24/000000015,"InChI=1S/C14H15IN4O4/c1-8(20)17-13(14-18-10(4-5-16)7-23-14)9-2-3-12(19(21)22)11(15)6-9/h2-3,6-7,13H,4-5,16H2,1H3,(H,17,20)/t13-/m1/s1",C14H15N4O4I,430.01380296,1.9140999999999997,4.75,-1.22,24.7,-190,3.4815857010360496,1,CONCAT,6,2,124.29000000000002,6,14,4,4,0.6086956521739131,0.17391304347826086,0.17391304347826086,0.2857142857142857,0.07142857142857142,23,2,0,2,1,0,1,0,0
Oc1c(OC(=O)c2nnc[nH]2)ccc(c1)C[C@H](C1=NN=CCN1)F,17/000000981,"InChI=1S/C14H13FN6O3/c15-9(12-16-3-4-18-20-12)5-8-1-2-11(10(22)6-8)24-14(23)13-17-7-19-21-13/h1-2,4,6-7,9,22H,3,5H2,(H,16,20)(H,17,19,21)/t9-/m1/s1",C14H13N6O3F,332.10331649600005,0.5975999999999999,4.75,-4.88,3.58,-190,4.275726510360883,1,CONCAT,8,3,124.85,5,14,3,6,0.5833333333333334,0.125,0.25,0.21428571428571427,0.07142857142857142,24,3,1,2,2,1,1,0,0
OC(=O)CSCC(=O)Oc1c(N)c(I)cc(c1)COC(=O)CN(=O)=O,9/000000015,"InChI=1S/C13H13IN2O8S/c14-8-1-7(4-23-11(19)3-16(21)22)2-9(13(8)15)24-12(20)6-25-5-10(17)18/h1-2H,3-6,15H2,(H,17,18)",C13H13N2O8SI,483.94373437599995,0.9165000000000002,4.75,-2.53,3.72,-200,3.0843148412283075,1,CONCAT,9,2,159.05999999999997,9,13,8,2,0.52,0.32,0.08,0.3076923076923077,0.0,25,1,0,1,0,0,0,0,0
SC[C@@](C/C=C\CNO)(C)O,1/000000731,"InChI=1S/C7H15NO2S/c1-7(9,6-11)4-2-3-5-8-10/h2-3,8-11H,4-6H2,1H3/b3-2-/t7-/m0/s1",C7H15NO2S,177.08234972,0.5923,4.75,1.14,2.22,-170,4.362938420479188,1,CONCAT,4,4,52.489999999999995,5,7,2,1,0.6363636363636364,0.18181818181818182,0.09090909090909091,0.7142857142857143,0.14285714285714285,11,0,0,0,0,0,0,0,0
OCCCOCCc1nc(sc1)Nc1cc(Cl)cc(c1I)C(=O)N,18/000000007,"InChI=1S/C15H17ClIN3O3S/c16-9-6-11(14(18)22)13(17)12(7-9)20-15-19-10(8-24-15)2-5-23-4-1-3-21/h6-8,21H,1-5H2,(H2,18,22)(H,19,20)",C15H17N3O3SClI,480.972388084,3.1850999999999994,4.75,1.05,5.09,-60,2.8026562253447835,1,CONCAT,6,3,97.47,9,15,3,3,0.625,0.125,0.125,0.3333333333333333,0.0,24,2,0,2,1,0,1,0,0
OC[C@@]1(C=C)NC(=CC1)C(=O)NC(=S)/C=C\c1nnc([nH]1)C,23/000000007,"InChI=1S/C14H17N5O2S/c1-3-14(8-20)7-6-10(17-14)13(21)16-12(22)5-4-11-15-9(2)18-19-11/h3-6,17,20H,1,7-8H2,2H3,(H,15,18,19)(H,16,21,22)/b5-4-/t14-/m0/s1",C14H17N5O2S,319.1102957840001,0.3642199999999999,4.74,-0.57,5.08,-170,4.9511926323936315,1,CONCAT,6,4,102.93,5,14,2,5,0.6363636363636364,0.09090909090909091,0.22727272727272727,0.2857142857142857,0.07142857142857142,22,2,1,1,2,1,1,0,0
Oc1c(OC(=O)c2nnc[nH]2)cccc1c1ccc(c(c1Br)O)O,17/000000561,"InChI=1S/C15H10BrN3O5/c16-11-7(4-5-9(20)13(11)22)8-2-1-3-10(12(8)21)24-15(23)14-17-6-18-19-14/h1-6,20-22H,(H,17,18,19)",C15H10N3O5Br,390.98038252,2.5702000000000007,4.74,-3.61,22.6,-200,3.1177140898683193,1,CONCAT,7,4,128.56,3,15,5,3,0.625,0.20833333333333334,0.125,0.0,0.0,24,3,0,3,1,0,1,0,0
OC/C=C/C=C/[C@H](c1cc(O)c(cc1F)N=O)C(=O)O,16/000000055,"InChI=1S/C13H12FNO5/c14-10-7-11(15-20)12(17)6-9(10)8(13(18)19)4-2-1-3-5-16/h1-4,6-8,16-17H,5H2,(H,18,19)/b3-1+,4-2+/t8-/m1/s1",C13H12NO5F,281.069950704,2.2020999999999997,4.74,-5.73,3.72,-190,3.991700917592848,1,CONCAT,5,3,107.19000000000001,6,13,5,1,0.65,0.25,0.05,0.15384615384615385,0.07692307692307693,20,1,0,1,0,0,0,0,0
Oc1cc(cc(c1CC/C=C/C[NH3+])N(=O)=O)NC(=O)C,17/000001143,"InChI=1S/C13H17N3O4/c1-9(17)15-10-7-12(16(19)20)11(13(18)8-10)5-3-2-4-6-14/h2,4,7-8,18H,3,5-6,14H2,1H3,(H,15,17)/p+1/b4-2+",C13H18N3O4,280.12918247608997,0.9894999999999996,4.74,-1.89,3.58,-80,3.276344000519642,1,CONCAT,4,3,120.10999999999999,6,13,4,3,0.65,0.2,0.15,0.3076923076923077,0.0,20,1,0,1,0,0,0,0,0
Oc1c(OC(=O)c2nnc([nH]2)C)cccc1N1C=NC=NC1,17/000000094,"InChI=1S/C13H12N6O3/c1-8-16-12(18-17-8)13(21)22-10-4-2-3-9(11(10)20)19-6-14-5-15-7-19/h2-6,20H,7H2,1H3,(H,16,17,18)",C13H12N6O3,300.097088244,0.8720199999999998,4.73,-1.74,25.0,-180,3.77401126927467,1,CONCAT,8,2,116.05999999999999,3,13,3,6,0.5909090909090909,0.13636363636363635,0.2727272727272727,0.15384615384615385,0.0,22,3,1,2,2,1,1,0,0
Oc1c(OC(=O)CC(=O)C/C=C(/CO)\C)cccc1CCCl,17/000000134,"InChI=1S/C16H19ClO5/c1-11(10-18)5-6-13(19)9-15(20)22-14-4-2-3-12(7-8-17)16(14)21/h2-5,18,21H,6-10H2,1H3/b11-5+",C16H19O5Cl,326.09210138800006,2.3668000000000005,4.73,1.71,5.09,-80,2.945079511032912,1,CONCAT,5,2,83.83,8,16,5,0,0.7272727272727273,0.22727272727272727,0.0,0.375,0.0,22,1,0,1,0,0,0,0,0
ON[C@H](c1nn(cn1)Cc1nnco1)S,1/000000780,"InChI=1S/C6H8N6O2S/c13-11-6(15)5-7-2-12(10-5)1-4-9-8-3-14-4/h2-3,6,11,13,15H,1H2/t6-/m0/s1",C6H8N6O2S,228.042944496,-0.3834000000000006,4.73,1.47,22.8,-150,4.34789379258553,1,CONCAT,9,3,101.89,4,6,2,6,0.4,0.13333333333333333,0.4,0.3333333333333333,0.16666666666666666,15,2,0,2,2,0,2,0,0
Oc1c(OC(=O)C(=O)O)ccc(c1)c1n[nH]cc1N,17/000000060,"InChI=1S/C11H9N3O5/c12-6-4-13-14-9(6)5-1-2-8(7(15)3-5)19-11(18)10(16)17/h1-4,15H,12H2,(H,13,14)(H,16,17)",C11H8N3O5,263.05422038800003,0.3545,4.73,-5.16,20.6,-180,2.958287700920966,1,CONCAT,6,4,138.53,2,11,5,3,0.5789473684210527,0.2631578947368421,0.15789473684210525,0.0,0.0,19,2,0,2,1,0,1,0,0
ONC/C=C\C[C@@](CS)(c1cnoc1)O,1/000000913,"InChI=1S/C9H14N2O3S/c12-9(7-15,3-1-2-4-10-13)8-5-11-14-6-8/h1-2,5-6,10,12-13,15H,3-4,7H2/b2-1-/t9-/m1/s1",C9H14N2O3S,230.072513308,0.7171000000000001,4.73,1.11,3.58,-150,4.75994168422877,1,CONCAT,6,4,78.52,6,9,3,2,0.6,0.2,0.13333333333333333,0.4444444444444444,0.1111111111111111,15,1,0,1,1,0,1,0,0
OC/C=C\1/C(=NNC1=O)C(=O)C/C=C/C(=O)N(=O)=O,1/000000682,"InChI=1S/C10H9N3O6/c14-5-4-6-9(11-12-10(6)17)7(15)2-1-3-8(16)13(18)19/h1,3-4,14H,2,5H2,(H,12,17)/b3-1+,6-4-",C10H9N3O6,267.049135008,-1.2904000000000002,4.73,4.46,5.09,-90,4.076842608682887,1,CONCAT,7,2,138.97000000000003,5,10,6,3,0.5263157894736842,0.3157894736842105,0.15789473684210525,0.2,0.0,19,1,1,0,1,1,0,0,0
OC/C=C/1\C(=O)NN=C1C(=O)C/C=C/C(=O)[C@@H](CCC)c1sncc1,1/000000985,"InChI=1S/C17H19N3O4S/c1-2-4-11(15-7-9-18-25-15)13(22)5-3-6-14(23)16-12(8-10-21)17(24)20-19-16/h3,5,7-9,11,21H,2,4,6,10H2,1H3,(H,20,24)/b5-3+,12-8-/t11-/m1/s1",C17H19N3O4S,361.109627088,1.5157999999999998,4.73,-1.09,7.96,-170,4.444608373030067,1,CONCAT,7,2,108.71999999999998,9,17,4,3,0.68,0.16,0.12,0.35294117647058826,0.058823529411764705,25,2,1,1,2,1,1,0,0
Oc1c(OC(=O)c2nnc[nH]2)ccc(c1)[C@H](CCS)CC,17/000000354,"InChI=1S/C14H17N3O3S/c1-2-9(5-6-21)10-3-4-12(11(18)7-10)20-14(19)13-15-8-16-17-13/h3-4,7-9,18,21H,2,5-6H2,1H3,(H,15,16,17)/t9-/m0/s1",C14H17N3O3S,307.09906240400005,2.543,4.73,-5.55,5.39,-190,3.690394148978648,1,CONCAT,6,3,88.1,6,14,3,3,0.6666666666666666,0.14285714285714285,0.14285714285714285,0.35714285714285715,0.07142857142857142,21,2,0,2,1,0,1,0,0
Oc1c(OC(=O)c2ncc(o2)C)cccc1c1coc(c1)C[NH3+],17/000000484,"InChI=1S/C16H14N2O5/c1-9-7-18-15(22-9)16(20)23-13-4-2-3-12(14(13)19)10-5-11(6-17)21-8-10/h2-5,7-8,19H,6,17H2,1H3/p+1",C16H15N2O5,315.09754800009006,1.90972,4.72,0.1,3.58,-140,3.489891015577385,1,CONCAT,6,2,113.34,4,16,5,2,0.6956521739130435,0.21739130434782608,0.08695652173913043,0.125,0.0,23,3,0,3,2,0,2,0,0
OC(=O)CCCCc1c(O)ccc(c1)C/C=C/N,17/000001667,"InChI=1S/C14H19NO3/c15-9-3-4-11-7-8-13(16)12(10-11)5-1-2-6-14(17)18/h3,7-10,16H,1-2,4-6,15H2,(H,17,18)/b9-3+",C14H19NO3,249.136493468,2.2045000000000003,4.72,-1.99,3.58,0,2.5249745029149935,1,CONCAT,3,3,83.55,7,14,3,1,0.7777777777777778,0.16666666666666666,0.05555555555555555,0.35714285714285715,0.0,18,1,0,1,0,0,0,0,0
OCC(=C)CCc1nnc([nH]1)C/C=C/CO,21/000000047,"InChI=1S/C11H17N3O2/c1-9(8-16)5-6-11-12-10(13-14-11)4-2-3-7-15/h2-3,15-16H,1,4-8H2,(H,12,13,14)/b3-2+",C11H17N3O2,223.132076784,0.37679999999999986,4.72,11.06,3.58,0,3.7991546291944855,1,CONCAT,4,3,82.03,7,11,2,3,0.6875,0.125,0.1875,0.45454545454545453,0.0,16,1,0,1,1,0,1,0,0
Oc1c(OC(=O)C(=O)O)cccc1[C@@H]([NH3+])C,17/000001015,"InChI=1S/C10H11NO5/c1-5(11)6-3-2-4-7(8(6)12)16-10(15)9(13)14/h2-5,12H,11H2,1H3,(H,13,14)/p+1/t5-/m0/s1",C10H11NO5,226.07099890409,-0.31489999999999996,4.72,-2.05,14.2,-170,3.5205427550588997,1,CONCAT,4,3,111.47,2,10,5,1,0.625,0.3125,0.0625,0.2,0.1,16,1,0,1,0,0,0,0,0
Oc1c(OC(=O)c2nnc[nH]2)cccc1c1ncnc(n1)C=C,17/000000524,"InChI=1S/C14H10N6O3/c1-2-10-15-6-16-12(19-10)8-4-3-5-9(11(8)21)23-14(22)13-17-7-18-20-13/h2-7,21H,1H2,(H,17,18,20)",C14H10N6O3,310.08143818,1.2244999999999997,4.72,-1.68,22.5,-200,3.503522989757051,1,CONCAT,8,2,126.77,4,14,3,6,0.6086956521739131,0.13043478260869565,0.2608695652173913,0.0,0.0,23,3,0,3,2,0,2,0,0
OC(=O)Cc1ccc(c(c1C=C)O)OC(=O)c1ncc(o1)CCCC,17/000001515,"InChI=1S/C18H19NO6/c1-3-5-6-12-10-19-17(24-12)18(23)25-14-8-7-11(9-15(20)21)13(4-2)16(14)22/h4,7-8,10,22H,2-3,5-6,9H2,1H3,(H,20,21)",C18H19NO6,345.121237328,3.212100000000002,4.72,-0.06,6.45,-60,3.0227375238020597,1,CONCAT,6,2,109.86000000000001,8,18,6,1,0.72,0.24,0.04,0.2777777777777778,0.0,25,2,0,2,1,0,1,0,0
OC(=O)c1c(Nc2ncc(cc2)Br)c(Br)cc(c1)CNN,20/000000007,"InChI=1S/C13H12Br2N4O2/c14-8-1-2-11(17-6-8)19-12-9(13(20)21)3-7(5-18-16)4-10(12)15/h1-4,6,18H,5,16H2,(H,17,19)(H,20,21)",C13H12N4O2Br2,413.93269982400005,3.011700000000001,4.72,-8.49,3.58,-40,2.657441233164267,1,CONCAT,5,4,100.27,5,13,2,4,0.6190476190476191,0.09523809523809523,0.19047619047619047,0.07692307692307693,0.0,21,2,0,2,1,0,1,0,0
Sc1c(/C=C/C=C/[C@H](CF)O)cc(cc1ON)Br,15/000000221,"InChI=1S/C12H13BrFNO2S/c13-9-5-8(12(18)11(6-9)17-15)3-1-2-4-10(16)7-14/h1-6,10,16,18H,7,15H2/b3-1+,4-2+/t10-/m1/s1",C12H13NO2SFBr,332.983439976,2.8900999999999994,4.71,-8.26,2.35,-170,4.186252876817083,1,CONCAT,4,3,55.480000000000004,5,12,2,1,0.6666666666666666,0.1111111111111111,0.05555555555555555,0.16666666666666666,0.08333333333333333,18,1,0,1,0,0,0,0,0
OCNCC/C=C/[C@H](c1ccc(c(c1)Cl)Cl)c1ccccc1,8/000000046,"InChI=1S/C18H19Cl2NO/c19-17-10-9-15(12-18(17)20)16(8-4-5-11-21-13-22)14-6-2-1-3-7-14/h1-4,6-10,12,16,21-22H,5,11,13H2/b8-4+/t16-/m0/s1",C18H19NOCl2,335.084369588,4.611000000000003,4.71,-5.8,15.8,-190,3.0973868676665557,1,CONCAT,2,2,32.26,7,18,1,1,0.8181818181818182,0.045454545454545456,0.045454545454545456,0.2222222222222222,0.05555555555555555,22,2,0,2,0,0,0,0,0
OC/C=C/1\C(=O)NN=C1C(=O)Cc1oc(cc1)/C=C\C,1/000000670,"InChI=1S/C14H14N2O4/c1-2-3-9-4-5-10(20-9)8-12(18)13-11(6-7-17)14(19)16-15-13/h2-6,17H,7-8H2,1H3,(H,16,19)/b3-2-,11-6-",C14H14N2O4,274.095356928,0.8287999999999998,4.71,4.53,2.48,-20,3.589087773413416,1,CONCAT,5,2,91.89999999999999,5,14,4,2,0.7,0.2,0.1,0.21428571428571427,0.0,20,2,1,1,2,1,1,0,0
Oc1c(/C=C/C(=C\C)/COC)cccc1OC(=O)c1nnc[nH]1,17/000000464,"InChI=1S/C16H17N3O4/c1-3-11(9-22-2)7-8-12-5-4-6-13(14(12)20)23-16(21)15-17-10-18-19-15/h3-8,10,20H,9H2,1-2H3,(H,17,18,19)/b8-7+,11-3+",C16H17N3O4,315.1219060240001,2.335399999999999,4.71,-4.77,3.58,-140,3.3873314889501662,1,CONCAT,6,2,97.33000000000001,6,16,4,3,0.6956521739130435,0.17391304347826086,0.13043478260869565,0.1875,0.0,23,2,0,2,1,0,1,0,0
NN[C@@H](CN)c1oc(cc1)Br,26/000000120,"InChI=1S/C6H10BrN3O/c7-6-2-1-5(11-6)4(3-8)10-9/h1-2,4,10H,3,8-9H2/t4-/m0/s1",C6H10N3OBr,219.00072404,0.5052000000000006,4.71,4.52,2.22,-150,3.4839680226012035,1,CONCAT,4,3,77.21,3,6,1,3,0.5454545454545454,0.09090909090909091,0.2727272727272727,0.3333333333333333,0.16666666666666666,11,1,0,1,1,0,1,0,0
ONC/C=C/CC1=C[C@@](C=CO1)(CC=C)CC,1/000000893,"InChI=1S/C14H21NO2/c1-3-8-14(4-2)9-11-17-13(12-14)7-5-6-10-15-16/h3,5-6,9,11-12,15-16H,1,4,7-8,10H2,2H3/b6-5+/t14-/m1/s1",C14H21NO2,235.157228912,3.3118000000000025,4.71,-3.42,5.09,-190,4.855137921990685,1,CONCAT,3,2,41.489999999999995,7,14,2,1,0.8235294117647058,0.11764705882352941,0.058823529411764705,0.42857142857142855,0.07142857142857142,17,1,1,0,1,1,0,0,0
Oc1c(OC(=O)C(=O)O)ccc(c1C=S)C/C=C\C,17/000001103,"InChI=1S/C13H12O5S/c1-2-3-4-8-5-6-10(11(14)9(8)7-19)18-13(17)12(15)16/h2-3,5-7,14H,4H2,1H3,(H,15,16)/b3-2-",C13H11O5S,280.040544484,1.8485999999999998,4.71,-4.19,3.58,-40,3.2702362738412596,1,CONCAT,5,2,83.83,4,13,5,0,0.6842105263157895,0.2631578947368421,0.0,0.15384615384615385,0.0,19,1,0,1,0,0,0,0,0
Oc1c(OC(=O)c2nnc[nH]2)ccc(c1)c1nnc[nH]1,17/000000629,"InChI=1S/C11H8N6O3/c18-7-3-6(9-12-4-14-16-9)1-2-8(7)20-11(19)10-13-5-15-17-10/h1-5,18H,(H,12,14,16)(H,13,15,17)",C11H8N6O3,272.065788116,0.5145999999999996,4.71,-3.89,22.9,-180,3.4449065115718094,1,CONCAT,7,3,129.67,3,11,3,6,0.55,0.15,0.3,0.0,0.0,20,3,0,3,2,0,2,0,0
ON[C@H](C(=O)Cc1nnc(s1)CC=C)c1n[nH]cc1Br,1/000000223,"InChI=1S/C11H12BrN5O2S/c1-2-3-8-14-15-9(20-8)4-7(18)11(17-19)10-6(12)5-13-16-10/h2,5,11,17,19H,1,3-4H2,(H,13,16)/t11-/m1/s1",C11H12N5O2SBr,356.98950772399996,1.5838999999999994,4.7,1.18,2.48,-150,4.381411174003103,1,CONCAT,7,3,103.78999999999999,7,11,2,5,0.55,0.1,0.25,0.2727272727272727,0.09090909090909091,20,2,0,2,2,0,2,0,0
Oc1c(OC(=O)C(=O)O)ccc(c1)CCCCBr,17/000001529,"InChI=1S/C12H13BrO5/c13-6-2-1-3-8-4-5-10(9(14)7-8)18-12(17)11(15)16/h4-5,7,14H,1-3,6H2,(H,15,16)",C12H12O5Br,315.99463561600004,2.0998,4.7,-5.45,3.58,-20,2.3784094605288075,1,CONCAT,4,2,83.83,5,12,5,0,0.6666666666666666,0.2777777777777778,0.0,0.3333333333333333,0.0,18,1,0,1,0,0,0,0,0
Oc1c(OC(=O)C(=O)O)ccc(c1)CCC,17/000000951,"InChI=1S/C11H12O5/c1-2-3-7-4-5-9(8(12)6-7)16-11(15)10(13)14/h4-6,12H,2-3H2,1H3,(H,13,14)",C11H11O5,224.068473484,1.3347,4.7,-3.05,3.58,-40,2.164557419892162,1,CONCAT,4,2,83.83,3,11,5,0,0.6875,0.3125,0.0,0.2727272727272727,0.0,16,1,0,1,0,0,0,0,0
OC(=O)CCCCc1c(O)ccc(c1)[C@@H]([NH3+])c1cccc(c1)N,17/000001128,"InChI=1S/C18H22N2O3/c19-15-6-3-5-13(11-15)18(20)14-8-9-16(21)12(10-14)4-1-2-7-17(22)23/h3,5-6,8-11,18,21H,1-2,4,7,19-20H2,(H,22,23)/p+1/t18-/m0/s1",C18H23N2O3,315.17031901609005,2.1031000000000004,4.7,-1.9,16.2,-190,3.1993582285085775,1,CONCAT,3,4,111.19,7,18,3,2,0.782608695652174,0.13043478260869565,0.08695652173913043,0.2777777777777778,0.05555555555555555,23,2,0,2,0,0,0,0,0
Oc1c(OC(=O)c2nnc([nH]2)CCN)ccc(c1)[C@@H](CC)S,17/000001269,"InChI=1S/C14H18N4O3S/c1-2-11(22)8-3-4-10(9(19)7-8)21-14(20)13-16-12(5-6-15)17-18-13/h3-4,7,11,19,22H,2,5-6,15H2,1H3,(H,16,17,18)/t11-/m1/s1",C14H18N4O3S,322.109961436,1.6115999999999995,4.7,-1.1,22.6,-190,3.814284940085938,1,CONCAT,7,4,114.11999999999999,6,14,3,4,0.6363636363636364,0.13636363636363635,0.18181818181818182,0.35714285714285715,0.07142857142857142,22,2,0,2,1,0,1,0,0
Oc1c(OC(=O)c2nnc[nH]2)cccc1c1cc[nH]c1,17/000000625,"InChI=1S/C13H10N4O3/c18-11-9(8-4-5-14-6-8)2-1-3-10(11)20-13(19)12-15-7-16-17-12/h1-7,14,18H,(H,15,16,17)",C13H10N4O3,270.07529017999997,1.7245999999999997,4.7,-2.49,3.58,-120,3.2092879439325515,1,CONCAT,5,3,103.88999999999999,3,13,3,4,0.65,0.15,0.2,0.0,0.0,20,3,0,3,2,0,2,0,0
Oc1c(Nc2nncs2)ccc(c1c1nc(c[nH]1)Cl)N,6/000000010,"InChI=1S/C11H9ClN6OS/c12-7-3-14-10(17-7)8-5(13)1-2-6(9(8)19)16-11-18-15-4-20-11/h1-4,19H,13H2,(H,14,17)(H,16,18)",C11H9N6OSCl,308.024707588,2.6130000000000004,4.7,-3.12,24.0,-140,3.312268022112084,1,CONCAT,7,4,112.74,3,11,1,6,0.55,0.05,0.3,0.0,0.0,20,3,0,3,2,0,2,0,0
Sc1c(/C=C/C=C/COCCN)cc(cc1ON)Br,15/000000242,"InChI=1S/C13H17BrN2O2S/c14-11-8-10(13(19)12(9-11)18-16)4-2-1-3-6-17-7-5-15/h1-4,8-9,19H,5-7,15-16H2/b3-1+,4-2+",C13H17N2O2SBr,344.019410884,2.535,4.7,-6.93,2.35,-40,3.499178406514357,1,CONCAT,5,3,70.5,7,13,2,2,0.6842105263157895,0.10526315789473684,0.10526315789473684,0.23076923076923078,0.0,19,1,0,1,0,0,0,0,0
C#Cc1cc(c(cc1)O)CCCCC(=O)O,17/000001632,"InChI=1S/C13H14O3/c1-2-10-7-8-12(14)11(9-10)5-3-4-6-13(15)16/h1,7-9,14H,3-6H2,(H,15,16)",C13H14O3,218.094294308,2.1708999999999996,4.7,-2.43,2.22,0,2.2512061676560258,1,CONCAT,2,2,57.53,5,13,3,0,0.8125,0.1875,0.0,0.3076923076923077,0.0,16,1,0,1,0,0,0,0,0
ONCC(=O)Cc1nnc(s1)c1ccn(c1C)C,1/000000114,"InChI=1S/C11H14N4O2S/c1-7-9(3-4-15(7)2)11-14-13-10(18-11)5-8(16)6-12-17/h3-4,12,17H,5-6H2,1-2H3",C11H14N4O2S,266.083746688,0.9424199999999998,4.69,-2.99,23.7,-180,3.286900656761145,1,CONCAT,7,2,80.03999999999999,5,11,2,4,0.6111111111111112,0.1111111111111111,0.2222222222222222,0.36363636363636365,0.0,18,2,0,2,2,0,2,0,0
Sc1c(/C=C/C=C)cc(cc1ON)Br,15/000000183,"InChI=1S/C10H10BrNOS/c1-2-3-4-7-5-8(11)6-9(13-12)10(7)14/h2-6,14H,1,12H2/b4-3+",C10H10NOSBr,270.96664704,3.1895000000000007,4.69,-6.02,2.35,0,3.576224715246793,1,CONCAT,3,2,35.25,3,10,1,1,0.7142857142857143,0.07142857142857142,0.07142857142857142,0.0,0.0,14,1,0,1,0,0,0,0,0
Oc1c(OC(=O)c2nnc[nH]2)ccc(c1)c1ncsc1C,17/000000160,"InChI=1S/C13H10N4O3S/c1-7-11(15-6-21-7)8-2-3-10(9(18)4-8)20-13(19)12-14-5-16-17-12/h2-6,18H,1H3,(H,14,16,17)",C13H10N4O3S,302.04736118,2.1614199999999997,4.69,-4.25,3.58,-180,3.1947366973552462,1,CONCAT,7,2,100.99,3,13,3,4,0.6190476190476191,0.14285714285714285,0.19047619047619047,0.07692307692307693,0.0,21,3,0,3,2,0,2,0,0
Oc1c(OC(=O)c2nnc([nH]2)CCN)ccc(c1)C/C=C/CC,17/000001571,"InChI=1S/C16H20N4O3/c1-2-3-4-5-11-6-7-13(12(21)10-11)23-16(22)15-18-14(8-9-17)19-20-15/h3-4,6-7,10,21H,2,5,8-9,17H2,1H3,(H,18,19,20)/b4-3+",C16H20N4O3,316.15354049999996,1.7393999999999994,4.69,-2.44,4.94,-80,3.1820462818495736,1,CONCAT,6,3,114.11999999999999,7,16,3,4,0.6956521739130435,0.13043478260869565,0.17391304347826086,0.3125,0.0,23,2,0,2,1,0,1,0,0
Oc1c(OC(=O)C(=O)O)ccc(c1C=C)C1=CCC1,17/000001036,"InChI=1S/C14H12O5/c1-2-9-10(8-4-3-5-8)6-7-11(12(9)15)19-14(18)13(16)17/h2,4,6-7,15H,1,3,5H2,(H,16,17)",C14H11O5,260.06847348400004,2.2024,4.69,-4.6,5.09,-120,2.9414607082304,1,CONCAT,4,2,83.83,3,14,5,0,0.7368421052631579,0.2631578947368421,0.0,0.14285714285714285,0.0,19,2,1,1,0,0,0,0,0
SSCCCCc1oc(nc1)C(=O)Oc1ccc(cc1O)CC(=O)O,17/000001561,"InChI=1S/C16H17NO6S2/c18-12-7-10(8-14(19)20)4-5-13(12)23-16(21)15-17-9-11(22-15)3-1-2-6-25-24/h4-5,7,9,18,24H,1-3,6,8H2,(H,19,20)",C16H17NO6S2,383.04972926399995,3.1272,4.69,1.55,5.09,-60,3.0708147526601604,1,CONCAT,8,3,109.86,9,16,6,1,0.64,0.24,0.04,0.3125,0.0,25,2,0,2,1,0,1,0,0
Oc1cc(ccc1C/C=C/C)CC(=O)Nc1ccc(c(c1)N)F,28/000000096,"InChI=1S/C18H19FN2O2/c1-2-3-4-13-6-5-12(9-17(13)22)10-18(23)21-14-7-8-15(19)16(20)11-14/h2-3,5-9,11,22H,4,10,20H2,1H3,(H,21,23)/b3-2+",C18H19N2O2F,314.1430560680001,3.4133000000000004,4.69,-6.7,3.58,-80,2.3674397729738335,1,CONCAT,3,3,75.35,5,18,2,2,0.782608695652174,0.08695652173913043,0.08695652173913043,0.16666666666666666,0.0,23,2,0,2,0,0,0,0,0
Oc1c(OC(=O)C(=O)O)cccc1[C@H](/C=C\CS)N,17/000000507,"InChI=1S/C12H13NO5S/c13-8(4-2-6-19)7-3-1-5-9(10(7)14)18-12(17)11(15)16/h1-5,8,14,19H,6,13H2,(H,15,16)/b4-2-/t8-/m0/s1",C12H12NO5S,283.05144351600006,0.8680000000000001,4.68,-2.16,18.9,-150,3.7147474895569985,1,CONCAT,6,4,109.85,4,12,5,1,0.631578947368421,0.2631578947368421,0.05263157894736842,0.16666666666666666,0.08333333333333333,19,1,0,1,0,0,0,0,0
Oc1c(OC(=O)c2cc[nH]c2)ccc(c1N(=O)=O)[C@H](CN)CCl,17/000001105,"InChI=1S/C14H14ClN3O5/c15-5-9(6-16)10-1-2-11(13(19)12(10)18(21)22)23-14(20)8-3-4-17-7-8/h1-4,7,9,17,19H,5-6,16H2/t9-/m0/s1",C14H14N3O5Cl,339.062198228,2.1288,4.68,-4.41,3.85,-170,3.633798887849237,1,CONCAT,6,3,131.48000000000002,6,14,5,3,0.6086956521739131,0.21739130434782608,0.13043478260869565,0.21428571428571427,0.07142857142857142,23,2,0,2,1,0,1,0,0
ON[C@H](CNC(=O)CC[C@@H]1NC=CN1)S,1/000000863,"InChI=1S/C8H16N4O2S/c13-7(11-5-8(15)12-14)2-1-6-9-3-4-10-6/h3-4,6,8-10,12,14-15H,1-2,5H2,(H,11,13)/t8-/m0/s1",C8H15N4O2S,232.099396752,-0.8923999999999996,4.68,1.1,2.22,-150,4.553146079833166,1,CONCAT,6,6,85.42,6,8,2,4,0.5333333333333333,0.13333333333333333,0.26666666666666666,0.625,0.125,15,1,1,0,1,1,0,0,0
Oc1c(OC(=O)C(=O)O)ccc(c1)[C@H](CN)CS,17/000001472,"InChI=1S/C11H13NO5S/c12-4-7(5-18)6-1-2-9(8(13)3-6)17-11(16)10(14)15/h1-3,7,13,18H,4-5,12H2,(H,14,15)/t7-/m1/s1",C11H12NO5S,271.05144351600006,0.3543000000000002,4.68,-6.08,17.3,-170,3.247910804603581,1,CONCAT,6,4,109.85,4,11,5,1,0.6111111111111112,0.2777777777777778,0.05555555555555555,0.2727272727272727,0.09090909090909091,18,1,0,1,0,0,0,0,0
OC(=O)c1cc(OC)ccc1c1nnc([nH]1)C(=O)OC,12/000000044,"InChI=1S/C12H11N3O5/c1-19-6-3-4-7(8(5-6)11(16)17)9-13-10(15-14-9)12(18)20-2/h3-5H,1-2H3,(H,16,17)(H,13,14,15)",C12H11N3O5,277.06987045200003,0.9651,4.68,-0.09,5.09,-200,2.6135317394473816,1,CONCAT,6,2,114.39999999999999,4,12,5,3,0.6,0.25,0.15,0.16666666666666666,0.0,20,2,0,2,1,0,1,0,0
Oc1c(OC(=O)c2nnc[nH]2)cc(cc1c1ncncn1)CCC,17/000000555,"InChI=1S/C15H14N6O3/c1-2-3-9-4-10(13-17-6-16-7-18-13)12(22)11(5-9)24-15(23)14-19-8-20-21-14/h4-8,22H,2-3H2,1H3,(H,19,20,21)",C15H14N6O3,326.112738308,1.5339999999999998,4.68,-4.23,22.1,-180,3.239994676899718,1,CONCAT,8,2,126.77,5,15,3,6,0.625,0.125,0.25,0.2,0.0,24,3,0,3,2,0,2,0,0
Oc1c(OC(=O)c2nnc([nH]2)CCC)ccc(c1/C=C\C)CNNC,17/000001034,"InChI=1S/C17H23N5O3/c1-4-6-12-11(10-19-18-3)8-9-13(15(12)23)25-17(24)16-20-14(7-5-2)21-22-16/h4,6,8-9,18-19,23H,5,7,10H2,1-3H3,(H,20,21,22)/b6-4-",C17H23N5O3,345.1800895960001,1.9390999999999996,4.68,-2.72,24.3,-180,3.521880906506313,1,CONCAT,7,4,112.16,8,17,3,5,0.68,0.12,0.2,0.35294117647058826,0.0,25,2,0,2,1,0,1,0,0
Oc1cc(c(c(c1)C/C=C/CCO)F)C(=C)CC,16/000000102,"InChI=1S/C15H19FO2/c1-3-11(2)14-10-13(18)9-12(15(14)16)7-5-4-6-8-17/h4-5,9-10,17-18H,2-3,6-8H2,1H3/b5-4+",C15H19O2F,250.136908068,3.4356000000000018,4.68,-3.87,3.58,-40,3.22915671327606,1,CONCAT,2,2,40.46,6,15,2,0,0.8333333333333334,0.1111111111111111,0.0,0.3333333333333333,0.0,18,1,0,1,0,0,0,0,0
Oc1ccccc1C(=C)COC(=O)C[C@H](C)c1nnc([nH]1)S,1/000001061,"InChI=1S/C15H17N3O3S/c1-9(14-16-15(22)18-17-14)7-13(20)21-8-10(2)11-5-3-4-6-12(11)19/h3-6,9,19H,2,7-8H2,1H3,(H2,16,17,18,22)/t9-/m0/s1",C15H17N3O3S,319.09906240400005,2.5492000000000004,4.67,1.03,5.08,-190,3.7439215100733296,1,CONCAT,6,3,88.1,6,15,3,3,0.6818181818181818,0.13636363636363635,0.13636363636363635,0.26666666666666666,0.06666666666666667,22,2,0,2,1,0,1,0,0
Oc1c(OC(=O)c2nnn[nH]2)cccc1C(=O)[C@@H](C=C)O,17/000000881,"InChI=1S/C12H10N4O5/c1-2-7(17)9(18)6-4-3-5-8(10(6)19)21-12(20)11-13-15-16-14-11/h2-5,7,17,19H,1H2,(H,13,14,15,16)/t7-/m1/s1",C12H10N4O5,290.06511942,-0.14590000000000009,4.67,-1.95,5.09,-170,3.7222352855159855,1,CONCAT,8,3,138.29,5,12,5,4,0.5714285714285714,0.23809523809523808,0.19047619047619047,0.08333333333333333,0.08333333333333333,21,2,0,2,1,0,1,0,0
OCCCCc1nnc([nH]1)[C@@H](n1nc[nH]c1=O)Cl,26/000000033,"InChI=1S/C9H13ClN6O2/c10-7(16-9(18)11-5-12-16)8-13-6(14-15-8)3-1-2-4-17/h5,7,17H,1-4H2,(H,11,12,18)(H,13,14,15)/t7-/m1/s1",C9H13N6O2Cl,272.078851336,-0.2098000000000006,4.67,6.16,21.4,-150,4.246681392838875,1,CONCAT,6,3,112.47999999999999,6,9,2,6,0.5,0.1111111111111111,0.3333333333333333,0.5555555555555556,0.1111111111111111,18,2,0,2,2,0,2,0,0
Oc1c(OC(=O)c2nnn[nH]2)ccc(c1)c1[nH]ncc1Br,17/000001507,"InChI=1S/C11H7BrN6O3/c12-6-4-13-14-9(6)5-1-2-8(7(19)3-5)21-11(20)10-15-17-18-16-10/h1-4,19H,(H,13,14)(H,15,16,17,18)",C11H7N6O3Br,349.9763001840001,1.2771,4.67,-4.38,3.58,-180,3.172315158893708,1,CONCAT,7,3,129.67000000000002,3,11,3,6,0.5238095238095238,0.14285714285714285,0.2857142857142857,0.0,0.0,21,3,0,3,2,0,2,0,0
Oc1c(OC(=O)c2nnc[nH]2)ccc(c1)CC#CC,17/000000206,"InChI=1S/C13H11N3O3/c1-2-3-4-9-5-6-11(10(17)7-9)19-13(18)12-14-8-15-16-12/h5-8,17H,4H2,1H3,(H,14,15,16)",C13H11N3O3,257.080041212,1.2953,4.67,-4.07,3.58,-40,3.2389412512168256,1,CONCAT,5,2,88.1,3,13,3,3,0.6842105263157895,0.15789473684210525,0.15789473684210525,0.15384615384615385,0.0,19,2,0,2,1,0,1,0,0
Sc1ncc([nH]1)[C@@H](c1oc(cc1)Br)O,26/000000138,"InChI=1S/C8H7BrN2O2S/c9-6-2-1-5(13-6)7(12)4-3-10-8(14)11-4/h1-3,7,12H,(H2,10,11,14)/t7-/m0/s1",C8H7N2O2SBr,273.94116056400003,2.1356000000000006,4.67,5.31,2.22,-150,4.024174189155874,1,CONCAT,4,3,62.05,2,8,2,2,0.5714285714285714,0.14285714285714285,0.14285714285714285,0.125,0.125,14,2,0,2,2,0,2,0,0
Oc1c(S)c(cc(c1)Br)/C=C/[C@H](c1nncs1)O,15/000000248,"InChI=1S/C11H9BrN2O2S2/c12-7-3-6(10(17)9(16)4-7)1-2-8(15)11-14-13-5-18-11/h1-5,8,15-17H/b2-1+/t8-/m1/s1",C11H9N2O2S2Br,343.92888162800006,3.041700000000001,4.66,-9.07,2.22,-190,4.096155727680504,1,CONCAT,6,3,66.24000000000001,3,11,2,2,0.6111111111111112,0.1111111111111111,0.1111111111111111,0.09090909090909091,0.09090909090909091,18,2,0,2,1,0,1,0,0
OC/C=C/1\C(=O)NN=C1[C@@H](C/C=C/Cc1nocn1)N,1/000000998,"InChI=1S/C12H15N5O3/c13-9(3-1-2-4-10-14-7-20-17-10)11-8(5-6-18)12(19)16-15-11/h1-2,5,7,9,18H,3-4,6,13H2,(H,16,19)/b2-1+,8-5-/t9-/m1/s1",C12H15N5O3,277.11748934,-0.7098000000000004,4.66,4.23,5.09,-150,4.517984048497031,1,CONCAT,7,3,126.63,6,12,3,5,0.6,0.15,0.25,0.3333333333333333,0.08333333333333333,20,2,1,1,2,1,1,0,0
Oc1c(OC(=O)c2nnc[nH]2)cc(cc1c1[nH]ncc1Cl)COC,17/000001517,"InChI=1S/C14H12ClN5O4/c1-23-5-7-2-8(11-9(15)4-17-19-11)12(21)10(3-7)24-14(22)13-16-6-18-20-13/h2-4,6,21H,5H2,1H3,(H,17,19)(H,16,18,20)",C14H12N5O4Cl,349.05778154399997,1.9193999999999998,4.66,-4.67,5.24,-140,3.3342124419990675,1,CONCAT,7,3,126.00999999999999,5,14,4,5,0.5833333333333334,0.16666666666666666,0.20833333333333334,0.14285714285714285,0.0,24,3,0,3,2,0,2,0,0
Oc1c(OC(=O)CO)ccc(c1N(=O)=O)[C@@H](CCl)NCN,17/000001101,"InChI=1S/C11H14ClN3O6/c12-3-7(14-5-13)6-1-2-8(21-9(17)4-16)11(18)10(6)15(19)20/h1-2,7,14,16,18H,3-5,13H2/t7-/m1/s1",C11H14N3O6Cl,319.05711284800003,-0.016200000000000103,4.66,-6.11,20.9,-200,3.7253277353075713,1,CONCAT,8,4,147.95000000000002,7,11,6,3,0.5238095238095238,0.2857142857142857,0.14285714285714285,0.36363636363636365,0.09090909090909091,21,1,0,1,0,0,0,0,0
ON[C@H](C(=O)Cc1nnc(s1)C/C=C/C(=O)C)c1n[nH]cc1Br,1/000000446,"InChI=1S/C13H14BrN5O3S/c1-7(20)3-2-4-10-16-17-11(23-10)5-9(21)13(19-22)12-8(14)6-15-18-12/h2-3,6,13,19,22H,4-5H2,1H3,(H,15,18)/b3-2+/t13-/m1/s1",C13H14N5O3SBr,399.000072408,1.5430999999999995,4.66,1.53,3.84,-170,4.372960391970116,1,CONCAT,8,3,120.86000000000001,8,13,3,5,0.5652173913043478,0.13043478260869565,0.21739130434782608,0.3076923076923077,0.07692307692307693,23,2,0,2,2,0,2,0,0
Oc1c(OC(=O)c2cc[nH]c2)ccc(c1N(=O)=O)CCCl,17/000000442,"InChI=1S/C13H11ClN2O5/c14-5-3-8-1-2-10(12(17)11(8)16(19)20)21-13(18)9-4-6-15-7-9/h1-2,4,6-7,15,17H,3,5H2",C13H11N2O5Cl,310.035649132,2.6290000000000013,4.66,-3.94,3.58,-20,2.9609226655250076,1,CONCAT,5,2,105.46000000000001,5,13,5,2,0.6190476190476191,0.23809523809523808,0.09523809523809523,0.15384615384615385,0.0,21,2,0,2,1,0,1,0,0
Oc1c(OC(=O)c2ncoc2)ccc(c1)NC(=O)C(=C)C/C=C/C,17/000001221,"InChI=1S/C17H16N2O5/c1-3-4-5-11(2)16(21)19-12-6-7-15(14(20)8-12)24-17(22)13-9-23-10-18-13/h3-4,6-10,20H,2,5H2,1H3,(H,19,21)/b4-3+",C17H16N2O5,328.105921612,3.0603000000000016,4.66,-2.73,3.58,-60,3.1344534698912803,1,CONCAT,6,2,101.66,6,17,5,2,0.7083333333333334,0.20833333333333334,0.08333333333333333,0.11764705882352941,0.0,24,2,0,2,1,0,1,0,0
O[C@@H](C)c1ccc(c(c1C(=O)O)O)OC(=O)c1ncoc1,17/000001393,"InChI=1S/C13H11NO7/c1-6(15)7-2-3-9(11(16)10(7)12(17)18)21-13(19)8-4-20-5-14-8/h2-6,15-16H,1H3,(H,17,18)/t6-/m0/s1",C13H10NO7,293.05355169200004,1.3509000000000002,4.66,-3.53,3.58,-190,3.390026853294847,1,CONCAT,7,3,130.09,4,13,7,1,0.6190476190476191,0.3333333333333333,0.047619047619047616,0.15384615384615385,0.07692307692307693,21,2,0,2,1,0,1,0,0
Sc1c(/C=C/COCC)cc(cc1ON)Br,15/000000020,"InChI=1S/C11H14BrNO2S/c1-2-14-5-3-4-8-6-9(12)7-10(15-13)11(8)16/h3-4,6-7,16H,2,5,13H2,1H3/b4-3+",C11H14NO2SBr,302.99286178799997,3.040000000000001,4.66,-9.14,2.35,-40,3.3107736501735063,1,CONCAT,4,2,44.480000000000004,5,11,2,1,0.6875,0.125,0.0625,0.2727272727272727,0.0,16,1,0,1,0,0,0,0,0
OC/C=C(\C)/C=C/c1cc(Br)cc(c1S)ON,15/000000230,"InChI=1S/C12H14BrNO2S/c1-8(4-5-15)2-3-9-6-10(13)7-11(16-14)12(9)17/h2-4,6-7,15,17H,5,14H2,1H3/b3-2+,8-4+",C12H14NO2SBr,314.99286178799997,2.9421000000000013,4.65,-8.96,2.35,-60,3.456479959766978,1,CONCAT,4,3,55.480000000000004,4,12,2,1,0.7058823529411765,0.11764705882352941,0.058823529411764705,0.16666666666666666,0.0,17,1,0,1,0,0,0,0,0
OC(=O)CC(=O)Oc1ccccc1O,17/000000026,"InChI=1S/C9H8O5/c10-6-3-1-2-4-7(6)14-9(13)5-8(11)12/h1-4,10H,5H2,(H,11,12)",C9H8O5,196.037173356,0.7723,4.65,0.37,3.58,0,1.988650221319668,1,CONCAT,4,2,83.83,3,9,5,0,0.6428571428571429,0.35714285714285715,0.0,0.1111111111111111,0.0,14,1,0,1,0,0,0,0,0
ONCC(=O)Cc1nnc(s1)[C@H](CC)C(=O)O,1/000000287,"InChI=1S/C9H13N3O4S/c1-2-6(9(14)15)8-12-11-7(17-8)3-5(13)4-10-16/h6,10,16H,2-4H2,1H3,(H,14,15)/t6-/m0/s1",C9H13N3O4S,259.062676896,0.20669999999999916,4.65,-1.85,3.72,-170,3.627629853428811,1,CONCAT,7,3,112.41000000000001,7,9,4,3,0.5294117647058824,0.23529411764705882,0.17647058823529413,0.5555555555555556,0.1111111111111111,17,1,0,1,1,0,1,0,0
ON[C@H](C(=O)Cc1nnc(s1)CNC(=O)C)c1n[nH]cc1Br,1/000000279,"InChI=1S/C11H13BrN6O3S/c1-5(19)13-4-9-16-15-8(22-9)2-7(20)11(18-21)10-6(12)3-14-17-10/h3,11,18,21H,2,4H2,1H3,(H,13,19)(H,14,17)/t11-/m1/s1",C11H13N6O3SBr,387.9953213760001,0.49149999999999927,4.65,0.84,3.84,-190,4.051943956479381,1,CONCAT,8,4,132.89000000000001,7,11,3,6,0.5,0.13636363636363635,0.2727272727272727,0.36363636363636365,0.09090909090909091,22,2,0,2,2,0,2,0,0
OC/C=C\1/C(=NNC1=O)C(=O)Cc1oc(cc1)C[C@H](C)S,1/000000634,"InChI=1S/C14H16N2O4S/c1-8(21)6-9-2-3-10(20-9)7-12(18)13-11(4-5-17)14(19)16-15-13/h2-4,8,17,21H,5-7H2,1H3,(H,16,19)/b11-4-/t8-/m0/s1",C14H16N2O4S,308.08307799199997,0.6564999999999992,4.65,3.38,2.48,-170,4.145092049441715,1,CONCAT,6,3,91.9,6,14,4,2,0.6666666666666666,0.19047619047619047,0.09523809523809523,0.35714285714285715,0.07142857142857142,21,2,1,1,2,1,1,0,0
ON[C@H](CCCC)c1nonc1,1/000000007,"InChI=1S/C7H13N3O2/c1-2-3-4-6(9-11)7-5-8-12-10-7/h5-6,9,11H,2-4H2,1H3/t6-/m1/s1",C7H13N3O2,171.100776656,1.2797,4.65,3.82,2.35,-170,4.003332867621314,1,CONCAT,5,2,71.18,5,7,2,3,0.5833333333333334,0.16666666666666666,0.25,0.7142857142857143,0.14285714285714285,12,1,0,1,1,0,1,0,0
OC/C=C\1/C(=NNC1=O)C(=O)Cc1oc(cc1)CN(C)C(=S)Cl,1/000000605,"InChI=1S/C14H14ClN3O4S/c1-18(14(15)23)7-9-3-2-8(22-9)6-11(20)12-10(4-5-19)13(21)17-16-12/h2-4,19H,5-7H2,1H3,(H,17,21)/b10-4-",C14H14N3O4SCl,355.03935460800005,0.7511999999999992,4.65,2.38,3.84,-20,3.67709361912768,1,CONCAT,6,2,95.14,6,14,4,3,0.6086956521739131,0.17391304347826086,0.13043478260869565,0.2857142857142857,0.0,23,2,1,1,2,1,1,0,0
Oc1c(OC(=O)CO)ccc(c1)c1nonc1,17/000000087,"InChI=1S/C10H8N2O5/c13-5-10(15)16-9-2-1-6(3-8(9)14)7-4-11-17-12-7/h1-4,13-14H,5H2",C10H8N2O5,236.043321356,0.33989999999999987,4.65,-4.82,18.2,-160,2.9774367741482486,1,CONCAT,7,2,105.68,3,10,5,2,0.5882352941176471,0.29411764705882354,0.11764705882352941,0.1,0.0,17,2,0,2,1,0,1,0,0
ONC/C=C\C[C@H](Cc1ccc([nH]1)CC=C)O,1/000000916,"InChI=1S/C13H20N2O2/c1-2-5-11-7-8-12(15-11)10-13(16)6-3-4-9-14-17/h2-4,7-8,13-17H,1,5-6,9-10H2/b4-3-/t13-/m1/s1",C13H20N2O2,236.15247788,1.5716999999999999,4.65,-3.4,5.21,-190,4.100153306606069,1,CONCAT,3,4,68.28,8,13,2,2,0.7647058823529411,0.11764705882352941,0.11764705882352941,0.38461538461538464,0.07692307692307693,17,1,0,1,1,0,1,0,0
Oc1c(OC(=O)C(=O)O)ccc(c1Br)C1=CCC1,17/000000835,"InChI=1S/C12H9BrO5/c13-9-7(6-2-1-3-6)4-5-8(10(9)14)18-12(17)11(15)16/h2,4-5,14H,1,3H2,(H,15,16)",C12H8O5Br,311.96333548800004,2.3219000000000003,4.65,-4.69,3.58,-120,2.7945346567611455,1,CONCAT,4,2,83.83,2,12,5,0,0.6666666666666666,0.2777777777777778,0.0,0.16666666666666666,0.0,18,2,1,1,0,0,0,0,0
Sc1scc(n1)c1ccc(c(c1Br)CCO)O,17/000001648,"InChI=1S/C11H10BrNO2S2/c12-10-6(8-5-17-11(16)13-8)1-2-9(15)7(10)3-4-14/h1-2,5,14-15H,3-4H2,(H,13,16)",C11H10NO2S2Br,330.93363265999994,3.101700000000001,4.65,-6.71,3.58,-180,3.2545186276670695,1,CONCAT,5,3,53.35000000000001,3,11,2,1,0.6470588235294118,0.11764705882352941,0.058823529411764705,0.18181818181818182,0.0,17,2,0,2,1,0,1,0,0
Oc1c(OC(=O)c2nc(=O)o[nH]2)cccc1c1cnn(c1)C,17/000001455,"InChI=1S/C13H10N4O5/c1-17-6-7(5-14-17)8-3-2-4-9(10(8)18)21-12(19)11-15-13(20)22-16-11/h2-6,18H,1H3,(H,15,16,20)",C13H10N4O5,302.06511942000003,0.6881999999999999,4.65,-1.4,3.58,-140,2.940467774060206,1,CONCAT,8,2,123.24000000000001,3,13,5,4,0.5909090909090909,0.22727272727272727,0.18181818181818182,0.07692307692307693,0.0,22,3,0,3,2,0,2,0,0
OC/C=C\1/C(=NNC1=O)C(=O)Cc1oc(cc1)Br,1/000000354,"InChI=1S/C11H9BrN2O4/c12-9-2-1-6(18-9)5-8(16)10-7(3-4-15)11(17)14-13-10/h1-3,15H,4-5H2,(H,14,17)/b7-3-",C11H9N2O4Br,311.974568868,0.5581999999999994,4.65,4.98,2.48,0,3.482751733684223,1,CONCAT,5,2,91.9,4,11,4,2,0.6111111111111112,0.2222222222222222,0.1111111111111111,0.18181818181818182,0.0,18,2,1,1,2,1,1,0,0
OC(=O)c1ccccc1/N=C\1/N(CS)CCC1,12/000000116,"InChI=1S/C12H14N2O2S/c15-12(16)9-4-1-2-5-10(9)13-11-6-3-7-14(11)8-17/h1-2,4-5,17H,3,6-8H2,(H,15,16)/b13-11+",C12H14N2O2S,250.077598688,2.397900000000001,4.64,-8.01,3.58,-20,2.855804081840557,1,CONCAT,3,2,52.9,3,12,2,2,0.7058823529411765,0.11764705882352941,0.11764705882352941,0.3333333333333333,0.0,17,2,1,1,1,1,0,0,0
Oc1c(OC(=O)C(=O)O)cccc1[C@H](Cc1sccc1)N,17/000001411,"InChI=1S/C14H13NO5S/c15-10(7-8-3-2-6-21-8)9-4-1-5-11(12(9)16)20-14(19)13(17)18/h1-6,10,16H,7,15H2,(H,17,18)/t10-/m0/s1",C14H12NO5S,307.05144351600006,1.6862,4.64,-3.22,21.5,-170,3.010495232465587,1,CONCAT,6,3,109.85,4,14,5,1,0.6666666666666666,0.23809523809523808,0.047619047619047616,0.14285714285714285,0.07142857142857142,21,2,0,2,1,0,1,0,0
Oc1c(OC(=O)C(=O)O)cccc1n1nccc1N,17/000000844,"InChI=1S/C11H9N3O5/c12-8-4-5-13-14(8)6-2-1-3-7(9(6)15)19-11(18)10(16)17/h1-5,15H,12H2,(H,16,17)",C11H8N3O5,263.05422038800003,0.1501,4.64,-3.57,3.58,-120,2.815680304471263,1,CONCAT,7,3,127.66999999999999,2,11,5,3,0.5789473684210527,0.2631578947368421,0.15789473684210525,0.0,0.0,19,2,0,2,1,0,1,0,0
OC/C=C(\COC)/C=C/c1cc(Br)cc(c1S)ON,15/000000276,"InChI=1S/C13H16BrNO3S/c1-17-8-9(4-5-16)2-3-10-6-11(14)7-12(18-15)13(10)19/h2-4,6-7,16,19H,5,8,15H2,1H3/b3-2+,9-4-",C13H16NO3SBr,345.003426472,2.5685999999999996,4.64,-9.04,2.35,-80,3.6045942097967063,1,CONCAT,5,3,64.71,6,13,3,1,0.6842105263157895,0.15789473684210525,0.05263157894736842,0.23076923076923078,0.0,19,1,0,1,0,0,0,0,0
Sc1c(N)cc(cc1N(CCCCO)/C=C\C=C/CCO)Br,15/000000304,"InChI=1S/C16H23BrN2O2S/c17-13-11-14(18)16(22)15(12-13)19(8-4-6-10-21)7-3-1-2-5-9-20/h1-3,7,11-12,20-22H,4-6,8-10,18H2/b2-1-,7-3-",C16H23N2O2SBr,386.06636107599996,3.3512000000000026,4.64,-6.23,19.8,-120,3.5405253748412333,1,CONCAT,5,4,69.72,9,16,2,2,0.7272727272727273,0.09090909090909091,0.09090909090909091,0.375,0.0,22,1,0,1,0,0,0,0,0
N(CCCC)Cc1nnc([nH]1)[C@@H](n1nc[nH]c1=O)Cl,26/000000050,"InChI=1S/C10H16ClN7O/c1-2-3-4-12-5-7-15-9(17-16-7)8(11)18-10(19)13-6-14-18/h6,8,12H,2-5H2,1H3,(H,13,14,19)(H,15,16,17)/t8-/m1/s1",C10H16N7OCl,285.110485812,0.36489999999999967,4.64,3.38,22.2,-170,4.163113552905414,1,CONCAT,6,3,104.28,7,10,1,7,0.5263157894736842,0.05263157894736842,0.3684210526315789,0.6,0.1,19,2,0,2,2,0,2,0,0
Oc1c(OC(=O)c2ncoc2)cccc1c1c[nH]c(c1)CS(=O)=O,17/000000927,"InChI=1S/C15H12N2O6S/c18-14-11(9-4-10(16-5-9)7-24(20)21)2-1-3-13(14)23-15(19)12-6-22-8-17-12/h1-6,8,16,18,24H,7H2",C15H12N2O6S,348.0416071039999,1.7058999999999995,4.64,0.3,3.58,-160,3.663162441999068,1,CONCAT,7,3,122.48999999999998,5,15,6,2,0.625,0.25,0.08333333333333333,0.06666666666666667,0.0,24,3,0,3,2,0,2,0,0
OC(=O)CCCCc1c(O)ccc(c1)C[C@H](C)O,17/000001592,"InChI=1S/C14H20O4/c1-10(15)8-11-6-7-13(16)12(9-11)4-2-3-5-14(17)18/h6-7,9-10,15-16H,2-5,8H2,1H3,(H,17,18)/t10-/m0/s1",C14H20O4,252.13615912,2.1129000000000002,4.64,-3.59,3.58,-190,2.553768732390081,1,CONCAT,3,3,77.76,7,14,4,0,0.7777777777777778,0.2222222222222222,0.0,0.5,0.07142857142857142,18,1,0,1,0,0,0,0,0
O[C@H](CNCc1cc(Cl)c(c(c1)NC=S)Cl)c1nnsc1,8/000000011,"InChI=1S/C12H12Cl2N4OS2/c13-8-1-7(2-9(12(8)14)16-6-20)3-15-4-11(19)10-5-21-18-17-10/h1-2,5-6,11,15,19H,3-4H2,(H,16,20)/t11-/m1/s1",C12H12N4OS2Cl2,361.98295836400007,3.0372000000000003,4.64,-6.28,3.72,-190,3.7597000159929888,1,CONCAT,6,3,70.07,7,12,1,4,0.5714285714285714,0.047619047619047616,0.19047619047619047,0.25,0.08333333333333333,21,2,0,2,1,0,1,0,0
OC/C=C/1\C(=O)NN=C1C(=O)C/C=C/C(=O)CCCC,1/000000675,"InChI=1S/C14H18N2O4/c1-2-3-5-10(18)6-4-7-12(19)13-11(8-9-17)14(20)16-15-13/h4,6,8,17H,2-3,5,7,9H2,1H3,(H,16,20)/b6-4+,11-8-",C14H18N2O4,278.126657056,0.6655999999999995,4.64,4.11,5.09,-170,3.53458292825857,1,CONCAT,5,2,95.82999999999998,8,14,4,2,0.7,0.2,0.1,0.42857142857142855,0.0,20,1,1,0,1,1,0,0,0
Oc1ccc(c(c1)[C@H](/C=C/CCO)C1=NCC(=O)N1)F,16/000000093,"InChI=1S/C14H15FN2O3/c15-12-5-4-9(19)7-11(12)10(3-1-2-6-18)14-16-8-13(20)17-14/h1,3-5,7,10,18-19H,2,6,8H2,(H,16,17,20)/b3-1+/t10-/m0/s1",C14H15N2O3F,278.10667056000005,1.0817999999999999,4.64,-3.23,19.4,-150,3.8899147454316743,1,CONCAT,4,3,81.92,5,14,3,2,0.7,0.15,0.1,0.2857142857142857,0.07142857142857142,20,2,1,1,1,1,0,0,0
Oc1c(OC(=O)C(=O)O)ccc(c1)c1oc(cc1)Br,17/000000823,"InChI=1S/C12H7BrO6/c13-10-4-3-8(18-10)6-1-2-9(7(14)5-6)19-12(17)11(15)16/h1-5,14H,(H,15,16)",C12H6O6Br,325.942600044,2.4047,4.64,-7.01,3.58,-180,2.4173930263647527,1,CONCAT,5,2,96.97,2,12,6,0,0.631578947368421,0.3157894736842105,0.0,0.0,0.0,19,2,0,2,1,0,1,0,0
OCc1cc(cc2c1s/c(=C/CO)/[nH]2)Cc1nocc1,30/000000044,"InChI=1S/C14H14N2O3S/c17-3-1-13-15-12-7-9(6-11-2-4-19-16-11)5-10(8-18)14(12)20-13/h1-2,4-5,7,15,17-18H,3,6,8H2/b13-1+",C14H14N2O3S,290.072513308,2.109,4.64,-5.53,20.5,-100,3.681544442606292,1,CONCAT,6,3,78.52,4,14,3,2,0.7,0.15,0.1,0.21428571428571427,0.0,20,3,1,2,2,1,1,0,0
OC/C=C(\CF)/C=C/c1cc(Br)cc(c1S)ON,15/000000282,"InChI=1S/C12H13BrFNO2S/c13-10-5-9(12(18)11(6-10)17-15)2-1-8(7-14)3-4-16/h1-3,5-6,16,18H,4,7,15H2/b2-1+,8-3-",C12H13NO2SFBr,332.983439976,2.8917000000000015,4.63,-7.16,2.35,-60,3.805849020968367,1,CONCAT,4,3,55.480000000000004,5,12,2,1,0.6666666666666666,0.1111111111111111,0.05555555555555555,0.16666666666666666,0.0,18,1,0,1,0,0,0,0,0
OC/C=C/1\C(=O)NN=C1C(=O)Cc1oc(cc1)COCCCN(=O)=O,1/000001023,"InChI=1S/C15H17N3O7/c19-6-4-12-14(16-17-15(12)21)13(20)8-10-2-3-11(25-10)9-24-7-1-5-18(22)23/h2-4,19H,1,5-9H2,(H,17,21)/b12-4-",C15H17N3O7,351.106649884,-0.020900000000000363,4.63,3.74,3.84,-20,3.560541346066752,1,CONCAT,8,2,144.27,10,15,7,3,0.6,0.28,0.12,0.4,0.0,25,2,1,1,2,1,1,0,0
Oc1c(OC(=O)c2nnn[nH]2)cccc1N(=O)=O,17/000001303,"InChI=1S/C8H5N5O5/c14-6-4(13(16)17)2-1-3-5(6)18-8(15)7-9-11-12-10-7/h1-3,14H,(H,9,10,11,12)",C8H5N5O5,251.02906826,0.032699999999999785,4.63,-0.99,2.22,0,2.871078502914992,1,CONCAT,8,2,144.13000000000002,3,8,5,5,0.4444444444444444,0.2777777777777778,0.2777777777777778,0.0,0.0,18,2,0,2,1,0,1,0,0
OC/C=C/1\C(=O)NN=C1C(=O)Cc1oc(cc1)/C(=C/N)/CC,1/000001005,"InChI=1S/C15H17N3O4/c1-2-9(8-16)13-4-3-10(22-13)7-12(20)14-11(5-6-19)15(21)18-17-14/h3-5,8,19H,2,6-7,16H2,1H3,(H,18,21)/b9-8+,11-5-",C15H17N3O4,303.12190602400005,0.5052999999999995,4.63,1.89,3.84,-20,3.815246686316644,1,CONCAT,6,3,117.91999999999999,6,15,4,3,0.6818181818181818,0.18181818181818182,0.13636363636363635,0.26666666666666666,0.0,22,2,1,1,2,1,1,0,0
Oc1c(OC(=O)C(=O)O)ccc(c1)[C@@H](CN)C1=CCON1,17/000001222,"InChI=1S/C13H14N2O6/c14-6-8(9-3-4-20-15-9)7-1-2-11(10(16)5-7)21-13(19)12(17)18/h1-3,5,8,15-16H,4,6,14H2,(H,17,18)/t8-/m1/s1",C13H13N2O6,294.085186168,-0.15679999999999977,4.63,-5.67,20.0,-190,3.834279317346222,1,CONCAT,7,4,131.10999999999999,4,13,6,2,0.6190476190476191,0.2857142857142857,0.09523809523809523,0.23076923076923078,0.07692307692307693,21,2,1,1,1,1,0,0,0
OC/C=C\1/C(=NNC1=O)C(=O)Cc1oc(cc1)C=C,1/000000660,"InChI=1S/C13H12N2O4/c1-2-8-3-4-9(19-8)7-11(17)12-10(5-6-16)13(18)15-14-12/h2-5,16H,1,6-7H2,(H,15,18)/b10-5-",C13H12N2O4,260.079706864,0.43869999999999926,4.63,4.39,2.48,0,3.6340530073851847,1,CONCAT,5,2,91.9,5,13,4,2,0.6842105263157895,0.21052631578947367,0.10526315789473684,0.15384615384615385,0.0,19,2,1,1,2,1,1,0,0
Sc1nnc([nH]1)[C@H](C[NH3+])N,1/000001084,"InChI=1S/C4H9N5S/c5-1-2(6)3-7-4(10)9-8-3/h2H,1,5-6H2,(H2,7,8,9,10)/p+1/t2-/m0/s1",C4H10N5S,160.06514274008998,-1.6649000000000003,4.63,4.66,1.0,-150,5.455572437594872,1,CONCAT,4,4,95.23,2,4,0,5,0.4,0.0,0.5,0.5,0.25,10,1,0,1,1,0,1,0,0
Oc1c(OC(=O)c2ncoc2)cccc1c1c[nH]c(c1)CC(=O)O,17/000000892,"InChI=1S/C16H12N2O6/c19-14(20)5-10-4-9(6-17-10)11-2-1-3-13(15(11)21)24-16(22)12-7-23-8-18-12/h1-4,6-8,17,21H,5H2,(H,19,20)",C16H11N2O6,328.06953610399995,2.221599999999999,4.63,-0.56,3.58,-160,3.0970807677909225,1,CONCAT,6,3,125.64999999999999,5,16,6,2,0.6666666666666666,0.25,0.08333333333333333,0.0625,0.0,24,3,0,3,2,0,2,0,0
Oc1c(OC(=O)c2nnc[nH]2)ccc(c1C=S)c1[nH]nnn1,17/000001234,"InChI=1S/C11H7N7O3S/c19-8-6(3-22)5(9-15-17-18-16-9)1-2-7(8)21-11(20)10-12-4-13-14-10/h1-4,19H,(H,12,13,14)(H,15,16,17,18)",C11H6N7O3S,317.0331080840001,0.25739999999999974,4.63,-4.53,24.8,-180,3.790987093450493,1,CONCAT,9,3,142.56,4,11,3,7,0.5,0.13636363636363635,0.3181818181818182,0.0,0.0,22,3,0,3,2,0,2,0,0
Oc1c(OC(=O)c2nnc[nH]2)ccc(c1C(F)F)CC[NH3+],17/000000309,"InChI=1S/C12H12F2N4O3/c13-10(14)8-6(3-4-15)1-2-7(9(8)19)21-12(20)11-16-5-17-18-11/h1-2,5,10,19H,3-4,15H2,(H,16,17,18)/p+1",C12H13N4O3F2,299.09502313609005,0.45149999999999973,4.63,-4.14,24.3,-190,3.9041322145966255,1,CONCAT,5,3,115.74,5,12,3,4,0.5714285714285714,0.14285714285714285,0.19047619047619047,0.25,0.0,21,2,0,2,1,0,1,0,0
Oc1c(OC(=O)c2n[nH]nc2)ccc(c1N(=O)=O)CC=C,17/000000317,"InChI=1S/C12H10N4O5/c1-2-3-7-4-5-9(11(17)10(7)16(19)20)21-12(18)8-6-13-15-14-8/h2,4-6,17H,1,3H2,(H,13,14,15)",C12H10N4O5,290.06511942000003,1.3662,4.63,-2.82,3.58,-20,3.0859486602199677,1,CONCAT,7,2,131.24,5,12,5,4,0.5714285714285714,0.23809523809523808,0.19047619047619047,0.08333333333333333,0.0,21,2,0,2,1,0,1,0,0
ON[C@H](C(=O)Cc1nnc(s1)C/C=C\C=S)c1n[nH]cc1Br,1/000000583,"InChI=1S/C12H12BrN5O2S2/c13-7-6-14-17-11(7)12(18-20)8(19)5-10-16-15-9(22-10)3-1-2-4-21/h1-2,4,6,12,18,20H,3,5H2,(H,14,17)/b2-1-/t12-/m1/s1",C12H12N5O2S2Br,400.9615787240001,1.9537999999999995,4.62,1.6,3.84,-150,4.744042308999416,1,CONCAT,8,3,103.78999999999999,8,12,2,5,0.5454545454545454,0.09090909090909091,0.22727272727272727,0.25,0.08333333333333333,22,2,0,2,2,0,2,0,0
Oc1c(OC(=O)c2nnc[nH]2)cccc1C[C@H](c1sncc1)F,17/000001416,"InChI=1S/C14H11FN4O3S/c15-9(11-4-5-18-23-11)6-8-2-1-3-10(12(8)20)22-14(21)13-16-7-17-19-13/h1-5,7,9,20H,6H2,(H,16,17,19)/t9-/m1/s1",C14H11N4O3SF,334.0535894320001,2.4393000000000002,4.62,-0.6,3.58,-170,4.012098088648437,1,CONCAT,7,2,100.99,5,14,3,4,0.6086956521739131,0.13043478260869565,0.17391304347826086,0.14285714285714285,0.07142857142857142,23,3,0,3,2,0,2,0,0
Oc1c(OC(=O)c2ncoc2)ccc(c1c1cc[nH]c1)S(=O)(=O)O,17/000000863,"InChI=1S/C14H10N2O7S/c17-13-10(23-14(18)9-6-22-7-16-9)1-2-11(24(19,20)21)12(13)8-3-4-15-5-8/h1-7,15,17H,(H,19,20,21)",C14H10N2O7S,350.0208716599999,1.8412,4.62,-3.28,3.72,-120,3.2192415295927734,1,CONCAT,7,3,142.71999999999997,4,14,7,2,0.5833333333333334,0.2916666666666667,0.08333333333333333,0.0,0.0,24,3,0,3,2,0,2,0,0
Oc1c(OC(=O)c2ncoc2)cccc1c1cc[nH]c1,17/000000401,"InChI=1S/C14H10N2O4/c17-13-10(9-4-5-15-6-9)2-1-3-12(13)20-14(18)11-7-19-8-16-11/h1-8,15,17H",C14H10N2O4,270.0640568,2.5945,4.62,-0.95,3.58,-120,3.0002659280174324,1,CONCAT,5,2,88.35,3,14,4,2,0.7,0.2,0.1,0.0,0.0,20,3,0,3,2,0,2,0,0
OC(=O)CCCCc1c(O)ccc(c1)C[N@@H+](CC)C,17/000001609,"InChI=1S/C15H23NO3/c1-3-16(2)11-12-8-9-14(17)13(10-12)6-4-5-7-15(18)19/h8-10,17H,3-7,11H2,1-2H3,(H,18,19)/p+1",C15H24NO3,266.17507004809,1.2242,4.62,-4.02,3.58,-120,3.637917103201272,1,CONCAT,2,3,61.97,8,15,3,1,0.7894736842105263,0.15789473684210525,0.05263157894736842,0.5333333333333333,0.0,19,1,0,1,0,0,0,0,0
ONC/C=C/CC1=C[C@@H](C=CO1)CC/C=C/C,1/000000835,"InChI=1S/C14H21NO2/c1-2-3-4-7-13-9-11-17-14(12-13)8-5-6-10-15-16/h2-3,5-6,9,11-13,15-16H,4,7-8,10H2,1H3/b3-2+,6-5+/t13-/m1/s1",C14H21NO2,235.157228912,3.3118000000000025,4.62,-1.32,3.58,-190,4.703396026386288,1,CONCAT,3,2,41.489999999999995,7,14,2,1,0.8235294117647058,0.11764705882352941,0.058823529411764705,0.42857142857142855,0.07142857142857142,17,1,1,0,1,1,0,0,0
Oc1cc(ccc1OC(=O)C(=O)O)C1=C(CF)CN=C1,17/000001550,"InChI=1S/C13H10FNO5/c14-4-8-5-15-6-9(8)7-1-2-11(10(16)3-7)20-13(19)12(17)18/h1-3,6,16H,4-5H2,(H,17,18)",C13H9NO5F,279.05430064,1.1896999999999998,4.62,-5.44,3.58,-180,3.310740970216612,1,CONCAT,5,2,96.19,3,13,5,1,0.65,0.25,0.05,0.15384615384615385,0.0,20,2,1,1,1,1,0,0,0
Oc1c(OC(=O)c2nnc([nH]2)CCC)ccc(c1)F,17/000000325,"InChI=1S/C12H12FN3O3/c1-2-3-10-14-11(16-15-10)12(18)19-9-5-4-7(13)6-8(9)17/h4-6,17H,2-3H2,1H3,(H,14,15,16)",C12H12N3O3F,265.086269464,1.8211,4.61,1.4,3.58,-20,2.842447492145709,1,CONCAT,5,2,88.1,4,12,3,3,0.631578947368421,0.15789473684210525,0.15789473684210525,0.25,0.0,19,2,0,2,1,0,1,0,0
Sc1ccc(cc1)[C@@H](c1onc(c1)O)O,14/000000003,"InChI=1S/C10H9NO3S/c12-9-5-8(14-11-9)10(13)6-1-3-7(15)4-2-6/h1-5,10,13,15H,(H,11,12)/t10-/m0/s1",C10H9NO3S,223.030314148,1.7506000000000004,4.61,-4.33,2.22,-170,3.503620805107891,1,CONCAT,5,3,66.49000000000001,2,10,3,1,0.6666666666666666,0.2,0.06666666666666667,0.1,0.1,15,2,0,2,1,0,1,0,0
OC/C(=C\CS)/NCC#CCc1ncn[nH]1,15/000000275,"InChI=1S/C10H14N4OS/c15-7-9(4-6-16)11-5-2-1-3-10-12-8-13-14-10/h4,8,11,15-16H,3,5-7H2,(H,12,13,14)/b9-4+",C10H14N4OS,238.088832068,-0.2538000000000002,4.61,10.06,2.22,0,4.116943793074085,1,CONCAT,5,4,73.83,5,10,1,4,0.625,0.0625,0.25,0.4,0.0,16,1,0,1,1,0,1,0,0
Oc1c(OC(=O)[C@@H](C)F)cc(cc1N(=O)=O)O,17/000001189,"InChI=1S/C9H8FNO6/c1-4(10)9(14)17-7-3-5(12)2-6(8(7)13)11(15)16/h2-4,12-13H,1H3/t4-/m1/s1",C9H8NO6F,245.033565196,1.2694,4.61,-1.52,2.35,-170,3.1536095128997745,1,CONCAT,6,2,109.89999999999999,3,9,6,1,0.5294117647058824,0.35294117647058826,0.058823529411764705,0.2222222222222222,0.1111111111111111,17,1,0,1,0,0,0,0,0
SC/C=C/[C@H](CC1=CC(=O)C1=O)N,13/000000015,"InChI=1S/C9H11NO2S/c10-7(2-1-3-13)4-6-5-8(11)9(6)12/h1-2,5,7,13H,3-4,10H2/b2-1+/t7-/m1/s1",C9H11NO2S,197.051049592,-0.3616000000000001,4.61,5.93,2.22,-150,4.251550293455658,1,CONCAT,4,2,60.16,4,9,2,1,0.6923076923076923,0.15384615384615385,0.07692307692307693,0.3333333333333333,0.1111111111111111,13,1,0,1,0,0,0,0,0
Oc1cc(cnc1[C@@H](N1C=CCC1)C#CC(=C)COC)CNCN,2/000000001,"InChI=1S/C18H24N4O2/c1-14(12-24-2)5-6-16(22-7-3-4-8-22)18-17(23)9-15(11-21-18)10-20-13-19/h3,7,9,11,16,20,23H,1,4,8,10,12-13,19H2,2H3/t16-/m0/s1",C18H24N4O2,328.18992600800004,1.2594999999999998,4.61,-0.37,22.6,-170,4.48683429119897,1,CONCAT,6,3,83.64,7,18,2,4,0.75,0.08333333333333333,0.16666666666666666,0.3888888888888889,0.05555555555555555,24,2,1,1,2,1,1,0,0
ONC/C=C\C[C@H](Cc1[nH]ccc1C=C)O,1/000000880,"InChI=1S/C12H18N2O2/c1-2-10-6-8-13-12(10)9-11(15)5-3-4-7-14-16/h2-4,6,8,11,13-16H,1,5,7,9H2/b4-3-/t11-/m1/s1",C12H18N2O2,222.136827816,1.4862,4.61,-3.48,3.72,-170,4.224011546267691,1,CONCAT,3,4,68.28,7,12,2,2,0.75,0.125,0.125,0.3333333333333333,0.08333333333333333,16,1,0,1,1,0,1,0,0
Oc1c(OC(=O)c2nnc[nH]2)ccc(c1)/C(=C\C)/CCC,17/000000929,"InChI=1S/C15H17N3O3/c1-3-5-10(4-2)11-6-7-13(12(19)8-11)21-15(20)14-16-9-17-18-14/h4,6-9,19H,3,5H2,1-2H3,(H,16,17,18)/b10-4-",C15H17N3O3,287.126991404,2.932900000000001,4.61,-5.28,3.58,-140,3.196300726038426,1,CONCAT,5,2,88.1,5,15,3,3,0.7142857142857143,0.14285714285714285,0.14285714285714285,0.26666666666666666,0.0,21,2,0,2,1,0,1,0,0
ONCC(=O)Cc1nnc(s1)c1c(Cl)nc[nH]1,1/000000315,"InChI=1S/C8H8ClN5O2S/c9-7-6(10-3-11-7)8-14-13-5(17-8)1-4(15)2-12-16/h3,12,16H,1-2H2,(H,10,11)",C8H8N5O2SCl,273.008723176,0.6719999999999997,4.61,-2.24,24.7,-80,3.556451197225172,1,CONCAT,7,3,103.78999999999999,5,8,2,5,0.47058823529411764,0.11764705882352941,0.29411764705882354,0.25,0.0,17,2,0,2,2,0,2,0,0
Sc1c(/C=C/CC(=O)CC)cc(cc1ON)Br,15/000000033,"InChI=1S/C12H14BrNO2S/c1-2-10(15)5-3-4-8-6-9(13)7-11(16-14)12(8)17/h3-4,6-7,17H,2,5,14H2,1H3/b4-3+",C12H14NO2SBr,314.99286178799997,3.372700000000001,4.6,-8.99,2.35,-60,3.4249197590980813,1,CONCAT,4,2,52.32,5,12,2,1,0.7058823529411765,0.11764705882352941,0.058823529411764705,0.25,0.0,17,1,0,1,0,0,0,0,0
OC(=O)[C@@H](c1ccc(c(c1)O)OC(=O)c1ncoc1)N,17/000000794,"InChI=1S/C12H10N2O6/c13-10(11(16)17)6-1-2-9(8(15)3-6)20-12(18)7-4-19-5-14-7/h1-5,10,15H,13H2,(H,16,17)/t10-/m1/s1",C12H10N2O6,278.05388604,0.6838000000000001,4.6,-4.05,3.58,-170,3.2427953698073004,1,CONCAT,7,3,135.88000000000002,4,12,6,2,0.6,0.3,0.1,0.08333333333333333,0.08333333333333333,20,2,0,2,1,0,1,0,0
OC(=O)c1cc(O)cc(c1)CC(=O)OC[C@H](S)Br,22/000000012,"InChI=1S/C11H11BrO5S/c12-9(18)5-17-10(14)3-6-1-7(11(15)16)4-8(13)2-6/h1-2,4,9,13,18H,3,5H2,(H,15,16)/t9-/m0/s1",C11H11O5SBr,333.951056552,1.8268999999999997,4.6,-1.64,2.22,-190,3.142120419988198,1,CONCAT,5,3,83.83,5,11,5,0,0.6111111111111112,0.2777777777777778,0.0,0.2727272727272727,0.09090909090909091,18,1,0,1,0,0,0,0,0
Sc1nnc([nH]1)CCNC(=O)[C@]1(O)COCC1,1/000000685,"InChI=1S/C9H14N4O3S/c14-7(9(15)2-4-16-5-9)10-3-1-6-11-8(17)13-12-6/h15H,1-5H2,(H,10,14)(H2,11,12,13,17)/t9-/m1/s1",C9H14N4O3S,258.078661308,-1.0965000000000003,4.6,2.48,2.22,-150,4.092987921990684,1,CONCAT,6,4,100.13000000000001,4,9,3,4,0.5294117647058824,0.17647058823529413,0.23529411764705882,0.6666666666666666,0.1111111111111111,17,2,1,1,2,1,1,0,0
Oc1c(OC(=O)c2nnn[nH]2)cccc1C1=CC=COC1,17/000000519,"InChI=1S/C13H10N4O4/c18-11-9(8-3-2-6-20-7-8)4-1-5-10(11)21-13(19)12-14-16-17-15-12/h1-6,18H,7H2,(H,14,15,16,17)",C13H10N4O4,286.0702048,1.0517999999999998,4.6,-1.21,3.58,-160,3.546214616649068,1,CONCAT,7,2,110.22000000000001,3,13,4,4,0.6190476190476191,0.19047619047619047,0.19047619047619047,0.07692307692307693,0.0,21,3,1,2,2,1,1,0,0
OC(=O)C1=C(C#Cc2cscc2Br)NC=CC1,12/000000140,"InChI=1S/C12H8BrNO2S/c13-10-7-17-6-8(10)3-4-11-9(12(15)16)2-1-5-14-11/h1,5-7,14H,2H2,(H,15,16)",C12H8NO2SBr,308.94591159600003,2.7078000000000007,4.6,-7.3,23.4,-20,4.007031004917479,1,CONCAT,3,2,49.33,1,12,2,1,0.7058823529411765,0.11764705882352941,0.058823529411764705,0.08333333333333333,0.0,17,2,1,1,2,1,1,0,0
ON[C@H](/C=C/c1cocc1CN(=O)=O)S,1/000000775,"InChI=1S/C8H10N2O4S/c11-9-8(15)2-1-6-4-14-5-7(6)3-10(12)13/h1-2,4-5,8-9,11,15H,3H2/b2-1+/t8-/m0/s1",C8H10N2O4S,230.0361278,1.3042,4.6,1.58,2.35,-150,4.736307859516896,1,CONCAT,6,3,88.53999999999999,5,8,4,2,0.5333333333333333,0.26666666666666666,0.13333333333333333,0.25,0.125,15,1,0,1,1,0,1,0,0
Oc1c(OC(=O)c2nnc[nH]2)cccc1CCF,17/000000837,"InChI=1S/C11H10FN3O3/c12-5-4-7-2-1-3-8(9(7)16)18-11(17)10-13-6-14-15-10/h1-3,6,16H,4-5H2,(H,13,14,15)",C11H10N3O3F,251.0706194,1.2414999999999998,4.6,-1.33,3.58,0,3.141358412417256,1,CONCAT,5,2,88.1,4,11,3,3,0.6111111111111112,0.16666666666666666,0.16666666666666666,0.18181818181818182,0.0,18,2,0,2,1,0,1,0,0
ON[C@H](C(=O)Cc1nnc(s1)CC#C)c1n[nH]cc1Br,1/000000151,"InChI=1S/C11H10BrN5O2S/c1-2-3-8-14-15-9(20-8)4-7(18)11(17-19)10-6(12)5-13-16-10/h1,5,11,17,19H,3-4H2,(H,13,16)/t11-/m1/s1",C11H10N5O2SBr,354.97385765999996,1.0310999999999995,4.6,1.38,2.48,-150,4.4759482619151925,1,CONCAT,7,3,103.78999999999999,6,11,2,5,0.55,0.1,0.25,0.2727272727272727,0.09090909090909091,20,2,0,2,2,0,2,0,0
Sc1c(/C=C/C=C/[C@@H](CCO)O)cc(cc1ON)Br,15/000000238,"InChI=1S/C13H16BrNO3S/c14-10-7-9(13(19)12(8-10)18-15)3-1-2-4-11(17)5-6-16/h1-4,7-8,11,16-17,19H,5-6,15H2/b3-1+,4-2+/t11-/m0/s1",C13H16NO3SBr,345.003426472,2.3029999999999995,4.6,-6.96,2.35,-190,3.9338200617811543,1,CONCAT,5,4,75.71,6,13,3,1,0.6842105263157895,0.15789473684210525,0.05263157894736842,0.23076923076923078,0.07692307692307693,19,1,0,1,0,0,0,0,0
OC(=O)Cc1nnc([nH]1)c1ccc(cc1C(=O)O)OC,12/000000127,"InChI=1S/C12H11N3O5/c1-20-6-2-3-7(8(4-6)12(18)19)11-13-9(14-15-11)5-10(16)17/h2-4H,5H2,1H3,(H,16,17)(H,18,19)(H,13,14,15)",C12H11N3O5,277.06987045200003,0.8055999999999999,4.59,-6.65,3.72,-200,2.574785166020808,1,CONCAT,5,3,125.4,5,12,5,3,0.6,0.25,0.15,0.16666666666666666,0.0,20,2,0,2,1,0,1,0,0
ONCS(=O)(=O)NCc1nccc(c1)C[N@@H+](CC)CCl,1/000000185,"InChI=1S/C11H19ClN4O3S/c1-2-16(8-12)7-10-3-4-13-11(5-10)6-15-20(18,19)9-14-17/h3-5,14-15,17H,2,6-9H2,1H3/p+1",C11H20N4O3SCl,323.09391560009,-0.9615999999999978,4.59,-1.21,19.2,-80,4.514997607569538,1,CONCAT,5,4,95.76,9,11,3,4,0.55,0.15,0.2,0.5454545454545454,0.0,20,1,0,1,1,0,1,0,0
Oc1cc(c(c(c1)S(=O)(=O)O)F)[C@H](CC)Nc1[nH]ncc1,13/000000001,"InChI=1S/C12H14FN3O4S/c1-2-9(15-11-3-4-14-16-11)8-5-7(17)6-10(12(8)13)21(18,19)20/h3-6,9,17H,2H2,1H3,(H2,14,15,16)(H,18,19,20)/t9-/m0/s1",C12H14N3O4SF,315.06890514800006,2.0643,4.59,-8.2,23.8,-190,3.609947501068127,1,CONCAT,5,4,115.30999999999999,5,12,4,3,0.5714285714285714,0.19047619047619047,0.14285714285714285,0.25,0.08333333333333333,21,2,0,2,1,0,1,0,0
ON[C@H](C(=O)Cc1nnc(s1)CC#CC)C#C,1/000000420,"InChI=1S/C11H11N3O2S/c1-3-5-6-10-12-13-11(17-10)7-9(15)8(4-2)14-16/h2,8,14,16H,6-7H2,1H3/t8-/m0/s1",C11H11N3O2S,249.057197592,0.19609999999999972,4.59,-0.63,2.22,-190,4.410725790239455,1,CONCAT,6,2,75.11,5,11,2,3,0.6470588235294118,0.11764705882352941,0.17647058823529413,0.36363636363636365,0.09090909090909091,17,1,0,1,1,0,1,0,0
Oc1c(OC(=O)c2ncoc2)ccc(c1)c1ncc[nH]1,17/000000937,"InChI=1S/C13H9N3O4/c17-10-5-8(12-14-3-4-15-12)1-2-11(10)20-13(18)9-6-19-7-16-9/h1-7,17H,(H,14,15)",C13H9N3O4,271.05930576800006,1.9894999999999994,4.59,-3.92,21.7,-160,2.888138341810535,1,CONCAT,6,2,101.24000000000001,3,13,4,3,0.65,0.2,0.15,0.0,0.0,20,3,0,3,2,0,2,0,0
Oc1c(OC(=O)CO)ccc(c1)c1nncs1,17/000000050,"InChI=1S/C10H8N2O4S/c13-4-9(15)16-8-2-1-6(3-7(8)14)10-12-11-5-17-10/h1-3,5,13-14H,4H2",C10H8N2O4S,252.020477736,0.8083999999999998,4.59,-5.0,19.5,-160,2.6948338895328643,1,CONCAT,7,2,92.54,3,10,4,2,0.5882352941176471,0.23529411764705882,0.11764705882352941,0.1,0.0,17,2,0,2,1,0,1,0,0
ON[C@H](C(=O)Cc1nncs1)c1nnco1,1/000000011,"InChI=1S/C7H7N5O3S/c13-4(1-5-10-9-3-16-5)6(12-14)7-11-8-2-15-7/h2-3,6,12,14H,1H2/t6-/m1/s1",C7H7N5O3S,241.026960084,-0.24720000000000053,4.59,5.28,2.35,-150,4.272667265331236,1,CONCAT,9,2,114.03,5,7,3,5,0.4375,0.1875,0.3125,0.2857142857142857,0.14285714285714285,16,2,0,2,2,0,2,0,0
OC/C=c\1/sc2c([nH]1)c(C(=O)O)ccc2,30/000000066,"InChI=1S/C10H9NO3S/c12-5-4-8-11-9-6(10(13)14)2-1-3-7(9)15-8/h1-4,11-12H,5H2,(H,13,14)/b8-4+",C10H8NO3S,223.030314148,1.7361,4.59,-1.39,2.22,-40,3.0630078440786423,1,CONCAT,4,3,69.56,2,10,3,1,0.6666666666666666,0.2,0.06666666666666667,0.1,0.0,15,2,1,1,1,1,0,0,0
c1nnc([nH]1)Cn1nc([nH]c1=O)COC/C=C\C,26/000000098,"InChI=1S/C10H14N6O2/c1-2-3-4-18-6-9-13-10(17)16(15-9)5-8-11-7-12-14-8/h2-3,7H,4-6H2,1H3,(H,11,12,14)(H,13,15,17)/b3-2-",C10H14N6O2,250.117823688,-0.16950000000000065,4.59,10.15,21.3,-20,3.8928106922641046,1,CONCAT,6,2,101.48,6,10,2,6,0.5555555555555556,0.1111111111111111,0.3333333333333333,0.4,0.0,18,2,0,2,2,0,2,0,0
NO[C@@H](c1n[nH]c(c1)N)c1oc(cc1)Br,26/000000131,"InChI=1S/C8H9BrN4O2/c9-6-2-1-5(14-6)8(15-11)4-3-7(10)13-12-4/h1-3,8H,11H2,(H3,10,12,13)/t8-/m0/s1",C8H9N4O2Br,271.990887628,1.3271,4.59,5.8,19.5,-150,4.081008717195803,1,CONCAT,5,3,103.09,3,8,2,4,0.5333333333333333,0.13333333333333333,0.26666666666666666,0.125,0.125,15,2,0,2,2,0,2,0,0
ONCCCC[C@H](S(=O)=O)c1nnc(o1)S,1/000000036,"InChI=1S/C7H13N3O4S2/c11-8-4-2-1-3-5(16(12)13)6-9-10-7(15)14-6/h5,8,11,16H,1-4H2,(H,10,15)/t5-/m0/s1",C7H13N3O4S2,267.034747896,0.15989999999999982,4.58,-3.71,3.58,-150,4.719875322491467,1,CONCAT,8,4,105.32000000000001,7,7,4,3,0.4375,0.25,0.1875,0.7142857142857143,0.14285714285714285,16,1,0,1,1,0,1,0,0
O[P@@H](=O)Oc1ccc(c(c1)CO)c1ocnc1C,17/000000709,"InChI=1S/C11H12NO5P/c1-7-11(16-6-12-7)10-3-2-9(17-18(14)15)4-8(10)5-13/h2-4,6,13,18H,5H2,1H3,(H,14,15)",C11H12NO5P,269.045309114,1.9031199999999997,4.58,-1.41,18.4,-140,3.956151727680505,1,CONCAT,5,2,92.79,4,11,5,1,0.6111111111111112,0.2777777777777778,0.05555555555555555,0.18181818181818182,0.0,18,2,0,2,1,0,1,0,0
O[P@@H](=O)Oc1ccc(c(c1)CO)c1ocnc1CC,17/000001121,"InChI=1S/C12H14NO5P/c1-2-11-12(17-7-13-11)10-4-3-9(18-19(15)16)5-8(10)6-14/h3-5,7,14,19H,2,6H2,1H3,(H,15,16)",C12H14NO5P,283.060959178,2.1571,4.58,-1.86,19.0,-140,4.017763625474355,1,CONCAT,5,2,92.79,5,12,5,1,0.631578947368421,0.2631578947368421,0.05263157894736842,0.25,0.0,19,2,0,2,1,0,1,0,0
Oc1c(OC(=O)c2nnc[nH]2)cccc1c1ncncn1,17/000000179,"InChI=1S/C12H8N6O3/c19-9-7(10-14-4-13-5-15-10)2-1-3-8(9)21-12(20)11-16-6-17-18-11/h1-6,19H,(H,16,17,18)",C12H8N6O3,284.065788116,0.5814999999999997,4.58,-1.16,20.3,-160,3.1855813253502028,1,CONCAT,8,2,126.77,3,12,3,6,0.5714285714285714,0.14285714285714285,0.2857142857142857,0.0,0.0,21,3,0,3,2,0,2,0,0
ONC/C(=C/CC1=CCC=C(O1)[C@](CN)(C=C)N)/C,1/000000905,"InChI=1S/C14H23N3O2/c1-3-14(16,10-15)13-6-4-5-12(19-13)8-7-11(2)9-17-18/h3,5-7,17-18H,1,4,8-10,15-16H2,2H3/b11-7+/t14-/m1/s1",C14H23N3O2,265.179026976,1.3319,4.58,-2.59,19.0,-170,4.9961289375207985,1,CONCAT,5,4,93.52999999999999,7,14,2,3,0.7368421052631579,0.10526315789473684,0.15789473684210525,0.42857142857142855,0.07142857142857142,19,1,1,0,1,1,0,0,0
OC/C=C/1\C(=O)NN=C1C(=O)Cc1oc(cc1)C[N@H+](CCCl)C,1/000001013,"InChI=1S/C15H18ClN3O4/c1-19(6-5-16)9-11-3-2-10(23-11)8-13(21)14-12(4-7-20)15(22)18-17-14/h2-4,20H,5-9H2,1H3,(H,18,22)/p+1/b12-4-",C15H19N3O4Cl,340.10586018809,-0.950799999999999,4.58,1.89,3.84,-40,4.823414718893193,1,CONCAT,5,3,96.33999999999999,8,15,4,3,0.6521739130434783,0.17391304347826086,0.13043478260869565,0.4,0.0,23,2,1,1,2,1,1,0,0
Oc1c(OC(=O)CCCCCN)ccc(c1CO)c1scnc1,17/000000800,"InChI=1S/C16H20N2O4S/c17-7-3-1-2-4-15(20)22-13-6-5-11(12(9-19)16(13)21)14-8-18-10-23-14/h5-6,8,10,19,21H,1-4,7,9,17H2",C16H20N2O4S,336.11437812,2.4325,4.58,-2.3,3.72,-180,2.8055075836247223,1,CONCAT,7,3,105.67,8,16,4,2,0.6956521739130435,0.17391304347826086,0.08695652173913043,0.375,0.0,23,2,0,2,1,0,1,0,0
ON[C@H](CCCCCCCS)c1cnc[nH]1,1/000000062,"InChI=1S/C11H21N3OS/c15-14-10(11-8-12-9-13-11)6-4-2-1-3-5-7-16/h8-10,14-16H,1-7H2,(H,12,13)/t10-/m1/s1",C11H21N3OS,243.140533292,2.7,4.58,0.68,2.35,-150,3.518259573023544,1,CONCAT,4,4,60.94,9,11,1,3,0.6875,0.0625,0.1875,0.7272727272727273,0.09090909090909091,16,1,0,1,1,0,1,0,0
C=CCc1nn(c(=O)[nH]1)[C@H](c1nnc([nH]1)C[NH3+])Cl,26/000000103,"InChI=1S/C9H12ClN7O/c1-2-3-5-13-9(18)17(16-5)7(10)8-12-6(4-11)14-15-8/h2,7H,1,3-4,11H2,(H,12,14,15)(H,13,16,18)/p+1/t7-/m1/s1",C9H13N7OCl,270.08646213609,-1.0543999999999998,4.58,8.73,22.6,-150,5.060903112295889,1,CONCAT,5,3,119.89,5,9,1,7,0.5,0.05555555555555555,0.3888888888888889,0.3333333333333333,0.1111111111111111,18,2,0,2,2,0,2,0,0
OC(=O)C1=C(C#Cc2nc(n[nH]2)S)NC=CC1,12/000000180,"InChI=1S/C10H8N4O2S/c15-9(16)6-2-1-5-11-7(6)3-4-8-12-10(17)14-13-8/h1,5,11H,2H2,(H,15,16)(H2,12,13,14,17)",C10H8N4O2S,248.036796496,0.29059999999999975,4.58,-6.94,24.1,-20,4.374972351071326,1,CONCAT,5,4,90.9,1,10,2,4,0.5882352941176471,0.11764705882352941,0.23529411764705882,0.1,0.0,17,2,1,1,2,1,1,0,0
Oc1c(OC(=O)c2ncoc2)ccc(c1NC(=O)N)c1[nH]ncc1,17/000001397,"InChI=1S/C14H11N5O5/c15-14(22)18-11-7(8-3-4-17-19-8)1-2-10(12(11)20)24-13(21)9-5-23-6-16-9/h1-6,20H,(H,17,19)(H3,15,18,22)",C14H11N5O5,329.0760184520001,1.4800999999999997,4.58,-4.67,5.09,-180,3.211568098107665,1,CONCAT,7,4,156.36,4,14,5,5,0.5833333333333334,0.20833333333333334,0.20833333333333334,0.0,0.0,24,3,0,3,2,0,2,0,0
OC(=O)/C=C\c1ccc(c(c1)O)OC(=O)C(=O)O,17/000000819,"InChI=1S/C11H8O7/c12-7-5-6(2-4-9(13)14)1-3-8(7)18-11(17)10(15)16/h1-5,12H,(H,13,14)(H,15,16)/b4-2-",C11H7O7,252.02700259600002,0.4799999999999999,4.58,-3.31,2.22,-60,2.3484981182996076,1,CONCAT,5,3,121.13000000000001,3,11,7,0,0.6111111111111112,0.3888888888888889,0.0,0.0,0.0,18,1,0,1,0,0,0,0,0
Sc1nnc(o1)CCCCCCOC(=O)c1nnc([nH]1)S,4/000000016,"InChI=1S/C11H15N5O3S2/c17-9(8-12-10(20)15-14-8)18-6-4-2-1-3-5-7-13-16-11(21)19-7/h1-6H2,(H,16,21)(H2,12,14,15,20)",C11H15N5O3S2,329.06163134,1.7249999999999999,4.57,-4.02,3.58,-60,3.435440543509092,1,CONCAT,9,3,106.78999999999999,8,11,3,5,0.5238095238095238,0.14285714285714285,0.23809523809523808,0.5454545454545454,0.0,21,2,0,2,2,0,2,0,0
OC(=O)/C=C/[C@H](CN)Nc1ncc(cn1)C/C=C/C,1/000000719,"InChI=1S/C13H18N4O2/c1-2-3-4-10-8-15-13(16-9-10)17-11(7-14)5-6-12(18)19/h2-3,5-6,8-9,11H,4,7,14H2,1H3,(H,18,19)(H,15,16,17)/b3-2+,6-5+/t11-/m1/s1",C13H18N4O2,262.142975816,0.9752000000000002,4.57,0.01,3.58,-170,3.7197525949954,1,CONCAT,5,3,101.13,7,13,2,4,0.6842105263157895,0.10526315789473684,0.21052631578947367,0.3076923076923077,0.07692307692307693,19,1,0,1,1,0,1,0,0
Oc1c(OC(=O)c2nnc[nH]2)ccc(c1)CCCC,17/000000994,"InChI=1S/C13H15N3O3/c1-2-3-4-9-5-6-11(10(17)7-9)19-13(18)12-14-8-15-16-12/h5-8,17H,2-4H2,1H3,(H,14,15,16)",C13H15N3O3,261.11134134,2.0721,4.57,-4.34,3.58,-60,2.756220738396312,1,CONCAT,5,2,88.1,5,13,3,3,0.6842105263157895,0.15789473684210525,0.15789473684210525,0.3076923076923077,0.0,19,2,0,2,1,0,1,0,0
Oc1c(OC(=O)c2nnn[nH]2)cccc1/C=C\C,17/000001560,"InChI=1S/C11H10N4O3/c1-2-4-7-5-3-6-8(9(7)16)18-11(17)10-12-14-15-13-10/h2-6,16H,1H3,(H,12,13,14,15)/b4-2-",C11H10N4O3,246.07529018,1.1576,4.57,-1.3,3.58,-20,3.0428579599285666,1,CONCAT,6,2,100.99000000000001,3,11,3,4,0.6111111111111112,0.16666666666666666,0.2222222222222222,0.09090909090909091,0.0,18,2,0,2,1,0,1,0,0
Oc1cc(C(=O)NC=S)ccc1OC(=O)C(=O)O,17/000000964,"InChI=1S/C10H7NO6S/c12-6-3-5(8(13)11-4-18)1-2-7(6)17-10(16)9(14)15/h1-4,12H,(H,14,15)(H,11,13,18)",C10H6NO6S,268.99940794400004,0.06919999999999987,4.57,-6.05,3.58,-40,2.8077144644534524,1,CONCAT,6,3,112.92999999999999,3,10,6,1,0.5555555555555556,0.3333333333333333,0.05555555555555555,0.0,0.0,18,1,0,1,0,0,0,0,0
OC(=O)Cc1cccc(c1O)OC(=O)c1nnn[nH]1,17/000001485,"InChI=1S/C10H8N4O5/c15-7(16)4-5-2-1-3-6(8(5)17)19-10(18)9-11-13-14-12-9/h1-3,17H,4H2,(H,15,16)(H,11,12,13,14)",C10H8N4O5,264.04946935600003,-0.24840000000000007,4.57,-0.26,3.58,0,2.8284524268336604,1,CONCAT,7,3,138.29000000000002,4,10,5,4,0.5263157894736842,0.2631578947368421,0.21052631578947367,0.1,0.0,19,2,0,2,1,0,1,0,0
Oc1c(OC(=O)c2nnc[nH]2)cccc1c1cn[nH]c1N,17/000000158,"InChI=1S/C12H10N6O3/c13-10-7(4-15-17-10)6-2-1-3-8(9(6)19)21-12(20)11-14-5-16-18-11/h1-5,19H,(H3,13,15,17)(H,14,16,18)",C12H10N6O3,286.08143818,0.7017999999999998,4.57,-2.03,3.58,-120,3.2499113127398607,1,CONCAT,7,4,142.8,3,12,3,6,0.5714285714285714,0.14285714285714285,0.2857142857142857,0.0,0.0,21,3,0,3,2,0,2,0,0
OC(=O)c1c(S)cccc1COC(=O)C/C=C/c1csc(c1)Cl,12/000000045,"InChI=1S/C16H13ClO4S2/c17-13-7-10(9-23-13)3-1-6-14(18)21-8-11-4-2-5-12(22)15(11)16(19)20/h1-5,7,9,22H,6,8H2,(H,19,20)/b3-1+",C16H13O4S2Cl,367.9943785760001,4.535100000000003,4.57,-0.51,5.09,-60,3.0685267922046036,1,CONCAT,5,2,63.6,6,16,4,0,0.6956521739130435,0.17391304347826086,0.0,0.125,0.0,23,2,0,2,1,0,1,0,0
C#CCOc1cc(cc(c1O)OC(=O)c1nnc[nH]1)CON,17/000001045,"InChI=1S/C13H12N4O5/c1-2-3-20-9-4-8(6-21-14)5-10(11(9)18)22-13(19)12-15-7-16-17-12/h1,4-5,7,18H,3,6,14H2,(H,15,16,17)",C13H12N4O5,304.08076948400003,0.1317999999999998,4.57,-4.45,24.7,-20,3.3851191388244732,1,CONCAT,8,3,132.58,6,13,5,4,0.5909090909090909,0.22727272727272727,0.18181818181818182,0.15384615384615385,0.0,22,2,0,2,1,0,1,0,0
Clc1cc(Nc2nc(cs2)CCOCCC[NH3+])c(c(c1)C(=O)N)I,18/000000009,"InChI=1S/C15H18ClIN4O2S/c16-9-6-11(14(19)22)13(17)12(7-9)21-15-20-10(8-24-15)2-5-23-4-1-3-18/h6-8H,1-5,18H2,(H2,19,22)(H,20,21)/p+1",C15H19N4O2SClI,480.99564894809004,2.4346999999999994,4.57,0.56,5.09,-60,3.3175347557695813,1,CONCAT,5,3,104.88000000000001,9,15,2,4,0.625,0.08333333333333333,0.16666666666666666,0.3333333333333333,0.0,24,2,0,2,1,0,1,0,0
ON[C@H](C(=O)Cc1nnc(s1)C/C=C\c1nnc[nH]1)c1n[nH]cc1Br,1/000000484,"InChI=1S/C13H13BrN8O2S/c14-7-5-16-21-12(7)13(22-24)8(23)4-11-20-19-10(25-11)3-1-2-9-15-6-17-18-9/h1-2,5-6,13,22,24H,3-4H2,(H,16,21)(H,15,17,18)/b2-1-/t13-/m1/s1",C13H13N8O2SBr,424.0065547560001,1.2293999999999992,4.57,1.54,3.84,-170,4.735763922480617,1,CONCAT,9,4,145.35999999999999,8,13,2,8,0.52,0.08,0.32,0.23076923076923078,0.07692307692307693,25,3,0,3,3,0,3,0,0
Oc1c(OC(=O)C(=O)O)cccc1CCC,17/000001052,"InChI=1S/C11H12O5/c1-2-4-7-5-3-6-8(9(7)12)16-11(15)10(13)14/h3,5-6,12H,2,4H2,1H3,(H,13,14)",C11H11O5,224.068473484,1.3347,4.57,-2.47,3.58,-20,2.236003573738314,1,CONCAT,4,2,83.83,3,11,5,0,0.6875,0.3125,0.0,0.2727272727272727,0.0,16,1,0,1,0,0,0,0,0
OCC#CCc1nnc(s1)CC(=O)[C@H](c1n[nH]cc1Br)NO,1/000000567,"InChI=1S/C12H12BrN5O3S/c13-7-6-14-17-11(7)12(18-21)8(20)5-10-16-15-9(22-10)3-1-2-4-19/h6,12,18-19,21H,3-5H2,(H,14,17)/t12-/m1/s1",C12H12N5O3SBr,384.984422344,0.3935999999999997,4.57,1.42,3.84,-150,4.469919728354254,1,CONCAT,8,4,124.02,6,12,3,5,0.5454545454545454,0.13636363636363635,0.22727272727272727,0.3333333333333333,0.08333333333333333,22,2,0,2,2,0,2,0,0
Oc1c(OC(=O)c2nnn[nH]2)cccc1C1=COCCC1,17/000001573,"InChI=1S/C13H12N4O4/c18-11-9(8-3-2-6-20-7-8)4-1-5-10(11)21-13(19)12-14-16-17-15-12/h1,4-5,7,18H,2-3,6H2,(H,14,15,16,17)",C13H12N4O4,288.085854864,1.2757999999999998,4.57,-2.01,3.58,-180,3.358789900381728,1,CONCAT,7,2,110.22000000000001,3,13,4,4,0.6190476190476191,0.19047619047619047,0.19047619047619047,0.23076923076923078,0.0,21,3,1,2,2,1,1,0,0
OC/C=C\1/C(=NNC1=O)C(=O)Cc1oc(cc1)CO[C@H](C)C=S,1/000000977,"InChI=1S/C15H16N2O5S/c1-9(8-23)21-7-11-3-2-10(22-11)6-13(19)14-12(4-5-18)15(20)17-16-14/h2-4,8-9,18H,5-7H2,1H3,(H,17,20)/b12-4-/t9-/m1/s1",C15H16N2O5S,336.077992612,0.7004999999999992,4.57,2.5,3.84,-170,4.252570247739346,1,CONCAT,7,2,101.13000000000001,8,15,5,2,0.6521739130434783,0.21739130434782608,0.08695652173913043,0.3333333333333333,0.06666666666666667,23,2,1,1,2,1,1,0,0
O[C@H](COCC=C)C1=NNC(=O)/C/1=C\C(=O)C,1/000000973,"InChI=1S/C11H14N2O4/c1-3-4-17-6-9(15)10-8(5-7(2)14)11(16)13-12-10/h3,5,9,15H,1,4,6H2,2H3,(H,13,16)/b8-5-/t9-/m1/s1",C11H14N2O4,238.095356928,-0.44889999999999985,4.56,8.56,3.58,-170,4.053287712960584,1,CONCAT,5,2,87.99000000000001,6,11,4,2,0.6470588235294118,0.23529411764705882,0.11764705882352941,0.36363636363636365,0.09090909090909091,17,1,1,0,1,1,0,0,0
Oc1ccc(cc1[C@@H](c1nc([nH]c1)S)O)Cl,11/000000023,"InChI=1S/C10H9ClN2O2S/c11-5-1-2-8(14)6(3-5)9(15)7-4-12-10(16)13-7/h1-4,9,14-15H,(H2,12,13,16)/t9-/m0/s1",C10H9N2O2SCl,256.007326208,2.139100000000001,4.56,4.71,2.22,-150,3.6422732245893688,1,CONCAT,4,4,69.14,2,10,2,2,0.625,0.125,0.125,0.1,0.1,16,2,0,2,1,0,1,0,0
Oc1c(OC(=O)c2nnc([nH]2)CCC)ccc(c1)CS(=O)=O,17/000000433,"InChI=1S/C13H15N3O5S/c1-2-3-11-14-12(16-15-11)13(18)21-10-5-4-8(6-9(10)17)7-22(19)20/h4-6,17,22H,2-3,7H2,1H3,(H,14,15,16)",C13H15N3O5S,325.07324158,0.7933999999999999,4.56,-1.62,23.6,-60,3.5927798515121037,1,CONCAT,7,3,122.23999999999998,6,13,5,3,0.5909090909090909,0.22727272727272727,0.13636363636363635,0.3076923076923077,0.0,22,2,0,2,1,0,1,0,0
Oc1c(OC(=O)c2nnn[nH]2)ccc(c1)CC,17/000001438,"InChI=1S/C10H10N4O3/c1-2-6-3-4-8(7(15)5-6)17-10(16)9-11-13-14-12-9/h3-5,15H,2H2,1H3,(H,11,12,13,14)",C10H10N4O3,234.07529018,0.6868999999999998,4.56,-2.81,2.22,-40,2.753489658763634,1,CONCAT,6,2,100.99000000000001,3,10,3,4,0.5882352941176471,0.17647058823529413,0.23529411764705882,0.2,0.0,17,2,0,2,1,0,1,0,0
Oc1c(OC(=O)c2ncoc2)ccc(c1NC(=O)N)Cl,17/000001225,"InChI=1S/C11H8ClN3O5/c12-5-1-2-7(9(16)8(5)15-11(13)18)20-10(17)6-3-19-4-14-6/h1-4,16H,(H3,13,15,18)",C11H8N3O5Cl,297.015248036,1.7433999999999998,4.56,-2.78,3.58,0,2.9141770541326952,1,CONCAT,6,3,127.67999999999999,3,11,5,3,0.55,0.25,0.15,0.0,0.0,20,2,0,2,1,0,1,0,0
Sc1c(/C=C/C=C/[C@@H](CCl)O)cc(cc1ON)Br,15/000000240,"InChI=1S/C12H13BrClNO2S/c13-9-5-8(12(18)11(6-9)17-15)3-1-2-4-10(16)7-14/h1-6,10,16,18H,7,15H2/b3-1+,4-2+/t10-/m0/s1",C12H13NO2SClBr,348.95388943600005,3.1594000000000007,4.56,-6.66,2.35,-190,4.131826189218966,1,CONCAT,4,3,55.480000000000004,5,12,2,1,0.6666666666666666,0.1111111111111111,0.05555555555555555,0.16666666666666666,0.08333333333333333,18,1,0,1,0,0,0,0,0
ONCC(=O)Cc1nnc(s1)c1ccccc1,1/000000307,"InChI=1S/C11H11N3O2S/c15-9(7-12-16)6-10-13-14-11(17-10)8-4-2-1-3-5-8/h1-5,12,16H,6-7H2",C11H11N3O2S,249.057197592,1.2954999999999999,4.56,-2.98,19.1,-140,2.538290757664731,1,CONCAT,6,2,75.11,5,11,2,3,0.6470588235294118,0.11764705882352941,0.17647058823529413,0.18181818181818182,0.0,17,2,0,2,1,0,1,0,0
Oc1c(OC(=O)c2nnc[nH]2)cccc1C(F)F,17/000001097,"InChI=1S/C10H7F2N3O3/c11-8(12)5-2-1-3-6(7(5)16)18-10(17)9-13-4-14-15-9/h1-4,8,16H,(H,13,14,15)",C10H7N3O3F2,255.045547524,1.6670999999999998,4.56,-0.97,21.7,-150,3.1715954259919155,1,CONCAT,5,2,88.1,3,10,3,3,0.5555555555555556,0.16666666666666666,0.16666666666666666,0.1,0.0,18,2,0,2,1,0,1,0,0
Oc1c(OC(=O)C(=O)O)ccc(c1)OCCC=C,17/000000960,"InChI=1S/C12H12O6/c1-2-3-6-17-8-4-5-10(9(13)7-8)18-12(16)11(14)15/h2,4-5,7,13H,1,3,6H2,(H,14,15)",C12H11O6,252.063388104,1.3371,4.55,-5.85,3.58,-60,2.3952650335272363,1,CONCAT,5,2,93.06,5,12,6,0,0.6666666666666666,0.3333333333333333,0.0,0.16666666666666666,0.0,18,1,0,1,0,0,0,0,0
Sc1scc(n1)c1cccc(c1O)OC(=O)c1nnc[nH]1,17/000000382,"InChI=1S/C12H8N4O3S2/c17-9-6(7-4-21-12(20)15-7)2-1-3-8(9)19-11(18)10-13-5-14-16-10/h1-5,17H,(H,15,20)(H,13,14,16)",C12H8N4O3S2,320.0037821160001,2.1417,4.55,-2.49,3.58,-140,3.474313620432169,1,CONCAT,8,3,100.99000000000001,3,12,3,4,0.5714285714285714,0.14285714285714285,0.19047619047619047,0.0,0.0,21,3,0,3,2,0,2,0,0
O[P@@H](=O)Oc1ccc(c(c1)CO)c1oc(nc1CC)CF,17/000001625,"InChI=1S/C13H15FNO5P/c1-2-11-13(19-12(6-14)15-11)10-4-3-9(20-21(17)18)5-8(10)7-16/h3-5,16,21H,2,6-7H2,1H3,(H,17,18)",C13H15NO5PF,315.06718743000005,2.6266000000000007,4.55,-3.56,22.3,-180,4.122444038831634,1,CONCAT,5,2,92.79,6,13,5,1,0.6190476190476191,0.23809523809523808,0.047619047619047616,0.3076923076923077,0.0,21,2,0,2,1,0,1,0,0
C#C[C@@H](CC(=O)O)/C=C/Cc1ccc(cc1)S,22/000000010,"InChI=1S/C14H14O2S/c1-2-11(10-14(15)16)4-3-5-12-6-8-13(17)9-7-12/h1,3-4,6-9,11,17H,5,10H2,(H,15,16)/b4-3+/t11-/m1/s1",C14H14O2S,246.071450688,2.798100000000001,4.55,-2.93,3.58,-190,3.747297639666625,1,CONCAT,2,2,37.3,5,14,2,0,0.8235294117647058,0.11764705882352941,0.0,0.21428571428571427,0.07142857142857142,17,1,0,1,0,0,0,0,0
Sc1c(cc(cc1ON)Br)/C=C/C(=C)CC[NH3+],15/000000098,"InChI=1S/C12H15BrN2OS/c1-8(4-5-14)2-3-9-6-10(13)7-11(16-15)12(9)17/h2-3,6-7,17H,1,4-5,14-15H2/p+1/b3-2+",C12H16N2OSBr,315.01612265209,2.1916999999999995,4.55,-8.8,2.35,-60,4.177738153746911,1,CONCAT,3,3,62.89,5,12,1,2,0.7058823529411765,0.058823529411764705,0.11764705882352941,0.16666666666666666,0.0,17,1,0,1,0,0,0,0,0
ONC/C=C\CC/C=C\c1ccc(cc1F)Br,1/000000754,"InChI=1S/C13H15BrFNO/c14-12-8-7-11(13(15)10-12)6-4-2-1-3-5-9-16-17/h3-8,10,16-17H,1-2,9H2/b5-3-,6-4-",C13H15NOFBr,299.03210442000005,3.9166000000000025,4.55,-3.15,2.22,0,2.9165194664559415,1,CONCAT,2,2,32.26,6,13,1,1,0.7647058823529411,0.058823529411764705,0.058823529411764705,0.23076923076923078,0.0,17,1,0,1,0,0,0,0,0
O=C(CC)OCc1nnc([nH]1)[C@@H](n1nc[nH]c1=O)Cl,26/000000047,"InChI=1S/C9H11ClN6O3/c1-2-6(17)19-3-5-13-8(15-14-5)7(10)16-9(18)11-4-12-16/h4,7H,2-3H2,1H3,(H,11,12,18)(H,13,14,15)/t7-/m1/s1",C9H11N6O3Cl,286.058115892,-0.0716000000000005,4.54,4.52,23.6,-170,4.246285251018621,1,CONCAT,7,2,118.55000000000001,5,9,3,6,0.47368421052631576,0.15789473684210525,0.3157894736842105,0.4444444444444444,0.1111111111111111,19,2,0,2,2,0,2,0,0
OC/C=C\1/C(=NNC1=O)C(=O)Cc1nc(cs1)C,1/000000601,"InChI=1S/C11H11N3O3S/c1-6-5-18-9(12-6)4-8(16)10-7(2-3-15)11(17)14-13-10/h2,5,15H,3-4H2,1H3,(H,14,17)/b7-2-",C11H11N3O3S,265.052112212,-0.03238000000000052,4.54,6.46,2.48,-20,3.4019400413765304,1,CONCAT,6,2,91.65,4,11,3,3,0.6111111111111112,0.16666666666666666,0.16666666666666666,0.2727272727272727,0.0,18,2,1,1,2,1,1,0,0
[nH]1c(nnc1CC[NH3+])Cc1ccc2c(c1)c(ccc2)CC/C=C/CC,30/000000068,"InChI=1S/C21H26N4/c1-2-3-4-5-7-17-8-6-9-18-11-10-16(14-19(17)18)15-21-23-20(12-13-22)24-25-21/h3-4,6,8-11,14H,2,5,7,12-13,15,22H2,1H3,(H,23,24,25)/p+1/b4-3+",C21H27N4,335.22302328409,3.231900000000002,4.54,-3.53,4.94,-140,3.327301394237759,1,CONCAT,2,2,69.21000000000001,8,21,0,4,0.84,0.0,0.16,0.3333333333333333,0.0,25,3,0,3,1,0,1,0,0
ONC/C=C\C[C@H](Cc1[nH]ccc1Cc1ncoc1)O,1/000000784,"InChI=1S/C14H19N3O3/c18-13(3-1-2-5-17-19)8-14-11(4-6-15-14)7-12-9-20-10-16-12/h1-2,4,6,9-10,13,15,17-19H,3,5,7-8H2/b2-1-/t13-/m1/s1",C14H19N3O3,277.142641468,1.422,4.54,-3.7,22.2,-150,4.273645126257746,1,CONCAT,5,4,94.31,8,14,3,3,0.7,0.15,0.15,0.35714285714285715,0.07142857142857142,20,2,0,2,2,0,2,0,0
Oc1c(OC(=O)C(=O)O)ccc(c1)C/C=C\C,17/000000533,"InChI=1S/C12H12O5/c1-2-3-4-8-5-6-10(9(13)7-8)17-12(16)11(14)15/h2-3,5-7,13H,4H2,1H3,(H,14,15)/b3-2-",C12H11O5,236.068473484,1.5008,4.54,-5.09,3.58,-60,2.5857796253188177,1,CONCAT,4,2,83.83,3,12,5,0,0.7058823529411765,0.29411764705882354,0.0,0.16666666666666666,0.0,17,1,0,1,0,0,0,0,0
c1nc(c[nH]1)/C=c\1/sc2c([nH]1)c(ccc2)CN(=O)=O,30/000000056,"InChI=1S/C12H10N4O2S/c17-16(18)6-8-2-1-3-10-12(8)15-11(19-10)4-9-5-13-7-14-9/h1-5,7,15H,6H2,(H,13,14)/b11-4+",C12H10N4O2S,274.05244655999996,2.7026000000000003,4.54,1.09,2.48,-40,3.7743871253427,1,CONCAT,5,2,83.85,3,12,2,4,0.631578947368421,0.10526315789473684,0.21052631578947367,0.08333333333333333,0.0,19,3,1,2,2,1,1,0,0
Oc1ccc(cc1C[NH3+])CCc1[nH]cc(c1)c1oc(nc1)/C=C\NC,4/000000009,"InChI=1S/C19H22N4O2/c1-21-7-6-19-23-12-18(25-19)15-9-16(22-11-15)4-2-13-3-5-17(24)14(8-13)10-20/h3,5-9,11-12,21-22,24H,2,4,10,20H2,1H3/p+1/b7-6-",C19H23N4O2,339.18155239609007,2.0925000000000002,4.53,-0.95,3.7,-100,3.782582005407411,1,CONCAT,4,4,101.72000000000001,7,19,2,4,0.76,0.08,0.16,0.21052631578947367,0.0,25,3,0,3,2,0,2,0,0
Brc1oc(cc1)[C@H]([NH3+])C(=C)C(=O)N,26/000000123,"InChI=1S/C8H9BrN2O2/c1-4(8(11)12)7(10)5-2-3-6(9)13-5/h2-3,7H,1,10H2,(H2,11,12)/p+1/t7-/m1/s1",C8H10N2O2Br,244.99201608009,0.36659999999999976,4.53,4.5,15.7,-150,4.230312504186103,1,CONCAT,2,2,83.87,3,8,2,2,0.6153846153846154,0.15384615384615385,0.15384615384615385,0.125,0.125,13,1,0,1,1,0,1,0,0
OC/C=C\1/C(=NNC1=O)C(=O)C/C=C/C(=O)Cc1nocc1,1/000000650,"InChI=1S/C14H13N3O5/c18-6-4-11-13(15-16-14(11)21)12(20)3-1-2-10(19)8-9-5-7-22-17-9/h1-2,4-5,7,18H,3,6,8H2,(H,16,21)/b2-1+,11-4-",C14H13N3O5,303.08552051600003,-0.2939000000000007,4.53,3.84,5.09,0,3.8319434564423407,1,CONCAT,7,2,121.86000000000001,7,14,5,3,0.6363636363636364,0.22727272727272727,0.13636363636363635,0.21428571428571427,0.0,22,2,1,1,2,1,1,0,0
Oc1c(OC(=O)c2nnn[nH]2)cccc1OC(=O)CC,17/000000458,"InChI=1S/C11H10N4O5/c1-2-8(16)19-6-4-3-5-7(9(6)17)20-11(18)10-12-14-15-13-10/h3-5,17H,2H2,1H3,(H,12,13,14,15)",C11H10N4O5,278.06511942000003,0.43989999999999974,4.53,-1.73,3.58,-20,2.8600210151716574,1,CONCAT,8,2,127.29000000000002,4,11,5,4,0.55,0.25,0.2,0.18181818181818182,0.0,20,2,0,2,1,0,1,0,0
Oc1c(OC(=O)c2nnc[nH]2)cccc1C=C,17/000000924,"InChI=1S/C11H9N3O3/c1-2-7-4-3-5-8(9(7)15)17-11(16)10-12-6-13-14-10/h2-6,15H,1H2,(H,12,13,14)",C11H9N3O3,231.064391148,1.3724999999999998,4.53,-1.76,2.22,0,3.146501197225172,1,CONCAT,5,2,88.1,3,11,3,3,0.6470588235294118,0.17647058823529413,0.17647058823529413,0.0,0.0,17,2,0,2,1,0,1,0,0
c1c(OCCCCc2nnc([nH]2)[C@@H](n2nc[nH]c2=O)Cl)cccc1,26/000000095,"InChI=1S/C15H17ClN6O2/c16-13(22-15(23)17-10-18-22)14-19-12(20-21-14)8-4-5-9-24-11-6-2-1-3-7-11/h1-3,6-7,10,13H,4-5,8-9H2,(H,17,18,23)(H,19,20,21)/t13-/m1/s1",C15H17N6O2Cl,348.110151464,1.8769,4.53,3.28,24.2,-190,3.645425105678608,1,CONCAT,6,2,101.47999999999999,8,15,2,6,0.625,0.08333333333333333,0.25,0.3333333333333333,0.06666666666666667,24,3,0,3,2,0,2,0,0
OC(=S)Nc1c(O)c(OC(=O)C(=O)O)ccc1C/C=C\C,17/000000843,"InChI=1S/C13H13NO6S/c1-2-3-4-7-5-6-8(20-12(18)11(16)17)10(15)9(7)14-13(19)21/h2-3,5-6,15H,4H2,1H3,(H,16,17)(H2,14,19,21)/b3-2-",C13H12NO6S,311.04635813600004,1.7555999999999998,4.53,-5.08,21.9,-90,3.304150488564038,1,CONCAT,5,4,116.08999999999999,4,13,6,1,0.6190476190476191,0.2857142857142857,0.047619047619047616,0.15384615384615385,0.0,21,1,0,1,0,0,0,0,0
OC(=O)c1cc(ccc1CC(=O)OC)CNNCN,12/000000112,"InChI=1S/C12H17N3O4/c1-19-11(16)5-9-3-2-8(6-14-15-7-13)4-10(9)12(17)18/h2-4,14-15H,5-7,13H2,1H3,(H,17,18)",C12H17N3O4,267.121906024,-0.38929999999999926,4.53,-6.06,5.09,-60,2.6367613695600216,1,CONCAT,6,4,113.67999999999999,7,12,4,3,0.631578947368421,0.21052631578947367,0.15789473684210525,0.3333333333333333,0.0,19,1,0,1,0,0,0,0,0
OC(=O)/C=C/CC(=O)c1nc(O)c2c(n1)n(nn2)CC=C,28/000000035,"InChI=1S/C12H11N5O4/c1-2-6-17-11-9(15-16-17)12(21)14-10(13-11)7(18)4-3-5-8(19)20/h2-3,5H,1,4,6H2,(H,19,20)(H,13,14,21)/b5-3+",C12H11N5O4,289.081103832,0.32649999999999985,4.53,-2.76,24.0,-80,3.3360985275939727,1,CONCAT,8,2,131.09,6,12,4,5,0.5714285714285714,0.19047619047619047,0.23809523809523808,0.16666666666666666,0.0,21,2,0,2,2,0,2,0,0
ONC/C=C\C[C@H](Cc1[nH]ccc1C)O,1/000000929,"InChI=1S/C11H18N2O2/c1-9-5-7-12-11(9)8-10(14)4-2-3-6-13-15/h2-3,5,7,10,12-15H,4,6,8H2,1H3/b3-2-/t10-/m1/s1",C11H18N2O2,210.136827816,1.1516199999999999,4.52,-2.66,3.58,-170,4.008082343569431,1,CONCAT,3,4,68.28,6,11,2,2,0.7333333333333333,0.13333333333333333,0.13333333333333333,0.45454545454545453,0.09090909090909091,15,1,0,1,1,0,1,0,0
ONC/C=C\Cc1ccc(c(c1)C1=CCOC1=O)CO,1/000000023,"InChI=1S/C15H17NO4/c17-10-12-5-4-11(3-1-2-7-16-19)9-14(12)13-6-8-20-15(13)18/h1-2,4-6,9,16-17,19H,3,7-8,10H2/b2-1-",C15H17NO4,275.115758024,1.1966000000000003,4.52,-3.38,3.58,-120,3.311087455310467,1,CONCAT,5,3,78.78999999999999,6,15,4,1,0.75,0.2,0.05,0.26666666666666666,0.0,20,2,1,1,1,1,0,0,0
Oc1c(S)c(cc(c1)Br)/C=C/[C@@H](CC=C)O,15/000000274,"InChI=1S/C12H13BrO2S/c1-2-3-10(14)5-4-8-6-9(13)7-11(15)12(8)16/h2,4-7,10,14-16H,1,3H2/b5-4+/t10-/m1/s1",C12H13O2SBr,299.981962756,3.3936000000000024,4.52,-6.23,2.22,-170,3.817205034639784,1,CONCAT,3,3,40.46,4,12,2,0,0.75,0.125,0.0,0.16666666666666666,0.08333333333333333,16,1,0,1,0,0,0,0,0
Oc1c(OC(=O)C(=O)O)ccc(c1S(=O)=O)CCC,17/000001414,"InChI=1S/C11H12O7S/c1-2-3-6-4-5-7(18-11(15)10(13)14)8(12)9(6)19(16)17/h4-5,12,19H,2-3H2,1H3,(H,13,14)",C11H11O7S,288.030373724,0.30499999999999994,4.52,-4.37,18.9,-20,3.3100661742937483,1,CONCAT,6,3,117.97,4,11,7,0,0.5789473684210527,0.3684210526315789,0.0,0.2727272727272727,0.0,19,1,0,1,0,0,0,0,0
Oc1c(OC(=O)C(=O)O)ccc(c1CN)[C@@H](CC=C)C,17/000000128,"InChI=1S/C14H17NO5/c1-3-4-8(2)9-5-6-11(12(16)10(9)7-15)20-14(19)13(17)18/h3,5-6,8,16H,1,4,7,15H2,2H3,(H,17,18)/t8-/m1/s1",C14H16NO5,279.11067264400003,1.5205000000000002,4.52,-5.08,17.6,-190,3.4287108837273426,1,CONCAT,5,3,109.85,5,14,5,1,0.7,0.25,0.05,0.2857142857142857,0.07142857142857142,20,1,0,1,0,0,0,0,0
ON[C@H](C(=O)Cc1nnc(s1)CC#CC)C=C,1/000000528,"InChI=1S/C11H13N3O2S/c1-3-5-6-10-12-13-11(17-10)7-9(15)8(4-2)14-16/h4,8,14,16H,2,6-7H2,1H3/t8-/m0/s1",C11H13N3O2S,251.072847656,0.7488999999999997,4.52,-2.02,2.22,-190,4.307065233774645,1,CONCAT,6,2,75.11,6,11,2,3,0.6470588235294118,0.11764705882352941,0.17647058823529413,0.36363636363636365,0.09090909090909091,17,1,0,1,1,0,1,0,0
Oc1nc(nc2c1nnn2CS)CCC(=O)OCCC,28/000000028,"InChI=1S/C11H15N5O3S/c1-2-5-19-8(17)4-3-7-12-10-9(11(18)13-7)14-15-16(10)6-20/h20H,2-6H2,1H3,(H,12,13,18)",C11H15N5O3S,297.08956034,0.6999999999999997,4.52,-2.8,21.7,-100,3.0812429931936354,1,CONCAT,9,2,103.02,6,11,3,5,0.55,0.15,0.25,0.5454545454545454,0.0,20,2,0,2,2,0,2,0,0
ONC/C=C\Cc1cc(c2n[nH]c(c2)C)c(c(c1)CC(=O)N)CO,1/000000262,"InChI=1S/C17H22N4O3/c1-11-6-16(21-20-11)14-8-12(4-2-3-5-19-24)7-13(9-17(18)23)15(14)10-22/h2-3,6-8,19,22,24H,4-5,9-10H2,1H3,(H2,18,23)(H,20,21)/b3-2-",C17H22N4O3,330.16919056399996,0.9827199999999996,4.51,-4.18,23.2,-200,3.3036514033011546,1,CONCAT,5,5,124.25999999999999,8,17,3,4,0.7083333333333334,0.125,0.16666666666666666,0.29411764705882354,0.0,24,2,0,2,1,0,1,0,0
Oc1c(OC(=O)c2ncoc2)cccc1NC(=O)NCCl,17/000001503,"InChI=1S/C12H10ClN3O5/c13-5-14-12(19)16-7-2-1-3-9(10(7)17)21-11(18)8-4-20-6-15-8/h1-4,6,17H,5H2,(H2,14,16,19)",C12H10N3O5Cl,311.0308981,1.9171999999999998,4.51,-1.76,5.09,0,2.957717414434777,1,CONCAT,6,3,113.69,4,12,5,3,0.5714285714285714,0.23809523809523808,0.14285714285714285,0.08333333333333333,0.0,21,2,0,2,1,0,1,0,0
Oc1c(OC(=O)c2nnn[nH]2)cccc1C1=COCC1=O,17/000001320,"InChI=1S/C12H8N4O5/c17-8-5-20-4-7(8)6-2-1-3-9(10(6)18)21-12(19)11-13-15-16-14-11/h1-4,18H,5H2,(H,13,14,15,16)",C12H8N4O5,288.049469356,0.06469999999999976,4.51,-2.52,3.58,-120,3.477175158893708,1,CONCAT,8,2,127.29000000000002,3,12,5,4,0.5714285714285714,0.23809523809523808,0.19047619047619047,0.08333333333333333,0.0,21,3,1,2,2,1,1,0,0
OC(=O)Cc1ccc(c(c1)O)OC(=O)c1nnn[nH]1,17/000001525,"InChI=1S/C10H8N4O5/c15-6-3-5(4-8(16)17)1-2-7(6)19-10(18)9-11-13-14-12-9/h1-3,15H,4H2,(H,16,17)(H,11,12,13,14)",C10H8N4O5,264.04946935600003,-0.24840000000000007,4.51,-3.12,2.22,-20,2.7585450248017302,1,CONCAT,7,3,138.29000000000002,4,10,5,4,0.5263157894736842,0.2631578947368421,0.21052631578947367,0.1,0.0,19,2,0,2,1,0,1,0,0
OCc1c(F)c(ncc1C(=C)N(=O)=O)N[C@H]1C=NC=CC1,2/000000011,"InChI=1S/C13H13FN4O3/c1-8(18(20)21)10-6-16-13(12(14)11(10)7-19)17-9-3-2-4-15-5-9/h2,4-6,9,19H,1,3,7H2,(H,16,17)/t9-/m1/s1",C13H13N4O3F,292.097168496,1.7290999999999999,4.51,-3.0,23.7,-150,4.354589131669831,1,CONCAT,6,2,100.64999999999999,5,13,3,4,0.6190476190476191,0.14285714285714285,0.19047619047619047,0.23076923076923078,0.07692307692307693,21,2,1,1,2,1,1,0,0
ONC/C=C/CC1=C[C@@H](C=CO1)CN(=O)=O,1/000000827,"InChI=1S/C10H14N2O4/c13-11-5-2-1-3-10-7-9(4-6-16-10)8-12(14)15/h1-2,4,6-7,9,11,13H,3,5,8H2/b2-1+/t9-/m1/s1",C10H14N2O4,226.095356928,1.2322,4.51,-1.26,3.58,-150,4.868276161652306,1,CONCAT,5,2,84.63,6,10,4,2,0.625,0.25,0.125,0.4,0.1,16,1,1,0,1,1,0,0,0
Oc1c(OC(=O)c2nnc([nH]2)CBr)ccc(c1)CCF,17/000001024,"InChI=1S/C12H11BrFN3O3/c13-6-10-15-11(17-16-10)12(19)20-9-2-1-7(3-4-14)5-8(9)18/h1-2,5,18H,3-4,6H2,(H,15,16,17)",C12H11N3O3FBr,342.99678153200006,2.1364,4.51,-0.21,3.58,-40,3.236124586600228,1,CONCAT,5,2,88.1,5,12,3,3,0.6,0.15,0.15,0.25,0.0,20,2,0,2,1,0,1,0,0
c1oc2c(n1)nc(c(c2OC(=O)c1[nH]ccc1)F)CN,24/000000012,"InChI=1S/C12H9FN4O3/c13-8-7(4-14)17-11-10(19-5-16-11)9(8)20-12(18)6-2-1-3-15-6/h1-3,5,15H,4,14H2",C12H9N4O3F,276.06586836800005,1.3679,4.5,-1.27,23.1,-40,3.453848588913705,1,CONCAT,6,2,107.02999999999999,3,12,3,4,0.6,0.15,0.2,0.08333333333333333,0.0,20,3,0,3,3,0,3,0,0
ONC/C=C\C[C@H](CCCCl)O,1/000000874,"InChI=1S/C8H16ClNO2/c9-6-3-5-8(11)4-1-2-7-10-12/h1-2,8,10-12H,3-7H2/b2-1-/t8-/m1/s1",C8H16NO2Cl,193.086956432,1.2914,4.5,-1.57,2.22,-150,3.740469807152371,1,CONCAT,3,3,52.489999999999995,7,8,2,1,0.6666666666666666,0.16666666666666666,0.08333333333333333,0.75,0.125,12,0,0,0,0,0,0,0,0
Oc1c(OC(=O)c2nnn[nH]2)ccc(c1)n1cncc1,17/000000430,"InChI=1S/C11H8N6O3/c18-8-5-7(17-4-3-12-6-17)1-2-9(8)20-11(19)10-13-15-16-14-10/h1-6,18H,(H,13,14,15,16)",C11H8N6O3,272.065788116,0.31019999999999986,4.5,-4.09,24.7,-180,2.949713142871543,1,CONCAT,8,2,118.81000000000002,3,11,3,6,0.55,0.15,0.3,0.0,0.0,20,3,0,3,2,0,2,0,0
Sc1nnc([nH]1)COC[C@@H](CCNNCc1n[nH]nc1)O,1/000001099,"InChI=1S/C10H18N8O2S/c19-8(5-20-6-9-14-10(21)17-16-9)1-2-11-12-3-7-4-13-18-15-7/h4,8,11-12,19H,1-3,5-6H2,(H,13,15,18)(H2,14,16,17,21)/t8-/m1/s1",C10H18N8O2S,314.12734281599995,-1.2264999999999984,4.5,-1.57,5.09,-190,4.317929541288476,1,CONCAT,9,6,136.66,10,10,2,8,0.47619047619047616,0.09523809523809523,0.38095238095238093,0.6,0.1,21,2,0,2,2,0,2,0,0
Oc1ccc(cc1C=C)C[C@@H](C1=CN2[C@@H](N1)SC=C2)c1nnco1,4/000000001,"InChI=1S/C17H16N4O2S/c1-2-12-7-11(3-4-15(12)22)8-13(16-20-18-10-23-16)14-9-21-5-6-24-17(21)19-14/h2-7,9-10,13,17,19,22H,1,8H2/t13-,17?/m0/s1",C17H15N4O2S,340.099396752,2.992700000000001,4.5,-7.79,4.94,-190,4.687838497338122,1,CONCAT,7,2,74.42,5,17,2,4,0.7083333333333334,0.08333333333333333,0.16666666666666666,0.17647058823529413,0.11764705882352941,24,4,2,2,3,2,1,0,0
C=CC(=O)COCCc1cc(c(c(c1)[C@H](CN)N)F)C,1/000001152,"InChI=1S/C15H21FN2O2/c1-3-12(19)9-20-5-4-11-6-10(2)15(16)13(7-11)14(18)8-17/h3,6-7,14H,1,4-5,8-9,17-18H2,2H3/t14-/m0/s1",C15H21N2O2F,280.158706132,1.4068199999999997,4.5,1.54,17.7,-170,3.389852199644129,1,CONCAT,4,2,78.34,8,15,2,2,0.75,0.1,0.1,0.4,0.06666666666666667,20,1,0,1,0,0,0,0,0
Oc1nc(nc2c1nn[nH]2)/C(=C\c1cscc1)/CCC,28/000000037,"InChI=1S/C13H13N5OS/c1-2-3-9(6-8-4-5-20-7-8)11-14-12-10(13(19)15-11)16-18-17-12/h4-7H,2-3H2,1H3,(H2,14,15,16,17,18,19)/b9-6-",C13H13N5OS,287.08408103600004,2.8557000000000006,4.5,-5.09,22.9,-80,3.6037529306699527,1,CONCAT,6,2,87.58000000000001,4,13,1,5,0.65,0.05,0.25,0.23076923076923078,0.0,20,3,0,3,3,0,3,0,0
OC[C@H]1NC(=CC1)C(=O)NC(=S)/C=C\c1nnc([nH]1)CCCCN,23/000000010,"InChI=1S/C15H22N6O2S/c16-8-2-1-3-12-18-13(21-20-12)6-7-14(24)19-15(23)11-5-4-10(9-22)17-11/h5-7,10,17,22H,1-4,8-9,16H2,(H,18,20,21)(H,19,23,24)/b7-6-/t10-/m0/s1",C15H22N6O2S,350.152494944,-0.21899999999999975,4.5,-1.73,5.09,-170,4.420938816085848,1,CONCAT,7,5,128.95000000000002,8,15,2,6,0.625,0.08333333333333333,0.25,0.4666666666666667,0.06666666666666667,24,2,1,1,2,1,1,0,0
ON[C@H](c1coc(c1)CCNC(=O)c1nonc1)S,1/000000826,"InChI=1S/C10H12N4O4S/c15-9(8-4-12-18-14-8)11-2-1-7-3-6(5-17-7)10(19)13-16/h3-5,10,13,16,19H,1-2H2,(H,11,15)/t10-/m0/s1",C10H12N4O4S,284.057925864,0.5422999999999998,4.49,0.1,3.58,-150,4.170049450341312,1,CONCAT,8,4,113.42,6,10,4,4,0.5263157894736842,0.21052631578947367,0.21052631578947367,0.3,0.1,19,2,0,2,2,0,2,0,0
Oc1c(OC(=O)C(=O)O)ccc(c1CN)c1[nH]ncc1,17/000001543,"InChI=1S/C12H11N3O5/c13-5-7-6(8-3-4-14-15-8)1-2-9(10(7)16)20-12(19)11(17)18/h1-4,16H,5,13H2,(H,14,15)(H,17,18)",C12H10N3O5,277.06987045200003,0.23099999999999982,4.49,-4.7,21.2,-180,2.8906662849019273,1,CONCAT,6,4,138.52999999999997,3,12,5,3,0.6,0.25,0.15,0.08333333333333333,0.0,20,2,0,2,1,0,1,0,0
Oc1c(OC(=O)c2nnc[nH]2)ccc(c1C1=CC(=O)C1=O)CC[NH3+],17/000000615,"InChI=1S/C15H12N4O5/c16-4-3-7-1-2-10(24-15(23)14-17-6-18-19-14)13(22)11(7)8-5-9(20)12(8)21/h1-2,5-6,22H,3-4,16H2,(H,17,18,19)/p+1",C15H13N4O5,329.08804593609005,-1.2230999999999992,4.49,-4.12,5.09,-120,3.885191931429743,1,CONCAT,7,3,149.88,5,15,5,4,0.625,0.20833333333333334,0.16666666666666666,0.13333333333333333,0.0,24,3,0,3,1,0,1,0,0
OC(=O)CCCCc1ccc(cc1O)Nc1sncc1,17/000001596,"InChI=1S/C14H16N2O3S/c17-12-9-11(16-13-7-8-15-20-13)6-5-10(12)3-1-2-4-14(18)19/h5-9,16-17H,1-4H2,(H,18,19)",C14H16N2O3S,292.088163372,3.3897000000000013,4.49,-3.99,20.1,-60,2.7697198439744337,1,CONCAT,5,3,82.45,7,14,3,2,0.7,0.15,0.1,0.2857142857142857,0.0,20,2,0,2,1,0,1,0,0
Oc1c(OC(=O)c2nnn[nH]2)cccc1Br,17/000001293,"InChI=1S/C8H5BrN4O3/c9-4-2-1-3-5(6(4)14)16-8(15)7-10-12-13-11-7/h1-3,14H,(H,10,11,12,13)",C8H5N4O3Br,283.95450212000003,0.8869999999999999,4.49,-1.04,2.22,0,2.895379244579102,1,CONCAT,6,2,100.99000000000001,2,8,3,4,0.5,0.1875,0.25,0.0,0.0,16,2,0,2,1,0,1,0,0
Sc1c(cc(cc1O)Br)n1nc(cc1N)/C=C(\C(=O)CN)/N(=O)=O,15/000000220,"InChI=1S/C13H12BrN5O4S/c14-6-1-9(13(24)10(20)2-6)18-12(16)4-7(17-18)3-8(19(22)23)11(21)5-15/h1-4,20,24H,5,15-16H2/b8-3+",C13H12N5O4SBr,412.979336964,1.3567,4.49,-7.5,3.72,-180,3.809112611682326,1,CONCAT,9,4,150.29999999999998,5,13,4,5,0.5416666666666666,0.16666666666666666,0.20833333333333334,0.07692307692307693,0.0,24,2,0,2,1,0,1,0,0
Sc1c(cc(cc1ON)Br)/C=C/CCCC(=O)N,15/000000036,"InChI=1S/C12H15BrN2O2S/c13-9-6-8(12(18)10(7-9)17-15)4-2-1-3-5-11(14)16/h2,4,6-7,18H,1,3,5,15H2,(H2,14,16)/b4-2+",C12H15N2O2SBr,330.00376082,2.6590999999999996,4.49,-10.06,2.35,-60,3.153070685018603,1,CONCAT,4,3,78.34,6,12,2,2,0.6666666666666666,0.1111111111111111,0.1111111111111111,0.25,0.0,18,1,0,1,0,0,0,0,0
O[P@@H](=O)Oc1ccc(c(c1)CO)c1ocnc1CCCC(=O)CC,17/000001605,"InChI=1S/C16H20NO6P/c1-2-12(19)4-3-5-15-16(22-10-17-15)14-7-6-13(23-24(20)21)8-11(14)9-18/h6-8,10,18,24H,2-5,9H2,1H3,(H,20,21)",C16H20NO6P,353.10282399,2.8965000000000005,4.49,-2.96,23.6,-180,3.9702323157819377,1,CONCAT,6,2,109.86000000000001,9,16,6,1,0.6666666666666666,0.25,0.041666666666666664,0.375,0.0,24,2,0,2,1,0,1,0,0
Oc1c(OC(=O)c2nnc[nH]2)ccc(c1)n1nccc1N,17/000000466,"InChI=1S/C12H10N6O3/c13-10-3-4-16-18(10)7-1-2-9(8(19)5-7)21-12(20)11-14-6-15-17-11/h1-6,19H,13H2,(H,14,15,17)",C12H10N6O3,286.08143818,0.49739999999999973,4.49,-4.04,3.58,-160,3.17757438966294,1,CONCAT,8,3,131.94,3,12,3,6,0.5714285714285714,0.14285714285714285,0.2857142857142857,0.0,0.0,21,3,0,3,2,0,2,0,0
ONC/C=C/CC1=C[C@H](C=CO1)NC(=O)C=C,1/000000459,"InChI=1S/C12H16N2O3/c1-2-12(15)14-10-6-8-17-11(9-10)5-3-4-7-13-16/h2-4,6,8-10,13,16H,1,5,7H2,(H,14,15)/b4-3+/t10-/m0/s1",C12H16N2O3,236.116092372,1.0101,4.49,-2.5,3.58,-150,4.695434075836838,1,CONCAT,4,3,70.59,6,12,3,2,0.7058823529411765,0.17647058823529413,0.11764705882352941,0.25,0.08333333333333333,17,1,1,0,1,1,0,0,0
ONC(=O)c1c(N(=O)=O)ccc(c1I)F,5/000000007,"InChI=1S/C7H4FIN2O4/c8-3-1-2-4(11(14)15)5(6(3)9)7(12)10-13/h1-2,13H,(H,10,12)",C7H4N2O4FI,325.919982828,1.4574999999999998,4.48,-3.31,2.22,-20,2.74175678744297,1,CONCAT,4,2,92.47,2,7,4,2,0.4666666666666667,0.26666666666666666,0.13333333333333333,0.0,0.0,15,1,0,1,0,0,0,0,0
ONC/C=C\CCC(=O)c1cccc(c1O)n1c(=S)scc1,1/000000266,"InChI=1S/C15H16N2O3S2/c18-13(7-2-1-3-8-16-20)11-5-4-6-12(14(11)19)17-9-10-22-15(17)21/h1,3-6,9-10,16,19-20H,2,7-8H2/b3-1-",C15H16N2O3S2,336.06023437199997,3.471790000000002,4.48,-3.05,3.58,-140,3.3483910991222405,1,CONCAT,7,3,74.49000000000001,7,15,3,2,0.6818181818181818,0.13636363636363635,0.09090909090909091,0.2,0.0,22,2,0,2,1,0,1,0,0
OC(=O)c1cc(ccc1COC(=O)C/C=C/c1csc(c1)Cl)CO,12/000000060,"InChI=1S/C17H15ClO5S/c18-15-7-12(10-24-15)2-1-3-16(20)23-9-13-5-4-11(8-19)6-14(13)17(21)22/h1-2,4-7,10,19H,3,8-9H2,(H,21,22)/b2-1+",C17H15O5SCl,366.03287226000003,3.738700000000003,4.48,-2.07,5.09,-60,2.807609841877504,1,CONCAT,5,2,83.83,7,17,5,0,0.7083333333333334,0.20833333333333334,0.0,0.17647058823529413,0.0,24,2,0,2,1,0,1,0,0
ONCC(=O)Cc1nnc(s1)[C@H](c1cnccc1)Cl,1/000000206,"InChI=1S/C11H11ClN4O2S/c12-10(7-2-1-3-13-5-7)11-16-15-9(19-11)4-8(17)6-14-18/h1-3,5,10,14,18H,4,6H2/t10-/m0/s1",C11H11N4O2SCl,298.02912427200005,1.3516999999999995,4.48,-0.94,22.0,-150,3.591703296495159,1,CONCAT,7,2,88.0,6,11,2,4,0.5789473684210527,0.10526315789473684,0.21052631578947367,0.2727272727272727,0.09090909090909091,19,2,0,2,2,0,2,0,0
Oc1c(OC(=O)c2occc2)cc(cc1)C[NH3+],17/000001169,"InChI=1S/C12H11NO4/c13-7-8-3-4-9(14)11(6-8)17-12(15)10-2-1-5-16-10/h1-6,14H,7,13H2/p+1",C12H12NO4,234.07608428409,0.9462999999999997,4.48,-1.89,2.22,0,2.822573312609787,1,CONCAT,4,2,87.31,3,12,4,1,0.7058823529411765,0.23529411764705882,0.058823529411764705,0.08333333333333333,0.0,17,2,0,2,1,0,1,0,0
ONC/C=C/CC1=C[C@@H](C=CO1)CC=C,1/000000597,"InChI=1S/C12H17NO2/c1-2-5-11-7-9-15-12(10-11)6-3-4-8-13-14/h2-4,7,9-11,13-14H,1,5-6,8H2/b4-3+/t11-/m1/s1",C12H17NO2,207.125928784,2.531600000000001,4.48,-2.17,3.58,-170,4.851523488471039,1,CONCAT,3,2,41.489999999999995,6,12,2,1,0.8,0.13333333333333333,0.06666666666666667,0.3333333333333333,0.08333333333333333,15,1,1,0,1,1,0,0,0
ONC(=O)C/C=C\c1noc(c1)c1cc(Br)cc(c1S)O,15/000000250,"InChI=1S/C13H11BrN2O4S/c14-7-4-9(13(21)10(17)5-7)11-6-8(16-20-11)2-1-3-12(18)15-19/h1-2,4-6,17,19,21H,3H2,(H,15,18)/b2-1-",C13H11N2O4SBr,369.962289932,3.007100000000001,4.48,-7.36,5.09,-160,3.4933550262677127,1,CONCAT,6,4,95.59,4,13,4,2,0.6190476190476191,0.19047619047619047,0.09523809523809523,0.07692307692307693,0.0,21,2,0,2,1,0,1,0,0
S[C@@H](c1nncs1)C#CC/C=C\CCNN,21/000000051,"InChI=1S/C10H14N4S2/c11-12-7-5-3-1-2-4-6-9(15)10-14-13-8-16-10/h1,3,8-9,12,15H,2,5,7,11H2/b3-1-/t9-/m1/s1",C10H14N4S2,254.06598844799998,1.3120999999999998,4.48,11.22,23.6,-150,4.717631479378059,1,CONCAT,6,3,63.83,5,10,0,4,0.625,0.0,0.25,0.4,0.1,16,1,0,1,1,0,1,0,0
Oc1c(OC(=O)C(=O)O)cccc1c1sc(nc1C)C,17/000000037,"InChI=1S/C13H11NO5S/c1-6-11(20-7(2)14-6)8-4-3-5-9(10(8)15)19-13(18)12(16)17/h3-5,15H,1-2H3,(H,16,17)",C13H10NO5S,293.03579345200006,2.12254,4.48,-3.91,3.58,-200,2.6002850261606696,1,CONCAT,6,2,96.72,2,13,5,1,0.65,0.25,0.05,0.15384615384615385,0.0,20,2,0,2,1,0,1,0,0
Oc1c(OC(=O)c2nnc[nH]2)ccc(c1)CCF,17/000000576,"InChI=1S/C11H10FN3O3/c12-4-3-7-1-2-9(8(16)5-7)18-11(17)10-13-6-14-15-10/h1-2,5-6,16H,3-4H2,(H,13,14,15)",C11H10N3O3F,251.0706194,1.2414999999999998,4.48,-2.19,3.58,0,3.0736072811955344,1,CONCAT,5,2,88.1,4,11,3,3,0.6111111111111112,0.16666666666666666,0.16666666666666666,0.18181818181818182,0.0,18,2,0,2,1,0,1,0,0
Sc1nnc([nH]1)CCNC(=O)n1nnnc1CCCl,1/000001066,"InChI=1S/C8H11ClN8OS/c9-3-1-6-13-15-16-17(6)8(18)10-4-2-5-11-7(19)14-12-5/h1-4H2,(H,10,18)(H2,11,12,14,19)",C8H11N8OSCl,302.046505652,-0.33840000000000026,4.48,-0.85,3.58,0,3.607284840960414,1,CONCAT,8,3,114.27,5,8,1,8,0.42105263157894735,0.05263157894736842,0.42105263157894735,0.5,0.0,19,2,0,2,2,0,2,0,0
OC/C=C\1/C(=NNC1=O)C(=O)Cc1oc(cc1)C[N@H+](CC(F)F)C,1/000000996,"InChI=1S/C15H17F2N3O4/c1-20(8-13(16)17)7-10-3-2-9(24-10)6-12(22)14-11(4-5-21)15(23)19-18-14/h2-4,13,21H,5-8H2,1H3,(H,19,23)/p+1/b11-4-",C15H18N3O4F2,342.12598891608997,-0.9245000000000001,4.48,2.28,3.84,-170,4.819721189594692,1,CONCAT,5,3,96.34,8,15,4,3,0.625,0.16666666666666666,0.125,0.4,0.0,24,2,1,1,2,1,1,0,0
Oc1c(C(=O)C=C)c(N)cc(c1)[C@@H](CO)/C=C/CCN,6/000000024,"InChI=1S/C15H20N2O3/c1-2-13(19)15-12(17)7-11(8-14(15)20)10(9-18)5-3-4-6-16/h2-3,5,7-8,10,18,20H,1,4,6,9,16-17H2/b5-3+/t10-/m1/s1",C15H20N2O3,276.1473925,1.324,4.48,-3.83,17.2,-190,3.874898353490284,1,CONCAT,5,4,109.57,7,15,3,2,0.75,0.15,0.1,0.26666666666666666,0.06666666666666667,20,1,0,1,0,0,0,0,0
C#CCc1c2ccccc2ccc1Cc1nnc([nH]1)CC[NH3+],30/000000074,"InChI=1S/C18H18N4/c1-2-5-15-14(9-8-13-6-3-4-7-16(13)15)12-18-20-17(10-11-19)21-22-18/h1,3-4,6-9H,5,10-12,19H2,(H,20,21,22)/p+1",C18H19N4,291.16042302809007,1.5087999999999997,4.48,-1.07,4.94,-80,3.5089769629559884,1,CONCAT,2,2,69.21000000000001,5,18,0,4,0.8181818181818182,0.0,0.18181818181818182,0.2222222222222222,0.0,22,3,0,3,1,0,1,0,0
ONC/C=C\CC/C=C\c1ccc(c(c1Cl)N)Cl,1/000000942,"InChI=1S/C13H16Cl2N2O/c14-11-8-7-10(12(15)13(11)16)6-4-2-1-3-5-9-17-18/h3-8,17-18H,1-2,9,16H2/b5-3-,6-4-",C13H16N2OCl2,286.06396849199996,3.9040000000000026,4.48,-2.41,3.58,0,3.188415733684222,1,CONCAT,3,3,58.28,6,13,1,2,0.7222222222222222,0.05555555555555555,0.1111111111111111,0.23076923076923078,0.0,18,1,0,1,0,0,0,0,0
SSC/C=C/C[C@@H](Cc1occ(c1)CCO)C,4/000000012,"InChI=1S/C13H20O2S2/c1-11(4-2-3-7-17-16)8-13-9-12(5-6-14)10-15-13/h2-3,9-11,14,16H,4-8H2,1H3/b3-2+/t11-/m0/s1",C13H20O2S2,272.09047188,3.5173000000000023,4.48,5.53,2.22,-170,4.14739176814453,1,CONCAT,4,2,33.370000000000005,8,13,2,0,0.7647058823529411,0.11764705882352941,0.0,0.5384615384615384,0.07692307692307693,17,1,0,1,1,0,1,0,0
OC(=S)Nc1ccc(c(c1)O)OC(=O)c1nnn[nH]1,17/000001351,"InChI=1S/C9H7N5O4S/c15-5-3-4(10-9(17)19)1-2-6(5)18-8(16)7-11-13-14-12-7/h1-3,15H,(H2,10,17,19)(H,11,12,13,14)",C9H7N5O4S,281.0218747040001,0.3792999999999996,4.48,-3.53,24.9,-20,3.122805982711746,1,CONCAT,7,4,133.25,3,9,4,5,0.47368421052631576,0.21052631578947367,0.2631578947368421,0.0,0.0,19,2,0,2,1,0,1,0,0
Oc1c(OC(=O)c2occc2)cc(cc1)[C@H]([NH3+])c1nc[nH]c1,17/000000453,"InChI=1S/C15H13N3O4/c16-14(10-7-17-8-18-10)9-3-4-11(19)13(6-9)22-15(20)12-2-1-5-21-12/h1-8,14,19H,16H2,(H,17,18)/p+1/t14-/m0/s1",C15H14N3O4,300.09788234809,1.2588,4.48,-4.73,22.3,-190,3.760753900633589,1,CONCAT,5,3,115.99000000000001,4,15,4,3,0.6818181818181818,0.18181818181818182,0.13636363636363635,0.06666666666666667,0.06666666666666667,22,3,0,3,2,0,2,0,0
OC(=O)CC(=O)Oc1cc(ccc1O)Cc1nocn1,17/000000054,"InChI=1S/C12H10N2O6/c15-8-2-1-7(4-10-13-6-19-14-10)3-9(8)20-12(18)5-11(16)17/h1-3,6,15H,4-5H2,(H,16,17)",C12H10N2O6,278.05388604,0.7461,4.47,-4.04,5.09,-60,2.75516359758924,1,CONCAT,7,2,122.75,5,12,6,2,0.6,0.3,0.1,0.16666666666666666,0.0,20,2,0,2,1,0,1,0,0
Oc1ccc(c(c1)C(=O)O)c1ccccc1,12/000000194,"InChI=1S/C13H10O3/c14-10-6-7-11(12(8-10)13(15)16)9-4-2-1-3-5-9/h1-8,14H,(H,15,16)",C13H10O3,214.06299418,2.7574000000000005,4.47,-5.0,1.0,-160,1.5845977061175631,1,CONCAT,2,2,57.53,2,13,3,0,0.8125,0.1875,0.0,0.0,0.0,16,2,0,2,0,0,0,0,0
Sc1nnc([nH]1)COC[C@@H](CCNNCc1nncs1)O,1/000001060,"InChI=1S/C10H17N7O2S2/c18-7(4-19-5-8-14-10(20)17-15-8)1-2-11-12-3-9-16-13-6-21-9/h6-7,11-12,18H,1-5H2,(H2,14,15,17,20)/t7-/m1/s1",C10H17N7O2S2,331.088514784,-0.49310000000000026,4.47,-1.83,5.09,-190,4.396577964995917,1,CONCAT,10,5,120.87,10,10,2,7,0.47619047619047616,0.09523809523809523,0.3333333333333333,0.6,0.1,21,2,0,2,2,0,2,0,0
O[C@@H](Cn1cncc1)NCC/C=C/Cc1ccc(c(c1)Cl)Cl,8/000000049,"InChI=1S/C16H19Cl2N3O/c17-14-6-5-13(10-15(14)18)4-2-1-3-7-20-16(22)11-21-9-8-19-12-21/h1-2,5-6,8-10,12,16,20,22H,3-4,7,11H2/b2-1+/t16-/m0/s1",C16H19N3OCl2,339.090517588,3.286900000000002,4.47,-0.91,3.58,-190,3.296975878655566,1,CONCAT,4,2,50.08,8,16,1,3,0.7272727272727273,0.045454545454545456,0.13636363636363635,0.3125,0.0625,22,2,0,2,1,0,1,0,0
Oc1c(OC(=O)C(=O)O)ccc(c1)[C@H](CN)Cl,17/000001484,"InChI=1S/C10H10ClNO5/c11-6(4-12)5-1-2-8(7(13)3-5)17-10(16)9(14)15/h1-3,6,13H,4,12H2,(H,14,15)/t6-/m0/s1",C10H9NO5Cl,259.0247501,0.6208000000000001,4.47,-4.84,15.9,-170,3.194572729682992,1,CONCAT,5,3,109.85,3,10,5,1,0.5882352941176471,0.29411764705882354,0.058823529411764705,0.2,0.1,17,1,0,1,0,0,0,0,0
Oc1c(OC(=O)c2nnc([nH]2)CCC)cccc1,17/000000042,"InChI=1S/C12H13N3O3/c1-2-5-10-13-11(15-14-10)12(17)18-9-7-4-3-6-8(9)16/h3-4,6-7,16H,2,5H2,1H3,(H,13,14,15)",C12H13N3O3,247.095691276,1.6819999999999997,4.47,1.18,3.58,-20,2.7316371454489285,1,CONCAT,5,2,88.1,4,12,3,3,0.6666666666666666,0.16666666666666666,0.16666666666666666,0.25,0.0,18,2,0,2,1,0,1,0,0
Oc1c(OC(=O)C(=O)O)cccc1[C@H](C)N,17/000000774,"InChI=1S/C10H11NO5/c1-5(11)6-3-2-4-7(8(6)12)16-10(15)9(13)14/h2-5,12H,11H2,1H3,(H,13,14)/t5-/m0/s1",C10H10NO5,225.063722452,0.40190000000000003,4.47,-1.94,14.2,-170,2.9191779198940644,1,CONCAT,5,3,109.85,2,10,5,1,0.625,0.3125,0.0625,0.2,0.1,16,1,0,1,0,0,0,0,0
Oc1c(OC(=O)C(=O)O)ccc(c1)[C@@H](CN)OCCS,17/000001369,"InChI=1S/C12H15NO6S/c13-6-10(18-3-4-20)7-1-2-9(8(14)5-7)19-12(17)11(15)16/h1-2,5,10,14,20H,3-4,6,13H2,(H,15,16)/t10-/m1/s1",C12H14NO6S,301.06200820000004,0.32839999999999997,4.47,-5.49,3.58,-190,3.3353239945159245,1,CONCAT,7,4,119.08,6,12,6,1,0.6,0.3,0.05,0.3333333333333333,0.08333333333333333,20,1,0,1,0,0,0,0,0
N1N=C(/C(=C/COCCCl)/C1=O)[C@@H](CCC)N,1/000001019,"InChI=1S/C11H18ClN3O2/c1-2-3-9(13)10-8(11(16)15-14-10)4-6-17-7-5-12/h4,9H,2-3,5-7,13H2,1H3,(H,15,16)/b8-4-/t9-/m1/s1",C11H18N3O2Cl,259.108754496,0.7813999999999999,4.47,9.01,3.58,-170,3.998932336884301,1,CONCAT,4,2,76.71000000000001,7,11,2,3,0.6470588235294118,0.11764705882352941,0.17647058823529413,0.6363636363636364,0.09090909090909091,17,1,1,0,1,1,0,0,0
Oc1c(OC(=O)N(=O)=O)ccc(c1)CS,17/000000739,"InChI=1S/C8H7NO5S/c10-6-3-5(4-15)1-2-7(6)14-8(11)9(12)13/h1-3,10,15H,4H2",C8H7NO5S,229.004493324,1.5975,4.46,-3.2,2.22,-20,3.033677734188533,1,CONCAT,6,2,89.66999999999999,2,8,5,1,0.5333333333333333,0.3333333333333333,0.06666666666666667,0.125,0.0,15,1,0,1,0,0,0,0,0
OC(=O)C[N@H+]1[C@H](/C=C/c2cc(Br)cc(c2S)ON)C=CC1,15/000000121,"InChI=1S/C14H15BrN2O3S/c15-10-6-9(14(21)12(7-10)20-16)3-4-11-2-1-5-17(11)8-13(18)19/h1-4,6-7,11,21H,5,8,16H2,(H,18,19)/p+1/b4-3+/t11-/m0/s1",C14H16N2O3SBr,371.00595189209,0.9114000000000004,4.46,-8.71,3.7,-190,5.2639661534922855,1,CONCAT,4,4,76.99,5,14,3,2,0.6666666666666666,0.14285714285714285,0.09523809523809523,0.21428571428571427,0.07142857142857142,21,2,1,1,1,1,0,0,0
Oc1nc(nc2c1nn[nH]2)C(=C)CCCCCCl,28/000000042,"InChI=1S/C11H14ClN5O/c1-7(5-3-2-4-6-12)9-13-10-8(11(18)14-9)15-17-16-10/h1-6H2,(H2,13,14,15,16,17,18)",C11H14N5OCl,267.088687748,2.2659000000000002,4.46,-0.93,18.5,-40,3.633236240471554,1,CONCAT,5,2,87.58000000000001,6,11,1,5,0.6111111111111112,0.05555555555555555,0.2777777777777778,0.45454545454545453,0.0,18,2,0,2,2,0,2,0,0
Oc1c(OC(=O)c2occc2)ccc(c1/C=C/C(=O)OC)C(=C)N,17/000001538,"InChI=1S/C17H15NO6/c1-10(18)11-5-7-13(24-17(21)14-4-3-9-23-14)16(20)12(11)6-8-15(19)22-2/h3-9,20H,1,18H2,2H3/b8-6+",C17H15NO6,329.08993720000007,2.32,4.46,-5.74,5.09,-80,2.8512894473466623,1,CONCAT,7,2,111.99000000000001,5,17,6,1,0.7083333333333334,0.25,0.041666666666666664,0.058823529411764705,0.0,24,2,0,2,1,0,1,0,0
O[C@@H](CCCc1noc(c1)CNCC1=CC(=O)C1=O)C,13/000000008,"InChI=1S/C14H18N2O4/c1-9(17)3-2-4-11-6-12(20-16-11)8-15-7-10-5-13(18)14(10)19/h5-6,9,15,17H,2-4,7-8H2,1H3/t9-/m1/s1",C14H18N2O4,278.126657056,0.2639000000000001,4.46,10.41,5.09,-170,3.344579031145962,1,CONCAT,6,2,92.43,8,14,4,2,0.7,0.2,0.1,0.5,0.07142857142857142,20,2,0,2,1,0,1,0,0
Oc1c(OC(=O)C(=O)O)cccc1[C@H](CC=C)[NH3+],17/000001371,"InChI=1S/C12H13NO5/c1-2-4-8(13)7-5-3-6-9(10(7)14)18-12(17)11(15)16/h2-3,5-6,8,14H,1,4,13H2,(H,15,16)/p+1/t8-/m0/s1",C12H13NO5,252.08664896809,0.24130000000000001,4.46,-4.13,16.4,-150,3.7617963815266577,1,CONCAT,4,3,111.47,4,12,5,1,0.6666666666666666,0.2777777777777778,0.05555555555555555,0.16666666666666666,0.08333333333333333,18,1,0,1,0,0,0,0,0
Sc1nnc([nH]1)C[C@H](C)Nc1ccccc1,1/000000370,"InChI=1S/C11H14N4S/c1-8(7-10-13-11(16)15-14-10)12-9-5-3-2-4-6-9/h2-6,8,12H,7H2,1H3,(H2,13,14,15,16)/t8-/m0/s1",C11H14N4S,234.09391744799998,2.1365,4.46,3.38,2.22,-170,3.30648264994662,1,CONCAT,4,3,53.6,4,11,0,4,0.6875,0.0,0.25,0.2727272727272727,0.09090909090909091,16,2,0,2,1,0,1,0,0
Oc1cc(cnc1[C@@H](N1C=CCC1)C#CC(=C)COC)CCN,2/000000007,"InChI=1S/C18H23N3O2/c1-14(13-23-2)5-6-16(21-9-3-4-10-21)18-17(22)11-15(7-8-19)12-20-18/h3,9,11-12,16,22H,1,4,7-8,10,13,19H2,2H3/t16-/m0/s1",C18H23N3O2,313.17902697600005,1.7549,4.46,-0.98,21.2,-170,4.351020595372482,1,CONCAT,5,2,71.61,6,18,2,3,0.782608695652174,0.08695652173913043,0.13043478260869565,0.3888888888888889,0.05555555555555555,23,2,1,1,2,1,1,0,0
Oc1cc(c(cc1N=O)F)[C@H](CNCC)N(=O)=O,16/000000057,"InChI=1S/C10H12FN3O4/c1-2-12-5-9(14(17)18)6-3-10(15)8(13-16)4-7(6)11/h3-4,9,12,15H,2,5H2,1H3/t9-/m0/s1",C10H12N3O4F,257.08118408400003,1.8564999999999998,4.46,-2.58,19.5,-170,3.8439761892189663,1,CONCAT,6,2,104.83000000000001,6,10,4,3,0.5555555555555556,0.2222222222222222,0.16666666666666666,0.4,0.1,18,1,0,1,0,0,0,0,0
Sc1c(O)cc(c(c1)F)[C@@H](C(=O)N)Oc1ccc(cc1)Cl,16/000000018,"InChI=1S/C14H11ClFNO3S/c15-7-1-3-8(4-2-7)20-13(14(17)19)9-5-11(18)12(21)6-10(9)16/h1-6,13,18,21H,(H2,17,19)/t13-/m0/s1",C14H11NO3SFCl,327.013220112,3.0788,4.46,-5.75,3.46,-170,3.051979080015496,1,CONCAT,4,3,72.55,4,14,3,1,0.6666666666666666,0.14285714285714285,0.047619047619047616,0.07142857142857142,0.07142857142857142,21,2,0,2,0,0,0,0,0
ON[C@H](C(=O)Cc1nnc(s1)C[NH2+]C)c1n[nH]cc1Br,1/000000088,"InChI=1S/C10H13BrN6O2S/c1-12-4-8-15-14-7(20-8)2-6(18)10(17-19)9-5(11)3-13-16-9/h3,10,12,17,19H,2,4H2,1H3,(H,13,16)/p+1/t10-/m1/s1",C10H14N6O2SBr,361.00768320809,-0.45140000000000047,4.46,2.17,2.48,-170,4.963211723453653,1,CONCAT,7,4,120.4,7,10,2,6,0.5,0.1,0.3,0.4,0.1,20,2,0,2,2,0,2,0,0
Oc1c(OC(=O)c2nnc([nH]2)CCCCC)cccc1,17/000000234,"InChI=1S/C14H17N3O3/c1-2-3-4-9-12-15-13(17-16-12)14(19)20-11-8-6-5-7-10(11)18/h5-8,18H,2-4,9H2,1H3,(H,15,16,17)",C14H17N3O3,275.126991404,2.4622,4.45,2.27,5.09,-20,2.6585789532861757,1,CONCAT,5,2,88.1,6,14,3,3,0.7,0.15,0.15,0.35714285714285715,0.0,20,2,0,2,1,0,1,0,0
Oc1c(OC(=O)C(=O)O)ccc(c1)[C@H](C(=O)N=O)Cl,17/000001211,"InChI=1S/C10H6ClNO7/c11-7(8(14)12-18)4-1-2-6(5(13)3-4)19-10(17)9(15)16/h1-3,7,13H,(H,15,16)/t7-/m1/s1",C10H5NO7Cl,286.983279212,0.9551,4.45,-5.73,20.9,-190,3.3980058605977224,1,CONCAT,6,2,130.33,3,10,7,1,0.5263157894736842,0.3684210526315789,0.05263157894736842,0.1,0.1,19,1,0,1,0,0,0,0,0
ON[C@H](c1n[nH]c(n1)/C=C/CNCN)S,1/000000210,"InChI=1S/C7H14N6OS/c8-4-9-3-1-2-5-10-6(12-11-5)7(15)13-14/h1-2,7,9,13-15H,3-4,8H2,(H,10,11,12)/b2-1+/t7-/m0/s1",C7H14N6OS,230.09498006799998,-0.7691000000000008,4.45,-0.47,3.58,-150,4.691393332580418,1,CONCAT,7,6,111.88,6,7,1,6,0.4666666666666667,0.06666666666666667,0.4,0.42857142857142855,0.14285714285714285,15,1,0,1,1,0,1,0,0
OC(=O)[C@@H](Cc1oc(cc1)CC(=O)C1=NNC(=O)/C/1=C\CO)C,1/000000638,"InChI=1S/C15H16N2O6/c1-8(15(21)22)6-9-2-3-10(23-9)7-12(19)13-11(4-5-18)14(20)17-16-13/h2-4,8,18H,5-7H2,1H3,(H,17,20)(H,21,22)/b11-4-/t8-/m1/s1",C15H16N2O6,320.10083623199995,0.05889999999999984,4.45,2.64,3.84,-170,3.846601085651435,1,CONCAT,6,3,129.2,7,15,6,2,0.6521739130434783,0.2608695652173913,0.08695652173913043,0.3333333333333333,0.06666666666666667,23,2,1,1,2,1,1,0,0
OCNC/C=C/c1onc(c1)C(=O)Cc1cc(Cl)c(c(c1)C=C)Cl,8/000000051,"InChI=1S/C17H16Cl2N2O3/c1-2-12-6-11(7-14(18)17(12)19)8-16(23)15-9-13(24-21-15)4-3-5-20-10-22/h2-4,6-7,9,20,22H,1,5,8,10H2/b4-3+",C17H16N2O3Cl2,366.05379773199996,3.602400000000003,4.45,-4.3,5.09,-60,3.3330755135192955,1,CONCAT,5,2,75.36,8,17,3,2,0.7083333333333334,0.125,0.08333333333333333,0.17647058823529413,0.0,24,2,0,2,1,0,1,0,0
Oc1nc(nc2c1nnn2CC)/C(=C\c1[nH]ccc1)/C,28/000000058,"InChI=1S/C13H14N6O/c1-3-19-12-10(17-18-19)13(20)16-11(15-12)8(2)7-9-5-4-6-14-9/h4-7,14H,3H2,1-2H3,(H,15,16,20)/b8-7-",C13H14N6O,270.12290906799996,1.8354,4.44,-6.71,21.8,-160,3.3429676172537857,1,CONCAT,6,2,92.50999999999999,3,13,1,6,0.65,0.05,0.3,0.23076923076923078,0.0,20,3,0,3,3,0,3,0,0
Oc1c(OC(=O)c2occc2)cc(cc1Nc1[nH]ncc1)C[NH3+],17/000000622,"InChI=1S/C15H14N4O4/c16-8-9-6-10(18-13-3-4-17-19-13)14(20)12(7-9)23-15(21)11-2-1-5-22-11/h1-7,20H,8,16H2,(H2,17,18,19)/p+1",C15H15N4O4,315.1087813800901,1.4129999999999996,4.44,-5.56,24.6,-40,3.329371940806002,1,CONCAT,6,4,128.02,5,15,4,4,0.6521739130434783,0.17391304347826086,0.17391304347826086,0.06666666666666667,0.0,23,3,0,3,2,0,2,0,0
Oc1c(NC(=O)NCCCl)cccc1OC(=O)c1ncoc1,17/000001498,"InChI=1S/C13H12ClN3O5/c14-4-5-15-13(20)17-8-2-1-3-10(11(8)18)22-12(19)9-6-21-7-16-9/h1-3,6-7,18H,4-5H2,(H2,15,17,20)",C13H12N3O5Cl,325.046548164,1.9596999999999998,4.44,-3.41,5.09,-40,2.8190973025961856,1,CONCAT,6,3,113.69,5,13,5,3,0.5909090909090909,0.22727272727272727,0.13636363636363635,0.15384615384615385,0.0,22,2,0,2,1,0,1,0,0
ONC/C=C\C[C@H](Cc1[nH]ccc1)O,1/000000511,"InChI=1S/C10H16N2O2/c13-10(5-1-2-7-12-14)8-9-4-3-6-11-9/h1-4,6,10-14H,5,7-8H2/b2-1-/t10-/m1/s1",C10H16N2O2,196.121177752,0.8432,4.44,-1.53,3.58,-150,3.8803432719961126,1,CONCAT,3,4,68.28,6,10,2,2,0.7142857142857143,0.14285714285714285,0.14285714285714285,0.4,0.1,14,1,0,1,1,0,1,0,0
Oc1c(S)c(c2noc(c2)C/C=C\CO)cc(c1)Br,15/000000262,"InChI=1S/C13H12BrNO3S/c14-8-5-10(13(19)12(17)6-8)11-7-9(18-15-11)3-1-2-4-16/h1-2,5-7,16-17,19H,3-4H2/b2-1-",C13H12NO3SBr,340.972126344,3.189400000000001,4.44,-7.0,19.8,-180,3.395624850636273,1,CONCAT,5,3,66.49000000000001,4,13,3,1,0.6842105263157895,0.15789473684210525,0.05263157894736842,0.15384615384615385,0.0,19,2,0,2,1,0,1,0,0
Oc1ccc(c(c1)C(=O)O)n1nc(c(c1)Cl)CC1=CN[C@@H](N1)N,12/000000030,"InChI=1S/C14H14ClN5O3/c15-10-6-20(12-2-1-8(21)4-9(12)13(22)23)19-11(10)3-7-5-17-14(16)18-7/h1-2,4-6,14,17-18,21H,3,16H2,(H,22,23)",C14H13N5O3Cl,335.07851698800005,0.7484999999999997,4.44,-6.39,4.94,-140,3.881616641970115,1,CONCAT,7,5,125.42999999999999,4,14,3,5,0.6086956521739131,0.13043478260869565,0.21739130434782608,0.14285714285714285,0.07142857142857142,23,3,1,2,2,1,1,0,0
ONC(=O)Cn1cnnc1c1ccc(cc1)O[P@H](=O)O,17/000001123,"InChI=1S/C10H11N4O5P/c15-9(13-16)5-14-6-11-12-10(14)7-1-3-8(4-2-7)19-20(17)18/h1-4,6,16,20H,5H2,(H,13,15)(H,17,18)",C10H11N4O5P,298.04670608199996,0.2112999999999996,4.44,-5.16,21.8,-140,3.649604855321785,1,CONCAT,7,3,126.57000000000001,5,10,5,4,0.5,0.25,0.2,0.1,0.0,20,2,0,2,1,0,1,0,0
OC(=O)c1cc(ccc1CC(=O)OC)/C(=C\N)/C,12/000000101,"InChI=1S/C13H15NO4/c1-8(7-14)9-3-4-10(6-12(15)18-2)11(5-9)13(16)17/h3-5,7H,6,14H2,1-2H3,(H,16,17)/b8-7-",C13H15NO4,249.10010796,1.4198,4.44,-4.88,3.58,-140,2.552157733684222,1,CONCAT,4,2,89.61999999999999,4,13,4,1,0.7222222222222222,0.2222222222222222,0.05555555555555555,0.23076923076923078,0.0,18,1,0,1,0,0,0,0,0
OC(=O)C[C@H]1C=C(C1)C#CCCNN,22/000000005,"InChI=1S/C10H14N2O2/c11-12-4-2-1-3-8-5-9(6-8)7-10(13)14/h5,9,12H,2,4,6-7,11H2,(H,13,14)/t9-/m0/s1",C10H14N2O2,194.105527688,0.26420000000000016,4.44,8.77,3.58,-180,3.990652482522428,1,CONCAT,3,3,75.35,4,10,2,2,0.7142857142857143,0.14285714285714285,0.14285714285714285,0.5,0.1,14,1,1,0,0,0,0,0,0
Sc1c2ccccc2ccc1Cc1nnc[nH]1,30/000000063,"InChI=1S/C13H11N3S/c17-13-10(7-12-14-8-15-16-12)6-5-9-3-1-2-4-11(9)13/h1-6,8,17H,7H2,(H,14,15,16)",C13H11N3S,241.067368352,2.8374000000000006,4.44,-1.11,2.22,-80,2.997497658763633,1,CONCAT,3,2,41.57,2,13,0,3,0.7647058823529411,0.0,0.17647058823529413,0.07692307692307693,0.0,17,3,0,3,1,0,1,0,0
Oc1c(OC(=O)C(=O)O)ccc(c1)[C@@H](C(=O)N=O)Cl,17/000001559,"InChI=1S/C10H6ClNO7/c11-7(8(14)12-18)4-1-2-6(5(13)3-4)19-10(17)9(15)16/h1-3,7,13H,(H,15,16)/t7-/m0/s1",C10H5NO7Cl,286.983279212,0.9551,4.44,-5.3,20.9,-190,3.3980058605977224,1,CONCAT,6,2,130.33,3,10,7,1,0.5263157894736842,0.3684210526315789,0.05263157894736842,0.1,0.1,19,1,0,1,0,0,0,0,0
ONC(=O)Cc1occ(c1)c1cc(F)c(cc1O)CN(=O)=O,16/000000006,"InChI=1S/C13H11FN2O6/c14-11-4-10(12(17)2-7(11)5-16(20)21)8-1-9(22-6-8)3-13(18)15-19/h1-2,4,6,17,19H,3,5H2,(H,15,18)",C13H11N2O6F,310.060114292,1.6158999999999997,4.44,-2.47,2.48,-180,3.207833357186757,1,CONCAT,6,3,125.84,5,13,6,2,0.5909090909090909,0.2727272727272727,0.09090909090909091,0.15384615384615385,0.0,22,2,0,2,1,0,1,0,0
Oc1c(OC(=O)c2nnc[nH]2)ccc(c1)c1[nH]ncc1,17/000000227,"InChI=1S/C12H9N5O3/c18-9-5-7(8-3-4-14-16-8)1-2-10(9)20-12(19)11-13-6-15-17-11/h1-6,18H,(H,14,16)(H,13,15,17)",C12H9N5O3,271.070539148,1.1195999999999997,4.44,-3.65,3.58,-180,3.0586465646222063,1,CONCAT,6,3,116.77999999999999,3,12,3,5,0.6,0.15,0.25,0.0,0.0,20,3,0,3,2,0,2,0,0
NC[C@@H](/C=C/c1nccc(n1)CN)c1nncs1,13/000000016,"InChI=1S/C11H14N6S/c12-5-8(11-17-15-7-18-11)1-2-10-14-4-3-9(6-13)16-10/h1-4,7-8H,5-6,12-13H2/b2-1+/t8-/m1/s1",C11H14N6S,262.100065448,0.5425000000000001,4.44,1.11,2.22,-150,4.130422934781096,1,CONCAT,7,2,103.6,5,11,0,6,0.6111111111111112,0.0,0.3333333333333333,0.2727272727272727,0.09090909090909091,18,2,0,2,2,0,2,0,0
Oc1c(OC(=O)c2occc2)cc(cc1CCCC(=O)OC)C[NH3+],17/000000596,"InChI=1S/C17H19NO6/c1-22-15(19)6-2-4-12-8-11(10-18)9-14(16(12)20)24-17(21)13-5-3-7-23-13/h3,5,7-9,20H,2,4,6,10,18H2,1H3/p+1",C17H20NO6,334.12851378009,1.4419999999999993,4.43,-5.04,3.58,-40,2.908358177124347,1,CONCAT,6,2,113.61000000000001,7,17,6,1,0.7083333333333334,0.25,0.041666666666666664,0.29411764705882354,0.0,24,2,0,2,1,0,1,0,0
ON[C@@H](c1oc(cc1)Br)S,26/000000139,"InChI=1S/C5H6BrNO2S/c6-4-2-1-3(9-4)5(10)7-8/h1-2,5,7-8,10H/t5-/m1/s1",C5H6NO2SBr,222.930261532,1.9492999999999996,4.43,3.49,1.0,-150,4.035659617082051,1,CONCAT,4,3,45.4,2,5,2,1,0.5,0.2,0.1,0.2,0.2,10,1,0,1,1,0,1,0,0
Sc1ccc(c(c1)O)OC(=O)c1nnc[nH]1,17/000001168,"InChI=1S/C9H7N3O3S/c13-6-3-5(16)1-2-7(6)15-9(14)8-10-4-11-12-8/h1-4,13,16H,(H,10,11,12)",C9H7N3O3S,237.020812084,1.0181999999999995,4.43,-1.99,2.22,0,3.2980653984252557,1,CONCAT,6,3,88.1,2,9,3,3,0.5625,0.1875,0.1875,0.0,0.0,16,2,0,2,1,0,1,0,0
Oc1c(OC(=O)c2nnn[nH]2)cccc1C(=O)NC,17/000000422,"InChI=1S/C10H9N5O4/c1-11-9(17)5-3-2-4-6(7(5)16)19-10(18)8-12-14-15-13-8/h2-4,16H,1H3,(H,11,17)(H,12,13,14,15)",C10H9N5O4,263.065453768,-0.5159000000000002,4.43,-2.5,5.09,-20,2.7801502497654464,1,CONCAT,7,3,130.09,3,10,4,5,0.5263157894736842,0.21052631578947367,0.2631578947368421,0.1,0.0,19,2,0,2,1,0,1,0,0
O[P@@H](=O)Oc1ccc(c(c1)c1occc1)Nc1cn[nH]c1,17/000000704,"InChI=1S/C13H12N3O4P/c17-21(18)20-10-3-4-12(16-9-7-14-15-8-9)11(6-10)13-2-1-5-19-13/h1-8,16,21H,(H,14,15)(H,17,18)",C13H12N3O4P,305.05654249400004,3.174100000000001,4.43,-2.57,23.6,-120,3.7468732991699394,1,CONCAT,5,3,100.38,5,13,4,3,0.6190476190476191,0.19047619047619047,0.14285714285714285,0.0,0.0,21,3,0,3,2,0,2,0,0
OC/C=C\1/C(=NNC1=O)C(=O)Cc1n[nH]c(c1)C,1/000000361,"InChI=1S/C11H12N4O3/c1-6-4-7(13-12-6)5-9(17)10-8(2-3-16)11(18)15-14-10/h2,4,16H,3,5H2,1H3,(H,12,13)(H,15,18)/b8-2-",C11H12N4O3,248.090940244,-0.7657800000000001,4.43,4.19,2.48,-20,3.568362502914991,1,CONCAT,5,3,107.44,4,11,3,4,0.6111111111111112,0.16666666666666666,0.2222222222222222,0.2727272727272727,0.0,18,2,1,1,2,1,1,0,0
OC(=O)Cc1ccc(c(c1)O)OC(=O)c1ncoc1,17/000000399,"InChI=1S/C12H9NO6/c14-9-3-7(4-11(15)16)1-2-10(9)19-12(17)8-5-18-6-13-8/h1-3,5-6,14H,4H2,(H,15,16)",C12H9NO6,263.042987008,1.2265,4.43,-2.84,2.22,0,2.6041395095622537,1,CONCAT,6,2,109.86000000000001,4,12,6,1,0.631578947368421,0.3157894736842105,0.05263157894736842,0.08333333333333333,0.0,19,2,0,2,1,0,1,0,0
Oc1c(OC(=O)c2nnn[nH]2)ccc(c1)N1C(=O)CCC1,17/000000379,"InChI=1S/C12H11N5O4/c18-8-6-7(17-5-1-2-10(17)19)3-4-9(8)21-12(20)11-13-15-16-14-11/h3-4,6,18H,1-2,5H2,(H,13,14,15,16)",C12H11N5O4,289.081103832,0.25129999999999986,4.43,-4.49,24.4,-160,2.8175305435090916,1,CONCAT,7,2,121.30000000000001,3,12,4,5,0.5714285714285714,0.19047619047619047,0.23809523809523808,0.25,0.0,21,3,1,2,2,1,1,0,0
OC(=O)c1cc(OC)ccc1c1c[nH]c(c1)CN(=O)=O,12/000000175,"InChI=1S/C13H12N2O5/c1-20-10-2-3-11(12(5-10)13(16)17)8-4-9(14-6-8)7-15(18)19/h2-6,14H,7H2,1H3,(H,16,17)",C13H12N2O5,276.074621484,2.1651999999999996,4.43,-2.15,3.72,-160,2.725506844342487,1,CONCAT,4,2,105.46000000000001,5,13,5,2,0.65,0.25,0.1,0.15384615384615385,0.0,20,2,0,2,1,0,1,0,0
Oc1nc(nc2c1nnn2CCCO)Cc1nnc[nH]1,28/000000050,"InChI=1S/C10H12N8O2/c19-3-1-2-18-9-8(16-17-18)10(20)14-7(13-9)4-6-11-5-12-15-6/h5,19H,1-4H2,(H,11,12,15)(H,13,14,20)",C10H12N8O2,276.108321624,-0.9818000000000005,4.43,-4.97,22.4,-80,3.4400078378317556,1,CONCAT,9,3,138.52,5,10,2,8,0.5,0.1,0.4,0.4,0.0,20,3,0,3,3,0,3,0,0
Oc1nc(nc2c1nnn2C)Cc1nnc[nH]1,28/000000018,"InChI=1S/C8H8N8O/c1-16-7-6(14-15-16)8(17)12-5(11-7)2-4-9-3-10-13-4/h3H,2H2,1H3,(H,9,10,13)(H,11,12,17)",C8H8N8O,232.08210687599998,-0.8272000000000004,4.43,-2.54,20.0,-80,3.5512895017777613,1,CONCAT,8,2,118.28999999999999,2,8,1,8,0.47058823529411764,0.058823529411764705,0.47058823529411764,0.25,0.0,17,3,0,3,3,0,3,0,0
Oc1c(OC(=O)c2occc2)cc(cc1c1ccnn1C)C[NH3+],17/000000454,"InChI=1S/C16H15N3O4/c1-19-12(4-5-18-19)11-7-10(9-17)8-14(15(11)20)23-16(21)13-3-2-6-22-13/h2-8,20H,9,17H2,1H3/p+1",C16H16N3O4,314.11353241209,1.3467999999999998,4.43,-4.78,23.8,-140,3.1573234416128875,1,CONCAT,6,2,105.13000000000001,4,16,4,3,0.6956521739130435,0.17391304347826086,0.13043478260869565,0.125,0.0,23,3,0,3,2,0,2,0,0
Oc1c(OC(=O)c2nnn[nH]2)cccc1/C=C\C=C,17/000000435,"InChI=1S/C12H10N4O3/c1-2-3-5-8-6-4-7-9(10(8)17)19-12(18)11-13-15-16-14-11/h2-7,17H,1H2,(H,13,14,15,16)/b5-3-",C12H10N4O3,258.07529018,1.3236999999999999,4.42,-1.65,3.58,0,3.202743815319389,1,CONCAT,6,2,100.99000000000001,4,12,3,4,0.631578947368421,0.15789473684210525,0.21052631578947367,0.0,0.0,19,2,0,2,1,0,1,0,0
OC(=O)CCCCc1c(O)cc(c(c1)c1nncs1)S,17/000001668,"InChI=1S/C13H14N2O3S2/c16-10-6-11(19)9(13-15-14-7-20-13)5-8(10)3-1-2-4-12(17)18/h5-7,16,19H,1-4H2,(H,17,18)",C13H14N2O3S2,310.04458430799997,2.9968000000000017,4.42,-4.66,22.6,-160,2.9731688173694604,1,CONCAT,6,3,83.31,6,13,3,2,0.65,0.15,0.1,0.3076923076923077,0.0,20,2,0,2,1,0,1,0,0
OC(=O)CCCCc1c(O)cc(c(c1)C(=O)c1occc1Br)S,17/000001646,"InChI=1S/C16H15BrO5S/c17-11-5-6-22-16(11)15(21)10-7-9(12(18)8-13(10)23)3-1-2-4-14(19)20/h5-8,18,23H,1-4H2,(H,19,20)",C16H15O5SBr,397.9823566800001,4.064800000000003,4.42,-3.14,3.58,-20,2.9208628498969116,1,CONCAT,5,3,87.74,7,16,5,0,0.6956521739130435,0.21739130434782608,0.0,0.25,0.0,23,2,0,2,1,0,1,0,0
OC(=O)c1c(ccc(c1)OC)c1nnc([nH]1)CCC=C,12/000000156,"InChI=1S/C14H15N3O3/c1-3-4-5-12-15-13(17-16-12)10-7-6-9(20-2)8-11(10)14(18)19/h3,6-8H,1,4-5H2,2H3,(H,18,19)(H,15,16,17)",C14H15N3O3,273.11134134,2.2971000000000004,4.42,-6.35,5.09,-180,2.766695465721108,1,CONCAT,4,2,88.1,6,14,3,3,0.7,0.15,0.15,0.21428571428571427,0.0,20,2,0,2,1,0,1,0,0
Oc1cc(c(cc1N=O)F)[C@@H](CC#CCOC)N,16/000000056,"InChI=1S/C12H13FN2O3/c1-18-5-3-2-4-10(14)8-6-12(16)11(15-17)7-9(8)13/h6-7,10,16H,4-5,14H2,1H3/t10-/m1/s1",C12H13N2O3F,252.091020496,1.9688999999999999,4.42,0.28,19.5,-170,3.8416786224999706,1,CONCAT,5,2,84.91,4,12,3,2,0.6666666666666666,0.16666666666666666,0.1111111111111111,0.3333333333333333,0.08333333333333333,18,1,0,1,0,0,0,0,0
ONC/C=C\Cc1c(F)ccc(c1)n1nc(cc1)C,1/000000040,"InChI=1S/C14H16FN3O/c1-11-7-9-18(17-11)13-5-6-14(15)12(10-13)4-2-3-8-16-19/h2-3,5-7,9-10,16,19H,4,8H2,1H3/b3-2-",C14H16N3OF,261.127740352,2.3973200000000006,4.42,-3.08,3.58,-160,2.9156771486527227,1,CONCAT,4,2,50.08,5,14,1,3,0.7368421052631579,0.05263157894736842,0.15789473684210525,0.21428571428571427,0.0,19,2,0,2,1,0,1,0,0
Sc1c(O)cc(cc1c1nnc([nH]1)S)Br,15/000000011,"InChI=1S/C8H6BrN3OS2/c9-3-1-4(6(14)5(13)2-3)7-10-8(15)12-11-7/h1-2,13-14H,(H2,10,11,12,15)",C8H6N3OS2Br,302.913565912,2.5171999999999994,4.42,-7.34,17.5,-140,3.799854319554385,1,CONCAT,5,4,61.800000000000004,1,8,1,3,0.5333333333333333,0.06666666666666667,0.2,0.0,0.0,15,2,0,2,1,0,1,0,0
Oc1cc(c(cc1S(=O)(=O)CCN)F)[C@@H](CC[NH3+])n1cncc1,16/000000044,"InChI=1S/C14H19FN4O3S/c15-11-8-14(23(21,22)6-3-17)13(20)7-10(11)12(1-2-16)19-5-4-18-9-19/h4-5,7-9,12,20H,1-3,6,16-17H2/p+1/t12-/m1/s1",C14H20N4O3SF,343.12346614009004,-0.3183999999999987,4.42,-5.55,24.3,-190,4.060427459277808,1,CONCAT,6,3,125.85000000000001,7,14,3,4,0.6086956521739131,0.13043478260869565,0.17391304347826086,0.35714285714285715,0.07142857142857142,23,2,0,2,1,0,1,0,0
O=C1O[C@@H](CN1)C/C=C/c1oc(=O)[nH]n1,4/000000006,"InChI=1S/C8H9N3O4/c12-7-9-4-5(14-7)2-1-3-6-10-11-8(13)15-6/h1,3,5H,2,4H2,(H,9,12)(H,11,13)/b3-1+/t5-/m1/s1",C8H9N3O4,211.059305768,-0.12540000000000012,4.42,8.38,2.22,-150,4.178645492048856,1,CONCAT,5,2,97.21999999999998,3,8,4,3,0.5333333333333333,0.26666666666666666,0.2,0.375,0.125,15,2,1,1,2,1,1,0,0
Oc1c(OC(=O)C(=O)O)ccc(c1)C1=CCC1,17/000000662,"InChI=1S/C12H10O5/c13-9-6-8(7-2-1-3-7)4-5-10(9)17-12(16)11(14)15/h2,4-6,13H,1,3H2,(H,14,15)",C12H9O5,234.05282342,1.5594,4.42,-4.53,3.58,-120,2.4754348092653053,1,CONCAT,4,2,83.83,2,12,5,0,0.7058823529411765,0.29411764705882354,0.0,0.16666666666666666,0.0,17,2,1,1,0,0,0,0,0
OC/C=C/1\C(=O)NN=C1C(=O)Cc1oc(cc1)COCC,1/000000608,"InChI=1S/C14H16N2O5/c1-2-20-8-10-4-3-9(21-10)7-12(18)13-11(5-6-17)14(19)16-15-13/h3-5,17H,2,6-8H2,1H3,(H,16,19)/b11-5-",C14H16N2O5,292.105921612,0.3321999999999994,4.42,4.55,2.48,-20,3.3441307130006184,1,CONCAT,6,2,101.13,7,14,5,2,0.6666666666666666,0.23809523809523808,0.09523809523809523,0.35714285714285715,0.0,21,2,1,1,2,1,1,0,0
Oc1ccc(cc1[C@H]([NH3+])c1ncccc1)Cl,11/000000021,"InChI=1S/C12H11ClN2O/c13-8-4-5-11(16)9(7-8)12(14)10-3-1-2-6-15-10/h1-7,12,16H,14H2/p+1/t12-/m0/s1",C12H12N2OCl,235.06326710409,1.7719,4.41,5.8,10.7,-150,3.2148700078061516,1,CONCAT,2,2,60.760000000000005,2,12,1,2,0.75,0.0625,0.125,0.08333333333333333,0.08333333333333333,16,2,0,2,1,0,1,0,0
SC[C@@H](C/C=C\CNO)O,1/000000720,"InChI=1S/C6H13NO2S/c8-6(5-10)3-1-2-4-7-9/h1-2,6-10H,3-5H2/b2-1-/t6-/m1/s1",C6H13NO2S,163.066699656,0.20219999999999988,4.41,1.97,1.0,-150,4.200069873492309,1,CONCAT,4,4,52.489999999999995,5,6,2,1,0.6,0.2,0.1,0.6666666666666666,0.16666666666666666,10,0,0,0,0,0,0,0,0
OCCc1cc(F)c(cc1O)[C@H](C1=CCC=CO1)SC,16/000000086,"InChI=1S/C15H17FO3S/c1-20-15(14-4-2-3-7-19-14)11-9-13(18)10(5-6-17)8-12(11)16/h3-4,7-9,15,17-18H,2,5-6H2,1H3/t15-/m1/s1",C15H17O3SF,296.08824362400003,3.288100000000002,4.41,-5.66,19.0,-170,4.01722023993717,1,CONCAT,4,2,49.69,5,15,3,0,0.75,0.15,0.0,0.3333333333333333,0.06666666666666667,20,2,1,1,1,1,0,0,0
Oc1c(OC(=O)CCCCC)ccc(c1CO)c1scnc1,17/000000903,"InChI=1S/C16H19NO4S/c1-2-3-4-5-15(19)21-13-7-6-11(12(9-18)16(13)20)14-8-17-10-22-14/h6-8,10,18,20H,2-5,9H2,1H3",C16H19NO4S,321.1034790880001,3.4937000000000022,4.41,-3.22,3.72,-200,2.7200548708343995,1,CONCAT,6,2,79.65,7,16,4,1,0.7272727272727273,0.18181818181818182,0.045454545454545456,0.375,0.0,22,2,0,2,1,0,1,0,0
O[C@@H](CC)/C=C/c1cc(Br)cc(c1S)O,15/000000259,"InChI=1S/C11H13BrO2S/c1-2-9(13)4-3-7-5-8(12)6-10(14)11(7)15/h3-6,9,13-15H,2H2,1H3/b4-3+/t9-/m0/s1",C11H13O2SBr,287.981962756,3.227500000000002,4.41,-8.44,2.22,-190,3.6726500358771217,1,CONCAT,3,3,40.46,3,11,2,0,0.7333333333333333,0.13333333333333333,0.0,0.2727272727272727,0.09090909090909091,15,1,0,1,0,0,0,0,0
Oc1nc(nc2c1nn[nH]2)/C(=C\C1=NCCCN1)/CC,28/000000088,"InChI=1S/C12H15N7O/c1-2-7(6-8-13-4-3-5-14-8)10-15-11-9(12(20)16-10)17-19-18-11/h6H,2-5H2,1H3,(H,13,14)(H2,15,16,17,18,19,20)/b7-6-",C12H15N7O,273.1338081,0.6386999999999998,4.41,-6.18,22.2,-100,4.077071763561198,1,CONCAT,7,3,111.97000000000001,3,12,1,7,0.6,0.05,0.35,0.4166666666666667,0.0,20,3,1,2,3,1,2,0,0
Oc1c(OC(=O)c2occc2)ccc(c1)/C(=C\c1cscc1)/N,17/000001255,"InChI=1S/C17H13NO4S/c18-13(8-11-5-7-23-10-11)12-3-4-15(14(19)9-12)22-17(20)16-2-1-6-21-16/h1-10,19H,18H2/b13-8+",C17H13NO4S,327.0565288960001,3.7227000000000023,4.41,-5.33,3.58,-40,2.71124396877803,1,CONCAT,6,2,85.69,4,17,4,1,0.7391304347826086,0.17391304347826086,0.043478260869565216,0.0,0.0,23,3,0,3,2,0,2,0,0
Oc1c(OC(=O)c2nnc[nH]2)cccc1Nc1[nH]ncc1,17/000000991,"InChI=1S/C12H10N6O3/c19-10-7(16-9-4-5-14-17-9)2-1-3-8(10)21-12(20)11-13-6-15-18-11/h1-6,19H,(H,13,15,18)(H2,14,16,17)",C12H10N6O3,286.08143818,1.1961999999999997,4.41,-3.57,24.7,-20,3.2448814514536064,1,CONCAT,7,4,128.81,4,12,3,6,0.5714285714285714,0.14285714285714285,0.2857142857142857,0.0,0.0,21,3,0,3,2,0,2,0,0
Sc1cccc(c1O)N[C@@H](Nc1cc2ncncc2cc1CO)N,9/000000005,"InChI=1S/C16H17N5O2S/c17-16(20-11-2-1-3-14(24)15(11)23)21-13-5-12-9(4-10(13)7-22)6-18-8-19-12/h1-6,8,16,20-24H,7,17H2",C16H16N5O2S,343.110295784,1.882699999999999,4.41,-6.02,19.4,-140,3.6846838387102823,1,CONCAT,8,6,116.32,5,16,2,5,0.6666666666666666,0.08333333333333333,0.20833333333333334,0.125,0.0625,24,3,0,3,1,0,1,0,0
ONC/C=C/CC1=C[C@@H](C=CO1)C,1/000000165,"InChI=1S/C10H15NO2/c1-9-5-7-13-10(8-9)4-2-3-6-11-12/h2-3,5,7-9,11-12H,4,6H2,1H3/b3-2+/t9-/m1/s1",C10H15NO2,181.11027872,1.9754000000000003,4.41,-0.39,2.22,-170,4.7294263968117605,1,CONCAT,3,2,41.489999999999995,4,10,2,1,0.7692307692307693,0.15384615384615385,0.07692307692307693,0.4,0.1,13,1,1,0,1,1,0,0,0
N1N=C(/C(=C/COCCCl)/C1=O)CN,1/000000950,"InChI=1S/C8H12ClN3O2/c9-2-4-14-3-1-6-7(5-10)11-12-8(6)13/h1H,2-5,10H2,(H,12,13)/b6-1-",C8H12N3O2Cl,217.061804304,-0.3872999999999999,4.41,7.23,3.58,0,3.700349224745393,1,CONCAT,4,2,76.71000000000001,5,8,2,3,0.5714285714285714,0.14285714285714285,0.21428571428571427,0.5,0.0,14,1,1,0,1,1,0,0,0
Oc1c(OC(=O)c2nnn[nH]2)ccc(c1)CCCNC,17/000000495,"InChI=1S/C12H15N5O3/c1-13-6-2-3-8-4-5-10(9(18)7-8)20-12(19)11-14-16-17-15-11/h4-5,7,13,18H,2-3,6H2,1H3,(H,14,15,16,17)",C12H15N5O3,277.11748934,0.2764999999999998,4.41,-4.24,3.58,-60,2.8105198439744346,1,CONCAT,7,3,113.02000000000001,6,12,3,5,0.6,0.15,0.25,0.3333333333333333,0.0,20,2,0,2,1,0,1,0,0
Oc1c(OC(=O)c2nnc[nH]2)cc(cc1)C/C(=C\CC)/C=C,17/000000365,"InChI=1S/C16H17N3O3/c1-3-5-11(4-2)8-12-6-7-13(20)14(9-12)22-16(21)15-17-10-18-19-15/h4-7,9-10,20H,2-3,8H2,1H3,(H,17,18,19)/b11-5-",C16H17N3O3,299.126991404,2.7944000000000013,4.41,-6.51,3.58,-80,3.3749020172363853,1,CONCAT,5,2,88.1,6,16,3,3,0.7272727272727273,0.13636363636363635,0.13636363636363635,0.1875,0.0,22,2,0,2,1,0,1,0,0
Oc1c(OC(=O)c2nnn[nH]2)ccc(c1)C(=O)O,17/000001361,"InChI=1S/C9H6N4O5/c14-5-3-4(8(15)16)1-2-6(5)18-9(17)7-10-12-13-11-7/h1-3,14H,(H,15,16)(H,10,11,12,13)",C9H6N4O5,250.033819292,-0.17730000000000007,4.41,-2.83,2.22,0,2.717463733684223,1,CONCAT,7,3,138.29,3,9,5,4,0.5,0.2777777777777778,0.2222222222222222,0.0,0.0,18,2,0,2,1,0,1,0,0
Oc1c(OC(=O)c2nnn[nH]2)ccc(c1)C(=O)OC,17/000001360,"InChI=1S/C10H8N4O5/c1-18-9(16)5-2-3-7(6(15)4-5)19-10(17)8-11-13-14-12-8/h2-4,15H,1H3,(H,11,12,13,14)",C10H8N4O5,264.04946935600003,-0.0889000000000002,4.41,-3.63,2.22,-40,2.677448362972994,1,CONCAT,8,2,127.29,3,10,5,4,0.5263157894736842,0.2631578947368421,0.21052631578947367,0.1,0.0,19,2,0,2,1,0,1,0,0
Oc1c(OC(=O)c2occc2)cc(c(c1)C1=CC=NC1)C[NH3+],17/000000483,"InChI=1S/C16H14N2O4/c17-8-11-6-15(22-16(20)14-2-1-5-21-14)13(19)7-12(11)10-3-4-18-9-10/h1-7,19H,8-9,17H2/p+1",C16H15N2O4,299.10263338009,1.4141,4.41,-5.64,22.4,-160,3.5691497308131304,1,CONCAT,5,2,99.67,4,16,4,2,0.7272727272727273,0.18181818181818182,0.09090909090909091,0.125,0.0,22,3,1,2,2,1,1,0,0
Oc1c(OC(=O)c2nnc[nH]2)ccc(c1S=O)S,17/000001501,"InChI=1S/C9H7N3O4S2/c13-6-4(1-2-5(17)7(6)18-15)16-9(14)8-10-3-11-12-8/h1-3,13,17-18H,(H,10,11,12)",C9H7N3O4S2,284.987797704,0.32239999999999985,4.41,-1.74,22.2,0,4.235940964453453,1,CONCAT,7,4,105.16999999999999,3,9,4,3,0.5,0.2222222222222222,0.16666666666666666,0.0,0.0,18,2,0,2,1,0,1,0,0
ON[C@H](C(=O)Cc1nncs1)c1n[nH]cc1Br,1/000000034,"InChI=1S/C8H8BrN5O2S/c9-4-2-10-13-7(4)8(14-16)5(15)1-6-12-11-3-17-6/h2-3,8,14,16H,1H2,(H,10,13)/t8-/m1/s1",C8H8N5O2SBr,316.95820759599997,0.8553999999999995,4.41,4.66,2.48,-150,4.461569652759915,1,CONCAT,7,3,103.78999999999999,5,8,2,5,0.47058823529411764,0.11764705882352941,0.29411764705882354,0.25,0.125,17,2,0,2,2,0,2,0,0
ONC[C@@H](CC/C=C/Cc1[nH]ncc1)O,1/000000048,"InChI=1S/C10H17N3O2/c14-10(8-12-15)5-3-1-2-4-9-6-7-11-13-9/h1-2,6-7,10,12,14-15H,3-5,8H2,(H,11,13)/b2-1+/t10-/m1/s1",C10H17N3O2,211.132076784,0.6282999999999996,4.41,0.84,3.85,-150,3.802274830152614,1,CONCAT,4,4,81.17,7,10,2,3,0.6666666666666666,0.13333333333333333,0.2,0.5,0.1,15,1,0,1,1,0,1,0,0
Oc1c(OC(=O)C(=O)O)ccc(c1CCCC)CCN,17/000001370,"InChI=1S/C14H19NO5/c1-2-3-4-10-9(7-8-15)5-6-11(12(10)16)20-14(19)13(17)18/h5-6,16H,2-4,7-8,15H2,1H3,(H,17,18)",C14H18NO5,281.12632270800003,1.226,4.41,-5.59,3.58,-40,2.5348363082119505,1,CONCAT,5,3,109.85,6,14,5,1,0.7,0.25,0.05,0.42857142857142855,0.0,20,1,0,1,0,0,0,0,0
OCC(=O)c1ccc(c(c1C=S)O)OC(=O)c1nnc[nH]1,17/000001287,"InChI=1S/C12H9N3O5S/c16-3-8(17)6-1-2-9(10(18)7(6)4-21)20-12(19)11-13-5-14-15-11/h1-2,4-5,16,18H,3H2,(H,13,14,15)",C12H9N3O5S,307.0262913880001,0.25229999999999986,4.41,-4.28,3.72,-40,3.572411790193442,1,CONCAT,8,3,125.4,5,12,5,3,0.5714285714285714,0.23809523809523808,0.14285714285714285,0.08333333333333333,0.0,21,2,0,2,1,0,1,0,0
ONC/C=C\Cc1ccc(c(c1)N(=O)=O)CO,1/000000066,"InChI=1S/C11H14N2O4/c14-8-10-5-4-9(3-1-2-6-12-15)7-11(10)13(16)17/h1-2,4-5,7,12,14-15H,3,6,8H2/b2-1-",C11H14N2O4,238.095356928,1.1646,4.4,-1.97,2.22,0,2.890025992642519,1,CONCAT,5,3,95.63000000000001,6,11,4,2,0.6470588235294118,0.23529411764705882,0.11764705882352941,0.2727272727272727,0.0,17,1,0,1,0,0,0,0,0
Oc1c(OC(=O)c2ncoc2)ccc(c1)[C@H](C)O,17/000001061,"InChI=1S/C12H11NO5/c1-7(14)8-2-3-11(10(15)4-8)18-12(16)9-5-17-6-13-9/h2-7,14-15H,1H3/t7-/m0/s1",C12H11NO5,249.063722452,1.6527,4.4,-2.63,2.35,-170,3.1516957276805044,1,CONCAT,6,2,92.79,3,12,5,1,0.6666666666666666,0.2777777777777778,0.05555555555555555,0.16666666666666666,0.08333333333333333,18,2,0,2,1,0,1,0,0
Oc1cc(Oc2nccnc2)ccc1OC(=O)c1nnc[nH]1,17/000000266,"InChI=1S/C13H9N5O4/c19-9-5-8(21-11-6-14-3-4-15-11)1-2-10(9)22-13(20)12-16-7-17-18-12/h1-7,19H,(H,16,17,18)",C13H9N5O4,299.06545376800005,1.3117999999999996,4.4,-5.78,20.9,-60,2.9574413860329116,1,CONCAT,8,2,123.10999999999999,4,13,4,5,0.5909090909090909,0.18181818181818182,0.22727272727272727,0.0,0.0,22,3,0,3,2,0,2,0,0
ON[C@@H](CC#Cc1snnc1)C(=O)O,1/000000014,"InChI=1S/C7H7N3O3S/c11-7(12)6(9-13)3-1-2-5-4-8-10-14-5/h4,6,9,13H,3H2,(H,11,12)/t6-/m0/s1",C7H6N3O3S,213.020812084,-0.28830000000000006,4.4,6.76,2.35,-150,4.118963538268301,1,CONCAT,6,3,95.34,3,7,3,3,0.5,0.21428571428571427,0.21428571428571427,0.2857142857142857,0.14285714285714285,14,1,0,1,1,0,1,0,0
Sc1c(cc(cc1O)Br)n1nc(c(c1N)CN(=O)=O)/C=C/N(=O)=O,15/000000253,"InChI=1S/C12H10BrN5O5S/c13-6-3-9(11(24)10(19)4-6)18-12(14)7(5-17(22)23)8(15-18)1-2-16(20)21/h1-4,19,24H,5,14H2/b2-1+",C12H10N5O5SBr,414.95860152,2.2354000000000003,4.4,-7.01,5.21,-180,3.891966698220788,1,CONCAT,9,3,150.35,5,12,5,5,0.5,0.20833333333333334,0.20833333333333334,0.08333333333333333,0.0,24,2,0,2,1,0,1,0,0
Oc1c(c(N)ccc1Nc1nncs1)c1oc(nc1)C,6/000000026,"InChI=1S/C12H11N5O2S/c1-6-14-4-9(19-6)10-7(13)2-3-8(11(10)18)16-12-17-15-5-20-12/h2-5,18H,13H2,1H3,(H,16,17)",C12H11N5O2S,289.063345592,2.53292,4.4,-2.7,23.6,-180,2.9641101273752426,1,CONCAT,8,3,110.09,3,12,2,5,0.6,0.1,0.25,0.08333333333333333,0.0,20,3,0,3,2,0,2,0,0
ONCC(=O)Cc1nnc(s1)CC#CCC(=O)O,1/000000394,"InChI=1S/C10H11N3O4S/c14-7(6-11-17)5-9-13-12-8(18-9)3-1-2-4-10(15)16/h11,17H,3-6H2,(H,15,16)",C10H11N3O4S,269.04702683200003,-0.3509000000000007,4.4,1.56,4.81,-60,3.646288656761145,1,CONCAT,7,3,112.41000000000001,6,10,4,3,0.5555555555555556,0.2222222222222222,0.16666666666666666,0.4,0.0,18,1,0,1,1,0,1,0,0
ONC[C@@H](CC/C=C/Cc1cc(Cl)cc(c1Br)N)O,1/000000070,"InChI=1S/C13H18BrClN2O2/c14-13-9(6-10(15)7-12(13)16)4-2-1-3-5-11(18)8-17-19/h1-2,6-7,11,17-19H,3-5,8,16H2/b2-1+/t11-/m1/s1",C13H18N2O2ClBr,348.02401759599996,2.903300000000001,4.4,-4.73,3.58,-170,3.650309410893581,1,CONCAT,4,4,78.51,7,13,2,2,0.6842105263157895,0.10526315789473684,0.10526315789473684,0.38461538461538464,0.07692307692307693,19,1,0,1,0,0,0,0,0
Sc1nnc([nH]1)COC[C@@H](CCNNCCc1oncc1)O,1/000001108,"InChI=1S/C12H20N6O3S/c19-9(7-20-8-11-16-12(22)18-17-11)1-4-13-14-5-2-10-3-6-15-21-10/h3,6,9,13-14,19H,1-2,4-5,7-8H2,(H2,16,17,18,22)/t9-/m1/s1",C12H20N6O3S,328.1317595,-0.31409999999999955,4.39,1.95,5.09,-150,4.244123783875347,1,CONCAT,9,5,121.12,11,12,3,6,0.5454545454545454,0.13636363636363635,0.2727272727272727,0.5833333333333334,0.08333333333333333,22,2,0,2,2,0,2,0,0
C(=C)COCc1nn(c(=O)[nH]1)Cc1nnc[nH]1,26/000000060,"InChI=1S/C9H12N6O2/c1-2-3-17-5-8-12-9(16)15(14-8)4-7-10-6-11-13-7/h2,6H,1,3-5H2,(H,10,11,13)(H,12,14,16)",C9H12N6O2,236.102173624,-0.5596000000000008,4.39,9.0,20.7,0,3.851753865984983,1,CONCAT,6,2,101.48000000000002,6,9,2,6,0.5294117647058824,0.11764705882352941,0.35294117647058826,0.3333333333333333,0.0,17,2,0,2,2,0,2,0,0
Oc1c(OC(=O)c2nnc[nH]2)ccc(c1)Cn1cnnc1,17/000000780,"InChI=1S/C12H10N6O3/c19-9-3-8(4-18-6-15-16-7-18)1-2-10(9)21-12(20)11-13-5-14-17-11/h1-3,5-7,19H,4H2,(H,13,14,17)",C12H10N6O3,286.08143818,0.3692999999999998,4.39,-4.59,3.58,-60,3.1772305056780707,1,CONCAT,8,2,118.81,4,12,3,6,0.5714285714285714,0.14285714285714285,0.2857142857142857,0.08333333333333333,0.0,21,3,0,3,2,0,2,0,0
OC(=O)CCCCc1ccc(cc1O)COC(=O)CS,17/000001622,"InChI=1S/C14H18O5S/c15-12-7-10(8-19-14(18)9-20)5-6-11(12)3-1-2-4-13(16)17/h5-7,15,20H,1-4,8-9H2,(H,16,17)",C14H18O5S,298.087494676,2.1626000000000007,4.39,-4.78,3.58,-60,2.2894033478389915,1,CONCAT,5,3,83.83000000000001,8,14,5,0,0.7,0.25,0.0,0.42857142857142855,0.0,20,1,0,1,0,0,0,0,0
O=Nc1c(O)cc(c(c1)F)C/C=C/[C@H]1NCCCC1,16/000000019,"InChI=1S/C14H17FN2O2/c15-12-9-13(17-19)14(18)8-10(12)4-3-6-11-5-1-2-7-16-11/h3,6,8-9,11,16,18H,1-2,4-5,7H2/b6-3+/t11-/m0/s1",C14H17N2O2F,264.127406004,3.1700000000000017,4.39,-7.41,3.58,-190,3.7693289375207986,1,CONCAT,4,2,61.69,4,14,2,2,0.7368421052631579,0.10526315789473684,0.10526315789473684,0.42857142857142855,0.07142857142857142,19,2,1,1,1,1,0,0,0
Oc1ccc(c(c1)C(=O)O)c1nc(sc1)/C=C\C,12/000000023,"InChI=1S/C13H11NO3S/c1-2-3-12-14-11(7-18-12)9-5-4-8(15)6-10(9)13(16)17/h2-7,15H,1H3,(H,16,17)/b3-2-",C13H11NO3S,261.045964212,3.2470000000000008,4.39,-7.56,3.58,-180,2.6646434259919154,1,CONCAT,4,2,70.42,3,13,3,1,0.7222222222222222,0.16666666666666666,0.05555555555555555,0.07692307692307693,0.0,18,2,0,2,1,0,1,0,0
Oc1c(S)c(cc(c1)Br)/C=C/[C@@H]1NCCC1,15/000000116,"InChI=1S/C12H14BrNOS/c13-9-6-8(12(16)11(15)7-9)3-4-10-2-1-5-14-10/h3-4,6-7,10,14-16H,1-2,5H2/b4-3+/t10-/m1/s1",C12H14NOSBr,298.997947168,3.2086000000000015,4.39,-6.74,2.22,-170,3.833934623190768,1,CONCAT,3,3,32.26,2,12,1,1,0.75,0.0625,0.0625,0.3333333333333333,0.08333333333333333,16,2,1,1,1,1,0,0,0
Sc1c(Cl)c(Cl)cc(c1)[C@@H](/C=C/CCNCO)N(=O)=O,8/000000025,"InChI=1S/C12H14Cl2N2O3S/c13-9-5-8(6-11(20)12(9)14)10(16(18)19)3-1-2-4-15-7-17/h1,3,5-6,10,15,17,20H,2,4,7H2/b3-1+/t10-/m1/s1",C12H14N2O3SCl2,336.01021866799994,3.0856000000000026,4.39,-2.89,20.7,-190,4.2894521996441295,1,CONCAT,5,3,75.4,7,12,3,2,0.6,0.15,0.1,0.3333333333333333,0.08333333333333333,20,1,0,1,0,0,0,0,0
ONC/C=C/CC1=C[C@@H](C=CO1)CCl,1/000000396,"InChI=1S/C10H14ClNO2/c11-8-9-4-6-14-10(7-9)3-1-2-5-12-13/h1-2,4,6-7,9,12-13H,3,5,8H2/b2-1+/t9-/m1/s1",C10H14NO2Cl,215.071306368,2.1943,4.39,-2.43,3.58,-170,4.9255998104576495,1,CONCAT,3,2,41.489999999999995,5,10,2,1,0.7142857142857143,0.14285714285714285,0.07142857142857142,0.4,0.1,14,1,1,0,1,1,0,0,0
OC(=O)CCCCc1c(O)ccc(c1)C/C=C(\C)/C=C/C,17/000001116,"InChI=1S/C18H24O3/c1-3-6-14(2)9-10-15-11-12-17(19)16(13-15)7-4-5-8-18(20)21/h3,6,9,11-13,19H,4-5,7-8,10H2,1-2H3,(H,20,21)/b6-3+,14-9+",C18H24O3,288.17254462799997,4.254500000000004,4.39,-4.68,3.58,-170,2.611849190723948,1,CONCAT,2,2,57.53,8,18,3,0,0.8571428571428571,0.14285714285714285,0.0,0.3888888888888889,0.0,21,1,0,1,0,0,0,0,0
Oc1c(OC(=O)[C@H](CF)O)cc(cc1S)CC(=O)C1=CCCC1=O,17/000000597,"InChI=1S/C16H15FO6S/c17-7-12(20)16(22)23-13-5-8(6-14(24)15(13)21)4-11(19)9-2-1-3-10(9)18/h2,5-6,12,20-21,24H,1,3-4,7H2/t12-/m0/s1",C16H15O6SF,354.05733742,1.3175999999999997,4.39,-4.17,4.94,-190,3.96467480982062,1,CONCAT,7,3,100.9,6,16,6,0,0.6666666666666666,0.25,0.0,0.3125,0.0625,24,2,1,1,0,0,0,0,0
Sc1nnc([nH]1)[C@H](CCCCCNCCS)N,1/000001139,"InChI=1S/C10H21N5S2/c11-8(9-13-10(17)15-14-9)4-2-1-3-5-12-6-7-16/h8,12,16H,1-7,11H2,(H2,13,14,15,17)/t8-/m0/s1",C10H21N5S2,275.123837672,1.1729999999999998,4.39,4.25,3.7,-150,3.9094773450676064,1,CONCAT,6,5,79.62,9,10,0,5,0.5882352941176471,0.0,0.29411764705882354,0.8,0.1,17,1,0,1,1,0,1,0,0
OCC/C=C/[C@@H](c1oc(cc1)Br)ON,26/000000137,"InChI=1S/C9H12BrNO3/c10-9-5-4-7(13-9)8(14-11)3-1-2-6-12/h1,3-5,8,12H,2,6,11H2/b3-1+/t8-/m0/s1",C9H12NO3Br,261.00005534400003,1.9121000000000001,4.39,4.29,3.58,-150,3.9809209347180055,1,CONCAT,4,2,68.62,5,9,3,1,0.6428571428571429,0.21428571428571427,0.07142857142857142,0.3333333333333333,0.1111111111111111,14,1,0,1,1,0,1,0,0
[nH]1c(nnc1[C@@H](n1nc[nH]c1=O)Cl)CCC,26/000000028,"InChI=1S/C8H11ClN6O/c1-2-3-5-12-7(14-13-5)6(9)15-8(16)10-4-11-15/h4,6H,2-3H2,1H3,(H,10,11,16)(H,12,13,14)/t6-/m1/s1",C8H11N6OCl,242.06828665199998,0.4276999999999996,4.38,6.88,19.6,-170,4.374839238575383,1,CONCAT,5,2,92.25,4,8,1,6,0.5,0.0625,0.375,0.5,0.125,16,2,0,2,2,0,2,0,0
ON[C@H](CNC(=O)C/C=C/C)S,1/000000813,"InChI=1S/C7H14N2O2S/c1-2-3-4-6(10)8-5-7(12)9-11/h2-3,7,9,11-12H,4-5H2,1H3,(H,8,10)/b3-2+/t7-/m0/s1",C7H14N2O2S,190.077598688,0.30350000000000016,4.38,0.07,2.22,-170,4.127108574634889,1,CONCAT,4,4,61.36,5,7,2,2,0.5833333333333334,0.16666666666666666,0.16666666666666666,0.5714285714285714,0.14285714285714285,12,0,0,0,0,0,0,0,0
C#C[C@H](c1ccc(c(c1)O)OC(=O)c1nnc[nH]1)N,17/000000652,"InChI=1S/C12H10N4O3/c1-2-8(13)7-3-4-10(9(17)5-7)19-12(18)11-14-6-15-16-11/h1,3-6,8,17H,13H2,(H,14,15,16)/t8-/m1/s1",C12H10N4O3,258.07529018,0.3624999999999998,4.38,-3.11,21.7,-170,3.836909343906867,1,CONCAT,6,3,114.11999999999999,3,12,3,4,0.631578947368421,0.15789473684210525,0.21052631578947367,0.08333333333333333,0.08333333333333333,19,2,0,2,1,0,1,0,0
Oc1ccc(cc1OC(=O)c1nnc([nH]1)CCC)Cc1nnc[nH]1,17/000000456,"InChI=1S/C15H16N6O3/c1-2-3-12-18-14(21-20-12)15(23)24-11-6-9(4-5-10(11)22)7-13-16-8-17-19-13/h4-6,8,22H,2-3,7H2,1H3,(H,16,17,19)(H,18,20,21)",C15H16N6O3,328.1283883720001,1.3908999999999998,4.38,-3.42,4.94,-60,3.3624629043244667,1,CONCAT,7,3,129.67,6,15,3,6,0.625,0.125,0.25,0.26666666666666666,0.0,24,3,0,3,2,0,2,0,0
Oc1c(OC(=O)c2nnc[nH]2)ccc(c1)[C@@H](CCS)C,17/000000238,"InChI=1S/C13H15N3O3S/c1-8(4-5-20)9-2-3-11(10(17)6-9)19-13(18)12-14-7-15-16-12/h2-3,6-8,17,20H,4-5H2,1H3,(H,14,15,16)/t8-/m1/s1",C13H15N3O3S,293.08341234000005,2.1529,4.38,-6.16,3.72,-190,3.662056503673435,1,CONCAT,6,3,88.1,5,13,3,3,0.65,0.15,0.15,0.3076923076923077,0.07692307692307693,20,2,0,2,1,0,1,0,0
Oc1c(OC(=O)c2nnc([nH]2)CCC)cccc1CCF,17/000001307,"InChI=1S/C14H16FN3O3/c1-2-4-11-16-13(18-17-11)14(20)21-10-6-3-5-9(7-8-15)12(10)19/h3,5-6,19H,2,4,7-8H2,1H3,(H,16,17,18)",C14H16N3O3F,293.117569592,2.194,4.38,1.46,4.94,-20,3.0791035943565506,1,CONCAT,5,2,88.1,6,14,3,3,0.6666666666666666,0.14285714285714285,0.14285714285714285,0.35714285714285715,0.0,21,2,0,2,1,0,1,0,0
Oc1c(OC(=O)c2nnn[nH]2)ccc(c1)CCC,17/000001262,"InChI=1S/C11H12N4O3/c1-2-3-7-4-5-9(8(16)6-7)18-11(17)10-12-14-15-13-10/h4-6,16H,2-3H2,1H3,(H,12,13,14,15)",C11H12N4O3,248.090940244,1.077,4.38,-2.58,3.58,-40,2.7342597698833178,1,CONCAT,6,2,100.99000000000001,4,11,3,4,0.6111111111111112,0.16666666666666666,0.2222222222222222,0.2727272727272727,0.0,18,2,0,2,1,0,1,0,0
Oc1c(OC(=O)c2ncoc2)cc(cc1NC(=O)N)CCl,17/000001285,"InChI=1S/C12H10ClN3O5/c13-3-6-1-7(16-12(14)19)10(17)9(2-6)21-11(18)8-4-20-5-15-8/h1-2,4-5,17H,3H2,(H3,14,16,19)",C12H10N3O5Cl,311.0308981,1.8288,4.38,-4.81,3.72,0,3.0276205435090926,1,CONCAT,6,3,127.67999999999999,4,12,5,3,0.5714285714285714,0.23809523809523808,0.14285714285714285,0.08333333333333333,0.0,21,2,0,2,1,0,1,0,0
OC(=O)c1ccccc1/N=C\1/N(CCNC(=O)N)CCC1,12/000000102,"InChI=1S/C14H18N4O3/c15-14(21)16-7-9-18-8-3-6-12(18)17-11-5-2-1-4-10(11)13(19)20/h1-2,4-5H,3,6-9H2,(H,19,20)(H3,15,16,21)/b17-12+",C14H18N4O3,290.13789043599996,1.1789000000000003,4.38,-7.38,3.58,-40,2.600545315347423,1,CONCAT,3,3,108.02,5,14,3,4,0.6666666666666666,0.14285714285714285,0.19047619047619047,0.35714285714285715,0.0,21,2,1,1,1,1,0,0,0
Oc1c(OC(=O)c2nnn[nH]2)ccc(c1)NC1=NCCO1,17/000001508,"InChI=1S/C11H10N6O4/c18-7-5-6(13-11-12-3-4-20-11)1-2-8(7)21-10(19)9-14-16-17-15-9/h1-2,5,18H,3-4H2,(H,12,13)(H,14,15,16,17)",C11H10N6O4,290.0763528,-0.07740000000000036,4.38,-3.89,24.9,-60,3.2471218045431405,1,CONCAT,9,3,134.61,3,11,4,6,0.5238095238095238,0.19047619047619047,0.2857142857142857,0.18181818181818182,0.0,21,3,1,2,2,1,1,0,0
Oc1ccc(c(c1)C(=O)O)C(=O)[C@H](CCCl)N1CNCCC1,12/000000074,"InChI=1S/C15H19ClN2O4/c16-5-4-13(18-7-1-6-17-9-18)14(20)11-3-2-10(19)8-12(11)15(21)22/h2-3,8,13,17,19H,1,4-7,9H2,(H,21,22)/t13-/m0/s1",C15H19N2O4Cl,326.1033347680001,1.5233999999999999,4.38,-9.66,4.94,-190,3.398882165811033,1,CONCAT,5,3,89.86999999999999,6,15,4,2,0.6818181818181818,0.18181818181818182,0.09090909090909091,0.4666666666666667,0.06666666666666667,22,2,1,1,1,1,0,0,0
ON[C@H](CCCC)c1nnco1,1/000000004,"InChI=1S/C7H13N3O2/c1-2-3-4-6(10-11)7-9-8-5-12-7/h5-6,10-11H,2-4H2,1H3/t6-/m1/s1",C7H13N3O2,171.100776656,1.2797,4.38,4.4,2.35,-170,3.7031726866258383,1,CONCAT,5,2,71.18,5,7,2,3,0.5833333333333334,0.16666666666666666,0.25,0.7142857142857143,0.14285714285714285,12,1,0,1,1,0,1,0,0
Oc1nc(nc2c1nn[nH]2)/C(=C(\C1=NCCCN1)/C=C)/C,28/000000083,"InChI=1S/C13H15N7O/c1-3-8(11-14-5-4-6-15-11)7(2)10-16-12-9(13(21)17-10)18-20-19-12/h3H,1,4-6H2,2H3,(H,14,15)(H2,16,17,18,19,20,21)/b8-7-",C13H15N7O,285.1338081,0.8048,4.38,-7.02,23.8,-100,4.196127466586015,1,CONCAT,7,3,111.97000000000001,3,13,1,7,0.6190476190476191,0.047619047619047616,0.3333333333333333,0.3076923076923077,0.0,21,3,1,2,3,1,2,0,0
Oc1cc(c(c(c1)[C@H](CC)Nc1[nH]nc(c1)CC=C)F)CC(=O)O,13/000000006,"InChI=1S/C17H20FN3O3/c1-3-5-11-8-15(21-20-11)19-14(4-2)13-9-12(22)6-10(17(13)18)7-16(23)24/h3,6,8-9,14,22H,1,4-5,7H2,2H3,(H,23,24)(H2,19,20,21)/t14-/m0/s1",C17H20N3O3F,333.14886971999994,3.1732000000000005,4.38,-8.36,5.09,-190,3.8189946161681174,1,CONCAT,4,4,98.24,8,17,3,3,0.7083333333333334,0.125,0.125,0.29411764705882354,0.058823529411764705,24,2,0,2,1,0,1,0,0
OC/C=C\1/C(=NNC1=O)C(=O)Cc1oc(cc1)C[N@@H+](CC(=C)C)C,1/000000993,"InChI=1S/C17H21N3O4/c1-11(2)9-20(3)10-13-5-4-12(24-13)8-15(22)16-14(6-7-21)17(23)19-18-16/h4-6,21H,1,7-10H2,2-3H3,(H,19,23)/p+1/b14-6-",C17H22N3O4,332.16048260408996,-0.6134999999999997,4.38,0.04,3.84,-100,4.794806504280007,1,CONCAT,5,3,96.34,8,17,4,3,0.7083333333333334,0.16666666666666666,0.125,0.35294117647058826,0.0,24,2,1,1,2,1,1,0,0
ONC/C=C\Cc1cc(c2oncc2)c(c(c1)CC(=O)N)CO,1/000000171,"InChI=1S/C16H19N3O4/c17-16(21)9-12-7-11(3-1-2-5-18-22)8-13(14(12)10-20)15-4-6-19-23-15/h1-2,4,6-8,18,20,22H,3,5,9-10H2,(H2,17,21)/b2-1-",C16H19N3O4,317.137556088,0.9392,4.37,-2.16,22.4,-140,3.405740483033006,1,CONCAT,6,4,121.61,8,16,4,3,0.6956521739130435,0.17391304347826086,0.13043478260869565,0.25,0.0,23,2,0,2,1,0,1,0,0
ONC/C=C\C[C@H](CSCCl)O,1/000000770,"InChI=1S/C7H14ClNO2S/c8-6-12-5-7(10)3-1-2-4-9-11/h1-2,7,9-11H,3-6H2/b2-1-/t7-/m1/s1",C7H14NO2SCl,211.043377368,1.2019,4.37,-1.04,2.22,-150,4.327055821138385,1,CONCAT,4,3,52.489999999999995,7,7,2,1,0.5833333333333334,0.16666666666666666,0.08333333333333333,0.7142857142857143,0.14285714285714285,12,0,0,0,0,0,0,0,0
Oc1c(S)cc(c(c1)c1cc(Br)cc(c1S)O)CNN,15/000000031,"InChI=1S/C13H13BrN2O2S2/c14-7-2-9(13(20)11(18)3-7)8-4-10(17)12(19)1-6(8)5-16-15/h1-4,16-20H,5,15H2",C13H13N2O2S2Br,371.96018175600005,3.0680000000000014,4.37,-4.47,17.7,-180,3.481964513340155,1,CONCAT,6,6,78.51,3,13,2,2,0.65,0.1,0.1,0.07692307692307693,0.0,20,2,0,2,0,0,0,0,0
Oc1nc(nc2c1nn[nH]2)C(=C)CCCS(=O)=O,28/000000054,"InChI=1S/C9H11N5O3S/c1-5(3-2-4-18(16)17)7-10-8-6(9(15)11-7)12-14-13-8/h18H,1-4H2,(H2,10,11,12,13,14,15)",C9H11N5O3S,269.058260212,-0.1417000000000001,4.37,-0.91,21.1,-40,4.4504428106073,1,CONCAT,7,3,121.72,5,9,3,5,0.5,0.16666666666666666,0.2777777777777778,0.3333333333333333,0.0,18,2,0,2,2,0,2,0,0
ONCC(=O)Cc1nnc(s1)CC#CC,1/000000178,"InChI=1S/C9H11N3O2S/c1-2-3-4-8-11-12-9(15-8)5-7(13)6-10-14/h10,14H,4-6H2,1H3",C9H11N3O2S,225.057197592,0.19429999999999947,4.37,-1.06,2.22,-20,3.627492459463258,1,CONCAT,6,2,75.11,5,9,2,3,0.6,0.13333333333333333,0.2,0.4444444444444444,0.0,15,1,0,1,1,0,1,0,0
N(CCC#CC1=C[C@@H](C1)/C=C\C)N,22/000000009,"InChI=1S/C11H16N2/c1-2-5-10-8-11(9-10)6-3-4-7-13-12/h2,5,8,10,13H,4,7,9,12H2,1H3/b5-2-/t10-/m0/s1",C11H16N2,176.131348512,1.3656,4.37,7.88,3.58,-170,4.439819744005108,1,CONCAT,2,2,38.05,3,11,0,2,0.8461538461538461,0.0,0.15384615384615385,0.45454545454545453,0.09090909090909091,13,1,1,0,0,0,0,0,0
Oc1c(OC(=O)c2nnc[nH]2)ccc(c1CCN)CC[NH3+],17/000000436,"InChI=1S/C13H17N5O3/c14-5-3-8-1-2-10(11(19)9(8)4-6-15)21-13(20)12-16-7-17-18-12/h1-2,7,19H,3-6,14-15H2,(H,16,17,18)/p+1",C13H18N5O3,292.14041585609,-0.9848999999999997,4.37,-4.13,3.58,-40,3.734388079363069,1,CONCAT,6,4,141.76,6,13,3,5,0.6190476190476191,0.14285714285714285,0.23809523809523808,0.3076923076923077,0.0,21,2,0,2,1,0,1,0,0
OC/C=C/[C@H](c1cc(O)c(cc1F)N=O)C#C,16/000000080,"InChI=1S/C12H10FNO3/c1-2-8(4-3-5-15)9-6-12(16)11(14-17)7-10(9)13/h1,3-4,6-8,15-16H,5H2/b4-3+/t8-/m1/s1",C12H10NO3F,235.0644714,2.1944999999999997,4.37,-3.99,19.1,-150,4.1921405557699485,1,CONCAT,4,2,69.89,4,12,3,1,0.7058823529411765,0.17647058823529413,0.058823529411764705,0.16666666666666666,0.08333333333333333,17,1,0,1,0,0,0,0,0
[nH]1cnnc1Cn1nc([nH]c1=O)C[NH3+],26/000000018,"InChI=1S/C6H9N7O/c7-1-4-10-6(14)13(12-4)2-5-8-3-9-11-5/h3H,1-2,7H2,(H,8,9,11)(H,10,12,14)/p+1",C6H10N7O,196.09413436008998,-2.5202999999999998,4.37,7.96,18.1,0,4.564035201076753,1,CONCAT,5,3,119.89,3,6,1,7,0.42857142857142855,0.07142857142857142,0.5,0.3333333333333333,0.0,14,2,0,2,2,0,2,0,0
Oc1c(OC(=O)c2ncoc2)ccc(c1)[C@](C[NH3+])(C)O,17/000001558,"InChI=1S/C13H14N2O5/c1-13(18,6-14)8-2-3-11(10(16)4-8)20-12(17)9-5-19-7-15-9/h2-5,7,16,18H,6,14H2,1H3/p+1/t13-/m1/s1",C13H15N2O5,279.09754800009,0.048799999999999955,4.37,-3.11,19.4,-170,3.8707763488282785,1,CONCAT,6,3,120.43,4,13,5,2,0.65,0.25,0.1,0.23076923076923078,0.07692307692307693,20,2,0,2,1,0,1,0,0
Oc1c(OC(=O)c2nnn[nH]2)ccc(c1)c1sccc1,17/000001297,"InChI=1S/C12H8N4O3S/c17-8-6-7(10-2-1-5-20-10)3-4-9(8)19-12(18)11-13-15-16-14-11/h1-6,17H,(H,13,14,15,16)",C12H8N4O3S,288.031711116,1.8529999999999998,4.37,-3.87,3.58,-160,2.7796585009617285,1,CONCAT,7,2,100.99000000000001,3,12,3,4,0.6,0.15,0.2,0.0,0.0,20,3,0,3,2,0,2,0,0
Sc1c(cc(cc1O)Br)n1nc(cc1N)/C=C/N(=O)=O,15/000000136,"InChI=1S/C11H9BrN4O3S/c12-6-3-8(11(20)9(17)4-6)16-10(13)5-7(14-16)1-2-15(18)19/h1-5,17,20H,13H2/b2-1+",C11H9N4O3SBr,355.95787324800006,2.4587000000000003,4.37,-9.25,3.7,-180,3.628510667186309,1,CONCAT,7,3,107.21000000000001,3,11,3,4,0.55,0.15,0.2,0.0,0.0,20,2,0,2,1,0,1,0,0
C(=C\CCOC[C@@H]([NH3+])C1=NNC(=O)C1=C)\C,1/000000618,"InChI=1S/C11H17N3O2/c1-3-4-5-6-16-7-9(12)10-8(2)11(15)14-13-10/h3-4,9H,2,5-7,12H2,1H3,(H,14,15)/p+1/b4-3-/t9-/m1/s1",C11H18N3O2,224.13935323609,-0.3782999999999992,4.37,4.6,3.58,-170,4.739439308505452,1,CONCAT,3,2,78.33000000000001,6,11,2,3,0.6875,0.125,0.1875,0.45454545454545453,0.09090909090909091,16,1,1,0,1,1,0,0,0
ONCC(=O)Cc1nnc(s1)[C@H](c1[nH]ccc1)C(=O)OC,1/000000431,"InChI=1S/C12H14N4O4S/c1-20-12(18)10(8-3-2-4-13-8)11-16-15-9(21-11)5-7(17)6-14-19/h2-4,10,13-14,19H,5-6H2,1H3/t10-/m0/s1",C12H14N4O4S,310.07357592799997,0.26149999999999923,4.36,-4.32,4.69,-190,3.870546691351528,1,CONCAT,8,3,117.2,7,12,4,4,0.5714285714285714,0.19047619047619047,0.19047619047619047,0.3333333333333333,0.08333333333333333,21,2,0,2,2,0,2,0,0
Oc1c(OC(=O)c2ncc(o2)C)ccc(c1)c1cc[nH]c1,17/000000614,"InChI=1S/C15H12N2O4/c1-9-7-17-14(20-9)15(19)21-13-3-2-10(6-12(13)18)11-4-5-16-8-11/h2-8,16,18H,1H3",C15H12N2O4,284.079706864,2.90292,4.36,-2.31,3.58,-180,2.9277228512014,1,CONCAT,5,2,88.35,3,15,4,2,0.7142857142857143,0.19047619047619047,0.09523809523809523,0.06666666666666667,0.0,21,3,0,3,2,0,2,0,0
S[C@@H](c1[nH]ccc1)C#CC/C=C\CCNN,21/000000045,"InChI=1S/C12H17N3S/c13-15-10-5-3-1-2-4-8-12(16)11-7-6-9-14-11/h1,3,6-7,9,12,14-16H,2,5,10,13H2/b3-1-/t12-/m1/s1",C12H17N3S,235.11431854399999,1.7886999999999997,4.36,10.19,19.7,-150,4.562247532889765,1,CONCAT,3,4,53.84,5,12,0,3,0.75,0.0,0.1875,0.3333333333333333,0.08333333333333333,16,1,0,1,1,0,1,0,0
Sc1c(ON)cc(cc1C=C)Br,15/000000007,"InChI=1S/C8H8BrNOS/c1-2-5-3-6(9)4-7(11-10)8(5)12/h2-4,12H,1,10H2",C8H8NOSBr,244.950996976,2.633300000000001,4.36,-6.84,2.35,0,3.4364987729462992,1,CONCAT,3,2,35.25,2,8,1,1,0.6666666666666666,0.08333333333333333,0.08333333333333333,0.0,0.0,12,1,0,1,0,0,0,0,0
Oc1ccc(c(c1)C(=O)O)C(=O)[C@H](NC(=O)N)c1n[nH]c(=S)o1,12/000000090,"InChI=1S/C12H10N4O6S/c13-11(21)14-7(9-15-16-12(23)22-9)8(18)5-2-1-4(17)3-6(5)10(19)20/h1-3,7,17H,(H,16,23)(H,19,20)(H3,13,14,21)/t7-/m0/s1",C12H10N4O6S,338.03210504000003,0.7282900000000003,4.36,-7.9,4.94,-190,3.4905741094018774,1,CONCAT,7,5,171.54000000000002,5,12,6,4,0.5217391304347826,0.2608695652173913,0.17391304347826086,0.08333333333333333,0.08333333333333333,23,2,0,2,1,0,1,0,0
NNCCN[C@H](Nc1cccc2c1C(=O)N(C2=O)CC#CC)N,5/000000004,"InChI=1S/C15H20N6O2/c1-2-3-9-21-13(22)10-5-4-6-11(12(10)14(21)23)20-15(16)18-7-8-19-17/h4-6,15,18-20H,7-9,16-17H2,1H3",C15H18N6O2,316.16477388000004,-0.9869999999999977,4.36,-2.58,4.94,-80,3.678333468893193,1,CONCAT,7,5,125.51,7,15,2,6,0.6521739130434783,0.08695652173913043,0.2608695652173913,0.3333333333333333,0.06666666666666667,23,2,1,1,1,1,0,0,0
N(CCC1=NNC(=O)/C/1=C\C(=O)N)CCCCC,1/000000357,"InChI=1S/C12H20N4O2/c1-2-3-4-6-14-7-5-10-9(8-11(13)17)12(18)16-15-10/h8,14H,2-7H2,1H3,(H2,13,17)(H,16,18)/b9-8-",C12H20N4O2,252.15862588,0.053800000000000736,4.36,2.76,3.58,-80,3.1190049644534543,1,CONCAT,4,3,96.58,8,12,2,4,0.6666666666666666,0.1111111111111111,0.2222222222222222,0.5833333333333334,0.0,18,1,1,0,1,1,0,0,0
OC(=O)c1cc(nc(c1)Br)/C(=C/c1cnc([nH]1)C[NH3+])/N,6/000000002,"InChI=1S/C12H12BrN5O2/c13-10-2-6(12(19)20)1-9(18-10)8(15)3-7-5-16-11(4-14)17-7/h1-3,5H,4,14-15H2,(H,16,17)(H,19,20)/p+1/b8-3-",C12H13N5O2Br,338.02471317609013,0.46409999999999957,4.36,-5.77,21.0,-20,3.927121389797032,1,CONCAT,4,4,132.53,4,12,2,5,0.6,0.1,0.25,0.08333333333333333,0.0,20,2,0,2,2,0,2,0,0
OC(=O)CCCCc1ccccc1O,17/000000273,"InChI=1S/C11H14O3/c12-10-7-3-1-5-9(10)6-2-4-8-11(13)14/h1,3,5,7,12H,2,4,6,8H2,(H,13,14)",C11H14O3,194.094294308,2.189600000000001,4.36,0.26,2.22,0,1.6925042543311903,1,CONCAT,2,2,57.53,5,11,3,0,0.7857142857142857,0.21428571428571427,0.0,0.36363636363636365,0.0,14,1,0,1,0,0,0,0,0
C(=C\COC(=O)c1cncc(c1)I)\C(=O)[C@@H]1C(=O)NCCN1,27/000000021,"InChI=1S/C14H14IN3O4/c15-10-6-9(7-16-8-10)14(21)22-5-1-2-11(19)12-13(20)18-4-3-17-12/h1-2,6-8,12,17H,3-5H2,(H,18,20)/b2-1-/t12-/m1/s1",C14H14N3O4I,415.00290392799997,0.05629999999999985,4.36,2.55,3.58,-150,3.6809212171880015,1,CONCAT,6,2,97.39,5,14,4,3,0.6363636363636364,0.18181818181818182,0.13636363636363635,0.2857142857142857,0.07142857142857142,22,2,1,1,2,1,1,0,0
Sc1nnc([nH]1)[C@@H](c1nsnc1)N,1/000001129,"InChI=1S/C5H6N6S2/c6-3(2-1-7-13-11-2)4-8-5(12)10-9-4/h1,3H,6H2,(H2,8,9,10,12)/t3-/m1/s1",C5H6N6S2,214.00953619199998,-0.007000000000000006,4.36,4.95,21.4,-150,4.866013091198456,1,CONCAT,7,3,93.36999999999999,2,5,0,6,0.38461538461538464,0.0,0.46153846153846156,0.2,0.2,13,2,0,2,2,0,2,0,0
Oc1c(S)c(cc(c1)Br)/C=C/[C@H](c1n[nH]cc1)O,15/000000290,"InChI=1S/C12H11BrN2O2S/c13-8-5-7(12(18)11(17)6-8)1-2-10(16)9-3-4-14-15-9/h1-6,10,16-18H,(H,14,15)/b2-1+/t10-/m1/s1",C12H11N2O2SBr,325.972460692,2.9133000000000018,4.36,-9.09,2.22,-190,4.2876978815266575,1,CONCAT,4,4,69.14,3,12,2,2,0.6666666666666666,0.1111111111111111,0.1111111111111111,0.08333333333333333,0.08333333333333333,18,2,0,2,1,0,1,0,0
Oc1c(OC(=O)c2nnc[nH]2)cccc1[C@H](CF)C(=O)O,17/000001333,"InChI=1S/C12H10FN3O5/c13-4-7(11(18)19)6-2-1-3-8(9(6)17)21-12(20)10-14-5-15-16-10/h1-3,5,7,17H,4H2,(H,18,19)(H,14,15,16)/t7-/m0/s1",C12H9N3O5F,295.06044863999995,0.8672,4.36,-1.54,3.58,-170,3.749352261643306,1,CONCAT,6,3,125.39999999999999,5,12,5,3,0.5714285714285714,0.23809523809523808,0.14285714285714285,0.16666666666666666,0.08333333333333333,21,2,0,2,1,0,1,0,0
Oc1c(OC(=O)C(=O)O)ccc(c1)c1sncc1,17/000000031,"InChI=1S/C11H7NO5S/c13-7-5-6(9-3-4-12-18-9)1-2-8(7)17-11(16)10(14)15/h1-5,13H,(H,14,15)",C11H6NO5S,265.00449332400007,1.5057,4.36,-5.57,3.58,-180,2.7991311182996075,1,CONCAT,6,2,96.72,2,11,5,1,0.6111111111111112,0.2777777777777778,0.05555555555555555,0.0,0.0,18,2,0,2,1,0,1,0,0
Oc1c(OC(=O)c2nnc[nH]2)cccc1C=S,17/000001089,"InChI=1S/C10H7N3O3S/c14-8-6(4-17)2-1-3-7(8)16-10(15)9-11-5-12-13-9/h1-5,14H,(H,11,12,13)",C10H7N3O3S,249.020812084,1.0772999999999997,4.35,-2.06,2.22,0,3.3748963895328643,1,CONCAT,6,2,88.1,3,10,3,3,0.5882352941176471,0.17647058823529413,0.17647058823529413,0.0,0.0,17,2,0,2,1,0,1,0,0
ON[C@@H](c1cc[nH]c1CBr)C(=O)O,1/000000026,"InChI=1S/C7H9BrN2O3/c8-3-5-4(1-2-9-5)6(10-13)7(11)12/h1-2,6,9-10,13H,3H2,(H,11,12)/t6-/m0/s1",C7H8N2O3Br,247.979654248,1.0141,4.35,7.58,2.22,-150,3.994676447301812,1,CONCAT,3,4,85.35000000000001,4,7,3,2,0.5384615384615384,0.23076923076923078,0.15384615384615385,0.2857142857142857,0.14285714285714285,13,1,0,1,1,0,1,0,0
Sc1c(Cl)c(Cl)cc(c1)C/C(=C/CCNCO)/COC(=O)/C=C\C,8/000000056,"InChI=1S/C17H21Cl2NO3S/c1-2-4-16(22)23-10-12(5-3-6-20-11-21)7-13-8-14(18)17(19)15(24)9-13/h2,4-5,8-9,20-21,24H,3,6-7,10-11H2,1H3/b4-2-,12-5-",C17H21NO3SCl2,389.06191989199993,3.799800000000003,4.35,-0.99,5.09,-190,3.4849565802137947,1,CONCAT,5,3,58.559999999999995,9,17,3,1,0.7083333333333334,0.125,0.041666666666666664,0.35294117647058826,0.0,24,1,0,1,0,0,0,0,0
[nH]1c(nnc1C[NH3+])[C@@H](n1nc([nH]c1=O)C[NH2+]C)Cl,26/000000090,"InChI=1S/C8H13ClN8O/c1-11-3-5-13-8(18)17(16-5)6(9)7-12-4(2-10)14-15-7/h6,11H,2-3,10H2,1H3,(H,12,14,15)(H,13,16,18)/p+2/t6-/m1/s1",C8H15N8OCl,274.10463762018,-3.089699999999999,4.35,7.24,22.4,-170,5.729193266142042,1,CONCAT,5,4,136.5,5,8,1,8,0.4444444444444444,0.05555555555555555,0.4444444444444444,0.5,0.125,18,2,0,2,2,0,2,0,0
ON[C@H](c1coc(c1)CCCO)S,1/000000562,"InChI=1S/C8H13NO3S/c10-3-1-2-7-4-6(5-12-7)8(13)9-11/h4-5,8-11,13H,1-3H2/t8-/m0/s1",C8H13NO3S,203.061614276,1.1117,4.35,1.98,2.35,-150,4.080923590158955,1,CONCAT,5,4,65.63,5,8,3,1,0.6153846153846154,0.23076923076923078,0.07692307692307693,0.5,0.125,13,1,0,1,1,0,1,0,0
OCC(=O)OCc1cc(OC(=O)c2nnc[nH]2)c(cc1)O,17/000000195,"InChI=1S/C12H11N3O6/c16-4-10(18)20-5-7-1-2-8(17)9(3-7)21-12(19)11-13-6-14-15-11/h1-3,6,16-17H,4-5H2,(H,13,14,15)",C12H11N3O6,293.064785072,-0.23500000000000043,4.35,-4.81,3.58,0,2.9468962931831477,1,CONCAT,8,3,134.63,5,12,6,3,0.5714285714285714,0.2857142857142857,0.14285714285714285,0.16666666666666666,0.0,21,2,0,2,1,0,1,0,0
Oc1c(OC(=O)CC(=O)C)ccc(c1C1=NNC(=O)C1)Cl,17/000000145,"InChI=1S/C13H11ClN2O5/c1-6(17)4-11(19)21-9-3-2-7(14)12(13(9)20)8-5-10(18)16-15-8/h2-3,20H,4-5H2,1H3,(H,16,18)",C13H11N2O5Cl,310.035649132,1.1541,4.35,-2.08,22.1,-140,2.9526363329827774,1,CONCAT,6,2,105.06,4,13,5,2,0.6190476190476191,0.23809523809523808,0.09523809523809523,0.23076923076923078,0.0,21,2,1,1,1,1,0,0,0
Oc1c(OC(=O)c2nnn[nH]2)ccc(c1)CN(C)C(=S)Cl,17/000000569,"InChI=1S/C11H10ClN5O3S/c1-17(11(12)21)5-6-2-3-8(7(18)4-6)20-10(19)9-13-15-16-14-9/h2-4,18H,5H2,1H3,(H,13,14,15,16)",C11H10N5O3SCl,327.01928785999996,1.0799999999999998,4.35,-4.01,3.58,-80,3.1748672278592256,1,CONCAT,7,2,104.23,4,11,3,5,0.5238095238095238,0.14285714285714285,0.23809523809523808,0.18181818181818182,0.0,21,2,0,2,1,0,1,0,0
OC/C=c\1/sc2c([nH]1)cc(cc2C(=O)NO)CS(=O)=O,30/000000048,"InChI=1S/C11H12N2O5S2/c14-2-1-9-12-8-4-6(5-20(17)18)3-7(10(8)19-9)11(15)13-16/h1,3-4,12,14,16,20H,2,5H2,(H,13,15)/b9-1+",C11H12N2O5S2,316.0187634839999,0.26830000000000004,4.35,-5.74,5.09,-60,4.2528634876991305,1,CONCAT,7,5,115.72999999999999,4,11,5,2,0.55,0.25,0.1,0.18181818181818182,0.0,20,2,1,1,1,1,0,0,0
OC(=O)[C@@H](N(c1ccc(c(c1)Cl)Cl)N)c1nnsc1,7/000000003,"InChI=1S/C10H8Cl2N4O2S/c11-6-2-1-5(3-7(6)12)16(13)9(10(17)18)8-4-19-15-14-8/h1-4,9H,13H2,(H,17,18)/t9-/m0/s1",C10H8N4O2SCl2,317.97450185599996,2.3509,4.35,-9.23,23.3,-190,3.465623020361035,1,CONCAT,6,2,92.34,4,10,2,4,0.5263157894736842,0.10526315789473684,0.21052631578947367,0.1,0.1,19,2,0,2,1,0,1,0,0
Oc1c(OC(=O)c2nnn[nH]2)ccc(c1)Cc1oncn1,17/000000683,"InChI=1S/C11H8N6O4/c18-7-3-6(4-9-12-5-13-21-9)1-2-8(7)20-11(19)10-14-16-17-15-10/h1-3,5,18H,4H2,(H,14,15,16,17)",C11H8N6O4,288.060702736,0.09829999999999983,4.35,-3.31,3.58,-20,3.205179307695726,1,CONCAT,9,2,139.91000000000003,4,11,4,6,0.5238095238095238,0.19047619047619047,0.2857142857142857,0.09090909090909091,0.0,21,3,0,3,2,0,2,0,0
OC(=O)Cc1ccc(c(c1)O)OC(=O)c1ncc(o1)CCCC,17/000000832,"InChI=1S/C16H17NO6/c1-2-3-4-11-9-17-15(22-11)16(21)23-13-6-5-10(7-12(13)18)8-14(19)20/h5-7,9,18H,2-4,8H2,1H3,(H,19,20)",C16H17NO6,319.10558726400006,2.5691000000000006,4.35,0.27,5.09,-60,2.616847946050756,1,CONCAT,6,2,109.86000000000001,7,16,6,1,0.6956521739130435,0.2608695652173913,0.043478260869565216,0.3125,0.0,23,2,0,2,1,0,1,0,0
Oc1ccc(c(c1c1nc(n[nH]1)CCC)N)CCNN,6/000000018,"InChI=1S/C13H20N6O/c1-2-3-10-17-13(19-18-10)11-9(20)5-4-8(12(11)14)6-7-16-15/h4-5,16,20H,2-3,6-7,14-15H2,1H3,(H,17,18,19)",C13H20N6O,276.16985926,0.7177999999999998,4.35,-5.98,18.9,-200,3.0916350261606684,1,CONCAT,6,5,125.87,6,13,1,6,0.65,0.05,0.3,0.38461538461538464,0.0,20,2,0,2,1,0,1,0,0
Oc1c(OC(=O)c2nnc[nH]2)ccc(c1)[C@H](C(=O)N)Cl,17/000000521,"InChI=1S/C11H9ClN4O4/c12-8(9(13)18)5-1-2-7(6(17)3-5)20-11(19)10-14-4-15-16-10/h1-4,8,17H,(H2,13,18)(H,14,15,16)/t8-/m1/s1",C11H9N4O4Cl,296.031232448,0.49469999999999986,4.35,-3.3,22.2,-190,3.613419146031077,1,CONCAT,6,3,131.19,4,11,4,4,0.55,0.2,0.2,0.09090909090909091,0.09090909090909091,20,2,0,2,1,0,1,0,0
Oc1nc(nc2c1nn[nH]2)C(=C)CCCCC(=O)OC,28/000000056,"InChI=1S/C12H15N5O3/c1-7(5-3-4-6-8(18)20-2)10-13-11-9(12(19)14-10)15-17-16-11/h1,3-6H2,2H3,(H2,13,14,15,16,17,19)",C12H15N5O3,277.11748934,1.2001,4.35,0.3,20.8,-60,3.405925410776053,1,CONCAT,7,2,113.88000000000001,6,12,3,5,0.6,0.15,0.25,0.4166666666666667,0.0,20,2,0,2,2,0,2,0,0
ON[C@H](/C=C/Cc1ncnc(c1)Cc1sccc1)S,1/000000746,"InChI=1S/C13H15N3OS2/c17-16-13(18)5-1-3-10-7-11(15-9-14-10)8-12-4-2-6-19-12/h1-2,4-7,9,13,16-18H,3,8H2/b5-1+/t13-/m0/s1",C13H15N3OS2,293.0656541,2.4623000000000004,4.35,-4.25,20.0,-150,3.914234531926393,1,CONCAT,6,3,58.04,6,13,1,3,0.6842105263157895,0.05263157894736842,0.15789473684210525,0.23076923076923078,0.07692307692307693,19,2,0,2,2,0,2,0,0
OP(=O)(CCCC(=O)O[C@H](c1scc(c1)Br)c1nnc(s1)CN)O,8/000000059,"InChI=1S/C12H15BrN3O5PS2/c13-7-4-8(23-6-7)11(12-16-15-9(5-14)24-12)21-10(17)2-1-3-22(18,19)20/h4,6,11H,1-3,5,14H2,(H2,18,19,20)/t11-/m1/s1",C12H15N3O5PS2Br,454.9374113100001,2.4113,4.35,-3.03,4.69,-150,3.811278532252034,1,CONCAT,8,3,135.63,8,12,5,3,0.5,0.20833333333333334,0.125,0.4166666666666667,0.08333333333333333,24,2,0,2,2,0,2,0,0
OC(=O)c1cn[nH]c1C#CCCC(=O)/C=C/CCNNC,12/000000048,"InChI=1S/C14H18N4O3/c1-15-16-9-5-4-7-11(19)6-2-3-8-13-12(14(20)21)10-17-18-13/h4,7,10,15-16H,2,5-6,9H2,1H3,(H,17,18)(H,20,21)/b7-4+",C14H18N4O3,290.137890436,0.4790000000000002,4.35,-3.91,5.39,-200,3.670712199310918,1,CONCAT,5,4,107.10999999999999,8,14,3,4,0.6666666666666666,0.14285714285714285,0.19047619047619047,0.35714285714285715,0.0,21,1,0,1,1,0,1,0,0
Oc1c(OC(=O)C(=O)O)ccc(c1)CCN,17/000000908,"InChI=1S/C10H11NO5/c11-4-3-6-1-2-8(7(12)5-6)16-10(15)9(13)14/h1-2,5,12H,3-4,11H2,(H,13,14)",C10H10NO5,225.063722452,-0.11659999999999993,4.35,-3.27,3.58,0,2.29266010325531,1,CONCAT,5,3,109.85,3,10,5,1,0.625,0.3125,0.0625,0.2,0.0,16,1,0,1,0,0,0,0,0
Sc1ccc(c(c1O)C=C)c1cc(Br)cc(c1S)O,15/000000038,"InChI=1S/C14H11BrO2S2/c1-2-8-9(3-4-12(18)13(8)17)10-5-7(15)6-11(16)14(10)19/h2-6,16-19H,1H2",C14H11O2S2Br,353.938383692,4.747700000000004,4.35,-6.68,16.5,-180,3.478265233117278,1,CONCAT,4,4,40.46,2,14,2,0,0.7368421052631579,0.10526315789473684,0.0,0.0,0.0,19,2,0,2,0,0,0,0,0
Sc1c(/C=C/C=C/Cn2ncnc2)cc(cc1ON)Br,15/000000131,"InChI=1S/C13H13BrN4OS/c14-11-6-10(13(20)12(7-11)19-15)4-2-1-3-5-18-9-16-8-17-18/h1-4,6-9,20H,5,15H2/b3-1+,4-2+",C13H13N4OSBr,351.999344136,2.8514,4.35,-6.88,2.35,-60,3.5557198439744333,1,CONCAT,6,2,65.96,5,13,1,4,0.65,0.05,0.2,0.07692307692307693,0.0,20,2,0,2,1,0,1,0,0
OC/C=C/c1cc(OC)cc(c1O)OC(=O)c1ncoc1,17/000001314,"InChI=1S/C14H13NO6/c1-19-10-5-9(3-2-4-16)13(17)12(6-10)21-14(18)11-7-20-8-15-11/h2-3,5-8,16-17H,4H2,1H3/b3-2+",C14H13NO6,291.074287136,1.6135000000000002,4.35,-2.22,5.09,-20,2.974917153678584,1,CONCAT,7,2,102.02000000000001,5,14,6,1,0.6666666666666666,0.2857142857142857,0.047619047619047616,0.14285714285714285,0.0,21,2,0,2,1,0,1,0,0
Oc1c(OC(=O)COC[C@H](CO)O)ccc(c1)Cc1nncs1,17/000000221,"InChI=1S/C14H16N2O6S/c17-5-10(18)6-21-7-14(20)22-12-2-1-9(3-11(12)19)4-13-16-15-8-23-13/h1-3,8,10,17-19H,4-7H2/t10-/m0/s1",C14H16N2O6S,340.07290723200003,0.10970000000000002,4.35,-1.28,3.58,-190,3.2936430805795833,1,CONCAT,9,3,122.00000000000001,8,14,6,2,0.6086956521739131,0.2608695652173913,0.08695652173913043,0.35714285714285715,0.07142857142857142,23,2,0,2,1,0,1,0,0
ON[C@H](c1n[nH]c(n1)Cc1oc(cc1)COC)S,1/000000909,"InChI=1S/C10H14N4O3S/c1-16-5-7-3-2-6(17-7)4-8-11-9(13-12-8)10(18)14-15/h2-3,10,14-15,18H,4-5H2,1H3,(H,11,12,13)/t10-/m0/s1",C10H14N4O3S,270.078661308,1.0420999999999994,4.34,-1.21,22.4,-170,3.838344741255165,1,CONCAT,7,4,96.2,6,10,3,4,0.5555555555555556,0.16666666666666666,0.2222222222222222,0.4,0.1,18,2,0,2,2,0,2,0,0
Oc1cc(cc(c1)O)C(=C)COC(=O)C[C@H](C)c1nnc([nH]1)S,1/000001101,"InChI=1S/C15H17N3O4S/c1-8(14-16-15(23)18-17-14)3-13(21)22-7-9(2)10-4-11(19)6-12(20)5-10/h4-6,8,19-20H,2-3,7H2,1H3,(H2,16,17,18,23)/t8-/m0/s1",C15H17N3O4S,335.0939770240001,2.2548,4.34,1.12,5.08,-190,3.9402494372997854,1,CONCAT,7,4,108.32999999999998,6,15,4,3,0.6521739130434783,0.17391304347826086,0.13043478260869565,0.26666666666666666,0.06666666666666667,23,2,0,2,1,0,1,0,0
Oc1c(OC(=O)c2ncoc2)ccc(c1)NC(=O)C=C,17/000001085,"InChI=1S/C13H10N2O5/c1-2-12(17)15-8-3-4-11(10(16)5-8)20-13(18)9-6-19-7-14-9/h2-7,16H,1H2,(H,15,17)",C13H10N2O5,274.05897142,1.7238999999999998,4.34,-3.62,3.58,-20,2.73813282835847,1,CONCAT,6,2,101.66,4,13,5,2,0.65,0.25,0.1,0.0,0.0,20,2,0,2,1,0,1,0,0
Oc1cc(N)cc(c1Nc1nncs1)C(=C)C(=O)C,6/000000035,"InChI=1S/C12H12N4O2S/c1-6(7(2)17)9-3-8(13)4-10(18)11(9)15-12-16-14-5-19-12/h3-5,18H,1,13H2,2H3,(H,15,16)",C12H12N4O2S,276.06809662399996,2.1716999999999995,4.34,-2.72,21.2,-40,3.284963736423925,1,CONCAT,7,3,101.13,4,12,2,4,0.631578947368421,0.10526315789473684,0.21052631578947367,0.08333333333333333,0.0,19,2,0,2,1,0,1,0,0
[nH]1c(nnc1CC[NH3+])Cc1ccc2c(c1)c(ccc2)CC(=O)C,30/000000060,"InChI=1S/C18H20N4O/c1-12(23)9-15-4-2-3-14-6-5-13(10-16(14)15)11-18-20-17(7-8-19)21-22-18/h2-6,10H,7-9,11,19H2,1H3,(H,20,21,22)/p+1",C18H21N4O,309.17098771209,1.4645999999999997,4.34,-0.72,4.94,-100,3.209569143603204,1,CONCAT,3,2,86.28,6,18,1,4,0.782608695652174,0.043478260869565216,0.17391304347826086,0.2777777777777778,0.0,23,3,0,3,1,0,1,0,0
ONCC(=O)Cc1nnc(s1)CC(F)F,1/000000244,"InChI=1S/C7H9F2N3O2S/c8-5(9)2-7-12-11-6(15-7)1-4(13)3-10-14/h5,10,14H,1-3H2",C7H9N3O2SF2,237.038353968,0.43609999999999977,4.34,-0.54,2.22,-150,3.4128340568902207,1,CONCAT,6,2,75.11,6,7,2,3,0.4666666666666667,0.13333333333333333,0.2,0.5714285714285714,0.0,15,1,0,1,1,0,1,0,0
Oc1c(OC(=O)c2nnc([nH]2)CCCCC(=O)O)cccc1,17/000000222,"InChI=1S/C14H15N3O5/c18-9-5-1-2-6-10(9)22-14(21)13-15-11(16-17-13)7-3-4-8-12(19)20/h1-2,5-6,18H,3-4,7-8H2,(H,19,20)(H,15,16,17)",C14H14N3O5,305.10117058000003,1.5269,4.34,4.02,5.09,0,2.688717898129685,1,CONCAT,6,3,125.39999999999999,7,14,5,3,0.6363636363636364,0.22727272727272727,0.13636363636363635,0.2857142857142857,0.0,22,2,0,2,1,0,1,0,0
Sc1ccc(cc1O)c1cc(Br)cc(c1S)O,15/000000003,"InChI=1S/C12H9BrO2S2/c13-7-4-8(12(17)10(15)5-7)6-1-2-11(16)9(14)3-6/h1-5,14-17H",C12H9O2S2Br,327.922733628,4.104700000000004,4.34,-7.04,14.3,-180,3.026767585185037,1,CONCAT,4,4,40.46,1,12,2,0,0.7058823529411765,0.11764705882352941,0.0,0.0,0.0,17,2,0,2,0,0,0,0,0
Oc1cc(c(cc1S(=O)=O)F)CC#CCCS(=O)(=O)O,16/000000012,"InChI=1S/C11H11FO6S2/c12-9-7-11(19(14)15)10(13)6-8(9)4-2-1-3-5-20(16,17)18/h6-7,13,19H,3-5H2,(H,16,17,18)",C11H11O6S2F,321.998108292,0.3254000000000003,4.34,-5.46,24.3,-40,3.8301816879894046,1,CONCAT,5,3,108.74,4,11,6,0,0.55,0.3,0.0,0.2727272727272727,0.0,20,1,0,1,0,0,0,0,0
O[C@@H](C)c1ccc(c(c1CC[NH3+])O)OC(=O)c1ncoc1,17/000001554,"InChI=1S/C14H16N2O5/c1-8(17)9-2-3-12(13(18)10(9)4-5-15)21-14(19)11-6-20-7-16-11/h2-3,6-8,17-18H,4-5,15H2,1H3/p+1/t8-/m0/s1",C14H17N2O5,293.11319806409,0.43710000000000004,4.34,-3.52,3.72,-170,4.055099211245428,1,CONCAT,6,3,120.43,5,14,5,2,0.6666666666666666,0.23809523809523808,0.09523809523809523,0.2857142857142857,0.07142857142857142,21,2,0,2,1,0,1,0,0
Oc1c(C(=O)C=C)c(N)cc(c1)[C@@H](CO)/C=C/CCC,6/000000021,"InChI=1S/C16H21NO3/c1-3-5-6-7-11(10-18)12-8-13(17)16(14(19)4-2)15(20)9-12/h4,6-9,11,18,20H,2-3,5,10,17H2,1H3/b7-6+/t11-/m1/s1",C16H21NO3,275.152143532,2.7753000000000014,4.34,-5.15,16.4,-190,3.7340470714390017,1,CONCAT,4,3,83.55,7,16,3,1,0.8,0.15,0.05,0.3125,0.0625,20,1,0,1,0,0,0,0,0
O[C@H](CNC)C1=NNC(=O)/C/1=C\CCl,1/000001002,"InChI=1S/C8H12ClN3O2/c1-10-4-6(13)7-5(2-3-9)8(14)12-11-7/h2,6,10,13H,3-4H2,1H3,(H,12,14)/b5-2-/t6-/m1/s1",C8H12N3O2Cl,217.061804304,-0.7823,4.34,6.85,3.72,-170,4.271915235558865,1,CONCAT,4,3,73.72,4,8,2,3,0.5714285714285714,0.14285714285714285,0.21428571428571427,0.5,0.125,14,1,1,0,1,1,0,0,0
Oc1c(OC(=O)C(=O)O)cccc1,17/000000008,"InChI=1S/C8H6O5/c9-5-3-1-2-4-6(5)13-8(12)7(10)11/h1-4,9H,(H,10,11)",C8H5O5,182.021523292,0.38219999999999993,4.33,-1.53,2.22,0,2.0054331566022334,1,CONCAT,4,2,83.83,1,8,5,0,0.6153846153846154,0.38461538461538464,0.0,0.0,0.0,13,1,0,1,0,0,0,0,0
Oc1c(OC(=O)c2nnc([nH]2)CCC)ccc(c1)S(=O)(=O)N,17/000000245,"InChI=1S/C12H14N4O5S/c1-2-3-10-14-11(16-15-10)12(18)21-9-5-4-7(6-8(9)17)22(13,19)20/h4-6,17H,2-3H2,1H3,(H2,13,19,20)(H,14,15,16)",C12H14N4O5S,326.068490548,0.3293999999999998,4.33,-2.13,24.4,-80,2.9019972033406045,1,CONCAT,7,3,148.26,5,12,5,4,0.5454545454545454,0.22727272727272727,0.18181818181818182,0.25,0.0,22,2,0,2,1,0,1,0,0
Oc1c(OC(=O)C(=O)O)cccc1CCO,17/000000514,"InChI=1S/C10H10O6/c11-5-4-6-2-1-3-7(8(6)12)16-10(15)9(13)14/h1-3,11-12H,4-5H2,(H,13,14)",C10H9O6,226.04773804,-0.08299999999999991,4.33,-1.96,3.58,0,2.3551931980674734,1,CONCAT,5,3,104.06,3,10,6,0,0.625,0.375,0.0,0.2,0.0,16,1,0,1,0,0,0,0,0
Oc1c(OC(=O)c2nnc[nH]2)ccc(c1)CC(=O)NC,17/000001019,"InChI=1S/C12H12N4O4/c1-13-10(18)5-7-2-3-9(8(17)4-7)20-12(19)11-14-6-15-16-11/h2-4,6,17H,5H2,1H3,(H,13,18)(H,14,15,16)",C12H12N4O4,276.085854864,0.017999999999999627,4.33,-3.27,3.58,-40,2.8634133228639644,1,CONCAT,6,3,117.19999999999999,4,12,4,4,0.6,0.2,0.2,0.16666666666666666,0.0,20,2,0,2,1,0,1,0,0
O[P@@H](=O)Oc1ccc(c(c1)CO)c1ocnc1CCCC#CC,17/000001638,"InChI=1S/C16H18NO5P/c1-2-3-4-5-6-15-16(21-11-17-15)14-8-7-13(22-23(19)20)9-12(14)10-18/h7-9,11,18,23H,4-6,10H2,1H3,(H,19,20)",C16H18NO5P,335.092259306,2.9407000000000005,4.33,-2.73,24.2,-140,4.191572548035204,1,CONCAT,5,2,92.79,7,16,5,1,0.6956521739130435,0.21739130434782608,0.043478260869565216,0.3125,0.0,23,2,0,2,1,0,1,0,0
[nH]1c(nnc1CC[NH3+])Cc1ccc2c(c1)cc(cc2)CNNC,30/000000051,"InChI=1S/C17H22N6/c1-19-20-11-13-3-5-14-4-2-12(8-15(14)9-13)10-17-21-16(6-7-18)22-23-17/h2-5,8-9,19-20H,6-7,10-11,18H2,1H3,(H,21,22,23)/p+1",C17H23N6,311.19787115609006,0.5571000000000009,4.33,-1.46,18.8,-160,3.3921843194721113,1,CONCAT,4,4,93.27000000000001,7,17,0,6,0.7391304347826086,0.0,0.2608695652173913,0.29411764705882354,0.0,23,3,0,3,1,0,1,0,0
Oc1nc(nc2c1nn[nH]2)C(=C)Cc1nnco1,28/000000003,"InChI=1S/C9H7N7O2/c1-4(2-5-13-10-3-18-5)7-11-8-6(9(17)12-7)14-16-15-8/h3H,1-2H2,(H2,11,12,14,15,16,17)",C9H7N7O2,245.066122464,0.09239999999999982,4.33,-1.14,23.2,-40,4.084116609423867,1,CONCAT,8,2,126.50000000000001,3,9,2,7,0.5,0.1111111111111111,0.3888888888888889,0.1111111111111111,0.0,18,3,0,3,3,0,3,0,0
OC/C=C/1\C(=O)NN=C1C(=O)Cc1occc1,1/000000347,"InChI=1S/C11H10N2O4/c14-4-3-8-10(12-13-11(8)16)9(15)6-7-2-1-5-17-7/h1-3,5,14H,4,6H2,(H,13,16)/b8-3-",C11H10N2O4,234.0640568,-0.20430000000000037,4.33,5.28,2.48,0,3.3478531203020943,1,CONCAT,5,2,91.89999999999999,4,11,4,2,0.6470588235294118,0.23529411764705882,0.11764705882352941,0.18181818181818182,0.0,17,2,1,1,2,1,1,0,0
O[P@@H](=O)Oc1ccc(c(c1)CO)c1ocnc1CC=S,17/000001131,"InChI=1S/C12H12NO5PS/c14-6-8-5-9(18-19(15)16)1-2-10(8)12-11(3-4-20)13-7-17-12/h1-2,4-5,7,14,19H,3,6H2,(H,15,16)",C12H12NO5PS,313.01738011400005,2.1369,4.33,-3.23,22.7,-140,4.415242767409698,1,CONCAT,6,2,92.79,6,12,5,1,0.6,0.25,0.05,0.16666666666666666,0.0,20,2,0,2,1,0,1,0,0
c1cnccc1OCCCCc1nnc([nH]1)[C@@H](n1nc[nH]c1=O)Cl,26/000000100,"InChI=1S/C14H16ClN7O2/c15-12(22-14(23)17-9-18-22)13-19-11(20-21-13)3-1-2-8-24-10-4-6-16-7-5-10/h4-7,9,12H,1-3,8H2,(H,17,18,23)(H,19,20,21)/t12-/m1/s1",C14H16N7O2Cl,349.10540043199995,1.2718999999999998,4.33,4.67,24.8,-190,3.860378732052234,1,CONCAT,7,2,114.37,8,14,2,7,0.5833333333333334,0.08333333333333333,0.2916666666666667,0.35714285714285715,0.07142857142857142,24,3,0,3,3,0,3,0,0
OC(=O)c1cc(OS=O)ccc1c1[nH]ncc1N(=O)=O,12/000000031,"InChI=1S/C10H7N3O6S/c14-10(15)7-3-5(19-20-18)1-2-6(7)9-8(13(16)17)4-11-12-9/h1-4,20H,(H,11,12)(H,14,15)",C10H7N3O6S,297.005555944,0.9221999999999999,4.33,-6.05,3.58,-180,3.403615935251578,1,CONCAT,6,3,135.42000000000002,5,10,6,3,0.5,0.3,0.15,0.0,0.0,20,2,0,2,1,0,1,0,0
Sc1c(Cl)c(Cl)cc(c1)[C@@H](/C=C/CCNCO)c1n[nH]c(c1)N,8/000000044,"InChI=1S/C15H18Cl2N4OS/c16-11-5-9(6-13(23)15(11)17)10(3-1-2-4-19-8-22)12-7-14(18)21-20-12/h1,3,5-7,10,19,22-23H,2,4,8H2,(H3,18,20,21)/b3-1+/t10-/m1/s1",C15H18N4OSCl2,372.05783755600004,3.205000000000001,4.33,-4.74,24.5,-190,4.3752471708162695,1,CONCAT,5,5,86.96,7,15,1,4,0.6521739130434783,0.043478260869565216,0.17391304347826086,0.26666666666666666,0.06666666666666667,23,2,0,2,1,0,1,0,0
ONC/C=C/CC1=C[C@](C=CO1)(NCCN)C,1/000000480,"InChI=1S/C12H21N3O2/c1-12(14-8-6-13)5-9-17-11(10-12)4-2-3-7-15-16/h2-3,5,9-10,14-16H,4,6-8,13H2,1H3/b3-2+/t12-/m0/s1",C12H21N3O2,239.163376912,0.6463000000000002,4.33,-2.2,3.58,-170,4.766981191221453,1,CONCAT,5,4,79.53999999999999,7,12,2,3,0.7058823529411765,0.11764705882352941,0.17647058823529413,0.5,0.08333333333333333,17,1,1,0,1,1,0,0,0
ONC/C=C\C[C@H](Cc1nocc1)O,1/000000840,"InChI=1S/C9H14N2O3/c12-9(3-1-2-5-10-13)7-8-4-6-14-11-8/h1-2,4,6,9-10,12-13H,3,5,7H2/b2-1-/t9-/m1/s1",C9H14N2O3,198.100442308,0.5031000000000001,4.33,-1.65,3.58,-150,3.9604848104576504,1,CONCAT,5,3,78.52,6,9,3,2,0.6428571428571429,0.21428571428571427,0.14285714285714285,0.4444444444444444,0.1111111111111111,14,1,0,1,1,0,1,0,0
O=Nc1c(O)cc(c(c1)F)[C@H](CCCC)CO,16/000000065,"InChI=1S/C12H16FNO3/c1-2-3-4-8(7-15)9-5-12(16)11(14-17)6-10(9)13/h5-6,8,15-16H,2-4,7H2,1H3/t8-/m1/s1",C12H16NO3F,241.111421592,3.195300000000002,4.33,-2.93,15.3,-170,3.4346385490809848,1,CONCAT,4,2,69.89,6,12,3,1,0.7058823529411765,0.17647058823529413,0.058823529411764705,0.5,0.08333333333333333,17,1,0,1,0,0,0,0,0
NC(=O)Nc1cccc2c1s/c(=C/c1nc[nH]c1)/[nH]2,30/000000040,"InChI=1S/C12H11N5OS/c13-12(18)17-9-3-1-2-8-11(9)19-10(16-8)4-7-5-14-6-15-7/h1-6,16H,(H,14,15)(H3,13,17,18)/b10-4+",C12H11N5OS,273.06843097200004,2.4165,4.33,-3.7,21.2,-80,3.5395009714965457,1,CONCAT,4,4,95.83000000000001,2,12,1,5,0.631578947368421,0.05263157894736842,0.2631578947368421,0.0,0.0,19,3,1,2,2,1,1,0,0
SCc1nn(c(=O)[nH]1)[C@H](c1oc(cc1)Br)Cl,26/000000106,"InChI=1S/C8H7BrClN3O2S/c9-5-2-1-4(15-5)7(10)13-8(14)11-6(3-16)12-13/h1-2,7,16H,3H2,(H,11,12,14)/t7-/m1/s1",C8H7N3O2SClBr,322.91308724400005,2.1424000000000003,4.33,7.36,21.4,-150,4.301608189624334,1,CONCAT,5,2,63.82,3,8,2,3,0.5,0.125,0.1875,0.25,0.125,16,2,0,2,2,0,2,0,0
Oc1c(OC(=O)c2occc2)ccc(c1)/C(=C\c1ccc[nH]1)/N,17/000001483,"InChI=1S/C17H14N2O4/c18-13(10-12-3-1-7-19-12)11-5-6-15(14(20)9-11)23-17(21)16-4-2-8-22-16/h1-10,19-20H,18H2/b13-10+",C17H14N2O4,310.09535692800006,2.989300000000001,4.33,-5.7,3.58,-40,2.8181090037430643,1,CONCAT,5,3,101.48,4,17,4,2,0.7391304347826086,0.17391304347826086,0.08695652173913043,0.0,0.0,23,3,0,3,2,0,2,0,0
OCC(=C)NCC#CCc1ncn[nH]1,15/000000109,"InChI=1S/C9H12N4O/c1-8(6-14)10-5-3-2-4-9-11-7-12-13-9/h7,10,14H,1,4-6H2,(H,11,12,13)",C9H12N4O,192.101111004,-0.5538000000000001,4.33,9.26,2.22,0,3.818734816461369,1,CONCAT,4,3,73.83,4,9,1,4,0.6428571428571429,0.07142857142857142,0.2857142857142857,0.3333333333333333,0.0,14,1,0,1,1,0,1,0,0
Brc1csc(c1)[C@H](c1nnc(s1)CN)OC(=O)CCCCCCN,8/000000060,"InChI=1S/C15H21BrN4O2S2/c16-10-7-11(23-9-10)14(15-20-19-12(8-18)24-15)22-13(21)5-3-1-2-4-6-17/h7,9,14H,1-6,8,17-18H2/t14-/m1/s1",C15H21N4O2S2Br,432.02893001200005,3.3626000000000014,4.33,-0.98,4.69,-150,3.4514901735519103,1,CONCAT,8,2,104.11999999999999,10,15,2,4,0.625,0.08333333333333333,0.16666666666666666,0.5333333333333333,0.06666666666666667,24,2,0,2,2,0,2,0,0
SCC(=O)Oc1c(N)c(I)cc(c1)COC(=O)CN(=O)=O,9/000000008,"InChI=1S/C11H11IN2O6S/c12-7-1-6(4-19-9(15)3-14(17)18)2-8(11(7)13)20-10(16)5-21/h1-2,21H,3-5,13H2",C11H11N2O6SI,425.93825507199995,1.0285000000000002,4.33,-4.69,3.72,-50,3.2334460929596416,1,CONCAT,8,2,121.76000000000002,6,11,6,2,0.5238095238095238,0.2857142857142857,0.09523809523809523,0.2727272727272727,0.0,21,1,0,1,0,0,0,0,0
OC[C@H]1NC(=CC1)C(=O)NC(=S)/C=C\c1nnc([nH]1)COCC,23/000000011,"InChI=1S/C14H19N5O3S/c1-2-22-8-12-16-11(18-19-12)5-6-13(23)17-14(21)10-4-3-9(7-20)15-10/h4-6,9,15,20H,2-3,7-8H2,1H3,(H,16,18,19)(H,17,21,23)/b6-5-/t9-/m0/s1",C14H19N5O3S,337.120860468,0.03610000000000024,4.33,-0.82,5.09,-190,4.49549988531331,1,CONCAT,7,4,112.16000000000001,7,14,3,5,0.6086956521739131,0.13043478260869565,0.21739130434782608,0.42857142857142855,0.07142857142857142,23,2,1,1,2,1,1,0,0
C1=C[C@H](SS1)/C=C(/CC(=O)OCC1=NNC(=O)/C/1=C\CN)\C,1/000001010,"InChI=1S/C14H17N3O3S2/c1-9(6-10-3-5-21-22-10)7-13(18)20-8-12-11(2-4-15)14(19)17-16-12/h2-3,5-6,10H,4,7-8,15H2,1H3,(H,17,19)/b9-6+,11-2-/t10-/m0/s1",C14H17N3O3S2,339.071133404,1.5141999999999998,4.33,2.45,4.94,-170,4.849206080711575,1,CONCAT,7,2,93.77999999999999,6,14,3,3,0.6363636363636364,0.13636363636363635,0.13636363636363635,0.35714285714285715,0.07142857142857142,22,2,2,0,2,2,0,0,0
NC/C=C/1\C(=O)NN=C1COC(=O)CC1CCCC1,1/000000623,"InChI=1S/C13H19N3O3/c14-6-5-10-11(15-16-13(10)18)8-19-12(17)7-9-3-1-2-4-9/h5,9H,1-4,6-8,14H2,(H,16,18)/b10-5-",C13H19N3O3,265.142641468,0.480799999999999,4.33,5.76,3.58,-150,3.249618174293749,1,CONCAT,5,2,93.78,5,13,3,3,0.6842105263157895,0.15789473684210525,0.15789473684210525,0.6153846153846154,0.0,19,2,2,0,1,1,0,0,0
Oc1nc(nc2c1nnn2CS)CCC(=O)OCC,28/000000062,"InChI=1S/C10H13N5O3S/c1-2-18-7(16)4-3-6-11-9-8(10(17)12-6)13-14-15(9)5-19/h19H,2-5H2,1H3,(H,11,12,17)",C10H13N5O3S,283.073910276,0.30989999999999984,4.33,-3.31,21.1,-100,3.0549101917102943,1,CONCAT,9,2,103.02,5,10,3,5,0.5263157894736842,0.15789473684210525,0.2631578947368421,0.5,0.0,19,2,0,2,2,0,2,0,0
ON[C@H](/C=C/Cc1ncnc(c1N=O)C)S,1/000000853,"InChI=1S/C9H12N4O2S/c1-6-9(13-15)7(11-5-10-6)3-2-4-8(16)12-14/h2,4-5,8,12,14,16H,3H2,1H3/b4-2+/t8-/m0/s1",C9H12N4O2S,240.068096624,1.51632,4.33,-1.45,16.9,-170,4.524166231582376,1,CONCAT,7,3,87.47,5,9,2,4,0.5625,0.125,0.25,0.3333333333333333,0.1111111111111111,16,1,0,1,1,0,1,0,0
ONC/C=C\C[C@H](Cc1n[nH]cn1)O,1/000000400,"InChI=1S/C8H14N4O2/c13-7(3-1-2-4-11-14)5-8-9-6-10-12-8/h1-2,6-7,11,13-14H,3-5H2,(H,9,10,12)/b2-1-/t7-/m1/s1",C8H14N4O2,198.111675688,-0.36680000000000035,4.32,-1.49,3.58,-150,4.5248228873807275,1,CONCAT,5,4,94.06,6,8,2,4,0.5714285714285714,0.14285714285714285,0.2857142857142857,0.5,0.125,14,1,0,1,1,0,1,0,0
OC(=O)/C=C/C(C(=O)O)(F)F,19/000000002,"InChI=1S/C5H4F2O4/c6-5(7,4(10)11)2-1-3(8)9/h1-2H,(H,8,9)(H,10,11)/b2-1+",C5H4O4F2,166.007765048,0.34709999999999985,4.32,7.07,1.11,-150,3.121790079886974,1,CONCAT,2,2,74.6,3,5,4,0,0.45454545454545453,0.36363636363636365,0.0,0.2,0.0,11,0,0,0,0,0,0,0,0
Oc1c(OC(=O)c2nnc[nH]2)ccc(c1)OP(=O)(O)O,17/000000826,"InChI=1S/C9H8N3O7P/c13-6-3-5(19-20(15,16)17)1-2-7(6)18-9(14)8-10-4-11-12-8/h1-4,13H,(H,10,11,12)(H2,15,16,17)",C9H8N3O7P,301.0099862259999,0.20099999999999985,4.32,-3.29,23.1,-40,3.146500410776053,1,CONCAT,7,4,154.85999999999999,4,9,7,3,0.45,0.35,0.15,0.0,0.0,20,2,0,2,1,0,1,0,0
Oc1c(OC(=O)c2nnc([nH]2)CCCO)ccc(c1)CS(=O)=O,17/000000948,"InChI=1S/C13H15N3O6S/c17-5-1-2-11-14-12(16-15-11)13(19)22-10-4-3-8(6-9(10)18)7-23(20)21/h3-4,6,17-18,23H,1-2,5,7H2,(H,14,15,16)",C13H15N3O6S,341.06815620000003,-0.23420000000000013,4.32,-1.22,24.8,-60,3.61649049412768,1,CONCAT,8,4,142.47,7,13,6,3,0.5652173913043478,0.2608695652173913,0.13043478260869565,0.3076923076923077,0.0,23,2,0,2,1,0,1,0,0
C=Cc1c(Br)c(cnc1CC(=O)CC/C=C/CN)CNCN,29/000000001,"InChI=1S/C16H23BrN4O/c1-2-14-15(8-13(22)6-4-3-5-7-18)21-10-12(16(14)17)9-20-11-19/h2-3,5,10,20H,1,4,6-9,11,18-19H2/b5-3+",C16H23N4OBr,366.1055234560001,1.8995999999999995,4.32,-2.56,19.7,-100,3.6130202046016375,1,CONCAT,5,3,94.03,10,16,1,4,0.7272727272727273,0.045454545454545456,0.18181818181818182,0.375,0.0,22,1,0,1,1,0,1,0,0
Oc1c(OC(=O)CCCC)c(O)cc(c1)c1cnsc1N,17/000000225,"InChI=1S/C14H16N2O4S/c1-2-3-4-12(19)20-13-10(17)5-8(6-11(13)18)9-7-16-21-14(9)15/h5-7,17-18H,2-4,15H2,1H3",C14H16N2O4S,308.083077992,2.8991000000000007,4.32,-4.44,3.58,-200,3.003888713270366,1,CONCAT,7,3,105.67,5,14,4,2,0.6666666666666666,0.19047619047619047,0.09523809523809523,0.2857142857142857,0.0,21,2,0,2,1,0,1,0,0
OC(=O)C1=NC(=O)/C(=C\c2ccccc2C(=O)O)/S1,12/000000149,"InChI=1S/C12H7NO5S/c14-9-8(19-10(13-9)12(17)18)5-6-3-1-2-4-7(6)11(15)16/h1-5H,(H,15,16)(H,17,18)/b8-5+",C12H7NO5S,277.00449332400007,1.4822,4.31,-8.2,3.58,-40,2.600322020447596,1,CONCAT,4,2,104.02999999999999,3,12,5,1,0.631578947368421,0.2631578947368421,0.05263157894736842,0.0,0.0,19,2,1,1,1,1,0,0,0
OCc1nn(c(=O)[nH]1)CCOCCc1cc(F)nc(c1)[C@H](C)S,26/000000070,"InChI=1S/C14H19FN4O3S/c1-9(23)11-6-10(7-12(15)16-11)2-4-22-5-3-19-14(21)17-13(8-20)18-19/h6-7,9,20,23H,2-5,8H2,1H3,(H,17,18,21)/t9-/m0/s1",C14H19N4O3SF,342.116189688,0.8479000000000001,4.31,-1.4,23.5,-170,3.9047483727393466,1,CONCAT,7,3,93.03,8,14,3,4,0.6086956521739131,0.13043478260869565,0.17391304347826086,0.5,0.07142857142857142,23,2,0,2,2,0,2,0,0
N(CCCCCOC)Cc1nnc([nH]1)[C@@H](n1nc[nH]c1=O)Cl,26/000000091,"InChI=1S/C12H20ClN7O2/c1-22-6-4-2-3-5-14-7-9-17-11(19-18-9)10(13)20-12(21)15-8-16-20/h8,10,14H,2-7H2,1H3,(H,15,16,21)(H,17,18,19)/t10-/m1/s1",C12H20N7O2Cl,329.13670055999995,0.38150000000000006,4.31,2.8,24.6,-190,4.012529724809411,1,CONCAT,7,3,113.50999999999999,10,12,2,7,0.5454545454545454,0.09090909090909091,0.3181818181818182,0.6666666666666666,0.08333333333333333,22,2,0,2,2,0,2,0,0
Sc1nnc([nH]1)CCOCc1ncc2c(c1)c(Br)ccc2,1/000000691,"InChI=1S/C14H13BrN4OS/c15-12-3-1-2-9-7-16-10(6-11(9)12)8-20-5-4-13-17-14(21)19-18-13/h1-3,6-7H,4-5,8H2,(H2,17,18,19,21)",C14H13N4OSBr,363.999344136,3.163400000000002,4.31,-2.14,3.58,-120,3.196687756623846,1,CONCAT,5,2,63.69,5,14,1,4,0.6666666666666666,0.047619047619047616,0.19047619047619047,0.21428571428571427,0.0,21,3,0,3,2,0,2,0,0
c1ccc2c(c1CNCC[C@@H]1COCC[NH2+]1)C(=O)NC2=O,5/000000013,"InChI=1S/C15H19N3O3/c19-14-12-3-1-2-10(13(12)15(20)18-14)8-16-5-4-11-9-21-7-6-17-11/h1-3,11,16-17H,4-9H2,(H,18,19,20)/p+1/t11-/m1/s1",C15H20N3O3,290.14991792009,-0.987899999999998,4.31,-0.24,3.58,-190,4.023290197026181,1,CONCAT,4,3,84.03999999999999,5,15,3,3,0.7142857142857143,0.14285714285714285,0.14285714285714285,0.4666666666666667,0.06666666666666667,21,3,2,1,2,2,0,0,0
Oc1c(OC(=O)c2nnc[nH]2)ccc(c1)CC[NH3+],17/000000168,"InChI=1S/C11H12N4O3/c12-4-3-7-1-2-9(8(16)5-7)18-11(17)10-13-6-14-15-10/h1-2,5-6,16H,3-4,12H2,(H,13,14,15)/p+1",C11H13N4O3,249.09821669609,-0.48610000000000014,4.31,-2.97,2.22,-40,3.553265199747571,1,CONCAT,5,3,115.74,4,11,3,4,0.6111111111111112,0.16666666666666666,0.2222222222222222,0.18181818181818182,0.0,18,2,0,2,1,0,1,0,0
Oc1c(OC(=O)c2nnn[nH]2)ccc(c1)C(=O)CCC,17/000001390,"InChI=1S/C12H12N4O4/c1-2-3-8(17)7-4-5-10(9(18)6-7)20-12(19)11-13-15-16-14-11/h4-6,18H,2-3H2,1H3,(H,13,14,15,16)",C12H12N4O4,276.085854864,1.1073,4.31,-5.18,3.58,-40,2.763228982204623,1,CONCAT,7,2,118.06,5,12,4,4,0.6,0.2,0.2,0.25,0.0,20,2,0,2,1,0,1,0,0
OC[C@H]1NC(=CC1)C(=O)NC(=S)/C=C\c1nnc([nH]1)CNC=C,23/000000013,"InChI=1S/C14H18N6O2S/c1-2-15-7-12-17-11(19-20-12)5-6-13(23)18-14(22)10-4-3-9(8-21)16-10/h2,4-6,9,15-16,21H,1,3,7-8H2,(H,17,19,20)(H,18,22,23)/b6-5-/t9-/m0/s1",C14H18N6O2S,334.121194816,-0.26729999999999987,4.31,-2.16,4.94,-170,4.84479787347899,1,CONCAT,7,5,114.96000000000001,7,14,2,6,0.6086956521739131,0.08695652173913043,0.2608695652173913,0.2857142857142857,0.07142857142857142,23,2,1,1,2,1,1,0,0
Oc1cc(c(c(c1)C=C)F)[C@H](C[NH2+]C)NCC(=O)N,16/000000042,"InChI=1S/C13H18FN3O2/c1-3-8-4-9(18)5-10(13(8)14)11(6-16-2)17-7-12(15)19/h3-5,11,16-18H,1,6-7H2,2H3,(H2,15,19)/p+1/t11-/m0/s1",C13H19N3O2F,268.14558148809,-0.5164999999999991,4.31,-5.57,17.9,-170,4.3718588017741915,1,CONCAT,3,4,91.96,7,13,2,3,0.6842105263157895,0.10526315789473684,0.15789473684210525,0.3076923076923077,0.07692307692307693,19,1,0,1,0,0,0,0,0
ONCCC[C@H](C)c1cc(F)ccc1F,1/000000001,"InChI=1S/C11H15F2NO/c1-8(3-2-6-14-15)10-7-9(12)4-5-11(10)13/h4-5,7-8,14-15H,2-3,6H2,1H3/t8-/m0/s1",C11H15NOF2,215.11217054,2.827300000000001,4.31,-1.28,2.22,-170,2.908436564957798,1,CONCAT,2,2,32.26,5,11,1,1,0.7333333333333333,0.06666666666666667,0.06666666666666667,0.45454545454545453,0.09090909090909091,15,1,0,1,0,0,0,0,0
S[C@@H](c1ncoc1)C#CC/C=C\CCNN,21/000000050,"InChI=1S/C11H15N3OS/c12-14-7-5-3-1-2-4-6-11(16)10-8-15-9-13-10/h1,3,8-9,11,14,16H,2,5,7,12H2/b3-1-/t11-/m1/s1",C11H15N3OS,237.0935831,1.4485999999999999,4.31,11.37,20.9,-150,4.803847867337925,1,CONCAT,5,3,64.08,5,11,1,3,0.6875,0.0625,0.1875,0.36363636363636365,0.09090909090909091,16,1,0,1,1,0,1,0,0
Oc1ccc(c(c1)C(=O)O)CC[C@H](CNC)c1nnc[nH]1,12/000000077,"InChI=1S/C14H18N4O3/c1-15-7-10(13-16-8-17-18-13)3-2-9-4-5-11(19)6-12(9)14(20)21/h4-6,8,10,15,19H,2-3,7H2,1H3,(H,20,21)(H,16,17,18)/t10-/m1/s1",C14H18N4O3,290.137890436,1.1442999999999997,4.31,-5.25,3.58,-190,3.5406961046500935,1,CONCAT,5,4,111.13,7,14,3,4,0.6666666666666666,0.14285714285714285,0.19047619047619047,0.35714285714285715,0.07142857142857142,21,2,0,2,1,0,1,0,0
ON[C@H](c1n[nH]c(n1)CCOCCC)S,1/000000946,"InChI=1S/C8H16N4O2S/c1-2-4-14-5-3-6-9-7(11-10-6)8(15)12-13/h8,12-13,15H,2-5H2,1H3,(H,9,10,11)/t8-/m0/s1",C8H16N4O2S,232.099396752,0.6809999999999992,4.31,-0.11,17.6,-170,3.8821021237892097,1,CONCAT,6,4,83.06,7,8,2,4,0.5333333333333333,0.13333333333333333,0.26666666666666666,0.75,0.125,15,1,0,1,1,0,1,0,0
Oc1c(OC(=O)c2nnc[nH]2)ccc(c1)Cc1cn[nH]c1,17/000000678,"InChI=1S/C13H11N5O3/c19-10-4-8(3-9-5-15-16-6-9)1-2-11(10)21-13(20)12-14-7-17-18-12/h1-2,4-7,19H,3H2,(H,15,16)(H,14,17,18)",C13H11N5O3,285.086189212,1.0433999999999997,4.31,-4.27,3.58,-40,3.1403066721345656,1,CONCAT,6,3,116.78,4,13,3,5,0.6190476190476191,0.14285714285714285,0.23809523809523808,0.07692307692307693,0.0,21,3,0,3,2,0,2,0,0
S[C@@H](C1=CCON1)C#CC/C=C\CCNN,21/000000057,"InChI=1S/C11H17N3OS/c12-13-8-5-3-1-2-4-6-11(16)10-7-9-15-14-10/h1,3,7,11,13-14,16H,2,5,8-9,12H2/b3-1-/t11-/m1/s1",C11H17N3OS,239.109233164,0.5065999999999999,4.31,10.71,19.3,-150,5.180038837237589,1,CONCAT,5,4,59.31,5,11,1,3,0.6875,0.0625,0.1875,0.45454545454545453,0.09090909090909091,16,1,1,0,1,1,0,0,0
Oc1ccc(c(c1CO)O)Cl,11/000000026,"InChI=1S/C7H7ClO3/c8-5-1-2-6(10)4(3-9)7(5)11/h1-2,9-11H,3H2",C7H7O3Cl,174.008371764,1.2434999999999996,4.31,5.76,1.11,0,2.3543738110982915,1,CONCAT,3,3,60.69,1,7,3,0,0.6363636363636364,0.2727272727272727,0.0,0.14285714285714285,0.0,11,1,0,1,0,0,0,0,0
ONC[C@@H](CC/C=C/Cc1ccncc1)O,1/000000015,"InChI=1S/C12H18N2O2/c15-12(10-14-16)5-3-1-2-4-11-6-8-13-9-7-11/h1-2,6-9,12,14-16H,3-5,10H2/b2-1+/t12-/m1/s1",C12H18N2O2,222.136827816,1.3002,4.31,-2.55,3.58,-170,3.3030361616523063,1,CONCAT,4,3,65.38,7,12,2,2,0.75,0.125,0.125,0.4166666666666667,0.08333333333333333,16,1,0,1,1,0,1,0,0
C#CCc1nn(c(=O)[nH]1)[C@H](c1nnc[nH]1)Cl,26/000000029,"InChI=1S/C8H7ClN6O/c1-2-3-5-12-8(16)15(14-5)6(9)7-10-4-11-13-7/h1,4,6H,3H2,(H,10,11,13)(H,12,14,16)/t6-/m1/s1",C8H7N6OCl,238.03698652399999,-0.34910000000000035,4.3,8.32,22.4,-150,4.819931546267691,1,CONCAT,5,2,92.25,3,8,1,6,0.5,0.0625,0.375,0.25,0.125,16,2,0,2,2,0,2,0,0
OC(=O)Cc1ccc(c(c1)O)OC(=O)c1ncc(o1)C,17/000000493,"InChI=1S/C13H11NO6/c1-7-6-14-12(19-7)13(18)20-10-3-2-8(4-9(10)15)5-11(16)17/h2-4,6,15H,5H2,1H3,(H,16,17)",C13H11NO6,277.05863707200007,1.53492,4.3,-1.95,2.22,-40,2.6110318793075216,1,CONCAT,6,2,109.86000000000001,4,13,6,1,0.65,0.3,0.05,0.15384615384615385,0.0,20,2,0,2,1,0,1,0,0
ONC/C=C/CC1=C[C@H](C(=CO1)CO)I,1/000000577,"InChI=1S/C10H14INO3/c11-10-5-9(3-1-2-4-12-14)15-7-8(10)6-13/h1-2,5,7,10,12-14H,3-4,6H2/b2-1+/t10-/m1/s1",C10H14NO3I,323.001841308,1.5054000000000003,4.3,-2.44,3.72,-150,4.859755969943055,1,CONCAT,4,3,61.72,5,10,3,1,0.6666666666666666,0.2,0.06666666666666667,0.4,0.1,15,1,1,0,1,1,0,0,0
O[P@@H](=O)Oc1cccc(c1)c1occc1CNC(=O)C,17/000000712,"InChI=1S/C13H14NO5P/c1-9(15)14-8-11-5-6-18-13(11)10-3-2-4-12(7-10)19-20(16)17/h2-7,20H,8H2,1H3,(H,14,15)(H,16,17)",C13H14NO5P,295.06095917799996,2.3434999999999997,4.3,-1.3,20.0,-160,3.5724348003767306,1,CONCAT,4,2,88.77000000000001,5,13,5,1,0.65,0.25,0.05,0.15384615384615385,0.0,20,2,0,2,1,0,1,0,0
ONCC(=O)Cc1nnc(s1)[C@H](Cc1nncs1)Cl,1/000000167,"InChI=1S/C9H10ClN5O2S2/c10-6(2-7-13-11-4-18-7)9-15-14-8(19-9)1-5(16)3-12-17/h4,6,12,17H,1-3H2/t6-/m0/s1",C9H10N5O2S2Cl,318.99644423999996,1.0025999999999997,4.3,-3.93,3.58,-190,4.150803296495157,1,CONCAT,9,2,100.89,7,9,2,5,0.47368421052631576,0.10526315789473684,0.2631578947368421,0.4444444444444444,0.1111111111111111,19,2,0,2,2,0,2,0,0
Sc1nnc([nH]1)[C@H](CCC)N,1/000001037,"InChI=1S/C6H12N4S/c1-2-3-4(7)5-8-6(11)10-9-5/h4H,2-3,7H2,1H3,(H2,8,9,10,11)/t4-/m0/s1",C6H12N4S,172.078267384,0.8933,4.3,6.44,2.22,-170,4.091112637985818,1,CONCAT,4,3,67.59,3,6,0,4,0.5454545454545454,0.0,0.36363636363636365,0.6666666666666666,0.16666666666666666,11,1,0,1,1,0,1,0,0
c1nnc([nH]1)[C@@H](n1nc[nH]c1=O)Cl,26/000000012,"InChI=1S/C5H5ClN6O/c6-3(4-7-1-9-11-4)12-5(13)8-2-10-12/h1-3H,(H,7,9,11)(H,8,10,13)/t3-/m1/s1",C5H5N6OCl,200.02133646,-0.5248000000000004,4.3,6.46,17.8,-150,4.750719536104899,1,CONCAT,5,2,92.25,2,5,1,6,0.38461538461538464,0.07692307692307693,0.46153846153846156,0.2,0.2,13,2,0,2,2,0,2,0,0
ONCCCC[C@@H](COCC(=O)c1cc[nH]c1)c1nn[nH]n1,1/000000295,"InChI=1S/C13H20N6O3/c20-12(10-4-6-14-7-10)9-22-8-11(3-1-2-5-15-21)13-16-18-19-17-13/h4,6-7,11,14-15,21H,1-3,5,8-9H2,(H,16,17,18,19)/t11-/m0/s1",C13H20N6O3,308.1596885000001,0.6599999999999994,4.3,-2.72,5.09,-190,3.779470658875346,1,CONCAT,7,4,128.81,11,13,3,6,0.5909090909090909,0.13636363636363635,0.2727272727272727,0.5384615384615384,0.07692307692307693,22,2,0,2,2,0,2,0,0
SSC/C=C/C[C@@H](Cc1occ(c1)Cc1nocc1)[NH3+],4/000000017,"InChI=1S/C14H18N2O2S2/c15-12(3-1-2-6-20-19)9-14-8-11(10-17-14)7-13-4-5-18-16-13/h1-2,4-5,8,10,12,19H,3,6-7,9,15H2/p+1/b2-1+/t12-/m0/s1",C14H19N2O2S2,311.08824626809,2.5357,4.3,0.42,24.6,-190,4.7854705904487265,1,CONCAT,5,2,66.81,8,14,2,2,0.7,0.1,0.1,0.35714285714285715,0.07142857142857142,20,2,0,2,2,0,2,0,0
Oc1c(SSC[C@@H]2C(=CC2)CN)cc(c(c1)C(=O)N)F,13/000000023,"InChI=1S/C13H15FN2O2S2/c14-10-4-12(11(17)3-9(10)13(16)18)20-19-6-8-2-1-7(8)5-15/h1,3-4,8,17H,2,5-6,15H2,(H2,16,18)/t8-/m1/s1",C13H14N2O2S2F,314.05589794,2.2755,4.3,-5.09,21.9,-190,3.972150334842265,1,CONCAT,5,3,89.34,6,13,2,2,0.65,0.1,0.1,0.3076923076923077,0.07692307692307693,20,2,1,1,0,0,0,0,0
Sc1nnc([nH]1)[C@H](Cc1nnco1)N,1/000001041,"InChI=1S/C6H8N6OS/c7-3(1-4-10-8-2-13-4)5-9-6(14)12-11-5/h2-3H,1,7H2,(H2,9,11,12,14)/t3-/m0/s1",C6H8N6OS,212.048029876,-0.2811,4.3,4.68,2.35,-150,4.430804041226882,1,CONCAT,7,3,106.50999999999999,3,6,1,6,0.42857142857142855,0.07142857142857142,0.42857142857142855,0.3333333333333333,0.16666666666666666,14,2,0,2,2,0,2,0,0
C1=C[C@H](OC1=O)Cn1cnc2c1CNCN2,1/000000616,"InChI=1S/C10H12N4O2/c15-9-2-1-7(16-9)4-14-6-13-10-8(14)3-11-5-12-10/h1-2,6-7,11-12H,3-5H2/t7-/m0/s1",C10H12N4O2,220.096025624,-0.1627,4.3,6.93,2.22,-190,4.309153673927265,1,CONCAT,6,2,68.18,2,10,2,4,0.625,0.125,0.25,0.4,0.1,16,3,2,1,3,2,1,0,0
Oc1c(OC(=O)c2nnc([nH]2)CCO)ccc(c1)c1[nH]ncc1,17/000000468,"InChI=1S/C14H13N5O4/c20-6-4-12-16-13(19-18-12)14(22)23-11-2-1-8(7-10(11)21)9-3-5-15-17-9/h1-3,5,7,20-21H,4,6H2,(H,15,17)(H,16,18,19)",C14H13N5O4,315.09675389600005,0.6543999999999999,4.3,-1.56,4.94,-180,3.12734396877803,1,CONCAT,7,4,137.01,5,14,4,5,0.6086956521739131,0.17391304347826086,0.21739130434782608,0.14285714285714285,0.0,23,3,0,3,2,0,2,0,0
ON[C@H](C(=O)Cc1nnc(s1)C/C=C/C=C)c1n[nH]cc1Br,1/000000586,"InChI=1S/C13H14BrN5O2S/c1-2-3-4-5-10-16-17-11(22-10)6-9(20)13(19-21)12-8(14)7-15-18-12/h2-4,7,13,19,21H,1,5-6H2,(H,15,18)/b4-3+/t13-/m1/s1",C13H14N5O2SBr,383.00515778799996,2.1400999999999994,4.3,0.46,3.84,-150,4.531653475252519,1,CONCAT,7,3,103.78999999999999,8,13,2,5,0.5909090909090909,0.09090909090909091,0.22727272727272727,0.23076923076923078,0.07692307692307693,22,2,0,2,2,0,2,0,0
N(C(=O)Cc1nn(c(=O)[nH]1)CC)c1ccc2c(c1)CCC2=O,13/000000011,"InChI=1S/C15H16N4O3/c1-2-19-15(22)17-13(18-19)8-14(21)16-10-4-5-11-9(7-10)3-6-12(11)20/h4-5,7H,2-3,6,8H2,1H3,(H,16,21)(H,17,18,22)",C15H16N4O3,300.12224037199996,0.9013999999999993,4.3,1.94,3.85,-60,2.718913679767402,1,CONCAT,5,2,96.85,4,15,3,4,0.6818181818181818,0.13636363636363635,0.18181818181818182,0.3333333333333333,0.0,22,3,1,2,1,0,1,0,0
NC/C=C/1\C(=O)NN=C1C(=C)N(=O)=O,1/000000673,"InChI=1S/C7H8N4O3/c1-4(11(13)14)6-5(2-3-8)7(12)10-9-6/h2H,1,3,8H2,(H,10,12)/b5-2-",C7H8N4O3,196.059640116,-0.8522999999999998,4.3,7.08,3.72,0,4.098371645983199,1,CONCAT,5,2,110.62,3,7,3,4,0.5,0.21428571428571427,0.2857142857142857,0.14285714285714285,0.0,14,1,1,0,1,1,0,0,0
Oc1ccc(cc1OC(=O)c1nnc[nH]1)CON,17/000000560,"InChI=1S/C10H10N4O4/c11-17-4-6-1-2-7(15)8(3-6)18-10(16)9-12-5-13-14-9/h1-3,5,15H,4,11H2,(H,12,13,14)",C10H10N4O4,250.0702048,0.1197999999999998,4.3,-3.4,3.58,-20,3.107750267620874,1,CONCAT,7,3,123.35,4,10,4,4,0.5555555555555556,0.2222222222222222,0.2222222222222222,0.1,0.0,18,2,0,2,1,0,1,0,0
Oc1c(OC(=O)CCCC)ccc(c1CO)c1scnc1,17/000000447,"InChI=1S/C15H17NO4S/c1-2-3-4-14(18)20-12-6-5-10(11(8-17)15(12)19)13-7-16-9-21-13/h5-7,9,17,19H,2-4,8H2,1H3",C15H17NO4S,307.0878290240001,3.103600000000002,4.3,-4.01,3.72,-200,2.760470739076238,1,CONCAT,6,2,79.65,6,15,4,1,0.7142857142857143,0.19047619047619047,0.047619047619047616,0.3333333333333333,0.0,21,2,0,2,1,0,1,0,0
O=C(OC)C#C[C@H](c1cocc1)NN,26/000000007,"InChI=1S/C9H10N2O3/c1-13-9(12)3-2-8(11-10)7-4-5-14-6-7/h4-6,8,11H,10H2,1H3/t8-/m1/s1",C9H10N2O3,194.06914218,-0.03959999999999991,4.3,7.45,17.6,-170,4.069213242410313,1,CONCAT,5,2,77.49,2,9,3,2,0.6428571428571429,0.21428571428571427,0.14285714285714285,0.2222222222222222,0.1111111111111111,14,1,0,1,1,0,1,0,0
Oc1cc(c(cc1N=O)F)[C@@H](CC#CC)N,16/000000034,"InChI=1S/C11H11FN2O2/c1-2-3-4-9(13)7-5-11(15)10(14-16)6-8(7)12/h5-6,9,15H,4,13H2,1H3/t9-/m1/s1",C11H11N2O2F,222.080455812,2.3424,4.29,-1.51,17.7,-170,3.841390723369659,1,CONCAT,4,2,75.68,3,11,2,2,0.6875,0.125,0.125,0.2727272727272727,0.09090909090909091,16,1,0,1,0,0,0,0,0
Oc1cc(c(cc1S(=O)=O)F)[C@@H](CC[NH3+])n1cncc1,16/000000015,"InChI=1S/C12H14FN3O3S/c13-9-6-12(20(18)19)11(17)5-8(9)10(1-2-14)16-4-3-15-7-16/h3-7,10,17,20H,1-2,14H2/p+1/t10-/m1/s1",C12H15N3O3SF,300.08126698009005,-0.0805000000000004,4.29,-3.33,21.7,-150,4.607766838338769,1,CONCAT,5,3,99.83,5,12,3,3,0.6,0.15,0.15,0.25,0.08333333333333333,20,2,0,2,1,0,1,0,0
ONC/C=C\C[C@H](CNCC)O,1/000000408,"InChI=1S/C8H18N2O2/c1-2-9-7-8(11)5-3-4-6-10-12/h3-4,8-12H,2,5-7H2,1H3/b4-3-/t8-/m1/s1",C8H18N2O2,174.136827816,-0.11809999999999998,4.29,0.39,2.22,-170,3.6758502267327904,1,CONCAT,4,4,64.52,7,8,2,2,0.6666666666666666,0.16666666666666666,0.16666666666666666,0.75,0.125,12,0,0,0,0,0,0,0,0
c1nnc([nH]1)/C=C\C/C=C/[C@@H]1C(=O)NCCN1,27/000000003,"InChI=1S/C11H15N5O/c17-11-9(12-6-7-13-11)4-2-1-3-5-10-14-8-15-16-10/h2-5,8-9,12H,1,6-7H2,(H,13,17)(H,14,15,16)/b4-2+,5-3-/t9-/m1/s1",C11H15N5O,233.12766009999999,-0.14779999999999988,4.29,4.3,2.22,-150,4.5878142681445295,1,CONCAT,4,3,82.7,4,11,1,5,0.6470588235294118,0.058823529411764705,0.29411764705882354,0.36363636363636365,0.09090909090909091,17,2,1,1,2,1,1,0,0
Oc1c(OCCCO)ccc(c1c1nc(n[nH]1)CCC)N,6/000000042,"InChI=1S/C14H20N4O3/c1-2-4-11-16-14(18-17-11)12-9(15)5-6-10(13(12)20)21-8-3-7-19/h5-6,19-20H,2-4,7-8,15H2,1H3,(H,16,17,18)",C14H20N4O3,292.1535405,1.4731999999999998,4.29,-2.47,19.1,-200,2.785224845986276,1,CONCAT,6,4,117.27999999999999,7,14,3,4,0.6666666666666666,0.14285714285714285,0.19047619047619047,0.42857142857142855,0.0,21,2,0,2,1,0,1,0,0
Oc1c(OC(=O)C(=O)O)cccc1C[NH2+]C,17/000000906,"InChI=1S/C10H11NO5/c1-11-5-6-3-2-4-7(8(6)12)16-10(15)9(13)14/h2-4,11-12H,5H2,1H3,(H,13,14)/p+1",C10H11NO5,226.07099890409,-0.9246000000000003,4.29,-2.06,3.58,-20,3.3699069726649693,1,CONCAT,4,3,100.44,3,10,5,1,0.625,0.3125,0.0625,0.2,0.0,16,1,0,1,0,0,0,0,0
C#C[C@H](c1ccc(c(c1N)O)OC(=O)c1nnc[nH]1)N,17/000000901,"InChI=1S/C12H11N5O3/c1-2-7(13)6-3-4-8(10(18)9(6)14)20-12(19)11-15-5-16-17-11/h1,3-5,7,18H,13-14H2,(H,15,16,17)/t7-/m1/s1",C12H11N5O3,273.086189212,-0.05529999999999996,4.29,-4.15,23.1,-190,4.144872292884222,1,CONCAT,7,4,140.14000000000001,3,12,3,5,0.6,0.15,0.25,0.08333333333333333,0.08333333333333333,20,2,0,2,1,0,1,0,0
Oc1ccc(c(c1)C(=O)O)CCCc1cscc1,12/000000018,"InChI=1S/C14H14O3S/c15-12-5-4-11(13(8-12)14(16)17)3-1-2-10-6-7-18-9-10/h4-9,15H,1-3H2,(H,16,17)",C14H14O3S,262.066365308,3.3272000000000013,4.29,-3.21,3.58,-20,2.205100493865219,1,CONCAT,3,2,57.53,5,14,3,0,0.7777777777777778,0.16666666666666666,0.0,0.21428571428571427,0.0,18,2,0,2,1,0,1,0,0
Sc1c(Cl)c(Cl)cc(c1)[C@@H](/C=C/CCNCO)c1cnc[nH]1,8/000000012,"InChI=1S/C15H17Cl2N3OS/c16-12-5-10(6-14(22)15(12)17)11(13-7-19-8-20-13)3-1-2-4-18-9-21/h1,3,5-8,11,18,21-22H,2,4,9H2,(H,19,20)/b3-1+/t11-/m1/s1",C15H17N3OSCl2,357.04693852400004,3.6228000000000025,4.29,-4.61,22.2,-190,4.213435361108596,1,CONCAT,4,4,60.94,7,15,1,3,0.6818181818181818,0.045454545454545456,0.13636363636363635,0.26666666666666666,0.06666666666666667,22,2,0,2,1,0,1,0,0
ONC/C=C/CC1=C[C@@H](C=C(O1)CC(=O)O)COC(=O)C,1/000000584,"InChI=1S/C14H19NO6/c1-10(16)20-9-11-6-12(4-2-3-5-15-19)21-13(7-11)8-14(17)18/h2-3,6-7,11,15,19H,4-5,8-9H2,1H3,(H,17,18)/b3-2+/t11-/m0/s1",C14H18NO6,297.121237328,1.3635000000000002,4.29,-2.77,22.0,-200,4.351192049441715,1,CONCAT,6,3,105.09,8,14,6,1,0.6666666666666666,0.2857142857142857,0.047619047619047616,0.42857142857142855,0.07142857142857142,21,1,1,0,1,1,0,0,0
Oc1c(OC(=O)c2nnc[nH]2)ccc(c1)c1ncsc1CS,17/000000384,"InChI=1S/C13H10N4O3S2/c18-8-3-7(11-10(4-21)22-6-15-11)1-2-9(8)20-13(19)12-14-5-16-17-12/h1-3,5-6,18,21H,4H2,(H,14,16,17)",C13H10N4O3S2,334.01943218,2.2828000000000004,4.29,-6.09,3.58,-180,3.3817695110329105,1,CONCAT,8,3,100.99,4,13,3,4,0.5909090909090909,0.13636363636363635,0.18181818181818182,0.07692307692307693,0.0,22,3,0,3,2,0,2,0,0
ON[C@H](/C=C/Cc1ncnc(c1)CN(=O)=O)S,1/000000783,"InChI=1S/C9H12N4O3S/c14-12-9(17)3-1-2-7-4-8(5-13(15)16)11-6-10-7/h1,3-4,6,9,12,14,17H,2,5H2/b3-1+/t9-/m0/s1",C9H12N4O3S,256.063011244,0.5866999999999998,4.29,-3.45,3.85,-170,4.41644984915926,1,CONCAT,7,3,101.18,6,9,3,4,0.5294117647058824,0.17647058823529413,0.23529411764705882,0.3333333333333333,0.1111111111111111,17,1,0,1,1,0,1,0,0
Oc1ccc(c(c1OC(=O)CCCCC=S)O)c1n[nH]cc1,17/000000689,"InChI=1S/C15H16N2O4S/c18-12-6-5-10(11-7-8-16-17-11)14(20)15(12)21-13(19)4-2-1-3-9-22/h5-9,18,20H,1-4H2,(H,16,17)",C15H16N2O4S,320.083077992,2.9534000000000002,4.28,1.68,23.1,-120,3.391742960164424,1,CONCAT,6,3,95.44,7,15,4,2,0.6818181818181818,0.18181818181818182,0.09090909090909091,0.26666666666666666,0.0,22,2,0,2,1,0,1,0,0
Oc1c(c2nocn2)cc(c(c1)CCO)F,16/000000100,"InChI=1S/C10H9FN2O3/c11-8-4-7(10-12-5-16-13-10)9(15)3-6(8)1-2-14/h3-5,14-15H,1-2H2",C10H9N2O3F,224.059720368,1.1160999999999999,4.28,-2.21,17.5,-120,2.9265484753483317,1,CONCAT,5,2,79.38000000000001,3,10,3,2,0.625,0.1875,0.125,0.2,0.0,16,2,0,2,1,0,1,0,0
OC/C=C\1/C(=NNC1=O)C(=O)Cc1oc(cc1)COCCC#C,1/000000978,"InChI=1S/C16H16N2O5/c1-2-3-8-22-10-12-5-4-11(23-12)9-14(20)15-13(6-7-19)16(21)18-17-15/h1,4-6,19H,3,7-10H2,(H,18,21)/b13-6-",C16H16N2O5,316.105921612,0.335599999999999,4.28,2.42,3.84,0,3.5670055717904017,1,CONCAT,6,2,101.13000000000001,8,16,5,2,0.6956521739130435,0.21739130434782608,0.08695652173913043,0.3125,0.0,23,2,1,1,2,1,1,0,0
Oc1ccc(c(c1)C(=O)O)C(=O)[C@H](CCCl)CO,12/000000086,"InChI=1S/C12H13ClO5/c13-4-3-7(6-14)11(16)9-2-1-8(15)5-10(9)12(17)18/h1-2,5,7,14-15H,3-4,6H2,(H,17,18)/t7-/m1/s1",C12H13O5Cl,272.045151196,1.5105,4.28,-9.19,3.58,-190,3.0822704199881965,1,CONCAT,4,3,94.83,6,12,5,0,0.6666666666666666,0.2777777777777778,0.0,0.3333333333333333,0.08333333333333333,18,1,0,1,0,0,0,0,0
ON[C@H](/C=C/Cc1ncnc(c1)Cc1c(=O)[nH][nH]c1)S,1/000000751,"InChI=1S/C12H15N5O2S/c18-12-8(6-15-16-12)4-10-5-9(13-7-14-10)2-1-3-11(20)17-19/h1,3,5-7,11,17,19-20H,2,4H2,(H2,15,16,18)/b3-1+/t11-/m0/s1",C12H15N5O2S,293.09464572,0.41719999999999996,4.28,-5.01,20.9,-170,4.434078785339137,1,CONCAT,6,5,106.69,6,12,2,5,0.6,0.1,0.25,0.25,0.08333333333333333,20,2,0,2,2,0,2,0,0
Sc1nnc([nH]1)CCNC(=O)n1nnnc1C=S,1/000001123,"InChI=1S/C7H8N8OS2/c16-7(15-5(3-17)11-13-14-15)8-2-1-4-9-6(18)12-10-4/h3H,1-2H2,(H,8,16)(H2,9,10,12,18)",C7H8N8OS2,284.02624887599995,-0.7719000000000003,4.28,0.88,2.22,0,3.9655520775756257,1,CONCAT,9,3,114.27,4,7,1,8,0.3888888888888889,0.05555555555555555,0.4444444444444444,0.2857142857142857,0.0,18,2,0,2,2,0,2,0,0
Oc1c(OC(=O)c2nnn[nH]2)cccc1C=S,17/000001294,"InChI=1S/C9H6N4O3S/c14-7-5(4-17)2-1-3-6(7)16-9(15)8-10-12-13-11-8/h1-4,14H,(H,10,11,12,13)",C9H6N4O3S,250.016061052,0.47229999999999994,4.28,-1.53,2.22,0,3.2928175433790177,1,CONCAT,7,2,100.99000000000001,3,9,3,4,0.5294117647058824,0.17647058823529413,0.23529411764705882,0.0,0.0,17,2,0,2,1,0,1,0,0
Oc1c(OC(=O)c2nnc[nH]2)ccc(c1)CNC(=C)C,17/000000851,"InChI=1S/C13H14N4O3/c1-8(2)14-6-9-3-4-11(10(18)5-9)20-13(19)12-15-7-16-17-12/h3-5,7,14,18H,1,6H2,2H3,(H,15,16,17)",C13H14N4O3,274.10659030799997,1.3526999999999998,4.28,-4.53,3.58,-80,3.073486674512317,1,CONCAT,6,3,100.13,5,13,3,4,0.65,0.15,0.2,0.15384615384615385,0.0,20,2,0,2,1,0,1,0,0
Oc1c(OC(=O)c2ncoc2)ccc(c1)NC(=O)/C=C/CCl,17/000001325,"InChI=1S/C14H11ClN2O5/c15-5-1-2-13(19)17-9-3-4-12(11(18)6-9)22-14(20)10-7-21-8-16-10/h1-4,6-8,18H,5H2,(H,17,19)/b2-1+",C14H11N2O5Cl,322.035649132,2.3329000000000004,4.28,-3.03,3.58,-20,2.9102451934150437,1,CONCAT,6,2,101.66,5,14,5,2,0.6363636363636364,0.22727272727272727,0.09090909090909091,0.07142857142857142,0.0,22,2,0,2,1,0,1,0,0
OC(=O)c1c(nccc1)SCCC#C[C@H]1OC(=O)NC1=O,27/000000015,"InChI=1S/C13H10N2O5S/c16-10-9(20-13(19)15-10)5-1-2-7-21-11-8(12(17)18)4-3-6-14-11/h3-4,6,9H,2,7H2,(H,17,18)(H,15,16,19)/t9-/m1/s1",C13H10N2O5S,306.03104242,0.9004000000000001,4.28,1.66,3.58,-150,3.6636405635809943,1,CONCAT,6,2,105.59,4,13,5,2,0.6190476190476191,0.23809523809523808,0.09523809523809523,0.23076923076923078,0.07692307692307693,21,2,1,1,2,1,1,0,0
Oc1cc(c(cc1N=O)F)[C@H](C/C=C/N)N(=O)=O,16/000000032,"InChI=1S/C10H10FN3O4/c11-7-5-8(13-16)10(15)4-6(7)9(14(17)18)2-1-3-12/h1,3-5,9,15H,2,12H2/b3-1+/t9-/m0/s1",C10H10N3O4F,255.06553402,2.1095,4.28,-3.0,20.5,-150,4.277776189218965,1,CONCAT,6,2,118.82000000000002,5,10,4,3,0.5555555555555556,0.2222222222222222,0.16666666666666666,0.2,0.1,18,1,0,1,0,0,0,0,0
Oc1c(OC(=O)c2ncoc2)cccc1NC(=O)N,17/000001055,"InChI=1S/C11H9N3O5/c12-11(17)14-6-2-1-3-8(9(6)15)19-10(16)7-4-18-5-13-7/h1-5,15H,(H3,12,14,17)",C11H9N3O5,263.05422038800003,1.09,4.28,-3.14,3.58,0,2.774857361521615,1,CONCAT,6,3,127.67999999999999,3,11,5,3,0.5789473684210527,0.2631578947368421,0.15789473684210525,0.0,0.0,19,2,0,2,1,0,1,0,0
ONCC(=O)Cc1nnc(s1)CC(Sc1n[nH]cn1)(F)F,1/000000399,"InChI=1S/C9H10F2N6O2S2/c10-9(11,21-8-12-4-13-17-8)2-7-16-15-6(20-7)1-5(18)3-14-19/h4,14,19H,1-3H2,(H,12,13,17)",C9H10N6O2S2F2,336.02747200000005,0.6741999999999991,4.28,-0.57,3.84,-170,4.126835015477802,1,CONCAT,9,3,116.67999999999999,8,9,2,6,0.42857142857142855,0.09523809523809523,0.2857142857142857,0.4444444444444444,0.0,21,2,0,2,2,0,2,0,0
Oc1ccc(c(c1COC(=O)C)Br)c1nc(sc1)S,17/000001617,"InChI=1S/C12H10BrNO3S2/c1-6(15)17-4-8-10(16)3-2-7(11(8)13)9-5-19-12(18)14-9/h2-3,5,16H,4H2,1H3,(H,14,18)",C12H10NO3S2Br,358.92854728000003,3.6300000000000012,4.27,-5.07,3.72,-200,3.1428436180807298,1,CONCAT,6,2,59.42,3,12,3,1,0.631578947368421,0.15789473684210525,0.05263157894736842,0.16666666666666666,0.0,19,2,0,2,1,0,1,0,0
ONCC(=O)Cc1nnc(s1)CC#CCC=C,1/000000425,"InChI=1S/C11H13N3O2S/c1-2-3-4-5-6-10-13-14-11(17-10)7-9(15)8-12-16/h2,12,16H,1,3,6-8H2",C11H13N3O2S,251.072847656,0.7504999999999995,4.27,0.6,23.7,-20,3.8070608126097873,1,CONCAT,6,2,75.11,6,11,2,3,0.6470588235294118,0.11764705882352941,0.17647058823529413,0.36363636363636365,0.0,17,1,0,1,1,0,1,0,0
Oc1c(OC(=O)CCCC)c(O)cc(c1)c1ncsc1,17/000000152,"InChI=1S/C14H15NO4S/c1-2-3-4-13(18)19-14-11(16)5-9(6-12(14)17)10-7-20-8-15-10/h5-8,16-17H,2-4H2,1H3",C14H15NO4S,293.07217896000003,3.316900000000002,4.27,-4.08,3.58,-180,2.6893473887980317,1,CONCAT,6,2,79.65,5,14,4,1,0.7,0.2,0.05,0.2857142857142857,0.0,20,2,0,2,1,0,1,0,0
NCCc1nnc(o1)CC(=O)C1=NNC(=O)C1=C,1/000000363,"InChI=1S/C10H11N5O3/c1-5-9(14-15-10(5)17)6(16)4-8-13-12-7(18-8)2-3-11/h1-4,11H2,(H,15,17)",C10H11N5O3,249.086189212,-1.2756,4.27,4.94,2.22,0,3.484800964453453,1,CONCAT,7,2,123.47,5,10,3,5,0.5555555555555556,0.16666666666666666,0.2777777777777778,0.3,0.0,18,2,1,1,2,1,1,0,0
OC/C=C/C1=COC(=C[C@H]1CS)/C=C/c1nonc1,22/000000026,"InChI=1S/C13H14N2O3S/c16-5-1-2-10-8-17-13(6-11(10)9-19)4-3-12-7-14-18-15-12/h1-4,6-8,11,16,19H,5,9H2/b2-1+,4-3+/t11-/m0/s1",C13H14N2O3S,278.072513308,1.9752999999999998,4.27,-1.46,24.3,-190,4.898112014443877,1,CONCAT,6,2,68.38,5,13,3,2,0.6842105263157895,0.15789473684210525,0.10526315789473684,0.23076923076923078,0.07692307692307693,19,2,1,1,2,1,1,0,0
ONC/C(=C/CC1=CCC=C(O1)/C(=C/C)/C)/C,1/000000451,"InChI=1S/C14H21NO2/c1-4-12(3)14-7-5-6-13(17-14)9-8-11(2)10-15-16/h4,6-8,15-16H,5,9-10H2,1-3H3/b11-8+,12-4+",C14H21NO2,235.157228912,3.4559000000000024,4.27,-1.34,3.72,-180,4.239589986095875,1,CONCAT,3,2,41.489999999999995,5,14,2,1,0.8235294117647058,0.11764705882352941,0.058823529411764705,0.42857142857142855,0.0,17,1,1,0,1,1,0,0,0
Oc1c(OC(=O)c2nnc[nH]2)cccc1CC=C,17/000000200,"InChI=1S/C12H11N3O3/c1-2-4-8-5-3-6-9(10(8)16)18-12(17)11-13-7-14-15-11/h2-3,5-7,16H,1,4H2,(H,13,14,15)",C12H11N3O3,245.080041212,1.458,4.27,-2.21,3.58,0,3.047429905629924,1,CONCAT,5,2,88.1,4,12,3,3,0.6666666666666666,0.16666666666666666,0.16666666666666666,0.08333333333333333,0.0,18,2,0,2,1,0,1,0,0
Oc1ccc(c(c1)C/C=C/CCO)F,16/000000084,"InChI=1S/C11H13FO2/c12-11-6-5-10(14)8-9(11)4-2-1-3-7-13/h1-2,5-6,8,13-14H,3-4,7H2/b2-1+",C11H13O2F,196.089957876,2.0124,4.27,-1.8,2.22,0,2.523589461431783,1,CONCAT,2,2,40.46,4,11,2,0,0.7857142857142857,0.14285714285714285,0.0,0.2727272727272727,0.0,14,1,0,1,0,0,0,0,0
Oc1c(OC(=O)c2nnc[nH]2)ccc(c1)c1ncsc1CC=C,17/000000655,"InChI=1S/C15H12N4O3S/c1-2-3-12-13(17-8-23-12)9-4-5-11(10(20)6-9)22-15(21)14-16-7-18-19-14/h2,4-8,20H,1,3H2,(H,16,18,19)",C15H12N4O3S,328.063011244,2.5815,4.27,-4.82,3.58,-180,3.3329698429039034,1,CONCAT,7,2,100.99,5,15,3,4,0.6521739130434783,0.13043478260869565,0.17391304347826086,0.06666666666666667,0.0,23,3,0,3,2,0,2,0,0
Oc1nc(nc2c1nn[nH]2)/C=C(/CC(F)F)\C(=O)N,28/000000094,"InChI=1S/C9H8F2N6O2/c10-4(11)1-3(7(12)18)2-5-13-8-6(9(19)14-5)15-17-16-8/h2,4H,1H2,(H2,12,18)(H2,13,14,15,16,17,19)/b3-2-",C9H8N6O2F2,270.067679936,-0.022600000000000064,4.27,-5.75,24.6,-190,4.066978529323333,1,CONCAT,6,3,130.67000000000002,4,9,2,6,0.47368421052631576,0.10526315789473684,0.3157894736842105,0.2222222222222222,0.0,19,2,0,2,2,0,2,0,0
Oc1c(OC(=O)c2nnn[nH]2)cccc1CCSC,17/000001553,"InChI=1S/C11H12N4O3S/c1-19-6-5-7-3-2-4-8(9(7)16)18-11(17)10-12-14-15-13-10/h2-4,16H,5-6H2,1H3,(H,12,13,14,15)",C11H12N4O3S,280.063011244,1.03,4.27,-3.95,3.58,-40,2.9984976614732357,1,CONCAT,7,2,100.99000000000001,5,11,3,4,0.5789473684210527,0.15789473684210525,0.21052631578947367,0.2727272727272727,0.0,19,2,0,2,1,0,1,0,0
OCCNCCOC(=O)Cc1cc(Cl)c(c(c1)C=C)Cl,8/000000026,"InChI=1S/C14H17Cl2NO3/c1-2-11-7-10(8-12(15)14(11)16)9-13(19)20-6-4-17-3-5-18/h2,7-8,17-18H,1,3-6,9H2",C14H17NO3Cl2,317.058548764,2.3040000000000003,4.27,-1.78,3.58,-40,2.627808382804025,1,CONCAT,4,2,58.559999999999995,8,14,3,1,0.7,0.15,0.05,0.35714285714285715,0.0,20,1,0,1,0,0,0,0,0
OC(=O)C1=C(C#Cc2snnc2)NC=CC1,12/000000171,"InChI=1S/C10H7N3O2S/c14-10(15)8-2-1-5-11-9(8)4-3-7-6-12-13-16-7/h1,5-6,11H,2H2,(H,14,15)",C10H7N3O2S,233.025897464,0.7353000000000001,4.27,-8.38,24.5,-20,4.195063191067395,1,CONCAT,5,2,75.11,1,10,2,3,0.625,0.125,0.1875,0.1,0.0,16,2,1,1,2,1,1,0,0
ONCC(=O)Cc1nnc(s1)[C@@H](c1cc[nH]c1)Cl,1/000000341,"InChI=1S/C10H11ClN4O2S/c11-9(6-1-2-12-4-6)10-15-14-8(18-10)3-7(16)5-13-17/h1-2,4,9,12-13,17H,3,5H2/t9-/m1/s1",C10H11N4O2SCl,286.02912427200005,1.2847999999999997,4.27,-1.98,24.8,-150,4.040338406413536,1,CONCAT,6,3,90.9,6,10,2,4,0.5555555555555556,0.1111111111111111,0.2222222222222222,0.3,0.1,18,2,0,2,2,0,2,0,0
Oc1c(OC(=O)c2nnn[nH]2)ccc(c1)N1OCC=C1,17/000001238,"InChI=1S/C11H9N5O4/c17-8-6-7(16-4-1-5-19-16)2-3-9(8)20-11(18)10-12-14-15-13-10/h1-4,6,17H,5H2,(H,12,13,14,15)",C11H9N5O4,275.065453768,0.3898,4.26,-3.74,23.8,-160,3.696674946585071,1,CONCAT,8,2,113.46000000000001,3,11,4,5,0.55,0.2,0.25,0.09090909090909091,0.0,20,3,1,2,2,1,1,0,0
ON[C@H](COC)c1ccc(c(c1)O)OC(=O)c1ncoc1,17/000001304,"InChI=1S/C13H14N2O6/c1-19-5-9(15-18)8-2-3-12(11(16)4-8)21-13(17)10-6-20-7-14-10/h2-4,6-7,9,15-16,18H,5H2,1H3/t9-/m1/s1",C13H14N2O6,294.085186168,1.2656999999999998,4.26,-3.28,20.6,-190,3.477313575315023,1,CONCAT,8,3,114.05000000000001,6,13,6,2,0.6190476190476191,0.2857142857142857,0.09523809523809523,0.23076923076923078,0.07692307692307693,21,2,0,2,1,0,1,0,0
ONC/C=C/CC1=C[C@H](C=CO1)NC(=S)N,1/000000184,"InChI=1S/C10H15N3O2S/c11-10(16)13-8-4-6-15-9(7-8)3-1-2-5-12-14/h1-2,4,6-8,12,14H,3,5H2,(H3,11,13,16)/b2-1+/t8-/m0/s1",C10H15N3O2S,241.08849772,0.5411000000000004,4.26,-1.56,3.58,-150,4.808226930883075,1,CONCAT,4,4,79.53999999999999,5,10,2,3,0.625,0.125,0.1875,0.3,0.1,16,1,1,0,1,1,0,0,0
Oc1ccc(cc1OC(=O)c1nnc[nH]1)C[NH3+],17/000000763,"InChI=1S/C10H10N4O3/c11-4-6-1-2-7(15)8(3-6)17-10(16)9-12-5-13-14-9/h1-3,5,15H,4,11H2,(H,12,13,14)/p+1",C10H11N4O3,235.08256663209,-0.5286000000000002,4.26,-2.68,2.22,0,3.607523312609787,1,CONCAT,5,3,115.74,3,10,3,4,0.5882352941176471,0.17647058823529413,0.23529411764705882,0.1,0.0,17,2,0,2,1,0,1,0,0
Sc1nnc([nH]1)C[N@H+](Cc1cnccc1S(=O)=O)C,1/000000716,"InChI=1S/C10H13N5O2S2/c1-15(6-9-12-10(18)14-13-9)5-7-4-11-3-2-8(7)19(16)17/h2-4,19H,5-6H2,1H3,(H2,12,13,14,18)/p+1",C10H14N5O2S2,300.05834310808996,-1.3264,4.26,5.72,3.72,-20,5.387770011541119,1,CONCAT,6,4,93.03999999999999,5,10,2,5,0.5263157894736842,0.10526315789473684,0.2631578947368421,0.3,0.0,19,2,0,2,2,0,2,0,0
Oc1ccc(cc1OC(=O)c1nnn[nH]1)C=C,17/000000757,"InChI=1S/C10H8N4O3/c1-2-6-3-4-7(15)8(5-6)17-10(16)9-11-13-14-12-9/h2-5,15H,1H2,(H,11,12,13,14)",C10H8N4O3,232.059640116,0.7674999999999998,4.26,-2.64,2.22,0,2.979695427994404,1,CONCAT,6,2,100.99000000000001,3,10,3,4,0.5882352941176471,0.17647058823529413,0.23529411764705882,0.0,0.0,17,2,0,2,1,0,1,0,0
Oc1c(OC(=O)c2occc2)cc(cc1)CO,17/000001030,"InChI=1S/C12H10O5/c13-7-8-3-4-9(14)11(6-8)17-12(15)10-2-1-5-16-10/h1-6,13-14H,7H2",C12H10O5,234.05282342,1.6966999999999999,4.26,-2.11,2.22,0,2.1198290818405567,1,CONCAT,5,2,79.9,3,12,5,0,0.7058823529411765,0.29411764705882354,0.0,0.08333333333333333,0.0,17,2,0,2,1,0,1,0,0
Oc1c(OC(=O)c2nnc([nH]2)CCC)ccc(c1)CCNCN,17/000000223,"InChI=1S/C15H21N5O3/c1-2-3-13-18-14(20-19-13)15(22)23-12-5-4-10(8-11(12)21)6-7-17-9-16/h4-5,8,17,21H,2-3,6-7,9,16H2,1H3,(H,18,19,20)",C15H21N5O3,319.1644395320001,0.7303,4.26,-2.34,4.94,-60,3.064718234512296,1,CONCAT,7,4,126.14999999999999,8,15,3,5,0.6521739130434783,0.13043478260869565,0.21739130434782608,0.4,0.0,23,2,0,2,1,0,1,0,0
c1sc(nc1CCC#CCN)NCC(=O)OCC,18/000000018,"InChI=1S/C12H17N3O2S/c1-2-17-11(16)8-14-12-15-10(9-18-12)6-4-3-5-7-13/h9H,2,4,6-8,13H2,1H3,(H,14,15)",C12H17N3O2S,267.104147784,1.0127999999999997,4.26,1.85,3.58,-80,2.799686919204584,1,CONCAT,6,2,77.24,6,12,2,3,0.6666666666666666,0.1111111111111111,0.16666666666666666,0.5,0.0,18,1,0,1,1,0,1,0,0
ONCC(=O)Cc1nnc(s1)[C@H](CCCS)C,1/000000910,"InChI=1S/C10H17N3O2S2/c1-7(3-2-4-16)10-13-12-9(17-10)5-8(14)6-11-15/h7,11,15-16H,2-6H2,1H3/t7-/m0/s1",C10H17N3O2S2,275.07621878400005,1.4419999999999995,4.26,-2.96,3.72,-190,3.874063597113434,1,CONCAT,7,3,75.11,8,10,2,3,0.5882352941176471,0.11764705882352941,0.17647058823529413,0.7,0.1,17,1,0,1,1,0,1,0,0
Oc1nc(nc2c1nnn2CC)C(=C)CNC(=O)NC,28/000000023,"InChI=1S/C11H15N7O2/c1-4-18-9-7(16-17-18)10(19)15-8(14-9)6(2)5-13-11(20)12-3/h2,4-5H2,1,3H3,(H2,12,13,20)(H,14,15,19)",C11H15N7O2,277.12872272,-0.11100000000000015,4.26,-2.78,21.8,-160,3.24346376741941,1,CONCAT,7,3,117.85,4,11,2,7,0.55,0.1,0.35,0.36363636363636365,0.0,20,2,0,2,2,0,2,0,0
Sc1nnc([nH]1)CCCCC#C[C@@H](C1=NCON1)OC(=O)C=C,1/000001102,"InChI=1S/C14H17N5O3S/c1-2-12(20)22-10(13-15-9-21-19-13)7-5-3-4-6-8-11-16-14(23)18-17-11/h2,10H,1,3-4,6,8-9H2,(H,15,19)(H2,16,17,18,23)/t10-/m0/s1",C14H17N5O3S,335.105210404,0.7981999999999998,4.26,-1.16,5.09,-150,4.759330955781303,1,CONCAT,8,3,101.49000000000001,7,14,3,5,0.6086956521739131,0.13043478260869565,0.21739130434782608,0.42857142857142855,0.07142857142857142,23,2,1,1,2,1,1,0,0
N(C/C=C/[C@H]([NH3+])c1nonc1CCc1nnco1)N,21/000000024,"InChI=1S/C10H15N7O2/c11-7(2-1-5-13-12)10-8(16-19-17-10)3-4-9-15-14-6-18-9/h1-2,6-7,13H,3-5,11-12H2/p+1/b2-1+/t7-/m0/s1",C10H16N7O2,266.13599917209,-1.4596999999999982,4.26,9.97,5.09,-150,4.803416909548771,1,CONCAT,8,3,143.53,7,10,2,7,0.5263157894736842,0.10526315789473684,0.3684210526315789,0.4,0.1,19,2,0,2,2,0,2,0,0
Sc1nnc([nH]1)CCNC(=O)n1nnnc1,1/000000714,"InChI=1S/C6H8N8OS/c15-6(14-3-8-12-13-14)7-2-1-4-9-5(16)11-10-4/h3H,1-2H2,(H,7,15)(H2,9,10,11,16)",C6H8N8OS,240.05417787599998,-1.1197000000000001,4.25,2.63,2.22,0,3.6869364352145535,1,CONCAT,8,3,114.27,3,6,1,8,0.375,0.0625,0.5,0.3333333333333333,0.0,16,2,0,2,2,0,2,0,0
ONC/C=C\Cc1cc(C2=NOCN2)c(c(c1)CC(=O)N)CO,1/000000233,"InChI=1S/C15H20N4O4/c16-14(21)7-11-5-10(3-1-2-4-18-22)6-12(13(11)8-20)15-17-9-23-19-15/h1-2,5-6,18,20,22H,3-4,7-9H2,(H2,16,21)(H,17,19)/b2-1-",C15H20N4O4,320.14845512,-0.47689999999999955,4.25,-2.97,21.3,-160,3.90562711025194,1,CONCAT,7,5,129.2,8,15,4,4,0.6521739130434783,0.17391304347826086,0.17391304347826086,0.3333333333333333,0.0,23,2,1,1,1,1,0,0,0
OC(=O)c1cc(OC)ccc1c1nnc[nH]1,12/000000094,"InChI=1S/C10H9N3O3/c1-16-6-2-3-7(8(4-6)10(14)15)9-11-5-12-13-9/h2-5H,1H3,(H,14,15)(H,11,12,13)",C10H9N3O3,219.064391148,1.1784999999999999,4.25,-4.59,2.22,-160,2.603625398425254,1,CONCAT,4,2,88.1,3,10,3,3,0.625,0.1875,0.1875,0.1,0.0,16,2,0,2,1,0,1,0,0
ONCC(=O)Cc1nnc(s1)[C@@H](C1=CCC=C1)Cl,1/000000304,"InChI=1S/C11H12ClN3O2S/c12-10(7-3-1-2-4-7)11-15-14-9(18-11)5-8(16)6-13-17/h1,3-4,10,13,17H,2,5-6H2/t10-/m1/s1",C11H12N3O2SCl,285.033875304,1.7946999999999997,4.25,-3.57,24.0,-190,4.263220759354713,1,CONCAT,6,2,75.11,6,11,2,3,0.6111111111111112,0.1111111111111111,0.16666666666666666,0.36363636363636365,0.09090909090909091,18,2,1,1,1,0,1,0,0
OC(=O)c1nc(oc1)[C@H](NC(=O)C)c1cccc(c1)I,24/000000005,"InChI=1S/C13H11IN2O4/c1-7(17)15-11(8-3-2-4-9(14)5-8)12-16-10(6-20-12)13(18)19/h2-6,11H,1H3,(H,15,17)(H,18,19)/t11-/m1/s1",C13H11N2O4I,385.976354832,2.2028999999999996,4.25,-1.74,20.9,-190,3.0817948103667394,1,CONCAT,4,2,92.43,4,13,4,2,0.65,0.2,0.1,0.15384615384615385,0.07692307692307693,20,2,0,2,1,0,1,0,0
ONCC1=NC[C@@H](N1)C/C=C/c1cccc(c1O)Cl,1/000000012,"InChI=1S/C13H16ClN3O2/c14-11-6-2-4-9(13(11)18)3-1-5-10-7-15-12(17-10)8-16-19/h1-4,6,10,16,18-19H,5,7-8H2,(H,15,17)/b3-1+/t10-/m0/s1",C13H16N3O2Cl,281.093104432,1.7979999999999992,4.25,-2.67,3.58,-190,3.883080219572082,1,CONCAT,5,4,76.88,5,13,2,3,0.6842105263157895,0.10526315789473684,0.15789473684210525,0.3076923076923077,0.07692307692307693,19,2,1,1,1,1,0,0,0
SCc1cc(O)c(cc1F)c1nnsc1,16/000000014,"InChI=1S/C9H7FN2OS2/c10-7-2-6(8-4-15-12-11-8)9(13)1-5(7)3-14/h1-2,4,13-14H,3H2",C9H7N2OS2F,241.998383064,2.4796000000000005,4.25,-2.61,19.5,-120,3.154873778144575,1,CONCAT,5,2,46.010000000000005,2,9,1,2,0.6,0.06666666666666667,0.13333333333333333,0.1111111111111111,0.0,15,2,0,2,1,0,1,0,0
Oc1ccc(c(c1)C(=O)O)c1nnc(o1)S,12/000000008,"InChI=1S/C9H6N2O4S/c12-4-1-2-5(6(3-4)8(13)14)7-10-11-9(16)15-7/h1-3,12H,(H,11,16)(H,13,14)",C9H6N2O4S,238.004827672,1.4290999999999998,4.25,-3.69,2.22,-120,2.626710713110569,1,CONCAT,6,3,96.45,2,9,4,2,0.5625,0.25,0.125,0.0,0.0,16,2,0,2,1,0,1,0,0
OC(=O)CN(c1cc(Cl)c(cc1N(=O)=O)Cl)N,7/000000002,"InChI=1S/C8H7Cl2N3O4/c9-4-1-6(12(11)3-8(14)15)7(13(16)17)2-5(4)10/h1-2H,3,11H2,(H,14,15)",C8H7N3O4Cl2,278.98136106400005,1.6663,4.25,-5.9,18.4,-40,2.6686725258965005,1,CONCAT,5,2,109.7,4,8,4,3,0.47058823529411764,0.23529411764705882,0.17647058823529413,0.125,0.0,17,1,0,1,0,0,0,0,0
O[C@@H](CN)c1ccc(c(c1)C)Br,20/000000002,"InChI=1S/C9H12BrNO/c1-6-4-7(9(12)5-11)2-3-8(6)10/h2-4,9,12H,5,11H2,1H3/t9-/m0/s1",C9H12NOBr,229.010226104,1.74962,4.25,-8.48,2.22,-190,2.6019893438656574,1,CONCAT,2,2,46.25,2,9,1,1,0.75,0.08333333333333333,0.08333333333333333,0.3333333333333333,0.1111111111111111,12,1,0,1,0,0,0,0,0
OC(=O)c1c(SCC2=CCOC2)ccc(c1S)O,12/000000198,"InChI=1S/C12H12O4S2/c13-8-1-2-9(10(11(8)17)12(14)15)18-6-7-3-4-16-5-7/h1-3,13,17H,4-6H2,(H,14,15)",C12H12O4S2,284.017700864,2.4278000000000013,4.25,-6.25,2.22,-40,3.4321135798380684,1,CONCAT,5,3,66.76,4,12,4,0,0.6666666666666666,0.2222222222222222,0.0,0.25,0.0,18,2,1,1,1,1,0,0,0
Oc1nc(nc2c1nn[nH]2)/C(=C\C1=COCC=C1)/CCC,28/000000020,"InChI=1S/C14H15N5O2/c1-2-4-10(7-9-5-3-6-21-8-9)12-15-13-11(14(20)16-12)17-19-18-13/h3,5,7-8H,2,4,6H2,1H3,(H2,15,16,17,18,19,20)/b10-7-",C14H15N5O2,285.12257472000005,2.1072999999999995,4.25,-5.28,22.2,-100,4.236048160154741,1,CONCAT,6,2,96.81000000000002,4,14,2,5,0.6666666666666666,0.09523809523809523,0.23809523809523808,0.2857142857142857,0.0,21,3,1,2,3,1,2,0,0
NOCC(=O)Cc1nnc([nH]1)C#CCCN(=O)=O,22/000000016,"InChI=1S/C9H11N5O4/c10-18-6-7(15)5-9-11-8(12-13-9)3-1-2-4-14(16)17/h2,4-6,10H2,(H,11,12,13)",C9H11N5O4,253.081103832,-1.1750999999999998,4.25,9.89,3.58,-60,4.141047733684223,1,CONCAT,7,2,137.03000000000003,6,9,4,5,0.5,0.2222222222222222,0.2777777777777778,0.4444444444444444,0.0,18,1,0,1,1,0,1,0,0
OS(=O)(=O)CCCC[C@H](CS)Br,22/000000002,"InChI=1S/C6H13BrO3S2/c7-6(5-11)3-1-2-4-12(8,9)10/h6,11H,1-5H2,(H,8,9,10)/t6-/m1/s1",C6H13O3S2Br,275.94894837600003,1.7378,4.25,2.59,2.22,-150,3.4850084040393554,1,CONCAT,3,2,54.37,6,6,3,0,0.5,0.25,0.0,1.0,0.16666666666666666,12,0,0,0,0,0,0,0,0
OC(=O)c1c(/N=c\2/scn[nH]2)ccc(c1)/C(=C\C)/C,12/000000120,"InChI=1S/C13H13N3O2S/c1-3-8(2)9-4-5-11(10(6-9)12(17)18)15-13-16-14-7-19-13/h3-7H,1-2H3,(H,15,16)(H,17,18)/b8-3-",C13H13N3O2S,275.072847656,2.825000000000001,4.25,-6.07,3.58,-140,3.466767956586927,1,CONCAT,4,2,78.34,3,13,2,3,0.6842105263157895,0.10526315789473684,0.15789473684210525,0.15384615384615385,0.0,19,2,0,2,1,0,1,0,0
O[C@H](C/C=C/Cc1ccc(cc1)C(=C)CO)CS,22/000000021,"InChI=1S/C15H20O2S/c1-12(10-16)14-8-6-13(7-9-14)4-2-3-5-15(17)11-18/h2-3,6-9,15-18H,1,4-5,10-11H2/b3-2+/t15-/m1/s1",C15H20O2S,264.11840088,2.471600000000001,4.25,3.13,2.22,-150,3.452148958449735,1,CONCAT,3,3,40.46,7,15,2,0,0.8333333333333334,0.1111111111111111,0.0,0.3333333333333333,0.06666666666666667,18,1,0,1,0,0,0,0,0
OCC[N@H+](Cc1nnc([nH]1)[C@@H](n1nc[nH]c1=O)Cl)C,26/000000109,"InChI=1S/C9H14ClN7O2/c1-16(2-3-18)4-6-13-8(15-14-6)7(10)17-9(19)11-5-12-17/h5,7,18H,2-4H2,1H3,(H,11,12,19)(H,13,14,15)/p+1/t7-/m1/s1",C9H15N7O2Cl,288.09702682009,-2.5177999999999976,4.25,4.36,22.8,-170,5.666083888375835,1,CONCAT,6,4,116.92000000000002,6,9,2,7,0.47368421052631576,0.10526315789473684,0.3684210526315789,0.5555555555555556,0.1111111111111111,19,2,0,2,2,0,2,0,0
Oc1ccc(c(c1)C(=O)O)c1nc(sc1)CC(=O)OCC,12/000000022,"InChI=1S/C14H13NO5S/c1-2-20-13(17)6-12-15-11(7-21-12)9-4-3-8(16)5-10(9)14(18)19/h3-5,7,16H,2,6H2,1H3,(H,18,19)",C14H13NO5S,307.051443516,2.3194999999999997,4.25,-7.14,5.09,-180,2.2851563525276593,1,CONCAT,6,2,96.72000000000001,5,14,5,1,0.6666666666666666,0.23809523809523808,0.047619047619047616,0.21428571428571427,0.0,21,2,0,2,1,0,1,0,0
Sc1c(Cl)c(Cl)cc(c1)C/C(=C/CCNCO)/CNC(=O)C,8/000000018,"InChI=1S/C15H20Cl2N2O2S/c1-10(21)19-8-11(3-2-4-18-9-20)5-12-6-13(16)15(17)14(22)7-12/h3,6-7,18,20,22H,2,4-5,8-9H2,1H3,(H,19,21)/b11-3-",C15H20N2O2SCl2,362.06225423999996,2.816600000000001,4.24,-0.08,5.09,-120,3.4275764341098336,1,CONCAT,4,4,61.36,8,15,2,2,0.6818181818181818,0.09090909090909091,0.09090909090909091,0.4,0.0,22,1,0,1,0,0,0,0,0
Sc1cccnc1[C@H](c1cc(Cl)c(c(c1)N(=O)=O)Cl)N,8/000000021,"InChI=1S/C12H9Cl2N3O2S/c13-7-4-6(5-8(10(7)14)17(18)19)11(15)12-9(20)2-1-3-16-12/h1-5,11,20H,15H2/t11-/m0/s1",C12H9N3O2SCl2,328.979252888,3.633400000000001,4.24,-7.27,18.9,-190,3.361026558618489,1,CONCAT,5,2,82.05,3,12,2,3,0.6,0.1,0.15,0.08333333333333333,0.08333333333333333,20,2,0,2,1,0,1,0,0
N1C(=CCN1)c1nnc(o1)CC[NH3+],18/000000020,"InChI=1S/C7H11N5O/c8-3-1-6-11-12-7(13-6)5-2-4-9-10-5/h2,9-10H,1,3-4,8H2/p+1",C7H12N5O,182.10363642408998,-1.6972999999999994,4.24,1.82,17.0,-80,4.3537778066889885,1,CONCAT,5,3,90.62,3,7,1,5,0.5384615384615384,0.07692307692307693,0.38461538461538464,0.42857142857142855,0.0,13,2,1,1,2,1,1,0,0
Oc1c(OC(=O)c2occc2)ccc(c1)/C(=C\[C@H](N)O)/N,17/000001329,"InChI=1S/C14H14N2O5/c15-9(7-13(16)18)8-3-4-11(10(17)6-8)21-14(19)12-2-1-5-20-12/h1-7,13,17-18H,15-16H2/b9-7+/t13-/m1/s1",C14H14N2O5,290.09027154800003,0.7810999999999999,4.24,-4.45,3.58,-190,3.2873228186724823,1,CONCAT,7,4,131.94,4,14,5,2,0.6666666666666666,0.23809523809523808,0.09523809523809523,0.07142857142857142,0.07142857142857142,21,2,0,2,1,0,1,0,0
OC/C=C/1\C(=O)NN=C1[C@@H](CC=C)N,1/000000681,"InChI=1S/C9H13N3O2/c1-2-3-7(10)8-6(4-5-13)9(14)12-11-8/h2,4,7,13H,1,3,5,10H2,(H,12,14)/b6-4-/t7-/m1/s1",C9H13N3O2,195.100776656,-0.7056999999999998,4.24,5.94,3.58,-150,4.29913021531595,1,CONCAT,4,3,87.71,4,9,2,3,0.6428571428571429,0.14285714285714285,0.21428571428571427,0.3333333333333333,0.1111111111111111,14,1,1,0,1,1,0,0,0
Sc1nnc([nH]1)[C@H](CC(=O)OCC(=C)C1=CCC=CO1)C,1/000001147,"InChI=1S/C14H17N3O3S/c1-9(13-15-14(21)17-16-13)7-12(18)20-8-10(2)11-5-3-4-6-19-11/h4-6,9H,2-3,7-8H2,1H3,(H2,15,16,17,21)/t9-/m0/s1",C14H17N3O3S,307.099062404,2.5043000000000006,4.24,2.41,3.72,-170,4.5724316978704325,1,CONCAT,6,2,77.10000000000001,6,14,3,3,0.6666666666666666,0.14285714285714285,0.14285714285714285,0.35714285714285715,0.07142857142857142,21,2,1,1,2,1,1,0,0
Sc1c(N)cc(cc1c1nnc([nH]1)CCN)Br,15/000000029,"InChI=1S/C10H12BrN5S/c11-5-3-6(9(17)7(13)4-5)10-14-8(1-2-12)15-16-10/h3-4,17H,1-2,12-13H2,(H,14,15,16)",C10H12N5SBr,312.999678484,1.6063,4.24,-7.81,17.8,-180,3.458896696406841,1,CONCAT,5,4,93.61,3,10,0,5,0.5882352941176471,0.0,0.29411764705882354,0.2,0.0,17,2,0,2,1,0,1,0,0
ONCCCC[C@H](CN)C(=O)c1occc1,1/000000894,"InChI=1S/C11H18N2O3/c12-8-9(4-1-2-6-13-15)11(14)10-5-3-7-16-10/h3,5,7,9,13,15H,1-2,4,6,8,12H2/t9-/m1/s1",C11H18N2O3,226.131742436,1.1862999999999992,4.24,-1.9,4.81,-170,3.2404269308830767,1,CONCAT,5,3,88.49,8,11,3,2,0.6875,0.1875,0.125,0.5454545454545454,0.09090909090909091,16,1,0,1,1,0,1,0,0
Oc1c(ccc(c1n1ncnc1)N)Nc1nncs1,6/000000039,"InChI=1S/C10H9N7OS/c11-6-1-2-7(15-10-16-13-5-19-10)9(18)8(6)17-4-12-3-14-17/h1-5,18H,11H2,(H,15,16)",C10H9N7OS,275.058928908,1.1501999999999994,4.24,-2.56,23.7,-140,3.0049236288392027,1,CONCAT,9,3,114.77,3,10,1,7,0.5263157894736842,0.05263157894736842,0.3684210526315789,0.0,0.0,19,3,0,3,2,0,2,0,0
c1ccc(cc1CC#CCN)c1nnc[nH]1,27/000000023,"InChI=1S/C12H12N4/c13-7-2-1-4-10-5-3-6-11(8-10)12-14-9-15-16-12/h3,5-6,8-9H,4,7,13H2,(H,14,15,16)",C12H12N4,212.106196384,0.9763,4.24,-4.32,16.2,-180,3.1392064131552058,1,CONCAT,3,2,67.59,2,12,0,4,0.75,0.0,0.25,0.16666666666666666,0.0,16,2,0,2,1,0,1,0,0
ON[C@H](c1nnc([nH]1)S)SC,1/000000371,"InChI=1S/C4H8N4OS2/c1-11-3(8-9)2-5-4(10)7-6-2/h3,8-9H,1H3,(H2,5,6,7,10)/t3-/m0/s1",C4H8N4OS2,192.013952876,0.43379999999999974,4.24,6.25,15.6,-170,5.048006484139666,1,CONCAT,6,4,73.83,3,4,1,4,0.36363636363636365,0.09090909090909091,0.36363636363636365,0.5,0.25,11,1,0,1,1,0,1,0,0
OC(=O)CCCCc1cc(cc2c1C(=O)NC2=O)/C=C/N(=O)=O,5/000000005,"InChI=1S/C15H14N2O6/c18-12(19)4-2-1-3-10-7-9(5-6-17(22)23)8-11-13(10)15(21)16-14(11)20/h5-8H,1-4H2,(H,18,19)(H,16,20,21)/b6-5+",C15H14N2O6,318.08518616799995,1.615,4.24,-3.87,3.58,-100,2.788291421325482,1,CONCAT,5,2,126.61000000000001,7,15,6,2,0.6521739130434783,0.2608695652173913,0.08695652173913043,0.26666666666666666,0.0,23,2,1,1,1,1,0,0,0
Oc1ccc(cc1C(=O)c1nc2c([nH]1)CNC2=O)Cl,11/000000020,"InChI=1S/C12H8ClN3O3/c13-5-1-2-8(17)6(3-5)10(18)11-15-7-4-14-12(19)9(7)16-11/h1-3,17H,4H2,(H,14,19)(H,15,16)",C12H8N3O3Cl,277.025418796,1.2431,4.24,6.88,3.58,0,2.8976675211732843,1,CONCAT,4,3,95.07999999999998,2,12,3,3,0.631578947368421,0.15789473684210525,0.15789473684210525,0.08333333333333333,0.0,19,3,1,2,2,1,1,0,0
OC(=O)CC(=O)c1nn(c(c1)N)c1cc(Br)cc(c1S)O,15/000000069,"InChI=1S/C12H10BrN3O4S/c13-5-1-7(12(21)9(18)2-5)16-10(14)3-6(15-16)8(17)4-11(19)20/h1-3,18,21H,4,14H2,(H,19,20)",C12H10N3O4SBr,370.95753890000003,1.8687000000000005,4.24,-7.91,3.7,-180,3.2238749391134887,1,CONCAT,7,4,118.44,4,12,4,3,0.5714285714285714,0.19047619047619047,0.14285714285714285,0.08333333333333333,0.0,21,2,0,2,1,0,1,0,0
OC[C@@H](c1cc(O)cc(c1F)C(=O)N)SS,13/000000010,"InChI=1S/C9H10FNO3S2/c10-8-5(7(3-12)16-15)1-4(13)2-6(8)9(11)14/h1-2,7,12-13,15H,3H2,(H2,11,14)/t7-/m0/s1",C9H9NO3S2F,263.0086134,1.2415999999999998,4.24,-7.24,2.22,-170,3.7472801176962625,1,CONCAT,5,4,83.55,4,9,3,1,0.5625,0.1875,0.0625,0.2222222222222222,0.1111111111111111,16,1,0,1,0,0,0,0,0
Oc1ccc(cc1OC(=O)c1nnn[nH]1)OC(F)F,17/000000667,"InChI=1S/C9H6F2N4O4/c10-9(11)18-4-1-2-5(16)6(3-4)19-8(17)7-12-14-15-13-7/h1-3,9,16H,(H,12,13,14,15)",C9H6N4O4F2,272.035711112,0.7258999999999999,4.24,-2.6,3.58,-150,2.8729978549904107,1,CONCAT,7,2,110.22000000000001,4,9,4,4,0.47368421052631576,0.21052631578947367,0.21052631578947367,0.1111111111111111,0.0,19,2,0,2,1,0,1,0,0
S[C@@H](C/C=C/c1ncc(c(n1)CN)CC)CN,13/000000018,"InChI=1S/C12H20N4S/c1-2-9-8-15-12(16-11(9)7-14)5-3-4-10(17)6-13/h3,5,8,10,17H,2,4,6-7,13-14H2,1H3/b5-3+/t10-/m0/s1",C12H20N4S,252.14086763999998,1.1581000000000001,4.24,-2.85,14.7,-170,4.1541771814014865,1,CONCAT,5,3,77.82,6,12,0,4,0.7058823529411765,0.0,0.23529411764705882,0.5,0.08333333333333333,17,1,0,1,1,0,1,0,0
SCCCc1cc(S)c(cc1Br)/C=C\NCc1nnc([nH]1)C,15/000000233,"InChI=1S/C15H19BrN4S2/c1-10-18-15(20-19-10)9-17-5-4-12-7-13(16)11(3-2-6-21)8-14(12)22/h4-5,7-8,17,21-22H,2-3,6,9H2,1H3,(H,18,19,20)/b5-4-",C15H19N4S2Br,398.0234507080001,3.7872200000000023,4.24,-5.29,5.09,-80,3.9129278236879985,1,CONCAT,5,4,53.6,7,15,0,4,0.6818181818181818,0.0,0.18181818181818182,0.3333333333333333,0.0,22,2,0,2,1,0,1,0,0
Sc1c(cc(c(c1)CCCS)Br)/C=C(/CO)\NCc1nnc[nH]1,15/000000260,"InChI=1S/C15H19BrN4OS2/c16-13-5-11(14(23)6-10(13)2-1-3-22)4-12(8-21)17-7-15-18-9-19-20-15/h4-6,9,17,21-23H,1-3,7-8H2,(H,18,19,20)/b12-4-",C15H19N4OS2Br,414.0183653280001,2.8413000000000004,4.23,-5.84,4.94,-40,3.9927130274117033,1,CONCAT,6,5,73.83,8,15,1,4,0.6521739130434783,0.043478260869565216,0.17391304347826086,0.3333333333333333,0.0,23,2,0,2,1,0,1,0,0
Sc1nnc([nH]1)COC[C@@H](CCNNC)O,1/000000713,"InChI=1S/C8H17N5O2S/c1-9-10-3-2-6(14)4-15-5-7-11-8(16)13-12-7/h6,9-10,14H,2-5H2,1H3,(H2,11,12,13,16)/t6-/m1/s1",C8H17N5O2S,247.110295784,-0.9149999999999996,4.23,1.89,2.22,-170,4.2667407770369215,1,CONCAT,7,5,95.09,8,8,2,5,0.5,0.125,0.3125,0.75,0.125,16,1,0,1,1,0,1,0,0
OC(=O)Cc1cccc2c1cc(cc2)Cc1nnc([nH]1)CC[NH3+],30/000000083,"InChI=1S/C17H18N4O2/c18-7-6-15-19-16(21-20-15)9-11-4-5-12-2-1-3-13(10-17(22)23)14(12)8-11/h1-5,8H,6-7,9-10,18H2,(H,22,23)(H,19,20,21)/p+1",C17H19N4O2,311.15025226809,0.9602000000000002,4.23,-0.21,3.58,-80,3.145318793952855,1,CONCAT,3,3,106.51,6,17,2,4,0.7391304347826086,0.08695652173913043,0.17391304347826086,0.23529411764705882,0.0,23,3,0,3,1,0,1,0,0
OCNCC/C=C/[C@@H](C1=CCCC=C1)c1ccc(c(c1)Cl)Cl,8/000000039,"InChI=1S/C18H21Cl2NO/c19-17-10-9-15(12-18(17)20)16(8-4-5-11-21-13-22)14-6-2-1-3-7-14/h2,4,6-10,12,16,21-22H,1,3,5,11,13H2/b8-4+/t16-/m0/s1",C18H21NOCl2,337.100019652,4.839100000000004,4.23,-5.87,19.0,-190,3.8287253292050174,1,CONCAT,2,2,32.26,7,18,1,1,0.8181818181818182,0.045454545454545456,0.045454545454545456,0.3333333333333333,0.05555555555555555,22,2,1,1,0,0,0,0,0
[nH]1c(nnc1CC[NH3+])Cc1ccc2c(c1)cccc2,30/000000020,"InChI=1S/C15H16N4/c16-8-7-14-17-15(19-18-14)10-11-5-6-12-3-1-2-4-13(12)9-11/h1-6,9H,7-8,10,16H2,(H,17,18,19)/p+1",C15H17N4,253.14477296408998,1.3331000000000002,4.23,0.86,3.58,-80,3.0479409764915495,1,CONCAT,2,2,69.21000000000001,4,15,0,4,0.7894736842105263,0.0,0.21052631578947367,0.2,0.0,19,3,0,3,1,0,1,0,0
ONCC(=O)Cc1nnc(s1)[C@H](c1n[nH]nc1)C(=O)OCCO,1/000000790,"InChI=1S/C11H14N6O5S/c18-1-2-22-11(20)9(7-5-12-17-14-7)10-16-15-8(23-10)3-6(19)4-13-21/h5,9,13,18,21H,1-4H2,(H,12,14,17)/t9-/m0/s1",C11H14N6O5S,342.07463854799994,-1.586,4.23,-4.86,4.69,-190,4.017123790638755,1,CONCAT,11,4,163.20999999999998,9,11,5,6,0.4782608695652174,0.21739130434782608,0.2608695652173913,0.45454545454545453,0.09090909090909091,23,2,0,2,2,0,2,0,0
O[C@H](CNNC)/C=C/c1cc(Br)cc(c1S)O,15/000000213,"InChI=1S/C11H15BrN2O2S/c1-13-14-6-9(15)3-2-7-4-8(12)5-10(16)11(7)17/h2-5,9,13-17H,6H2,1H3/b3-2+/t9-/m0/s1",C11H15N2O2SBr,318.00376082,1.5415,4.23,-8.51,2.22,-190,4.109018482191354,1,CONCAT,5,5,64.52,5,11,2,2,0.6470588235294118,0.11764705882352941,0.11764705882352941,0.2727272727272727,0.09090909090909091,17,1,0,1,0,0,0,0,0
ONC/C=C\CCC(=O)c1cccc(c1O)n1ncoc1=S,1/000000159,"InChI=1S/C14H15N3O4S/c18-12(7-2-1-3-8-16-20)10-5-4-6-11(13(10)19)17-14(22)21-9-15-17/h1,3-6,9,16,19-20H,2,7-8H2/b3-1-",C14H15N3O4S,321.07832695999997,2.3982900000000003,4.23,-3.46,3.58,-140,3.488065292670628,1,CONCAT,8,3,100.52000000000001,7,14,4,3,0.6363636363636364,0.18181818181818182,0.13636363636363635,0.21428571428571427,0.0,22,2,0,2,1,0,1,0,0
OC(=O)c1ccc2c(c1)cc(cc2)CCO,27/000000027,"InChI=1S/C13H12O3/c14-6-5-9-1-2-10-3-4-11(13(15)16)8-12(10)7-9/h1-4,7-8,14H,5-6H2,(H,15,16)",C13H12O3,216.078644244,2.0728000000000004,4.23,-3.38,2.22,-80,1.7852192445790998,1,CONCAT,2,2,57.53,3,13,3,0,0.8125,0.1875,0.0,0.15384615384615385,0.0,16,2,0,2,0,0,0,0,0
Nc1onc(c1)[C@@H]([NH3+])c1oc(cc1)Br,26/000000132,"InChI=1S/C8H8BrN3O2/c9-6-2-1-5(13-6)8(11)4-3-7(10)14-12-4/h1-3,8H,10-11H2/p+1/t8-/m1/s1",C8H9N3O2Br,257.98726504809,0.9436,4.23,4.77,18.1,-150,4.3425647217002545,1,CONCAT,4,2,92.83,2,8,2,3,0.5714285714285714,0.14285714285714285,0.21428571428571427,0.125,0.125,14,2,0,2,2,0,2,0,0
ONCC(=O)Cc1nnc(s1)[C@@H]1CC[NH2+]1,1/000000187,"InChI=1S/C8H12N4O2S/c13-5(4-10-14)3-7-11-12-8(15-7)6-1-2-9-6/h6,9-10,14H,1-4H2/p+1/t6-/m0/s1",C8H13N4O2S,229.07537307609,-1.3632999999999993,4.23,-1.47,2.22,-190,4.767797728184814,1,CONCAT,6,3,91.72,5,8,2,4,0.5333333333333333,0.13333333333333333,0.26666666666666666,0.625,0.125,15,2,1,1,2,1,1,0,0
Oc1cc(c(c(c1)Br)F)[C@H](CC)Nc1[nH]nc(c1)CC=C,13/000000009,"InChI=1S/C15H17BrFN3O/c1-3-5-9-6-14(20-19-9)18-13(4-2)11-7-10(21)8-12(16)15(11)17/h3,6-8,13,21H,1,4-5H2,2H3,(H2,18,19,20)/t13-/m0/s1",C15H17N3OFBr,353.05390248400005,4.308600000000002,4.23,-9.13,3.58,-190,3.892032102492111,1,CONCAT,3,3,60.94,6,15,1,3,0.7142857142857143,0.047619047619047616,0.14285714285714285,0.26666666666666666,0.06666666666666667,21,2,0,2,1,0,1,0,0
ON(C(=O)C)c1cccc(c1O)OC(=O)c1snnc1,17/000000176,"InChI=1S/C11H9N3O5S/c1-6(15)14(18)7-3-2-4-8(10(7)16)19-11(17)9-5-12-13-20-9/h2-5,16,18H,1H3",C11H9N3O5S,295.02629138800006,1.2049999999999998,4.23,-1.77,3.58,-20,3.1534738373494786,1,CONCAT,8,2,112.85,3,11,5,3,0.55,0.25,0.15,0.09090909090909091,0.0,20,2,0,2,1,0,1,0,0
Oc1c(OC(=O)[C@@H]2NCC2)ccc(c1)CC,17/000000039,"InChI=1S/C12H15NO3/c1-2-8-3-4-11(10(14)7-8)16-12(15)9-5-6-13-9/h3-4,7,9,13-14H,2,5-6H2,1H3/t9-/m1/s1",C12H15NO3,221.10519334,1.2218999999999998,4.23,-2.18,2.22,-170,2.715122175638321,1,CONCAT,4,2,58.56,3,12,3,1,0.75,0.1875,0.0625,0.4166666666666667,0.08333333333333333,16,2,1,1,1,1,0,0,0
Oc1ccc(c(c1)C(=O)O)C(=O)CCCNCc1occn1,12/000000081,"InChI=1S/C15H16N2O5/c18-10-3-4-11(12(8-10)15(20)21)13(19)2-1-5-16-9-14-17-6-7-22-14/h3-4,6-8,16,18H,1-2,5,9H2,(H,20,21)",C15H16N2O5,304.10592161200003,1.8311,4.23,-7.66,5.09,-40,2.552797798874101,1,CONCAT,6,3,112.66,8,15,5,2,0.6818181818181818,0.22727272727272727,0.09090909090909091,0.26666666666666666,0.0,22,2,0,2,1,0,1,0,0
OC(=O)c1cc(O)ccc1Cc1cccc2c1[nH]c(=O)cc2,12/000000039,"InChI=1S/C17H13NO4/c19-13-6-4-11(14(9-13)17(21)22)8-12-3-1-2-10-5-7-15(20)18-16(10)12/h1-7,9,19H,8H2,(H,18,20)(H,21,22)",C17H13NO4,295.084457896,2.5227000000000004,4.23,-6.15,3.58,-140,2.354817898129685,1,CONCAT,3,3,90.38999999999999,3,17,4,1,0.7727272727272727,0.18181818181818182,0.045454545454545456,0.058823529411764705,0.0,22,3,0,3,1,0,1,0,0
ONC/C=C\CCC(=O)c1cccc(c1O)c1oc(cc1)C,1/000000256,"InChI=1S/C17H19NO4/c1-12-9-10-16(22-12)14-7-5-6-13(17(14)20)15(19)8-3-2-4-11-18-21/h2,4-7,9-10,18,20-21H,3,8,11H2,1H3/b4-2-",C17H19NO4,301.131408088,3.4585200000000027,4.23,-3.06,3.58,-160,2.8111312976334073,1,CONCAT,5,3,82.7,7,17,4,1,0.7727272727272727,0.18181818181818182,0.045454545454545456,0.23529411764705882,0.0,22,2,0,2,1,0,1,0,0
ONC/C=C/CC1=CCC=C(O1)C[NH3+],1/000000252,"InChI=1S/C10H16N2O2/c11-8-10-6-3-5-9(14-10)4-1-2-7-12-13/h1-2,5-6,12-13H,3-4,7-8,11H2/p+1/b2-1+",C10H17N2O2,197.12845420409,0.3415000000000001,4.22,-0.33,3.58,0,4.874417508769062,1,CONCAT,3,3,69.13,5,10,2,2,0.7142857142857143,0.14285714285714285,0.14285714285714285,0.4,0.0,14,1,1,0,1,1,0,0,0
OCCc1ccc(c(c1OCCCCO)N)I,9/000000007,"InChI=1S/C12H18INO3/c13-10-4-3-9(5-7-16)12(11(10)14)17-8-2-1-6-15/h3-4,15-16H,1-2,5-8,14H2",C12H18NO3I,351.033141436,1.5594999999999999,4.22,-3.97,3.58,0,2.709218791333191,1,CONCAT,4,3,75.71,7,12,3,1,0.7058823529411765,0.17647058823529413,0.058823529411764705,0.5,0.0,17,1,0,1,0,0,0,0,0
O[P@@H](=O)Oc1ccc(c(c1)c1occc1)C=C1NCCN1,17/000000706,"InChI=1S/C14H15N2O4P/c17-21(18)20-11-4-3-10(8-14-15-5-6-16-14)12(9-11)13-2-1-7-19-13/h1-4,7-9,15-16,21H,5-6H2,(H,17,18)",C14H15N2O4P,306.07694359000004,2.1986000000000003,4.22,-1.81,21.2,-120,4.187984522372966,1,CONCAT,5,3,83.73,4,14,4,2,0.6666666666666666,0.19047619047619047,0.09523809523809523,0.14285714285714285,0.0,21,3,1,2,2,1,1,0,0
ONC/C=C\Cc1ccc(c(c1)CCCC)CO,1/000000037,"InChI=1S/C15H23NO2/c1-2-3-7-14-11-13(6-4-5-10-16-18)8-9-15(14)12-17/h4-5,8-9,11,16-18H,2-3,6-7,10,12H2,1H3/b5-4-",C15H23NO2,249.172878976,2.5990000000000015,4.22,-4.76,3.58,-60,2.7489665572136346,1,CONCAT,3,3,52.489999999999995,8,15,2,1,0.8333333333333334,0.1111111111111111,0.05555555555555555,0.4666666666666667,0.0,18,1,0,1,0,0,0,0,0
OCCc1cc(OC(=O)c2nnc[nH]2)c(cc1[C@H](N)C#C)O,17/000000810,"InChI=1S/C14H14N4O4/c1-2-10(15)9-6-11(20)12(5-8(9)3-4-19)22-14(21)13-16-7-17-18-13/h1,5-7,10,19-20H,3-4,15H2,(H,16,17,18)/t10-/m1/s1",C14H14N4O4,302.10150492799994,-0.10270000000000007,4.22,-5.39,24.1,-170,4.058853414234742,1,CONCAT,7,4,134.35,5,14,4,4,0.6363636363636364,0.18181818181818182,0.18181818181818182,0.21428571428571427,0.07142857142857142,22,2,0,2,1,0,1,0,0
ONC/C=C(/CC1=C[C@@H](C=CO1)CC=C)\CO,1/000000766,"InChI=1S/C13H19NO3/c1-2-3-11-5-7-17-13(8-11)9-12(10-15)4-6-14-16/h2,4-5,7-8,11,14-16H,1,3,6,9-10H2/b12-4-/t11-/m1/s1",C13H19NO3,237.136493468,1.8941000000000003,4.22,-2.31,16.8,-170,4.966680229682991,1,CONCAT,4,3,61.72,7,13,3,1,0.7647058823529411,0.17647058823529413,0.058823529411764705,0.38461538461538464,0.07692307692307693,17,1,1,0,1,1,0,0,0
O[P@@H](=O)Oc1ccc(c(c1)c1occc1)CO,17/000000705,"InChI=1S/C11H11O5P/c12-7-8-3-4-9(16-17(13)14)6-10(8)11-2-1-5-15-11/h1-6,12,17H,7H2,(H,13,14)",C11H11O5P,254.034410082,2.1997000000000004,4.22,-0.13,16.4,-120,3.572418691221454,1,CONCAT,4,2,79.9,4,11,5,0,0.6470588235294118,0.29411764705882354,0.0,0.09090909090909091,0.0,17,2,0,2,1,0,1,0,0
S[C@@H](c1sncn1)C#CC/C=C\CCNN,21/000000023,"InChI=1S/C10H14N4S2/c11-13-7-5-3-1-2-4-6-9(15)10-12-8-14-16-10/h1,3,8-9,13,15H,2,5,7,11H2/b3-1-/t9-/m1/s1",C10H14N4S2,254.06598844799998,1.3120999999999998,4.22,11.51,23.6,-150,4.8561201081406,1,CONCAT,6,3,63.83,5,10,0,4,0.625,0.0,0.25,0.4,0.1,16,1,0,1,1,0,1,0,0
c1nnc(s1)Nc1c2C(=O)NC(=O)c2ccc1CC,5/000000002,"InChI=1S/C12H10N4O2S/c1-2-6-3-4-7-8(11(18)15-10(7)17)9(6)14-12-16-13-5-19-12/h3-5H,2H2,1H3,(H,14,16)(H,15,17,18)",C12H10N4O2S,274.05244655999996,1.7276999999999998,4.22,-0.52,3.58,-60,2.8261181742937485,1,CONCAT,6,2,83.97999999999999,3,12,2,4,0.631578947368421,0.10526315789473684,0.21052631578947367,0.16666666666666666,0.0,19,3,1,2,2,1,1,0,0
ON[C@H](CNC(=O)CCC)S,1/000000823,"InChI=1S/C6H14N2O2S/c1-2-3-5(9)7-4-6(11)8-10/h6,8,10-11H,2-4H2,1H3,(H,7,9)/t6-/m0/s1",C6H14N2O2S,178.077598688,0.13740000000000008,4.22,1.04,2.22,-170,3.5495914708770657,1,CONCAT,4,4,61.36,5,6,2,2,0.5454545454545454,0.18181818181818182,0.18181818181818182,0.8333333333333334,0.16666666666666666,11,0,0,0,0,0,0,0,0
Oc1c(OC(=O)c2occc2)ccc(c1)c1[nH][nH]c(=O)c1,17/000000249,"InChI=1S/C14H10N2O5/c17-10-6-8(9-7-13(18)16-15-9)3-4-11(10)21-14(19)12-2-1-5-20-12/h1-7,17H,(H2,15,16,18)",C14H10N2O5,286.05897142,1.8877999999999993,4.22,-4.97,3.58,-180,2.6322159281244772,1,CONCAT,5,3,108.32,3,14,5,2,0.6666666666666666,0.23809523809523808,0.09523809523809523,0.0,0.0,21,3,0,3,2,0,2,0,0
Oc1c(OC(=O)c2nnc[nH]2)ccc(c1)CP(=O)(O)O,17/000001000,"InChI=1S/C10H10N3O6P/c14-7-3-6(4-20(16,17)18)1-2-8(7)19-10(15)9-11-5-12-13-9/h1-3,5,14H,4H2,(H,11,12,13)(H2,16,17,18)",C10H10N3O6P,299.03072166999993,0.40719999999999984,4.22,-4.59,4.81,-60,3.206844466720108,1,CONCAT,6,4,145.63,4,10,6,3,0.5,0.3,0.15,0.1,0.0,20,2,0,2,1,0,1,0,0
NC(=S)NNCCNCc1cccc2c1C(=O)NC2=O,5/000000010,"InChI=1S/C12H15N5O2S/c13-12(20)17-15-5-4-14-6-7-2-1-3-8-9(7)11(19)16-10(8)18/h1-3,14-15H,4-6H2,(H3,13,17,20)(H,16,18,19)",C12H15N5O2S,293.09464572,-1.002399999999999,4.22,0.04,3.58,-40,2.7957723887980315,1,CONCAT,5,5,108.28,6,12,2,5,0.6,0.1,0.25,0.25,0.0,20,2,1,1,1,1,0,0,0
O[C@H](C[NH2+]C/C=C/CNN)c1nncs1,21/000000028,"InChI=1S/C8H15N5OS/c9-11-4-2-1-3-10-5-7(14)8-13-12-6-15-8/h1-2,6-7,10-11,14H,3-5,9H2/p+1/b2-1+/t7-/m1/s1",C8H16N5OS,230.10700755208998,-1.8455999999999986,4.22,7.51,2.22,-150,5.221531359669608,1,CONCAT,6,4,100.67,7,8,1,5,0.5333333333333333,0.06666666666666667,0.3333333333333333,0.5,0.125,15,1,0,1,1,0,1,0,0
Oc1c(OC(=O)c2ncoc2)ccc(c1)CC(=O)OCNC,17/000000126,"InChI=1S/C14H14N2O6/c1-15-7-21-13(18)5-9-2-3-12(11(17)4-9)22-14(19)10-6-20-8-16-10/h2-4,6,8,15,17H,5,7H2,1H3",C14H14N2O6,306.08518616800006,0.8619999999999997,4.22,-3.31,3.58,-40,2.9194082207103307,1,CONCAT,8,2,110.89,6,14,6,2,0.6363636363636364,0.2727272727272727,0.09090909090909091,0.21428571428571427,0.0,22,2,0,2,1,0,1,0,0
O=C(C(=O)O)Oc1ccc(cc1OCF)CCC,17/000001413,"InChI=1S/C12H13FO5/c1-2-3-8-4-5-9(10(6-8)17-7-13)18-12(16)11(14)15/h4-6H,2-3,7H2,1H3,(H,14,15)",C12H12O5F,256.074701736,1.9349,4.22,-3.02,3.58,-20,2.328947608095526,1,CONCAT,4,1,72.83000000000001,5,12,5,0,0.6666666666666666,0.2777777777777778,0.0,0.3333333333333333,0.0,18,1,0,1,0,0,0,0,0
O[C@@H](COCc1nnc([nH]1)S)c1oc(cn1)COC,1/000001052,"InChI=1S/C10H14N4O4S/c1-16-3-6-2-11-9(18-6)7(15)4-17-5-8-12-10(19)14-13-8/h2,7,15H,3-5H2,1H3,(H2,12,13,14,19)/t7-/m0/s1",C10H14N4O4S,286.07357592799997,0.47799999999999987,4.22,2.06,5.09,-170,4.116846886238748,1,CONCAT,8,3,106.29,7,10,4,4,0.5263157894736842,0.21052631578947367,0.21052631578947367,0.5,0.1,19,2,0,2,2,0,2,0,0
ON[C@H](/C=C/Cc1ncnc(c1)C)S,1/000000580,"InChI=1S/C9H13N3OS/c1-7-5-8(11-6-10-7)3-2-4-9(14)12-13/h2,4-6,9,12-14H,3H2,1H3/b4-2+/t9-/m0/s1",C9H13N3OS,211.077933036,1.1184199999999997,4.22,-1.51,2.22,-170,4.106310283830431,1,CONCAT,5,3,58.04,4,9,1,3,0.6428571428571429,0.07142857142857142,0.21428571428571427,0.3333333333333333,0.1111111111111111,14,1,0,1,1,0,1,0,0
Oc1c(OC(=O)c2nnc[nH]2)cccc1,17/000000731,"InChI=1S/C9H7N3O3/c13-6-3-1-2-4-7(6)15-9(14)8-10-5-11-12-8/h1-5,13H,(H,10,11,12)",C9H7N3O3,205.048741084,0.7294999999999998,4.21,-0.17,2.22,0,2.7753381277484603,1,CONCAT,5,2,88.1,2,9,3,3,0.6,0.2,0.2,0.0,0.0,15,2,0,2,1,0,1,0,0
OC(=O)c1cc(OS=O)ccc1CC[C@@H](CN)C,12/000000010,"InChI=1S/C12H17NO4S/c1-8(7-13)2-3-9-4-5-10(17-18-16)6-11(9)12(14)15/h4-6,8,18H,2-3,7,13H2,1H3,(H,14,15)/t8-/m0/s1",C12H17NO4S,271.08782902400003,1.1512999999999998,4.21,-6.04,2.22,-190,3.712734195498401,1,CONCAT,4,3,89.62,7,12,4,1,0.6666666666666666,0.2222222222222222,0.05555555555555555,0.4166666666666667,0.08333333333333333,18,1,0,1,0,0,0,0,0
ON[C@H](/C=C/Cc1noc(c1)C)S,1/000000481,"InChI=1S/C8H12N2O2S/c1-6-5-7(10-12-6)3-2-4-8(13)9-11/h2,4-5,8-9,11,13H,3H2,1H3/b4-2+/t8-/m0/s1",C8H12N2O2S,200.061948624,1.31642,4.21,-1.5,2.22,-170,4.212085128620492,1,CONCAT,5,3,58.29,4,8,2,2,0.6153846153846154,0.15384615384615385,0.15384615384615385,0.375,0.125,13,1,0,1,1,0,1,0,0
Oc1c(C(=O)C=C)c(N)cc(c1)[C@@H](CO)/C=C/c1csnc1,6/000000034,"InChI=1S/C16H16N2O3S/c1-2-14(20)16-13(17)5-12(6-15(16)21)11(8-19)4-3-10-7-18-22-9-10/h2-7,9,11,19,21H,1,8,17H2/b4-3+/t11-/m1/s1",C16H16N2O3S,316.088163372,2.5889000000000006,4.21,-7.22,5.39,-190,4.187520501246091,1,CONCAT,6,3,96.44,6,16,3,2,0.7272727272727273,0.13636363636363635,0.09090909090909091,0.125,0.0625,22,2,0,2,1,0,1,0,0
ON[C@H](c1coc(c1)CCN(CCF)C=C)S,1/000000752,"InChI=1S/C11H17FN2O2S/c1-2-14(6-4-12)5-3-10-7-9(8-16-10)11(17)13-15/h2,7-8,11,13,15,17H,1,3-6H2/t11-/m0/s1",C11H17N2O2SF,260.099477004,2.1443000000000008,4.21,-3.39,3.58,-170,4.7061761994047595,1,CONCAT,5,3,48.64,8,11,2,2,0.6470588235294118,0.11764705882352941,0.11764705882352941,0.45454545454545453,0.09090909090909091,17,1,0,1,1,0,1,0,0
Oc1c(S)c(cc(c1)Br)/C=C/[C@H](C)O,15/000000112,"InChI=1S/C10H11BrO2S/c1-6(12)2-3-7-4-8(11)5-9(13)10(7)14/h2-6,12-14H,1H3/b3-2+/t6-/m0/s1",C10H11O2SBr,273.96631269200003,2.837400000000002,4.21,-8.5,2.22,-190,3.71581401004185,1,CONCAT,3,3,40.46,2,10,2,0,0.7142857142857143,0.14285714285714285,0.0,0.2,0.1,14,1,0,1,0,0,0,0,0
OC(=O)/C(=C\C=S)/Nc1ccc(cc1C(=O)O)OC,12/000000124,"InChI=1S/C12H11NO5S/c1-18-7-2-3-9(8(6-7)11(14)15)13-10(4-5-19)12(16)17/h2-6,13H,1H3,(H,14,15)(H,16,17)/b10-4+",C12H11NO5S,281.035793452,1.7735,4.21,-7.7,3.58,-40,2.645049848501893,1,CONCAT,5,3,95.86000000000001,6,12,5,1,0.631578947368421,0.2631578947368421,0.05263157894736842,0.08333333333333333,0.0,19,1,0,1,0,0,0,0,0
OC(=O)[C@](c1oc(cc1)Br)(S)O,26/000000130,"InChI=1S/C6H5BrO4S/c7-4-2-1-3(11-4)6(10,12)5(8)9/h1-2,10,12H,(H,8,9)/t6-/m0/s1",C6H5O4SBr,251.90919174,1.2016,4.21,4.0,2.47,-150,3.853039173270125,1,CONCAT,4,3,70.67,2,6,4,0,0.5,0.3333333333333333,0.0,0.16666666666666666,0.16666666666666666,12,1,0,1,1,0,1,0,0
NN[C@H](c1onc(c1C/C=C/C)CCl)N,18/000000013,"InChI=1S/C9H15ClN4O/c1-2-3-4-6-7(5-10)14-15-8(6)9(11)13-12/h2-3,9,13H,4-5,11-12H2,1H3/b3-2+/t9-/m1/s1",C9H15N4OCl,230.09343877999999,0.9525999999999997,4.21,-3.8,17.5,-190,4.283714238503763,1,CONCAT,5,3,90.1,5,9,1,4,0.6,0.06666666666666667,0.26666666666666666,0.4444444444444444,0.1111111111111111,15,1,0,1,1,0,1,0,0
Oc1c(S)c(/C=C/c2noc(c2)CO)cc(c1)Br,15/000000111,"InChI=1S/C12H10BrNO3S/c13-8-3-7(12(18)11(16)4-8)1-2-9-5-10(6-15)17-14-9/h1-5,15-16,18H,6H2/b2-1+",C12H10NO3SBr,326.95647628,3.094100000000001,4.21,-6.6,2.22,-60,3.331992041376531,1,CONCAT,5,3,66.49000000000001,3,12,3,1,0.6666666666666666,0.16666666666666666,0.05555555555555555,0.08333333333333333,0.0,18,2,0,2,1,0,1,0,0
O[C@H](CO)C(=O)Cc1cc(Cl)c(c(c1)CC[NH3+])Cl,8/000000045,"InChI=1S/C12H15Cl2NO3/c13-9-4-7(5-10(17)11(18)6-16)3-8(1-2-15)12(9)14/h3-4,11,16,18H,1-2,5-6,15H2/p+1/t11-/m1/s1",C12H16NO3Cl2,292.05017515209,0.2426000000000001,4.21,-5.06,2.22,-190,3.829206958449735,1,CONCAT,3,3,85.17,6,12,3,1,0.6666666666666666,0.16666666666666666,0.05555555555555555,0.4166666666666667,0.08333333333333333,18,1,0,1,0,0,0,0,0
Oc1cc(O[P@H](=O)O)ccc1c1nnc[nH]1,17/000001134,"InChI=1S/C8H8N3O4P/c12-7-3-5(15-16(13)14)1-2-6(7)8-9-4-10-11-8/h1-4,12,16H,(H,13,14)(H,9,10,11)",C8H8N3O4P,241.025242366,0.9380999999999993,4.21,-3.18,17.0,-120,4.343759238575382,1,CONCAT,5,3,108.33000000000001,3,8,4,3,0.5,0.25,0.1875,0.0,0.0,16,2,0,2,1,0,1,0,0
OC(=O)c1ncnc(n1)CCC[C@@H]([NH3+])C1=CCC=CO1,11/000000002,"InChI=1S/C13H16N4O3/c14-9(10-5-1-2-7-20-10)4-3-6-11-15-8-16-12(17-11)13(18)19/h2,5,7-9H,1,3-4,6,14H2,(H,18,19)/p+1/t9-/m1/s1",C13H17N4O3,277.12951682409,0.3208999999999998,4.21,1.26,3.72,-150,4.458642348092171,1,CONCAT,5,2,112.84,6,13,3,4,0.65,0.15,0.2,0.38461538461538464,0.07692307692307693,20,2,1,1,2,1,1,0,0
SCCCc1cc(S)c(cc1Br)/C=C\NCc1nnn(c1)C,15/000000133,"InChI=1S/C15H19BrN4S2/c1-20-10-13(18-19-20)9-17-5-4-12-7-14(16)11(3-2-6-21)8-15(12)22/h4-5,7-8,10,17,21-22H,2-3,6,9H2,1H3/b5-4-",C15H19N4S2Br,398.0234507080001,3.489200000000002,4.21,-4.6,5.09,-60,3.5770759626458144,1,CONCAT,6,3,42.74,7,15,0,4,0.6818181818181818,0.0,0.18181818181818182,0.3333333333333333,0.0,22,2,0,2,1,0,1,0,0
O[C@@H](c1n[nH]nc1CO)/C=C\CCC,1/000000397,"InChI=1S/C9H15N3O2/c1-2-3-4-5-8(14)9-7(6-13)10-12-11-9/h4-5,8,13-14H,2-3,6H2,1H3,(H,10,11,12)/b5-4-/t8-/m1/s1",C9H15N3O2,197.11642672,0.6867000000000002,4.21,5.17,3.58,-170,3.96102507672984,1,CONCAT,4,3,82.03,5,9,2,3,0.6428571428571429,0.14285714285714285,0.21428571428571427,0.5555555555555556,0.1111111111111111,14,1,0,1,1,0,1,0,0
Oc1c(OC(=O)C(=O)O)ccc(c1)CC(=O)N=O,17/000000878,"InChI=1S/C10H7NO7/c12-6-3-5(4-8(13)11-17)1-2-7(6)18-10(16)9(14)15/h1-3,12H,4H2,(H,14,15)",C10H6NO7,253.02225156400002,0.21769999999999995,4.21,-4.66,3.58,-40,2.6982894644534525,1,CONCAT,6,2,130.33,3,10,7,1,0.5555555555555556,0.3888888888888889,0.05555555555555555,0.1,0.0,18,1,0,1,0,0,0,0,0
Oc1c(OC(=O)c2nnc([nH]2)C)cccc1CC=C,17/000000040,"InChI=1S/C13H13N3O3/c1-3-5-9-6-4-7-10(11(9)17)19-13(18)12-14-8(2)15-16-12/h3-4,6-7,17H,1,5H2,2H3,(H,14,15,16)",C13H13N3O3,259.095691276,1.7664199999999999,4.21,0.12,3.58,-20,3.0660550393155184,1,CONCAT,5,2,88.1,4,13,3,3,0.6842105263157895,0.15789473684210525,0.15789473684210525,0.15384615384615385,0.0,19,2,0,2,1,0,1,0,0
OC[C@H](c1ccc(c(c1CCF)O)OC(=O)c1nnc[nH]1)O,17/000001306,"InChI=1S/C13H14FN3O5/c14-4-3-8-7(9(19)5-18)1-2-10(11(8)20)22-13(21)12-15-6-16-17-12/h1-2,6,9,18-20H,3-5H2,(H,15,16,17)/t9-/m1/s1",C13H14N3O5F,311.091748768,0.2671999999999996,4.21,-2.81,3.58,-190,3.9139000724945134,1,CONCAT,7,4,128.55999999999997,6,13,5,3,0.5909090909090909,0.22727272727272727,0.13636363636363635,0.3076923076923077,0.07692307692307693,22,2,0,2,1,0,1,0,0
ONC/C=C/CC1=C[C@@H](C=CO1)CF,1/000000478,"InChI=1S/C10H14FNO2/c11-8-9-4-6-14-10(7-9)3-1-2-5-12-13/h1-2,4,6-7,9,12-13H,3,5,8H2/b2-1+/t9-/m1/s1",C10H14NO2F,199.100856908,1.925,4.2,-1.1,3.58,-150,4.964227118149958,1,CONCAT,3,2,41.489999999999995,5,10,2,1,0.7142857142857143,0.14285714285714285,0.07142857142857142,0.4,0.1,14,1,1,0,1,1,0,0,0
c1nc(cc(c1)C)N(Cc1nnc([nH]1)Cc1n[nH]c(=O)[nH]1)C,13/000000019,"InChI=1S/C13H16N8O/c1-8-3-4-14-12(5-8)21(2)7-11-15-9(17-19-11)6-10-16-13(22)20-18-10/h3-5H,6-7H2,1-2H3,(H,15,17,19)(H2,16,18,20,22)",C13H16N8O,300.144707132,0.14672000000000007,4.2,-2.41,22.7,-140,3.444466214329614,1,CONCAT,6,3,119.23999999999998,5,13,1,8,0.5909090909090909,0.045454545454545456,0.36363636363636365,0.3076923076923077,0.0,22,3,0,3,3,0,3,0,0
Oc1c(OC(=O)c2occc2)ccc(c1)C(=C)N,17/000000869,"InChI=1S/C13H11NO4/c1-8(14)9-4-5-11(10(15)7-9)18-13(16)12-3-2-6-17-12/h2-7,15H,1,14H2",C13H11NO4,245.068807832,2.1338,4.2,-3.07,3.58,0,2.4180821952226843,1,CONCAT,5,2,85.69,3,13,4,1,0.7222222222222222,0.2222222222222222,0.05555555555555555,0.0,0.0,18,2,0,2,1,0,1,0,0
ONC/C=C\C[C@@](Cc1nnsc1)(c1ccncc1)O,1/000000833,"InChI=1S/C13H16N4O2S/c18-13(5-1-2-6-15-19,9-12-10-20-17-16-12)11-3-7-14-8-4-11/h1-4,7-8,10,15,18-19H,5-6,9H2/b2-1-/t13-/m1/s1",C13H16N4O2S,292.09939675199996,1.2885,4.2,-3.39,5.09,-150,4.014533455170212,1,CONCAT,7,3,91.16000000000001,7,13,2,4,0.65,0.1,0.2,0.3076923076923077,0.07692307692307693,20,2,0,2,2,0,2,0,0
c1nc(ccc1)CC(=O)OCC1=NNC(=O)/C/1=C\CN,1/000000672,"InChI=1S/C13H14N4O3/c14-5-4-10-11(16-17-13(10)19)8-20-12(18)7-9-3-1-2-6-15-9/h1-4,6H,5,7-8,14H2,(H,17,19)/b10-4-",C13H14N4O3,274.106590308,-0.46179999999999927,4.2,6.16,3.58,0,3.154062354095891,1,CONCAT,6,2,106.67,5,13,3,4,0.65,0.15,0.2,0.23076923076923078,0.0,20,2,1,1,2,1,1,0,0
ONCC(=O)Cc1nnc(s1)[C@H](c1oc(cc1)Br)C(=O)OC,1/000000483,"InChI=1S/C12H12BrN3O5S/c1-20-12(18)10(7-2-3-8(13)21-7)11-16-15-9(22-11)4-6(17)5-14-19/h2-3,10,14,19H,4-5H2,1H3/t10-/m0/s1",C12H12N3O5SBr,388.96810358399995,1.2889,4.2,-5.43,4.69,-190,3.7849833007416778,1,CONCAT,9,2,114.55,7,12,5,3,0.5454545454545454,0.22727272727272727,0.13636363636363635,0.3333333333333333,0.08333333333333333,22,2,0,2,2,0,2,0,0
OCCCNCCc1cccc(c1N)I,9/000000012,"InChI=1S/C11H17IN2O/c12-10-4-1-3-9(11(10)13)5-7-14-6-2-8-15/h1,3-4,14-15H,2,5-8,13H2",C11H17N2OI,320.03856116400004,1.3878999999999997,4.2,-1.9,2.22,0,2.5102463056171036,1,CONCAT,3,3,58.28,6,11,1,2,0.7333333333333333,0.06666666666666667,0.13333333333333333,0.45454545454545453,0.0,15,1,0,1,0,0,0,0,0
ONCC1=NC[C@@H](N1)C/C=C(/c1n[nH]c(c1)C)\C(=O)O,1/000000168,"InChI=1S/C12H17N5O3/c1-7-4-10(17-16-7)9(12(18)19)3-2-8-5-13-11(15-8)6-14-20/h3-4,8,14,20H,2,5-6H2,1H3,(H,13,15)(H,16,17)(H,18,19)/b9-3-/t8-/m0/s1",C12H17N5O3,279.133139404,-0.07468000000000036,4.2,-1.73,3.84,-190,4.2777455146624455,1,CONCAT,6,5,122.62999999999998,6,12,3,5,0.6,0.15,0.25,0.4166666666666667,0.08333333333333333,20,2,1,1,2,1,1,0,0
ONCC(=O)Cc1nnc(s1)Cc1ccc(c(c1)N)C,1/000000879,"InChI=1S/C13H16N4O2S/c1-8-2-3-9(4-11(8)14)5-12-16-17-13(20-12)6-10(18)7-15-19/h2-4,15,19H,5-7,14H2,1H3",C13H16N4O2S,292.099396752,1.1099199999999994,4.2,-4.27,3.58,-80,2.8852902459408885,1,CONCAT,7,3,101.13,6,13,2,4,0.65,0.1,0.2,0.3076923076923077,0.0,20,2,0,2,1,0,1,0,0
ONC/C=C\Cc1ccc(c(c1)CC)CO,1/000000061,"InChI=1S/C13H19NO2/c1-2-12-9-11(5-3-4-8-14-16)6-7-13(12)10-15/h3-4,6-7,9,14-16H,2,5,8,10H2,1H3/b4-3-",C13H19NO2,221.141578848,1.8188,4.2,-2.42,2.22,-40,2.808883859963718,1,CONCAT,3,3,52.489999999999995,6,13,2,1,0.8125,0.125,0.0625,0.38461538461538464,0.0,16,1,0,1,0,0,0,0,0
OC(=O)/C=C/[C@H](C)c1cc(O)c(cc1F)CC=C,16/000000097,"InChI=1S/C14H15FO3/c1-3-4-10-7-12(15)11(8-13(10)16)9(2)5-6-14(17)18/h3,5-9,16H,1,4H2,2H3,(H,17,18)/b6-5+/t9-/m0/s1",C14H15O3F,250.10052256,3.004100000000002,4.2,-5.2,3.72,-170,3.4087338815266586,1,CONCAT,2,2,57.53,5,14,3,0,0.7777777777777778,0.16666666666666666,0.0,0.21428571428571427,0.07142857142857142,18,1,0,1,0,0,0,0,0
Sc1c(Cl)c(Cl)cc(c1)C/C(=C/CCNCO)/C(=C)CC,8/000000030,"InChI=1S/C16H21Cl2NOS/c1-3-11(2)13(5-4-6-19-10-20)7-12-8-14(17)16(18)15(21)9-12/h5,8-9,19-21H,2-4,6-7,10H2,1H3/b13-5-",C16H21NOSCl2,345.072090652,4.646700000000004,4.2,-1.37,5.09,-90,3.61445333703136,1,CONCAT,3,3,32.26,8,16,1,1,0.7619047619047619,0.047619047619047616,0.047619047619047616,0.375,0.0,21,1,0,1,0,0,0,0,0
C(=C\[C@H]1C=CCN1)\C(=O)C[NH2+]Cc1ccc(c(c1)Cl)Cl,8/000000002,"InChI=1S/C15H16Cl2N2O/c16-14-6-3-11(8-15(14)17)9-18-10-13(20)5-4-12-2-1-7-19-12/h1-6,8,12,18-19H,7,9-10H2/p+1/b5-4-/t12-/m1/s1",C15H17N2OCl2,311.07124494409,1.7101000000000002,4.2,-4.25,3.58,-190,4.501179190197436,1,CONCAT,2,2,45.71,6,15,1,2,0.75,0.05,0.1,0.26666666666666666,0.06666666666666667,20,2,1,1,1,1,0,0,0
Oc1c(OC(=O)c2nnn[nH]2)ccc(c1)C[C@@H](C)O,17/000000665,"InChI=1S/C11H12N4O4/c1-6(16)4-7-2-3-9(8(17)5-7)19-11(18)10-12-14-15-13-10/h2-3,5-6,16-17H,4H2,1H3,(H,12,13,14,15)/t6-/m1/s1",C11H12N4O4,264.085854864,0.0477999999999999,4.2,-2.95,3.58,-190,3.3254376457936585,1,CONCAT,7,3,121.22000000000001,4,11,4,4,0.5789473684210527,0.21052631578947367,0.21052631578947367,0.2727272727272727,0.09090909090909091,19,2,0,2,1,0,1,0,0
N1N=C(/C(=C/CN)/C1=O)COC(=O)CC1=NC[C@@H](CN1)CCC,1/000000960,"InChI=1S/C15H23N5O3/c1-2-3-10-7-17-13(18-8-10)6-14(21)23-9-12-11(4-5-16)15(22)20-19-12/h4,10H,2-3,5-9,16H2,1H3,(H,17,18)(H,20,22)/b11-4-",C15H23N5O3,321.180089596,-0.29139999999999966,4.2,1.99,5.08,-170,4.270425329100293,1,CONCAT,7,3,118.17,7,15,3,5,0.6521739130434783,0.13043478260869565,0.21739130434782608,0.6,0.06666666666666667,23,2,2,0,2,2,0,0,0
C#C[C@@H](C)c1cccc(c1O)OC(=O)c1nnc[nH]1,17/000000846,"InChI=1S/C13H11N3O3/c1-3-8(2)9-5-4-6-10(11(9)17)19-13(18)12-14-7-15-16-12/h1,4-8,17H,2H3,(H,14,15,16)/t8-/m1/s1",C13H11N3O3,257.080041212,1.4662,4.2,-3.2,20.9,-190,3.8713993293930784,1,CONCAT,5,2,88.1,3,13,3,3,0.6842105263157895,0.15789473684210525,0.15789473684210525,0.15384615384615385,0.07692307692307693,19,2,0,2,1,0,1,0,0
ONCC(=O)Cc1nnc(s1)CC#CCc1cnccc1,1/000000477,"InChI=1S/C14H14N4O2S/c19-12(10-16-20)8-14-18-17-13(21-14)6-2-1-4-11-5-3-7-15-9-11/h3,5,7,9,16,20H,4,6,8,10H2",C14H14N4O2S,302.08374668799996,0.8120999999999992,4.2,-0.51,24.9,-40,3.3156784249718925,1,CONCAT,7,2,88.0,6,14,2,4,0.6666666666666666,0.09523809523809523,0.19047619047619047,0.2857142857142857,0.0,21,2,0,2,2,0,2,0,0
Oc1c(OC(=O)c2nnc[nH]2)ccc(c1)CCS(=O)(=O)N,17/000001005,"InChI=1S/C11H12N4O5S/c12-21(18,19)4-3-7-1-2-9(8(16)5-7)20-11(17)10-13-6-14-15-10/h1-2,5-6,16H,3-4H2,(H2,12,18,19)(H,13,14,15)",C11H12N4O5S,312.052840484,-0.43950000000000017,4.2,-6.14,3.58,-60,3.035897201334027,1,CONCAT,7,3,148.26,5,11,5,4,0.5238095238095238,0.23809523809523808,0.19047619047619047,0.18181818181818182,0.0,21,2,0,2,1,0,1,0,0
c1cc(OC)c2c(c1)s/c(=C/CCN)/[nH]2,30/000000071,"InChI=1S/C11H14N2OS/c1-14-8-4-2-5-9-11(8)13-10(15-9)6-3-7-12/h2,4-6,13H,3,7,12H2,1H3/b10-6+",C11H14N2OS,222.082684068,2.4029999999999996,4.2,0.01,13.3,-60,3.1499474300740413,1,CONCAT,4,2,47.28,3,11,1,2,0.7333333333333333,0.06666666666666667,0.13333333333333333,0.2727272727272727,0.0,15,2,1,1,1,1,0,0,0
SC[C@H](/C=C/c1cc(Br)cc(c1S)O)N=O,15/000000244,"InChI=1S/C10H10BrNO2S2/c11-7-3-6(10(16)9(13)4-7)1-2-8(5-15)12-14/h1-4,8,13,15-16H,5H2/b2-1+/t8-/m0/s1",C10H10NO2S2Br,318.93363265999994,3.5214000000000016,4.2,-9.25,2.22,-190,4.380250830704185,1,CONCAT,5,3,49.660000000000004,4,10,2,1,0.625,0.125,0.0625,0.2,0.1,16,1,0,1,0,0,0,0,0
ON[C@H](C(=O)Cc1nnc(s1)CCl)C=S,1/000000126,"InChI=1S/C7H8ClN3O2S2/c8-2-7-10-9-6(15-7)1-5(12)4(3-14)11-13/h3-4,11,13H,1-2H2/t4-/m0/s1",C7H8N3O2S2Cl,264.97464617599996,0.7355999999999998,4.2,-1.04,2.22,-150,4.283349510548792,1,CONCAT,7,2,75.11,6,7,2,3,0.4666666666666667,0.13333333333333333,0.2,0.42857142857142855,0.14285714285714285,15,1,0,1,1,0,1,0,0
Oc1ccc(c(c1)C(=O)O)Cc1nnc(o1)S,12/000000040,"InChI=1S/C10H8N2O4S/c13-6-2-1-5(7(4-6)9(14)15)3-8-11-12-10(17)16-8/h1-2,4,13H,3H2,(H,12,17)(H,14,15)",C10H8N2O4S,252.020477736,1.3529,4.2,-8.57,2.22,-20,2.737783112118789,1,CONCAT,6,3,96.45,3,10,4,2,0.5882352941176471,0.23529411764705882,0.11764705882352941,0.1,0.0,17,2,0,2,1,0,1,0,0
Oc1ccc(cc1Br)CCc1[nH]cc(c1)c1oc(nc1)C=C,4/000000010,"InChI=1S/C17H15BrN2O2/c1-2-17-20-10-16(22-17)12-8-13(19-9-12)5-3-11-4-6-15(21)14(18)7-11/h2,4,6-10,19,21H,1,3,5H2",C17H15N2O2Br,358.03168982000005,4.5660000000000025,4.2,-1.51,5.09,-100,3.1498530275164276,1,CONCAT,3,2,62.05,5,17,2,2,0.7727272727272727,0.09090909090909091,0.09090909090909091,0.11764705882352941,0.0,22,3,0,3,2,0,2,0,0
ON[C@H](/C=C/Cc1cn[nH]c1)S,1/000000389,"InChI=1S/C7H11N3OS/c11-10-7(12)3-1-2-6-4-8-9-5-6/h1,3-5,7,10-12H,2H2,(H,8,9)/b3-1+/t7-/m0/s1",C7H11N3OS,185.062282972,0.7430999999999999,4.19,-0.87,2.22,-150,4.470408433232173,1,CONCAT,4,4,60.94,4,7,1,3,0.5833333333333334,0.08333333333333333,0.25,0.2857142857142857,0.14285714285714285,12,1,0,1,1,0,1,0,0
ONC[C@@H](CC/C=C/Cc1cnc(nc1N)C)O,1/000000029,"InChI=1S/C12H20N4O2/c1-9-14-7-10(12(13)16-9)5-3-2-4-6-11(17)8-15-18/h2-3,7,11,15,17-18H,4-6,8H2,1H3,(H2,13,14,16)/b3-2+/t11-/m1/s1",C12H20N4O2,252.15862588,0.58582,4.19,-3.33,3.58,-190,3.666736650757428,1,CONCAT,6,4,104.29,7,12,2,4,0.6666666666666666,0.1111111111111111,0.2222222222222222,0.5,0.08333333333333333,18,1,0,1,1,0,1,0,0
OC(=O)c1c(Cl)ncc(c1)c1cc(Br)cc(c1S)O,15/000000049,"InChI=1S/C12H7BrClNO3S/c13-6-2-7(10(19)9(16)3-6)5-1-8(12(17)18)11(14)15-4-5/h1-4,16,19H,(H,17,18)",C12H7NO3SClBr,358.90185386400003,3.8570000000000007,4.19,-7.57,16.9,-200,2.8206869525742917,1,CONCAT,4,3,70.42,2,12,3,1,0.631578947368421,0.15789473684210525,0.05263157894736842,0.0,0.0,19,2,0,2,1,0,1,0,0
OC(=O)c1cc(OS(=O)(=O)N)ccc1c1ncsc1,12/000000011,"InChI=1S/C10H8N2O5S2/c11-19(15,16)17-6-1-2-7(8(3-6)10(13)14)9-4-18-5-12-9/h1-5H,(H,13,14)(H2,11,15,16)",C10H8N2O5S2,299.98746335600003,1.0905999999999998,4.19,-3.55,5.09,-180,2.5953294168972985,1,CONCAT,6,2,119.58,4,10,5,2,0.5263157894736842,0.2631578947368421,0.10526315789473684,0.0,0.0,19,2,0,2,1,0,1,0,0
Oc1cc(c(cc1OC(=O)c1ncoc1)O)CCOC,17/000001524,"InChI=1S/C13H13NO6/c1-18-3-2-8-4-11(16)12(5-10(8)15)20-13(17)9-6-19-7-14-9/h4-7,15-16H,2-3H2,1H3",C13H13NO6,279.07428713600007,1.4938999999999993,4.19,-2.5,3.58,-60,2.8917163448419885,1,CONCAT,7,2,102.02000000000001,5,13,6,1,0.65,0.3,0.05,0.23076923076923078,0.0,20,2,0,2,1,0,1,0,0
O=N(=O)Cc1n[nH]c(c1)Cn1nc([nH]c1=O)CC,26/000000074,"InChI=1S/C9H12N6O3/c1-2-8-10-9(16)14(13-8)4-6-3-7(12-11-6)5-15(17)18/h3H,2,4-5H2,1H3,(H,11,12)(H,10,13,16)",C9H12N6O3,252.097088244,-0.3181000000000007,4.19,5.9,23.5,-20,3.625771425991915,1,CONCAT,6,2,122.5,5,9,3,6,0.5,0.16666666666666666,0.3333333333333333,0.4444444444444444,0.0,18,2,0,2,2,0,2,0,0
Oc1c(OC(=O)c2nnc[nH]2)ccc(c1)[C@H](NN)N,17/000000933,"InChI=1S/C10H12N6O3/c11-8(15-12)5-1-2-7(6(17)3-5)19-10(18)9-13-4-14-16-9/h1-4,8,15,17H,11-12H2,(H,13,14,16)/t8-/m0/s1",C10H12N6O3,264.097088244,-0.8499000000000001,4.19,-3.87,20.5,-190,3.7879540463742103,1,CONCAT,8,5,152.17,4,10,3,6,0.5263157894736842,0.15789473684210525,0.3157894736842105,0.1,0.1,19,2,0,2,1,0,1,0,0
OC(=O)c1cc(OC)ccc1c1n[nH]cc1Br,12/000000113,"InChI=1S/C11H9BrN2O3/c1-17-6-2-3-7(8(4-6)11(15)16)10-9(12)5-13-14-10/h2-5H,1H3,(H,13,14)(H,15,16)",C11H9N2O3Br,295.97965424800003,2.5460000000000003,4.19,-5.34,2.22,-160,2.63086134452468,1,CONCAT,3,2,75.21000000000001,3,11,3,2,0.6470588235294118,0.17647058823529413,0.11764705882352941,0.09090909090909091,0.0,17,2,0,2,1,0,1,0,0
Oc1c(OC(=O)c2snnc2)ccc(c1)C[C@@H]1NC=CN1,17/000000143,"InChI=1S/C13H12N4O3S/c18-9-5-8(6-12-14-3-4-15-12)1-2-10(9)20-13(19)11-7-16-17-21-11/h1-5,7,12,14-15,18H,6H2",C13H11N4O3S,304.06301124400005,0.9954999999999996,4.19,-5.05,3.58,-40,3.4538494211887905,1,CONCAT,8,3,96.37,4,13,3,4,0.6190476190476191,0.14285714285714285,0.19047619047619047,0.15384615384615385,0.0,21,3,1,2,2,1,1,0,0
Sc1nnc(n1C(F)F)C/C=C/Cc1nc(ncc1)N,1/000000700,"InChI=1S/C11H12F2N6S/c12-9(13)19-8(17-18-11(19)20)4-2-1-3-7-5-6-15-10(14)16-7/h1-2,5-6,9H,3-4H2,(H,18,20)(H2,14,15,16)/b2-1+",C11H12N6SF2,298.081221824,1.6754999999999995,4.19,2.21,24.1,-150,3.485147663523306,1,CONCAT,7,2,82.51,5,11,0,6,0.55,0.0,0.3,0.2727272727272727,0.0,20,2,0,2,2,0,2,0,0
Sc1nnc([nH]1)CCCCOCC1=C(CC1)[C@H]1NC(=O)NC1,1/000001132,"InChI=1S/C14H21N5O2S/c20-13-15-7-11(16-13)10-5-4-9(10)8-21-6-2-1-3-12-17-14(22)19-18-12/h11H,1-8H2,(H2,15,16,20)(H2,17,18,19,22)/t11-/m0/s1",C14H21N5O2S,323.141595912,1.2045,4.19,2.27,24.5,-190,4.267132197336885,1,CONCAT,5,4,91.93,8,14,2,5,0.6363636363636364,0.09090909090909091,0.22727272727272727,0.6428571428571429,0.07142857142857142,22,3,2,1,2,1,1,0,0
ONCCC[C@H](C)c1ccnc(c1O)I,1/000000005,"InChI=1S/C10H15IN2O2/c1-7(3-2-5-13-15)8-4-6-12-10(11)9(8)14/h4,6-7,13-15H,2-3,5H2,1H3/t7-/m0/s1",C10H15N2O2I,322.01782572,2.2543,4.19,-1.58,2.35,-170,3.6583442572654903,1,CONCAT,4,3,65.38,5,10,2,2,0.6666666666666666,0.13333333333333333,0.13333333333333333,0.5,0.1,15,1,0,1,1,0,1,0,0
Oc1c(OC(=O)c2nnc([nH]2)CCN)ccc(c1)[C@H](NN)N,17/000001332,"InChI=1S/C12H17N7O3/c13-4-3-9-16-11(19-18-9)12(21)22-8-2-1-6(5-7(8)20)10(14)17-15/h1-2,5,10,17,20H,3-4,13-15H2,(H,16,18,19)/t10-/m0/s1",C12H17N7O3,307.1392874040001,-1.3486999999999982,4.19,-2.0,23.1,-190,3.810911926214563,1,CONCAT,9,6,178.19,6,12,3,7,0.5454545454545454,0.13636363636363635,0.3181818181818182,0.25,0.08333333333333333,22,2,0,2,1,0,1,0,0
Oc1c(OC(=O)c2nnc[nH]2)cccc1/C=C\CN,17/000000979,"InChI=1S/C12H12N4O3/c13-6-2-4-8-3-1-5-9(10(8)17)19-12(18)11-14-7-15-16-11/h1-5,7,17H,6,13H2,(H,14,15,16)/b4-2-",C12H12N4O3,260.090940244,0.7013999999999999,4.19,-3.51,3.58,-20,3.22905663583221,1,CONCAT,6,3,114.11999999999999,4,12,3,4,0.631578947368421,0.15789473684210525,0.21052631578947367,0.08333333333333333,0.0,19,2,0,2,1,0,1,0,0
OCc1c(O)c(OC(=O)CCCC)ccc1/C=C\C=C,17/000000550,"InChI=1S/C16H20O4/c1-3-5-7-12-9-10-14(16(19)13(12)11-17)20-15(18)8-6-4-2/h3,5,7,9-10,17,19H,1,4,6,8,11H2,2H3/b7-5-",C16H20O4,276.13615912,3.1793000000000022,4.19,-3.36,3.72,-20,2.8012352359508785,1,CONCAT,4,2,66.75999999999999,7,16,4,0,0.8,0.2,0.0,0.3125,0.0,20,1,0,1,0,0,0,0,0
ONC/C=C\C[C@](Cc1ncoc1)(C)O,1/000000795,"InChI=1S/C10H16N2O3/c1-10(13,4-2-3-5-12-14)6-9-7-15-8-11-9/h2-3,7-8,12-14H,4-6H2,1H3/b3-2-/t10-/m0/s1",C10H16N2O3,212.116092372,0.8932,4.19,-1.04,3.58,-170,4.292894431481517,1,CONCAT,5,3,78.52,6,10,3,2,0.6666666666666666,0.2,0.13333333333333333,0.5,0.1,15,1,0,1,1,0,1,0,0
Oc1nc(nc2c1nn[nH]2)/C(=C\COC(=O)C)/CCC,28/000000081,"InChI=1S/C12H15N5O3/c1-3-4-8(5-6-20-7(2)18)10-13-11-9(12(19)14-10)15-17-16-11/h5H,3-4,6H2,1-2H3,(H2,13,14,15,16,17,19)/b8-5-",C12H15N5O3,277.11748934,1.2000999999999997,4.19,-6.17,20.8,-180,3.6167355756112185,1,CONCAT,7,2,113.88000000000002,5,12,3,5,0.6,0.15,0.25,0.4166666666666667,0.0,20,2,0,2,2,0,2,0,0
Oc1cc(cc(c1CC/C=C/C[NH2+]CC)N(=O)=O)NC(=O)C,17/000001598,"InChI=1S/C15H21N3O4/c1-3-16-8-6-4-5-7-13-14(18(21)22)9-12(10-15(13)20)17-11(2)19/h4,6,9-10,16,20H,3,5,7-8H2,1-2H3,(H,17,19)/p+1/b6-4+",C15H22N3O4,308.16048260408996,1.3308999999999995,4.19,-1.37,3.58,-200,3.5522264341098335,1,CONCAT,4,3,109.07999999999998,8,15,4,3,0.6818181818181818,0.18181818181818182,0.13636363636363635,0.4,0.0,22,1,0,1,0,0,0,0,0
O=N(=O)c1cc(I)c(cc1C(N)N)F,5/000000006,"InChI=1S/C7H7FIN3O2/c8-4-1-3(7(10)11)6(12(13)14)2-5(4)9/h1-2,7H,10-11H2",C7H7N3O2FI,310.95670268400005,1.2544999999999997,4.18,-4.26,1.37,-170,2.9107921241536765,1,CONCAT,4,2,95.17999999999999,2,7,2,3,0.5,0.14285714285714285,0.21428571428571427,0.14285714285714285,0.0,14,1,0,1,0,0,0,0,0
Oc1c(OC(=O)c2nnn[nH]2)cccc1COCC,17/000000562,"InChI=1S/C11H12N4O4/c1-2-18-6-7-4-3-5-8(9(7)16)19-11(17)10-12-14-15-13-10/h3-5,16H,2,6H2,1H3,(H,12,13,14,15)",C11H12N4O4,264.085854864,0.6609999999999998,4.18,-1.93,3.58,-40,2.875069456345031,1,CONCAT,7,2,110.22000000000001,5,11,4,4,0.5789473684210527,0.21052631578947367,0.21052631578947367,0.2727272727272727,0.0,19,2,0,2,1,0,1,0,0
OC[C@@]1(/C=c\2/sc3c([nH]2)cccc3)NCNC1,30/000000079,"InChI=1S/C12H15N3OS/c16-7-12(6-13-8-14-12)5-11-15-9-3-1-2-4-10(9)17-11/h1-5,13-16H,6-8H2/b11-5+/t12-/m0/s1",C12H15N3OS,249.0935831,0.927,4.18,-0.82,2.22,-190,4.221098883529146,1,CONCAT,5,4,56.32,2,12,1,3,0.7058823529411765,0.058823529411764705,0.17647058823529413,0.3333333333333333,0.08333333333333333,17,3,2,1,2,2,0,0,0
Oc1c(OC(=O)c2occc2)cccc1Cc1n[nH]cc1,17/000001495,"InChI=1S/C15H12N2O4/c18-14-10(9-11-6-7-16-17-11)3-1-4-12(14)21-15(19)13-5-2-8-20-13/h1-8,18H,9H2,(H,16,17)",C15H12N2O4,284.079706864,2.5183,4.18,-3.09,3.58,-60,2.8134784249718923,1,CONCAT,5,2,88.35,4,15,4,2,0.7142857142857143,0.19047619047619047,0.09523809523809523,0.06666666666666667,0.0,21,3,0,3,2,0,2,0,0
C=C(CCCc1[nH]c2c(c1)cccn2)[C@@H]1C(=O)NCCN1,27/000000020,"InChI=1S/C16H20N4O/c1-11(14-16(21)19-9-8-17-14)4-2-6-13-10-12-5-3-7-18-15(12)20-13/h3,5,7,10,14,17H,1-2,4,6,8-9H2,(H,18,20)(H,19,21)/t14-/m1/s1",C16H20N4O,284.16371126,1.5297999999999994,4.18,3.07,3.84,-190,3.5879466913515294,1,CONCAT,3,3,69.81,5,16,1,4,0.7619047619047619,0.047619047619047616,0.19047619047619047,0.375,0.0625,21,3,1,2,3,1,2,0,0
Oc1c(OC(=O)c2nnn[nH]2)ccc(c1)OC,17/000001249,"InChI=1S/C9H8N4O4/c1-16-5-2-3-7(6(14)4-5)17-9(15)8-10-12-13-11-8/h2-4,14H,1H3,(H,10,11,12,13)",C9H8N4O4,236.054554736,0.13309999999999977,4.18,-2.06,2.22,-20,2.6784492741482495,1,CONCAT,7,2,110.22000000000001,3,9,4,4,0.5294117647058824,0.23529411764705882,0.23529411764705882,0.1111111111111111,0.0,17,2,0,2,1,0,1,0,0
OCc1cc(cc2c1s/c(=C/[C@@H]1SC=NC1)/[nH]2)CN(=O)=O,30/000000067,"InChI=1S/C13H13N3O3S2/c17-6-9-1-8(5-16(18)19)2-11-13(9)21-12(15-11)3-10-4-14-7-20-10/h1-3,7,10,15,17H,4-6H2/b12-3+/t10-/m0/s1",C13H13N3O3S2,323.039833276,2.4583000000000004,4.18,-2.75,24.2,-190,4.7750305375053745,1,CONCAT,7,2,87.75999999999999,4,13,3,3,0.6190476190476191,0.14285714285714285,0.14285714285714285,0.3076923076923077,0.07692307692307693,21,3,2,1,2,2,0,0,0
OCCCOc1ccc(cc1c1occc1)O[P@H](=O)O,17/000000708,"InChI=1S/C13H15O6P/c14-6-2-8-18-13-5-4-10(19-20(15)16)9-11(13)12-3-1-7-17-12/h1,3-5,7,9,14,20H,2,6,8H2,(H,15,16)",C13H15O6P,298.06062483,2.4686000000000012,4.18,0.15,18.8,-120,3.3597508501164643,1,CONCAT,5,2,89.13000000000001,7,13,6,0,0.65,0.3,0.0,0.23076923076923078,0.0,20,2,0,2,1,0,1,0,0
Oc1c(OC(=O)c2nnc[nH]2)ccc(c1)n1cnoc1=O,17/000000572,"InChI=1S/C11H7N5O5/c17-7-3-6(16-5-14-21-11(16)19)1-2-8(7)20-10(18)9-12-4-13-15-9/h1-5,17H,(H,12,13,15)",C11H7N5O5,289.044718324,-0.13160000000000038,4.18,-4.01,24.2,-160,3.519235158893708,1,CONCAT,9,2,136.13,3,11,5,5,0.5238095238095238,0.23809523809523808,0.23809523809523808,0.0,0.0,21,3,0,3,2,0,2,0,0
Oc1cccc(c1F)[C@H](c1oc(cc1)Br)O,26/000000142,"InChI=1S/C11H8BrFO3/c12-9-5-4-8(16-9)11(15)6-2-1-3-7(14)10(6)13/h1-5,11,14-15H/t11-/m1/s1",C11H8O3FBr,285.96408443599995,2.968500000000001,4.18,7.26,2.22,-150,3.0537141336802778,1,CONCAT,3,2,53.60000000000001,2,11,3,0,0.6875,0.1875,0.0,0.09090909090909091,0.09090909090909091,16,2,0,2,1,0,1,0,0
ONCC(=O)Cc1nnc(s1)[C@@H](/C=C\C=C)Cl,1/000000297,"InChI=1S/C10H12ClN3O2S/c1-2-3-4-8(11)10-14-13-9(17-10)5-7(15)6-12-16/h2-4,8,12,16H,1,5-6H2/b4-3-/t8-/m1/s1",C10H12N3O2SCl,273.033875304,1.6505999999999996,4.18,-3.27,3.58,-170,4.322599439993956,1,CONCAT,6,2,75.11,7,10,2,3,0.5882352941176471,0.11764705882352941,0.17647058823529413,0.3,0.1,17,1,0,1,1,0,1,0,0
Oc1nc(nc2c1nn[nH]2)Cc1nnc[nH]1,28/000000001,"InChI=1S/C7H6N8O/c16-7-5-6(14-15-13-5)10-4(11-7)1-3-8-2-9-12-3/h2H,1H2,(H,8,9,12)(H2,10,11,13,14,15,16)",C7H6N8O,218.06645681199998,-0.8376000000000006,4.18,-1.32,19.4,-40,4.046158949980082,1,CONCAT,7,3,129.15,2,7,1,8,0.4375,0.0625,0.5,0.14285714285714285,0.0,16,3,0,3,3,0,3,0,0
c1c(Br)oc(c1)[C@H]([NH3+])c1ccc(=O)[nH]c1,26/000000141,"InChI=1S/C10H9BrN2O2/c11-8-3-2-7(15-8)10(12)6-1-4-9(14)13-5-6/h1-5,10H,12H2,(H,13,14)/p+1/t10-/m1/s1",C10H10N2O2Br,268.99201608008997,1.0616999999999999,4.18,5.44,18.3,-150,3.8445559699430554,1,CONCAT,2,2,73.64,2,10,2,2,0.6666666666666666,0.13333333333333333,0.13333333333333333,0.1,0.1,15,2,0,2,2,0,2,0,0
ONC/C=C/CC1=C[C@H](C=CO1)CC(=O)N,1/000000928,"InChI=1S/C11H16N2O3/c12-11(14)8-9-4-6-16-10(7-9)3-1-2-5-13-15/h1-2,4,6-7,9,13,15H,3,5,8H2,(H2,12,14)/b2-1+/t9-/m0/s1",C11H16N2O3,224.116092372,0.8309,4.18,-2.71,3.58,-150,4.63507308472923,1,CONCAT,4,3,84.58,6,11,3,2,0.6875,0.1875,0.125,0.36363636363636365,0.09090909090909091,16,1,1,0,1,1,0,0,0
ONCC(=O)Cc1nnc(s1)[C@@H](c1nc(Cl)cnc1)Cl,1/000000261,"InChI=1S/C10H9Cl2N5O2S/c11-7-4-13-3-6(15-7)9(12)10-17-16-8(20-10)1-5(18)2-14-19/h3-4,9,14,19H,1-2H2/t9-/m1/s1",C10H9N5O2SCl2,332.9854008880001,1.4001,4.18,-4.16,24.3,-190,3.9654850751020057,1,CONCAT,8,2,100.89,6,10,2,5,0.5,0.1,0.25,0.3,0.1,20,2,0,2,2,0,2,0,0
Oc1cc(c(cc1S(=O)(=O)O)F)C/C=C/[C@@]1(F)CNCC1,16/000000051,"InChI=1S/C13H15F2NO4S/c14-10-7-12(21(18,19)20)11(17)6-9(10)2-1-3-13(15)4-5-16-8-13/h1,3,6-7,16-17H,2,4-5,8H2,(H,18,19,20)/b3-1+/t13-/m0/s1",C13H15NO4SF2,319.0689854000001,1.5783000000000003,4.18,-7.67,3.7,-170,3.950363695400111,1,CONCAT,4,3,86.63,4,13,4,1,0.6190476190476191,0.19047619047619047,0.047619047619047616,0.38461538461538464,0.07692307692307693,21,2,1,1,1,1,0,0,0
Oc1nc(nc2c1nn[nH]2)C(=C)CC(=O)OC1CCCCC1,28/000000080,"InChI=1S/C14H17N5O3/c1-8(7-10(20)22-9-5-3-2-4-6-9)12-15-13-11(14(21)16-12)17-19-18-13/h9H,1-7H2,(H2,15,16,17,18,19,21)",C14H17N5O3,303.133139404,1.7327,4.18,-6.92,22.4,-190,3.4865035769669763,1,CONCAT,7,2,113.88000000000001,4,14,3,5,0.6363636363636364,0.13636363636363635,0.22727272727272727,0.5,0.0,22,3,1,2,2,0,2,0,0
OC(=O)c1c(S)ccc(c1S)O,12/000000092,"InChI=1S/C7H6O3S2/c8-3-1-2-4(11)5(6(3)12)7(9)10/h1-2,8,11-12H,(H,9,10)",C7H6O3S2,201.975836052,1.6678000000000006,4.18,-4.47,2.22,-40,3.083388211531908,1,CONCAT,4,4,57.53,1,7,3,0,0.5833333333333334,0.25,0.0,0.0,0.0,12,1,0,1,0,0,0,0,0
ONC/C=C/CC1=CCC=C(O1)CCC(=O)N,1/000000156,"InChI=1S/C12H18N2O3/c13-12(15)8-7-11-6-3-5-10(17-11)4-1-2-9-14-16/h1-2,5-6,14,16H,3-4,7-9H2,(H2,13,15)/b2-1+",C12H18N2O3,238.131742436,1.3651,4.18,0.47,3.58,0,4.001936774148248,1,CONCAT,4,3,84.58,7,12,3,2,0.7058823529411765,0.17647058823529413,0.11764705882352941,0.4166666666666667,0.0,17,1,1,0,1,1,0,0,0
ON[C@H](c1coc(c1)CC(=O)OCCC)S,1/000000469,"InChI=1S/C10H15NO4S/c1-2-3-14-9(12)5-8-4-7(6-15-8)10(16)11-13/h4,6,10-11,13,16H,2-3,5H2,1H3/t10-/m0/s1",C10H15NO4S,245.07217896,1.6824999999999999,4.18,-2.3,4.81,-190,3.821030217596362,1,CONCAT,6,3,71.7,6,10,4,1,0.625,0.25,0.0625,0.5,0.1,16,1,0,1,1,0,1,0,0
O[P@@H](=O)Oc1cccc(c1)CO,17/000001577,"InChI=1S/C7H9O4P/c8-5-6-2-1-3-7(4-6)11-12(9)10/h1-4,8,12H,5H2,(H,9,10)",C7H9O4P,188.023845398,0.9396999999999993,4.18,1.94,10.4,0,3.512885191767756,1,CONCAT,3,2,66.76,3,7,4,0,0.5833333333333334,0.3333333333333333,0.0,0.14285714285714285,0.0,12,1,0,1,0,0,0,0,0
Oc1c(OC(=O)c2occc2)cc(c(c1)c1csc(=N)[nH]1)CO,17/000001218,"InChI=1S/C15H12N2O5S/c16-15-17-10(7-23-15)9-5-11(19)13(4-8(9)6-18)22-14(20)12-2-1-3-21-12/h1-5,7,18-19H,6H2,(H2,16,17)",C15H12N2O5S,332.04669248400006,2.23277,4.18,-6.43,24.6,-160,3.179933145754899,1,CONCAT,7,4,119.54,4,15,5,2,0.6521739130434783,0.21739130434782608,0.08695652173913043,0.06666666666666667,0.0,23,3,0,3,2,0,2,0,0
Oc1c(OC(=O)c2nnc[nH]2)cccc1c1c[nH]c(=O)[nH]1,17/000000513,"InChI=1S/C12H9N5O4/c18-9-6(7-4-13-12(20)16-7)2-1-3-8(9)21-11(19)10-14-5-15-17-10/h1-5,18H,(H2,13,16,20)(H,14,15,17)",C12H9N5O4,287.06545376800005,0.4128999999999997,4.18,-1.62,3.58,-120,3.3366343896629385,1,CONCAT,6,4,136.74999999999997,3,12,4,5,0.5714285714285714,0.19047619047619047,0.23809523809523808,0.0,0.0,21,3,0,3,2,0,2,0,0
OC[C@@H](Cc1ncn(c1)CC=C)O,26/000000076,"InChI=1S/C9H14N2O2/c1-2-3-11-5-8(10-7-11)4-9(13)6-12/h2,5,7,9,12-13H,1,3-4,6H2/t9-/m1/s1",C9H14N2O2,182.105527688,-0.03519999999999984,4.18,6.87,2.22,-150,3.4456966670820313,1,CONCAT,4,2,58.28,5,9,2,2,0.6923076923076923,0.15384615384615385,0.15384615384615385,0.4444444444444444,0.1111111111111111,13,1,0,1,1,0,1,0,0
OC(=O)c1c(ccc(c1)OC)NC(=C)[C@@H]1OCC=C1,12/000000051,"InChI=1S/C14H15NO4/c1-9(13-4-3-7-19-13)15-12-6-5-10(18-2)8-11(12)14(16)17/h3-6,8,13,15H,1,7H2,2H3,(H,16,17)/t13-/m1/s1",C14H15NO4,261.10010796,2.274,4.18,-6.08,3.58,-190,3.2848893148792904,1,CONCAT,4,2,67.79,5,14,4,1,0.7368421052631579,0.21052631578947367,0.05263157894736842,0.21428571428571427,0.07142857142857142,19,2,1,1,1,1,0,0,0
S[C@@H](n1nccc1)C#CC/C=C\CCNN,21/000000003,"InChI=1S/C11H16N4S/c12-13-8-5-3-1-2-4-7-11(16)15-10-6-9-14-15/h1,3,6,9-11,13,16H,2,5,8,12H2/b3-1-/t11-/m1/s1",C11H16N4S,236.10956751199998,1.1146,4.17,10.87,21.1,-150,4.479880977705817,1,CONCAT,5,3,55.870000000000005,5,11,0,4,0.6875,0.0,0.25,0.36363636363636365,0.09090909090909091,16,1,0,1,1,0,1,0,0
OCNCC/C=C/[C@H](c1ccc(c(c1)Cl)Cl)c1ncccc1,8/000000047,"InChI=1S/C17H18Cl2N2O/c18-15-8-7-13(11-16(15)19)14(5-1-3-9-20-12-22)17-6-2-4-10-21-17/h1-2,4-8,10-11,14,20,22H,3,9,12H2/b5-1+/t14-/m1/s1",C17H18N2OCl2,336.079618556,4.006000000000002,4.17,-6.47,16.4,-190,3.346142911622599,1,CONCAT,3,2,45.15,7,17,1,2,0.7727272727272727,0.045454545454545456,0.09090909090909091,0.23529411764705882,0.058823529411764705,22,2,0,2,1,0,1,0,0
Oc1c(OC(=O)[C@H](CCOC)O)cccc1,17/000000002,"InChI=1S/C11H14O5/c1-15-7-6-9(13)11(14)16-10-5-3-2-4-8(10)12/h2-5,9,12-13H,6-7H2,1H3/t9-/m0/s1",C11H14O5,226.084123548,0.6949999999999998,4.17,1.6,3.58,-170,2.681406791022935,1,CONCAT,5,2,75.99000000000001,5,11,5,0,0.6875,0.3125,0.0,0.36363636363636365,0.09090909090909091,16,1,0,1,0,0,0,0,0
Oc1c(OC(=O)c2nnc[nH]2)ccc(c1C=S)COCC=C,17/000001233,"InChI=1S/C14H13N3O4S/c1-2-5-20-6-9-3-4-11(12(18)10(9)7-22)21-14(19)13-15-8-16-17-13/h2-4,7-8,18H,1,5-6H2,(H,15,16,17)",C14H13N3O4S,319.062676896,1.7799,4.17,-6.01,3.72,-60,3.5817300569386186,1,CONCAT,7,2,97.33,7,14,4,3,0.6363636363636364,0.18181818181818182,0.13636363636363635,0.14285714285714285,0.0,22,2,0,2,1,0,1,0,0
OC(=O)c1ccccc1COC(=O)[C@@H](CNCO)C=C,12/000000001,"InChI=1S/C14H17NO5/c1-2-10(7-15-9-16)14(19)20-8-11-5-3-4-6-12(11)13(17)18/h2-6,10,15-16H,1,7-9H2,(H,17,18)/t10-/m1/s1",C14H17NO5,279.11067264400003,0.7696000000000001,4.17,-5.84,5.09,-190,3.1842815236534543,1,CONCAT,5,3,95.86,8,14,5,1,0.7,0.25,0.05,0.2857142857142857,0.07142857142857142,20,1,0,1,0,0,0,0,0
Oc1cc(C(=O)N)cc(c1Cl)Cl,28/000000089,"InChI=1S/C7H5Cl2NO2/c8-4-1-3(7(10)12)2-5(11)6(4)9/h1-2,11H,(H2,10,12)",C7H5NO2Cl2,204.96973376,1.7978999999999998,4.17,-3.15,1.11,0,2.2549638939140415,1,CONCAT,2,2,63.31999999999999,1,7,2,1,0.5833333333333334,0.16666666666666666,0.08333333333333333,0.0,0.0,12,1,0,1,0,0,0,0,0
Oc1c(OC(=O)C(=O)O)ccc(c1C[NH3+])C1=CCC1,17/000001010,"InChI=1S/C13H13NO5/c14-6-9-8(7-2-1-3-7)4-5-10(11(9)15)19-13(18)12(16)17/h2,4-5,15H,1,3,6,14H2,(H,16,17)/p+1",C13H13NO5,264.08664896809,0.30129999999999973,4.17,-5.12,17.4,-140,3.366089667506418,1,CONCAT,4,3,111.47,3,13,5,1,0.6842105263157895,0.2631578947368421,0.05263157894736842,0.23076923076923078,0.0,19,2,1,1,0,0,0,0,0
O=C1NCC[C@H]1N[C@H]1NC(=CN1CF)COCc1sc(nc1)N,30/000000019,"InChI=1S/C13H19FN6O2S/c14-7-20-4-8(5-22-6-9-3-17-12(15)23-9)18-13(20)19-10-1-2-16-11(10)21/h3-4,10,13,18-19H,1-2,5-7H2,(H2,15,17)(H,16,21)/t10-,13?/m1/s1",C13H18N6O2SF,342.12742306800004,-0.32279999999999925,4.17,0.93,3.58,-170,4.6832405312570025,1,CONCAT,8,4,104.54,7,13,2,6,0.5652173913043478,0.08695652173913043,0.2608695652173913,0.5384615384615384,0.15384615384615385,23,3,2,1,3,2,1,0,0
OC(=O)[C@H](OCN)SSc1c(O)cc(c(c1)F)C(=O)N,13/000000012,"InChI=1S/C10H11FN2O5S2/c11-5-2-7(6(14)1-4(5)8(13)15)19-20-10(9(16)17)18-3-12/h1-2,10,14H,3,12H2,(H2,13,15)(H,16,17)/t10-/m1/s1",C10H10N2O5S2F,322.009341672,0.7140000000000005,4.17,-5.98,23.3,-190,3.828271696499476,1,CONCAT,7,4,135.87,7,10,5,2,0.5,0.25,0.1,0.2,0.1,20,1,0,1,0,0,0,0,0
Oc1nc(nc2c1nnn2CCC)/C=C/CCN,28/000000091,"InChI=1S/C11H16N6O/c1-2-7-17-10-9(15-16-17)11(18)14-8(13-10)5-3-4-6-12/h3,5H,2,4,6-7,12H2,1H3,(H,13,14,18)/b5-3+",C11H16N6O,248.13855913199998,0.6989,4.17,-8.09,18.2,-100,3.232561127349382,1,CONCAT,7,2,102.74,5,11,1,6,0.6111111111111112,0.05555555555555555,0.3333333333333333,0.45454545454545453,0.0,18,2,0,2,2,0,2,0,0
OC/C=c\1/sc2c([nH]1)cc(cc2CBr)CNN,30/000000081,"InChI=1S/C11H14BrN3OS/c12-5-8-3-7(6-14-13)4-9-11(8)17-10(15-9)1-2-16/h1,3-4,14-16H,2,5-6,13H2/b10-1+",C11H14N3OSBr,315.00409516800005,1.8960999999999997,4.17,-6.74,16.4,-80,3.816055043379018,1,CONCAT,5,4,70.31,4,11,1,3,0.6470588235294118,0.058823529411764705,0.17647058823529413,0.2727272727272727,0.0,17,2,1,1,1,1,0,0,0
OC(=O)c1c(ccc(c1)OC)N/C=C/c1nnc[nH]1,12/000000057,"InChI=1S/C12H12N4O3/c1-19-8-2-3-10(9(6-8)12(17)18)13-5-4-11-14-7-15-16-11/h2-7,13H,1H3,(H,17,18)(H,14,15,16)/b5-4+",C12H12N4O3,260.090940244,1.5942999999999996,4.17,-8.68,3.58,-80,2.9737489435245177,1,CONCAT,5,3,100.13,5,12,3,4,0.631578947368421,0.15789473684210525,0.21052631578947367,0.08333333333333333,0.0,19,2,0,2,1,0,1,0,0
N(Cc1n[nH]c(=O)[nH]1)C/C=C/c1cc(cc(c1N)F)C,13/000000025,"InChI=1S/C13H16FN5O/c1-8-5-9(12(15)10(14)6-8)3-2-4-16-7-11-17-13(20)19-18-11/h2-3,5-6,16H,4,7,15H2,1H3,(H2,17,18,19,20)/b3-2+",C13H16N5OF,277.133888352,0.9307199999999999,4.17,-1.3,3.58,-20,3.2408940920947344,1,CONCAT,4,4,99.58999999999999,5,13,1,5,0.65,0.05,0.25,0.23076923076923078,0.0,20,2,0,2,1,0,1,0,0
OCC#Cc1cc(Nc2nncs2)c(cc1N)O,6/000000009,"InChI=1S/C11H10N4O2S/c12-8-5-10(17)9(4-7(8)2-1-3-16)14-11-15-13-6-18-11/h4-6,16-17H,3,12H2,(H,14,15)",C11H10N4O2S,262.05244656,0.9132999999999998,4.17,-6.33,21.4,-60,3.095714973503227,1,CONCAT,7,4,104.29,2,11,2,4,0.6111111111111112,0.1111111111111111,0.2222222222222222,0.09090909090909091,0.0,18,2,0,2,1,0,1,0,0
O[C@@H](c1cccc(c1O)OC(=O)c1nnc[nH]1)C#C,17/000000571,"InChI=1S/C12H9N3O4/c1-2-8(16)7-4-3-5-9(10(7)17)19-12(18)11-13-6-14-15-11/h1,3-6,8,16-17H,(H,13,14,15)/t8-/m1/s1",C12H9N3O4,259.059305768,0.39609999999999995,4.17,-3.36,2.35,-170,3.87546435116376,1,CONCAT,6,3,108.32999999999998,3,12,4,3,0.631578947368421,0.21052631578947367,0.15789473684210525,0.08333333333333333,0.08333333333333333,19,2,0,2,1,0,1,0,0
ONCC(=O)Cc1nnc(s1)C[C@H](C)C(=O)O,1/000000250,"InChI=1S/C9H13N3O4S/c1-5(9(14)15)2-7-11-12-8(17-7)3-6(13)4-10-16/h5,10,16H,2-4H2,1H3,(H,14,15)/t5-/m0/s1",C9H13N3O4S,259.062676896,-0.10830000000000078,4.17,-2.21,3.58,-190,3.5357515925592455,1,CONCAT,7,3,112.41000000000001,7,9,4,3,0.5294117647058824,0.23529411764705882,0.17647058823529413,0.5555555555555556,0.1111111111111111,17,1,0,1,1,0,1,0,0
Oc1c(OC(=O)C(=O)O)ccc(c1CN)Nc1cn[nH]c1,17/000001053,"InChI=1S/C12H12N4O5/c13-3-7-8(16-6-4-14-15-5-6)1-2-9(10(7)17)21-12(20)11(18)19/h1-2,4-5,16-17H,3,13H2,(H,14,15)(H,18,19)",C12H11N4O5,292.08076948400003,0.3075999999999998,4.17,-6.11,22.6,-60,2.973539376400339,1,CONCAT,7,5,150.55999999999997,4,12,5,4,0.5714285714285714,0.23809523809523808,0.19047619047619047,0.08333333333333333,0.0,21,2,0,2,1,0,1,0,0
Oc1c(OC(=O)C(=O)O)ccc(c1)C1=C(CCO)CC1,17/000001059,"InChI=1S/C14H14O6/c15-6-5-8-1-3-10(8)9-2-4-12(11(16)7-9)20-14(19)13(17)18/h2,4,7,15-16H,1,3,5-6H2,(H,17,18)",C14H13O6,278.079038168,1.3119999999999998,4.17,-6.23,3.58,-140,2.8304204107760516,1,CONCAT,5,3,104.06,4,14,6,0,0.7,0.3,0.0,0.2857142857142857,0.0,20,2,1,1,0,0,0,0,0
NCC#C[C@@H](c1oc(cc1)Br)N,26/000000144,"InChI=1S/C8H9BrN2O/c9-8-4-3-7(12-8)6(11)2-1-5-10/h3-4,6H,5,10-11H2/t6-/m0/s1",C8H9N2OBr,227.989825008,1.0040000000000002,4.17,4.48,15.3,-150,3.950897779180343,1,CONCAT,3,2,65.17999999999999,1,8,1,2,0.6666666666666666,0.08333333333333333,0.16666666666666666,0.25,0.125,12,1,0,1,1,0,1,0,0
Oc1cc(N)cc(c1Nc1nncs1)CCl,6/000000037,"InChI=1S/C9H9ClN4OS/c10-3-5-1-6(11)2-7(15)8(5)13-9-14-12-4-16-9/h1-2,4,15H,3,11H2,(H,13,14)",C9H9N4OSCl,256.018559588,2.3083,4.17,-2.89,17.9,-20,3.111314629194485,1,CONCAT,6,3,84.06,3,9,1,4,0.5625,0.0625,0.25,0.1111111111111111,0.0,16,2,0,2,1,0,1,0,0
ONC/C=C/CC1=CCC=CO1,1/000000022,"InChI=1S/C9H13NO2/c11-10-7-3-1-5-9-6-2-4-8-12-9/h1,3-4,6,8,10-11H,2,5,7H2/b3-1+",C9H13NO2,167.094628656,1.7294,4.16,0.47,2.22,0,4.29328925371553,1,CONCAT,3,2,41.489999999999995,4,9,2,1,0.75,0.16666666666666666,0.08333333333333333,0.3333333333333333,0.0,12,1,1,0,1,1,0,0,0
Sc1nnc([nH]1)[C@H](CCCCCC)N,1/000001119,"InChI=1S/C9H18N4S/c1-2-3-4-5-6-7(10)8-11-9(14)13-12-8/h7H,2-6,10H2,1H3,(H2,11,12,13,14)/t7-/m0/s1",C9H18N4S,214.12521757599998,2.0636,4.16,6.59,2.35,-170,3.6397375027653425,1,CONCAT,4,3,67.59,6,9,0,4,0.6428571428571429,0.0,0.2857142857142857,0.7777777777777778,0.1111111111111111,14,1,0,1,1,0,1,0,0
NNC/C=C/[C@@H](CCOCN)C,21/000000014,"InChI=1S/C8H19N3O/c1-8(3-2-5-11-10)4-6-12-7-9/h2-3,8,11H,4-7,9-10H2,1H3/b3-2+/t8-/m0/s1",C8H19N3O,173.152812228,-0.035100000000000076,4.16,8.39,2.22,-170,4.249781695264259,1,CONCAT,4,3,73.3,7,8,1,3,0.6666666666666666,0.08333333333333333,0.25,0.75,0.125,12,0,0,0,0,0,0,0,0
Sc1ncc([nH]1)/C=C(\NC/C=C/CO[P@H](=O)O)/C1=COCCO1,6/000000006,"InChI=1S/C13H18N3O5PS/c17-22(18)21-4-2-1-3-14-11(12-9-19-5-6-20-12)7-10-8-15-13(23)16-10/h1-2,7-9,14,22H,3-6H2,(H,17,18)(H2,15,16,23)/b2-1+,11-7-",C13H18N3O5PS,359.0704783059999,1.4718999999999998,4.16,-3.54,3.58,0,5.013470815921163,1,CONCAT,7,4,105.7,8,13,5,3,0.5652173913043478,0.21739130434782608,0.13043478260869565,0.3076923076923077,0.0,23,2,1,1,2,1,1,0,0
Sc1c(Cl)c(Cl)cc(c1)C/C(=C/CCNCO)/C(=C)N(=O)=O,8/000000033,"InChI=1S/C14H16Cl2N2O3S/c1-9(18(20)21)11(3-2-4-17-8-19)5-10-6-12(15)14(16)13(22)7-10/h3,6-7,17,19,22H,1-2,4-5,8H2/b11-3-",C14H16N2O3SCl2,362.02586873199994,3.470900000000003,4.16,-0.66,5.09,-100,3.8062234875648535,1,CONCAT,5,3,75.4,8,14,3,2,0.6363636363636364,0.13636363636363635,0.09090909090909091,0.2857142857142857,0.0,22,1,0,1,0,0,0,0,0
OC(=O)c1c(O)ccc(c1)C(=C)N(=O)=O,12/000000157,"InChI=1S/C9H7NO5/c1-5(10(14)15)6-2-3-8(11)7(4-6)9(12)13/h2-4,11H,1H2,(H,12,13)",C9H7NO5,209.032422324,1.3377999999999999,4.16,-2.86,5.09,-60,2.6300715803423778,1,CONCAT,4,2,100.66999999999999,3,9,5,1,0.6,0.3333333333333333,0.06666666666666667,0.0,0.0,15,1,0,1,0,0,0,0,0
OC(=O)[C@@H](c1cc(Cl)c(c(c1)N(=O)=O)Cl)c1oc(=O)[nH]n1,8/000000003,"InChI=1S/C10H5Cl2N3O6/c11-4-1-3(2-5(7(4)12)15(19)20)6(9(16)17)8-13-14-10(18)21-8/h1-2,6H,(H,14,18)(H,16,17)/t6-/m0/s1",C10H5N3O6Cl2,332.95554024000006,1.7944,4.16,-6.57,3.33,-190,3.5816343287141663,1,CONCAT,6,2,139.32999999999998,4,10,6,3,0.47619047619047616,0.2857142857142857,0.14285714285714285,0.1,0.1,21,2,0,2,1,0,1,0,0
Oc1nc(nc2c1nnn2CC)C(=C)COc1[nH]ncc1,28/000000022,"InChI=1S/C12H13N7O2/c1-3-19-11-9(17-18-19)12(20)15-10(14-11)7(2)6-21-8-4-5-13-16-8/h4-5H,2-3,6H2,1H3,(H,13,16)(H,14,15,20)",C12H13N7O2,287.113072656,0.7620999999999998,4.16,-2.99,24.4,-80,3.5732628512014006,1,CONCAT,8,2,114.63000000000001,5,12,2,7,0.5714285714285714,0.09523809523809523,0.3333333333333333,0.25,0.0,21,3,0,3,3,0,3,0,0
Oc1ccc(c(c1c1n[nH]c(c1)N)N(=O)=O)F,16/000000088,"InChI=1S/C9H7FN4O3/c10-4-1-2-6(15)8(9(4)14(16)17)5-3-7(11)13-12-5/h1-3,15H,(H3,11,12,13)",C9H7N4O3F,238.050218304,1.4117999999999995,4.16,-4.93,20.5,-160,2.9890428360211576,1,CONCAT,5,3,118.07000000000002,2,9,3,4,0.5294117647058824,0.17647058823529413,0.23529411764705882,0.0,0.0,17,2,0,2,1,0,1,0,0
c1nc(ccc1)/C=C\C/C=C/[C@@H]1C(=O)NCCN1,27/000000002,"InChI=1S/C14H17N3O/c18-14-13(16-10-11-17-14)8-3-1-2-6-12-7-4-5-9-15-12/h2-9,13,16H,1,10-11H2,(H,17,18)/b6-2-,8-3+/t13-/m1/s1",C14H17N3O,243.137162164,1.1290999999999998,4.16,3.06,3.58,-150,3.753092081816934,1,CONCAT,3,2,54.02,4,14,1,3,0.7777777777777778,0.05555555555555555,0.16666666666666666,0.2857142857142857,0.07142857142857142,18,2,1,1,2,1,1,0,0
C#CCO[P@@H](=O)Oc1ccc(c(c1)c1nnc[nH]1)CO,17/000001636,"InChI=1S/C12H12N3O4P/c1-2-5-18-20(17)19-10-4-3-9(7-16)11(6-10)12-13-8-14-15-12/h1,3-4,6,8,16,20H,5,7H2,(H,13,14,15)",C12H12N3O4P,293.056542494,1.3822999999999994,4.16,1.64,22.2,-120,4.4778350606427795,1,CONCAT,6,2,97.33,6,12,4,3,0.6,0.2,0.15,0.16666666666666666,0.0,20,2,0,2,1,0,1,0,0
SCCSCN1Cc2c(C1)[nH]c(n2)C#CCCC[NH3+],22/000000006,"InChI=1S/C13H20N4S2/c14-5-3-1-2-4-13-15-11-8-17(9-12(11)16-13)10-19-7-6-18/h18H,1,3,5-10,14H2,(H,15,16)/p+1",C13H21N4S2,297.12021509209,0.7194,4.16,7.69,23.3,0,4.542136216251791,1,CONCAT,4,3,59.56,6,13,0,4,0.6842105263157895,0.0,0.21052631578947367,0.6153846153846154,0.0,19,2,1,1,2,1,1,0,0
Oc1c(S)c(cc(c1)Br)/C=C/[C@H](CCCl)O,15/000000294,"InChI=1S/C11H12BrClO2S/c12-8-5-7(11(16)10(15)6-8)1-2-9(14)3-4-13/h1-2,5-6,9,14-16H,3-4H2/b2-1+/t9-/m1/s1",C11H12O2SClBr,321.94299040399994,3.446400000000002,4.15,-7.54,2.22,-150,3.8134440328508745,1,CONCAT,3,3,40.46,4,11,2,0,0.6875,0.125,0.0,0.2727272727272727,0.09090909090909091,16,1,0,1,0,0,0,0,0
Oc1c(OC(=O)c2nnn[nH]2)ccc(c1)CCCCCO,17/000000374,"InChI=1S/C13H16N4O4/c18-7-3-1-2-4-9-5-6-11(10(19)8-9)21-13(20)12-14-16-17-15-12/h5-6,8,18-19H,1-4,7H2,(H,14,15,16,17)",C13H16N4O4,292.11715499199994,0.8295999999999999,4.15,-6.61,3.58,-60,2.732891312739861,1,CONCAT,7,3,121.22000000000001,7,13,4,4,0.6190476190476191,0.19047619047619047,0.19047619047619047,0.38461538461538464,0.0,21,2,0,2,1,0,1,0,0
Oc1c(OC(=O)c2occc2)cccc1CC1=NNC(=O)C1,17/000001280,"InChI=1S/C15H12N2O5/c18-13-8-10(16-17-13)7-9-3-1-4-11(14(9)19)22-15(20)12-5-2-6-21-12/h1-6,19H,7-8H2,(H,17,18)",C15H12N2O5,300.074621484,1.6227999999999998,4.15,-3.56,3.58,-60,2.824725554988955,1,CONCAT,6,2,101.13,4,15,5,2,0.6818181818181818,0.22727272727272727,0.09090909090909091,0.13333333333333333,0.0,22,3,1,2,2,1,1,0,0
ONCCCCCc1ncoc1C,1/000000008,"InChI=1S/C9H16N2O2/c1-8-9(10-7-13-8)5-3-2-4-6-11-12/h7,11-12H,2-6H2,1H3",C9H16N2O2,184.121177752,1.67462,4.15,-0.71,2.35,-20,3.067805238574314,1,CONCAT,4,2,58.29,6,9,2,2,0.6923076923076923,0.15384615384615385,0.15384615384615385,0.6666666666666666,0.0,13,1,0,1,1,0,1,0,0
OC(=O)c1cc(O)ccc1OCc1cccc(c1)Cl,12/000000038,"InChI=1S/C14H11ClO4/c15-10-3-1-2-9(6-10)8-19-13-5-4-11(16)7-12(13)14(17)18/h1-7,16H,8H2,(H,17,18)",C14H11O4Cl,278.03458651200003,3.322800000000001,4.15,-8.29,5.09,-40,1.7735087403314829,1,CONCAT,3,2,66.76,4,14,4,0,0.7368421052631579,0.21052631578947367,0.0,0.07142857142857142,0.0,19,2,0,2,0,0,0,0,0
Sc1c(cc(cc1O)Br)/C=C/c1noc(c1)CN,15/000000099,"InChI=1S/C12H11BrN2O2S/c13-8-3-7(12(18)11(16)4-8)1-2-9-5-10(6-14)17-15-9/h1-5,16,18H,6,14H2/b2-1+",C12H11N2O2SBr,325.972460692,3.060500000000001,4.15,-5.94,2.22,-60,3.359645579838068,1,CONCAT,5,3,72.28,3,12,2,2,0.6666666666666666,0.1111111111111111,0.1111111111111111,0.08333333333333333,0.0,18,2,0,2,1,0,1,0,0
OC(=O)c1c(cccc1)/C=C\1/SC(=NC1=O)C[C@@](CO)(C)O,12/000000125,"InChI=1S/C15H15NO5S/c1-15(21,8-17)7-12-16-13(18)11(22-12)6-9-4-2-3-5-10(9)14(19)20/h2-6,17,21H,7-8H2,1H3,(H,19,20)/b11-6+/t15-/m1/s1",C15H15NO5S,321.06709357999995,1.5309999999999997,4.15,-6.2,5.09,-190,3.299077197336885,1,CONCAT,5,3,107.19,5,15,5,1,0.6818181818181818,0.22727272727272727,0.045454545454545456,0.26666666666666666,0.06666666666666667,22,2,1,1,1,1,0,0,0
ONCCCC[C@@H](CC(=O)C)c1nnc(s1)N,1/000000032,"InChI=1S/C10H18N4O2S/c1-7(15)6-8(4-2-3-5-12-16)9-13-14-10(11)17-9/h8,12,16H,2-6H2,1H3,(H2,11,14)/t8-/m0/s1",C10H18N4O2S,258.115046816,1.3320999999999996,4.15,-2.28,3.85,-170,3.514408277964498,1,CONCAT,7,3,101.13,8,10,2,4,0.5882352941176471,0.11764705882352941,0.23529411764705882,0.7,0.1,17,1,0,1,1,0,1,0,0
OC(=O)c1c(F)c(OC)ccc1COC(=O)CCc1n[nH]cc1,12/000000176,"InChI=1S/C15H15FN2O5/c1-22-11-4-2-9(13(14(11)16)15(20)21)8-23-12(19)5-3-10-6-7-17-18-10/h2,4,6-7H,3,5,8H2,1H3,(H,17,18)(H,20,21)",C15H15N2O5F,322.09649980000006,1.9315999999999998,4.15,-6.64,3.58,-80,2.8521200614353717,1,CONCAT,5,2,101.51000000000002,7,15,5,2,0.6521739130434783,0.21739130434782608,0.08695652173913043,0.26666666666666666,0.0,23,2,0,2,1,0,1,0,0
SSC/C=C/C[C@@H](CNC1=NCCO1)[NH3+],4/000000020,"InChI=1S/C9H17N3OS2/c10-8(3-1-2-6-15-14)7-12-9-11-4-5-13-9/h1-2,8,14H,3-7,10H2,(H,11,12)/p+1/b2-1+/t8-/m0/s1",C9H18N3OS2,248.08858061608998,0.09699999999999992,4.15,7.12,2.22,-150,5.183625098488928,1,CONCAT,5,3,61.260000000000005,6,9,1,3,0.6,0.06666666666666667,0.2,0.6666666666666666,0.1111111111111111,15,1,1,0,1,1,0,0,0
Oc1nc(nc2c1nnn2CC#CC)CNCC,28/000000078,"InChI=1S/C11H14N6O/c1-3-5-6-17-10-9(15-16-17)11(18)14-8(13-10)7-12-4-2/h12H,4,6-7H2,1-2H3,(H,13,14,18)",C11H14N6O,246.12290906799998,0.059699999999999864,4.15,-6.03,20.0,-140,3.2203493626435,1,CONCAT,7,2,88.75,4,11,1,6,0.6111111111111112,0.05555555555555555,0.3333333333333333,0.45454545454545453,0.0,18,2,0,2,2,0,2,0,0
Oc1ccc(c(c1c1nnc([nH]1)S)CN)F,16/000000037,"InChI=1S/C9H9FN4OS/c10-5-1-2-6(15)7(4(5)3-11)8-12-9(16)14-13-8/h1-2,15H,3,11H2,(H2,12,13,14,16)",C9H9N4OSF,240.048110128,1.0637999999999999,4.15,-5.44,18.0,-140,3.384035538285395,1,CONCAT,5,4,87.82000000000001,2,9,1,4,0.5625,0.0625,0.25,0.1111111111111111,0.0,16,2,0,2,1,0,1,0,0
ONC/C=C/CC1=CCC(=CO1)c1ncsc1,1/000000119,"InChI=1S/C12H14N2O2S/c15-14-6-2-1-3-11-5-4-10(7-16-11)12-8-17-9-13-12/h1-2,5,7-9,14-15H,3-4,6H2/b2-1+",C12H14N2O2S,250.077598688,2.713300000000001,4.15,-3.98,20.9,-180,4.110997043379017,1,CONCAT,5,2,54.379999999999995,5,12,2,2,0.7058823529411765,0.11764705882352941,0.11764705882352941,0.25,0.0,17,2,1,1,2,1,1,0,0
Sc1c(Cl)c(Cl)cc(c1)[C@@H](/C=C/CCNCO)C=C,8/000000007,"InChI=1S/C14H17Cl2NOS/c1-2-10(5-3-4-6-17-9-18)11-7-12(15)14(16)13(19)8-11/h2-3,5,7-8,10,17-19H,1,4,6,9H2/b5-3+/t10-/m1/s1",C14H17NOSCl2,317.040790524,4.0374000000000025,4.15,-3.24,17.7,-190,4.224599943437958,1,CONCAT,3,3,32.26,7,14,1,1,0.7368421052631579,0.05263157894736842,0.05263157894736842,0.2857142857142857,0.07142857142857142,19,1,0,1,0,0,0,0,0
C(=C\C=C\N)/Cc1nn(c(=O)[nH]1)Cc1ncoc1,26/000000005,"InChI=1S/C11H13N5O2/c12-5-3-1-2-4-10-14-11(17)16(15-10)6-9-7-18-8-13-9/h1-3,5,7-8H,4,6,12H2,(H,14,15,17)/b2-1+,5-3+",C11H13N5O2,247.106924656,0.1787999999999999,4.15,10.75,22.7,0,4.0828118756960565,1,CONCAT,6,2,102.72999999999999,5,11,2,5,0.6111111111111112,0.1111111111111111,0.2777777777777778,0.18181818181818182,0.0,18,2,0,2,2,0,2,0,0
ONCC(=O)Cc1nnc(s1)CCCC,1/000000065,"InChI=1S/C9H15N3O2S/c1-2-3-4-8-11-12-9(15-8)5-7(13)6-10-14/h10,14H,2-6H2,1H3",C9H15N3O2S,229.08849772,0.9710999999999992,4.15,-0.75,2.22,-20,2.9353528990236963,1,CONCAT,6,2,75.11,7,9,2,3,0.6,0.13333333333333333,0.2,0.6666666666666666,0.0,15,1,0,1,1,0,1,0,0
ONCCCCCO[C@H](Cc1nnsc1)C,1/000000072,"InChI=1S/C10H19N3O2S/c1-9(7-10-8-16-13-12-10)15-6-4-2-3-5-11-14/h8-9,11,14H,2-7H2,1H3/t9-/m0/s1",C10H19N3O2S,245.119797848,1.6347999999999996,4.14,-2.07,2.22,-190,3.57340037569913,1,CONCAT,6,2,67.27,9,10,2,3,0.625,0.125,0.1875,0.8,0.1,16,1,0,1,1,0,1,0,0
Oc1c(OC(=O)c2nnc([nH]2)C)cccc1,17/000000112,"InChI=1S/C10H9N3O3/c1-6-11-9(13-12-6)10(15)16-8-5-3-2-4-7(8)14/h2-5,14H,1H3,(H,11,12,13)",C10H9N3O3,219.064391148,1.0379199999999997,4.14,-0.08,2.22,-20,2.7997115522714093,1,CONCAT,5,2,88.1,2,10,3,3,0.625,0.1875,0.1875,0.1,0.0,16,2,0,2,1,0,1,0,0
Oc1c(OC(=O)C(=O)O)ccc(c1)CC(=O)CCNNC,17/000001049,"InChI=1S/C13H16N2O6/c1-14-15-5-4-9(16)6-8-2-3-11(10(17)7-8)21-13(20)12(18)19/h2-3,7,14-15,17H,4-6H2,1H3,(H,18,19)",C13H15N2O6,296.100836232,-0.39209999999999967,4.14,-4.62,3.58,-70,2.828990179136623,1,CONCAT,7,4,124.96000000000001,7,13,6,2,0.6190476190476191,0.2857142857142857,0.09523809523809523,0.3076923076923077,0.0,21,1,0,1,0,0,0,0,0
Sc1c(/C=C/[C@H](N)OC)cc(cc1O)Br,15/000000122,"InChI=1S/C10H12BrNO2S/c1-14-9(12)3-2-6-4-7(11)5-8(13)10(6)15/h2-5,9,13,15H,12H2,1H3/b3-2+/t9-/m1/s1",C10H12NO2SBr,288.977211724,2.387800000000001,4.14,-8.85,2.22,-190,4.068989266646352,1,CONCAT,4,3,55.480000000000004,3,10,2,1,0.6666666666666666,0.13333333333333333,0.06666666666666667,0.2,0.1,15,1,0,1,0,0,0,0,0
c1nc2c(o1)c(OC(=O)C1=CCON1)c(c(n2)C[NH2+]C)F,24/000000013,"InChI=1S/C12H11FN4O4/c1-14-4-7-8(13)9(10-11(16-7)15-5-19-10)21-12(18)6-2-3-20-17-6/h2,5,14,17H,3-4H2,1H3/p+1",C12H12N4O4F,295.08370950409,-0.6207999999999996,4.14,-3.21,23.3,-60,4.628141312739861,1,CONCAT,7,2,103.09,4,12,4,4,0.5714285714285714,0.19047619047619047,0.19047619047619047,0.25,0.0,21,3,1,2,3,1,2,0,0
Oc1c(OC(=O)c2ncoc2)cccc1COCNCC,17/000000062,"InChI=1S/C14H16N2O5/c1-2-15-8-19-6-10-4-3-5-12(13(10)17)21-14(18)11-7-20-9-16-11/h3-5,7,9,15,17H,2,6,8H2,1H3",C14H16N2O5,292.105921612,1.6829999999999998,4.14,-0.93,5.09,-20,3.0007197742783234,1,CONCAT,7,2,93.82000000000001,7,14,5,2,0.6666666666666666,0.23809523809523808,0.09523809523809523,0.2857142857142857,0.0,21,2,0,2,1,0,1,0,0
Oc1c(S)c(/C=C/c2nc[nH]c2)cc(c1)Br,15/000000120,"InChI=1S/C11H9BrN2OS/c12-8-3-7(11(16)10(15)4-8)1-2-9-5-13-6-14-9/h1-6,15-16H,(H,13,14)/b2-1+",C11H9N2OSBr,295.96189600800005,3.336900000000001,4.14,-7.02,2.22,-40,3.60653001380987,1,CONCAT,3,3,48.910000000000004,2,11,1,2,0.6875,0.0625,0.125,0.0,0.0,16,2,0,2,1,0,1,0,0
OC(=O)c1c(O)c(OC)ccc1COC(=O)C/C=C/C=C,12/000000188,"InChI=1S/C15H16O6/c1-3-4-5-6-12(16)21-9-10-7-8-11(20-2)14(17)13(10)15(18)19/h3-5,7-8,17H,1,6,9H2,2H3,(H,18,19)/b5-4+",C15H16O6,292.094688232,2.2745000000000006,4.14,-4.09,5.09,-110,2.7545075880435057,1,CONCAT,5,2,93.06,7,15,6,0,0.7142857142857143,0.2857142857142857,0.0,0.2,0.0,21,1,0,1,0,0,0,0,0
C(=C\C[NH2+]CC(N)N)\C(=O)C[NH2+]Cc1ccc(c(c1)Cl)Cl,8/000000048,"InChI=1S/C14H20Cl2N4O/c15-12-4-3-10(6-13(12)16)7-20-8-11(21)2-1-5-19-9-14(17)18/h1-4,6,14,19-20H,5,7-9,17-18H2/p+2/b2-1-",C14H22N4OCl2,332.11596952417995,-1.0109999999999968,4.14,-2.18,3.58,-200,4.477088448018376,1,CONCAT,3,4,102.33,9,14,1,4,0.6666666666666666,0.047619047619047616,0.19047619047619047,0.35714285714285715,0.0,21,1,0,1,0,0,0,0,0
OC(=O)CCCc1nc(co1)CC(=O)c1scc(c1)Br,8/000000061,"InChI=1S/C13H12BrNO4S/c14-8-4-11(20-7-8)10(16)5-9-6-19-12(15-9)2-1-3-13(17)18/h4,6-7H,1-3,5H2,(H,17,18)",C13H11NO4SBr,356.96704096400003,3.3313000000000024,4.14,0.34,3.72,0,2.788698487699129,1,CONCAT,5,1,80.4,7,13,4,1,0.65,0.2,0.05,0.3076923076923077,0.0,20,2,0,2,2,0,2,0,0
Oc1nc(nc2c1nn[nH]2)[C@H](c1[nH]ncc1)N(=O)=O,28/000000005,"InChI=1S/C8H6N8O3/c17-8-4-6(14-15-13-4)10-7(11-8)5(16(18)19)3-1-2-9-12-3/h1-2,5H,(H,9,12)(H2,10,11,13,14,15,17)/t5-/m0/s1",C8H6N8O3,262.05628605199996,-0.45730000000000026,4.14,-4.65,25.0,-190,4.491652014443876,1,CONCAT,8,3,159.4,3,8,3,8,0.42105263157894735,0.15789473684210525,0.42105263157894735,0.125,0.125,19,3,0,3,3,0,3,0,0
NNc1cc(Cl)c(cc1CCC(=O)O)Cl,7/000000005,"InChI=1S/C9H10Cl2N2O2/c10-6-3-5(1-2-9(14)15)8(13-12)4-7(6)11/h3-4,13H,1-2,12H2,(H,14,15)",C9H9N2O2Cl2,248.01193292,2.2962,4.14,-5.57,2.22,-20,2.3137192726500704,1,CONCAT,3,3,75.35,4,9,2,2,0.6,0.13333333333333333,0.13333333333333333,0.2222222222222222,0.0,15,1,0,1,0,0,0,0,0
ONC/C(=C/CC1=CCC(=C(O1)C1=NCC(=O)N1)CC=C)/C,1/000000798,"InChI=1S/C16H21N3O3/c1-3-4-12-6-8-13(7-5-11(2)9-18-21)22-15(12)16-17-10-14(20)19-16/h3,5,8,18,21H,1,4,6-7,9-10H2,2H3,(H,17,19,20)/b11-5+",C16H21N3O3,303.158291532,1.9643,4.14,-2.32,24.4,-180,4.304215664879065,1,CONCAT,5,3,82.94999999999999,7,16,3,3,0.7272727272727273,0.13636363636363635,0.13636363636363635,0.375,0.0,22,2,2,0,2,2,0,0,0
O[C@H](C)c1cc(S)cc(c1N(=O)=O)S,14/000000005,"InChI=1S/C8H9NO3S2/c1-4(10)6-2-5(13)3-7(14)8(6)9(11)12/h2-4,10,13-14H,1H3/t4-/m1/s1",C8H9NO3S2,231.002385148,2.2255000000000007,4.14,-5.38,1.37,-170,3.860995195073035,1,CONCAT,5,3,63.37,2,8,3,1,0.5714285714285714,0.21428571428571427,0.07142857142857142,0.25,0.125,14,1,0,1,0,0,0,0,0
OC/C=C/Cc1nnc([nH]1)c1noc(=O)[nH]1,21/000000001,"InChI=1S/C8H9N5O3/c14-4-2-1-3-5-9-6(12-11-5)7-10-8(15)16-13-7/h1-2,14H,3-4H2,(H,9,11,12)(H,10,13,15)/b2-1+",C8H9N5O3,223.070539148,-0.7610000000000001,4.14,9.45,21.7,-80,4.063049144244653,1,CONCAT,6,3,120.69,4,8,3,5,0.5,0.1875,0.3125,0.25,0.0,16,2,0,2,2,0,2,0,0
Oc1ccc(cc1[C@H]([NH3+])C1=CCOC1)Cl,11/000000010,"InChI=1S/C11H12ClNO2/c12-8-1-2-10(14)9(5-8)11(13)7-3-4-15-6-7/h1-3,5,11,14H,4,6,13H2/p+1/t11-/m1/s1",C11H13NO2Cl,226.06293275609,1.2852000000000001,4.14,5.74,12.3,-150,4.039239486426571,1,CONCAT,2,2,57.10000000000001,2,11,2,1,0.7333333333333333,0.13333333333333333,0.06666666666666667,0.2727272727272727,0.09090909090909091,15,2,1,1,1,1,0,0,0
Oc1c(S)c(cc(c1)Br)/C=C/[C@H](CCC)O,15/000000261,"InChI=1S/C12H15BrO2S/c1-2-3-10(14)5-4-8-6-9(13)7-11(15)12(8)16/h4-7,10,14-16H,2-3H2,1H3/b5-4+/t10-/m0/s1",C12H15O2SBr,301.99761282,3.6176000000000026,4.14,-6.4,2.22,-190,3.5862415283786024,1,CONCAT,3,3,40.46,4,12,2,0,0.75,0.125,0.0,0.3333333333333333,0.08333333333333333,16,1,0,1,0,0,0,0,0
Oc1ccc(cc1c1nc(c[nH]1)Cl)O[P@H](=O)O,17/000001119,"InChI=1S/C9H8ClN2O4P/c10-8-4-11-9(12-8)6-3-5(16-17(14)15)1-2-7(6)13/h1-4,13,17H,(H,11,12)(H,14,15)",C9H8N2O4PCl,273.991021046,2.1965000000000003,4.14,0.25,18.2,-120,4.266823007915397,1,CONCAT,4,3,95.44000000000001,3,9,4,2,0.5294117647058824,0.23529411764705882,0.11764705882352941,0.0,0.0,17,2,0,2,1,0,1,0,0
NCC[C@H](c1n[nH]c(=S)[nH]1)c1cc(F)ccc1Br,20/000000004,"InChI=1S/C11H12BrFN4S/c12-9-2-1-6(13)5-8(9)7(3-4-14)10-15-11(18)17-16-10/h1-2,5,7H,3-4,14H2,(H2,15,16,17,18)/t7-/m0/s1",C11H12N4SFBr,329.995007704,2.849590000000001,4.14,-8.04,20.2,-190,3.667276650757426,1,CONCAT,3,3,70.49,4,11,0,4,0.6111111111111112,0.0,0.2222222222222222,0.2727272727272727,0.09090909090909091,18,2,0,2,1,0,1,0,0
Oc1cc(c(cc1N=O)F)CNC1CCCC1,16/000000022,"InChI=1S/C12H15FN2O2/c13-10-6-11(15-17)12(16)5-8(10)7-14-9-3-1-2-4-9/h5-6,9,14,16H,1-4,7H2",C12H15N2O2F,238.11175594,2.961400000000001,4.14,-6.75,2.48,-150,2.6033338895328644,1,CONCAT,4,2,61.690000000000005,4,12,2,2,0.7058823529411765,0.11764705882352941,0.11764705882352941,0.5,0.0,17,2,1,1,0,0,0,0,0
OC[C@@H]1N(C(=N)SC1)Cc1nnc([nH]1)Cc1ocnc1,12/000000192,"InChI=1S/C11H14N6O2S/c12-11-17(7(4-18)5-20-11)3-10-14-9(15-16-10)1-8-2-13-6-19-8/h2,6-7,12,18H,1,3-5H2,(H,14,15,16)/b12-11-/t7-/m0/s1",C11H14N6O2S,294.089894688,0.22796999999999962,4.14,2.94,3.58,-150,4.35043876021,1,CONCAT,7,3,114.91999999999999,5,11,2,6,0.55,0.1,0.3,0.45454545454545453,0.09090909090909091,20,3,1,2,3,1,2,0,0
OC(=O)C1=NNC(=O)/C/1=C\[C@@H](C=C)Cl,1/000001033,"InChI=1S/C8H7ClN2O3/c1-2-4(9)3-5-6(8(13)14)10-11-7(5)12/h2-4H,1H2,(H,11,12)(H,13,14)/b5-3-/t4-/m1/s1",C8H7N2O3Cl,214.014519764,0.2766,4.14,6.97,2.22,-150,4.420265153492993,1,CONCAT,3,2,78.75999999999999,3,8,3,2,0.5714285714285714,0.21428571428571427,0.14285714285714285,0.125,0.125,14,1,1,0,1,1,0,0,0
Oc1c(OC(=O)c2ncoc2)cccc1OC(=O)CN,17/000000895,"InChI=1S/C12H10N2O6/c13-4-10(15)19-8-2-1-3-9(11(8)16)20-12(17)7-5-18-6-14-7/h1-3,5-6,16H,4,13H2",C12H10N2O6,278.05388604,0.4634999999999999,4.13,-2.06,3.58,0,2.8211380481386907,1,CONCAT,8,2,124.88000000000001,4,12,6,2,0.6,0.3,0.1,0.08333333333333333,0.0,20,2,0,2,1,0,1,0,0
OCc1cc(O[C@H](c2nnsc2)N)c(c(c1)OCCS)O,15/000000169,"InChI=1S/C12H15N3O4S2/c13-12(8-6-21-15-14-8)19-10-4-7(5-16)3-9(11(10)17)18-1-2-20/h3-4,6,12,16-17,20H,1-2,5,13H2/t12-/m1/s1",C12H15N3O4S2,329.05039796000005,1.0809,4.13,-4.25,23.6,-170,3.837743040764827,1,CONCAT,9,4,110.72000000000001,7,12,4,3,0.5714285714285714,0.19047619047619047,0.14285714285714285,0.3333333333333333,0.08333333333333333,21,2,0,2,1,0,1,0,0
OC(=O)n1nc([nH]c1=O)C/C=C/C,26/000000002,"InChI=1S/C7H9N3O3/c1-2-3-4-5-8-6(11)10(9-5)7(12)13/h2-3H,4H2,1H3,(H,12,13)(H,8,9,11)/b3-2+",C7H9N3O3,183.064391148,0.21610000000000018,4.13,6.64,2.22,-20,3.613489859898936,1,CONCAT,4,2,87.97999999999999,2,7,3,3,0.5384615384615384,0.23076923076923078,0.23076923076923078,0.2857142857142857,0.0,13,1,0,1,1,0,1,0,0
Sc1cc(C#CCO)c(c(c1)CO)CO,14/000000002,"InChI=1S/C11H12O3S/c12-3-1-2-8-4-10(15)5-9(6-13)11(8)7-14/h4-5,12-15H,3,6-7H2",C11H12O3S,224.050715244,0.30370000000000014,4.13,-7.06,14.3,-20,3.3225807735881574,1,CONCAT,4,4,60.69,2,11,3,0,0.7333333333333333,0.2,0.0,0.2727272727272727,0.0,15,1,0,1,0,0,0,0,0
OC(=O)C[C@H](/C=C/c1cc(Br)cc(c1S)O)O,15/000000219,"InChI=1S/C11H11BrO4S/c12-7-3-6(11(17)9(14)4-7)1-2-8(13)5-10(15)16/h1-4,8,13-14,17H,5H2,(H,15,16)/b2-1+/t8-/m0/s1",C11H11O4SBr,317.956141932,2.2922000000000016,4.13,-8.52,2.22,-170,3.592295806606069,1,CONCAT,4,4,77.76,4,11,4,0,0.6470588235294118,0.23529411764705882,0.0,0.18181818181818182,0.09090909090909091,17,1,0,1,0,0,0,0,0
SCCN[C@@H](C)c1nnc([nH]1)CN1C(=N)SCC1,12/000000070,"InChI=1S/C10H18N6S2/c1-7(12-2-4-17)9-13-8(14-15-9)6-16-3-5-18-10(16)11/h7,11-12,17H,2-6H2,1H3,(H,13,14,15)/b11-10-/t7-/m0/s1",C10H18N6S2,286.103436576,0.8686699999999999,4.13,5.7,3.58,-170,4.3236171394452105,1,CONCAT,6,4,80.69,6,10,0,6,0.5555555555555556,0.0,0.3333333333333333,0.7,0.1,18,2,1,1,2,1,1,0,0
OC(=O)c1c(O)c(OC)ccc1COC(=O)CS,12/000000098,"InChI=1S/C11H12O6S/c1-16-7-3-2-6(4-17-8(12)5-18)9(10(7)13)11(14)15/h2-3,13,18H,4-5H2,1H3,(H,14,15)",C11H12O6S,272.035459104,1.0719999999999998,4.13,-6.9,2.22,-60,2.4475644644534533,1,CONCAT,6,3,93.06,5,11,6,0,0.6111111111111112,0.3333333333333333,0.0,0.2727272727272727,0.0,18,1,0,1,0,0,0,0,0
[nH]1cnnc1[C@H](C)n1nc([nH]c1=O)C[NH3+],26/000000114,"InChI=1S/C7H11N7O/c1-4(6-9-3-10-12-6)14-7(15)11-5(2-8)13-14/h3-4H,2,8H2,1H3,(H,9,10,12)(H,11,13,15)/p+1/t4-/m0/s1",C7H12N7O,210.10978442408998,-1.959299999999999,4.13,8.25,18.7,-170,5.008971354558439,1,CONCAT,5,3,119.89,3,7,1,7,0.4666666666666667,0.06666666666666667,0.4666666666666667,0.42857142857142855,0.14285714285714285,15,2,0,2,2,0,2,0,0
OC(=O)CCCCc1c(O)ccc(c1)Br,17/000001576,"InChI=1S/C11H13BrO3/c12-9-5-6-10(13)8(7-9)3-1-2-4-11(14)15/h5-7,13H,1-4H2,(H,14,15)",C11H13O3Br,272.00480637600003,2.9521000000000015,4.13,-1.64,2.22,0,1.9057882782785889,1,CONCAT,2,2,57.53,5,11,3,0,0.7333333333333333,0.2,0.0,0.36363636363636365,0.0,15,1,0,1,0,0,0,0,0
N1[C@@H](C(=O)NCC1)C(=C)COCC1=CCN(C=N1)CBr,27/000000022,"InChI=1S/C13H19BrN4O2/c1-10(12-13(19)16-4-3-15-12)6-20-7-11-2-5-18(8-14)9-17-11/h2,9,12,15H,1,3-8H2,(H,16,19)/t12-/m1/s1",C13H19N4O2Br,342.069137948,0.22740000000000005,4.13,2.18,2.35,-150,4.603337084934279,1,CONCAT,5,2,65.96000000000001,6,13,2,4,0.65,0.1,0.2,0.5384615384615384,0.07692307692307693,20,2,2,0,2,2,0,0,0
N(CCc1cccc(c1N)I)C[C@@H](C)ON,9/000000013,"InChI=1S/C11H18IN3O/c1-8(16-14)7-15-6-5-9-3-2-4-10(12)11(9)13/h2-4,8,15H,5-7,13-14H2,1H3/t8-/m1/s1",C11H18N3OI,335.049460196,1.2843000000000002,4.13,-2.49,2.22,-170,3.443687909904054,1,CONCAT,4,3,73.3,6,11,1,3,0.6875,0.0625,0.1875,0.45454545454545453,0.09090909090909091,16,1,0,1,0,0,0,0,0
OC(=O)c1cccc(c1Nc1nc(c(cc1)Br)CO)Br,20/000000010,"InChI=1S/C13H10Br2N2O3/c14-8-4-5-11(16-10(8)6-18)17-12-7(13(19)20)2-1-3-9(12)15/h1-5,18H,6H2,(H,16,17)(H,19,20)",C13H10N2O3Br2,399.90581638,3.5407000000000015,4.13,-9.9,3.58,-40,2.585527263922907,1,CONCAT,4,3,82.45,4,13,3,2,0.65,0.15,0.1,0.07692307692307693,0.0,20,2,0,2,1,0,1,0,0
O=Nc1c(O)cc(c(c1)F)CN[C@@H]1CSCC1,16/000000026,"InChI=1S/C11H13FN2O2S/c12-9-4-10(14-16)11(15)3-7(9)5-13-8-1-2-17-6-8/h3-4,8,13,15H,1-2,5-6H2/t8-/m0/s1",C11H13N2O2SF,256.068176876,2.5243,4.13,-4.9,2.48,-150,3.4935734989137615,1,CONCAT,5,2,61.69,4,11,2,2,0.6470588235294118,0.11764705882352941,0.11764705882352941,0.45454545454545453,0.09090909090909091,17,2,1,1,1,1,0,0,0
ON[C@H](/C=C/c1coc(c1)CC(=O)C)S,1/000000860,"InChI=1S/C10H13NO3S/c1-7(12)4-9-5-8(6-14-9)2-3-10(15)11-13/h2-3,5-6,10-11,13,15H,4H2,1H3/b3-2+/t10-/m0/s1",C10H13NO3S,227.061614276,1.659,4.13,-1.89,3.58,-170,4.3057431315619255,1,CONCAT,5,3,62.47,5,10,3,1,0.6666666666666666,0.2,0.06666666666666667,0.3,0.1,15,1,0,1,1,0,1,0,0
OC(=O)c1cccc(c1)c1onc(n1)C/C=C/CC[NH3+],22/000000024,"InChI=1S/C14H15N3O3/c15-8-3-1-2-7-12-16-13(20-17-12)10-5-4-6-11(9-10)14(18)19/h1-2,4-6,9H,3,7-8,15H2,(H,18,19)/p+1/b2-1+",C14H16N3O3,274.11861779209,1.1654999999999998,4.13,-4.96,6.77,-160,3.0916623540958916,1,CONCAT,4,2,103.86,6,14,3,3,0.7,0.15,0.15,0.21428571428571427,0.0,20,2,0,2,1,0,1,0,0
Oc1cc(c(cc1C(=O)CO)F)/C=C\C,16/000000010,"InChI=1S/C11H11FO3/c1-2-3-7-4-10(14)8(5-9(7)12)11(15)6-13/h2-5,13-14H,6H2,1H3/b3-2-",C11H11O3F,210.069222432,1.7394,4.13,-2.01,3.58,-20,2.6710158111116087,1,CONCAT,3,2,57.53,3,11,3,0,0.7333333333333333,0.2,0.0,0.18181818181818182,0.0,15,1,0,1,0,0,0,0,0
ON[C@H](c1coc(c1)CCCC#CC)S,1/000000186,"InChI=1S/C11H15NO2S/c1-2-3-4-5-6-10-7-9(8-14-10)11(15)12-13/h7-8,11-13,15H,4-6H2,1H3/t11-/m0/s1",C11H15NO2S,225.08234972,2.5328000000000013,4.13,-1.24,2.35,-170,4.287570255657341,1,CONCAT,4,3,45.4,5,11,2,1,0.7333333333333333,0.13333333333333333,0.06666666666666667,0.45454545454545453,0.09090909090909091,15,1,0,1,1,0,1,0,0
Sc1c(/C=C\NCc2nnc[nH]2)cc(c(c1)CCCS)Br,15/000000067,"InChI=1S/C14H17BrN4S2/c15-12-6-11(13(21)7-10(12)2-1-5-20)3-4-16-8-14-17-9-18-19-14/h3-4,6-7,9,16,20-21H,1-2,5,8H2,(H,17,18,19)/b4-3-",C14H17N4S2Br,384.007800644,3.478800000000002,4.13,-4.82,5.09,-60,3.9485190050475527,1,CONCAT,5,4,53.6,7,14,0,4,0.6666666666666666,0.0,0.19047619047619047,0.2857142857142857,0.0,21,2,0,2,1,0,1,0,0
Sc1c(cc(cc1O)Br)c1onc(c1)/C=C\CC,15/000000229,"InChI=1S/C13H12BrNO2S/c1-2-3-4-9-7-12(17-15-9)10-5-8(14)6-11(16)13(10)18/h3-7,16,18H,2H2,1H3/b4-3-",C13H12NO2SBr,324.977211724,4.521600000000001,4.13,-7.0,2.22,-200,3.3561868106072996,1,CONCAT,4,2,46.260000000000005,3,13,2,1,0.7222222222222222,0.1111111111111111,0.05555555555555555,0.15384615384615385,0.0,18,2,0,2,1,0,1,0,0
Oc1nc(nc2c1nnn2CC(=O)OCCSC)CN,28/000000084,"InChI=1S/C10H14N6O3S/c1-20-3-2-19-7(17)5-16-9-8(14-15-16)10(18)13-6(4-11)12-9/h2-5,11H2,1H3,(H,12,13,18)",C10H14N6O3S,298.084809308,-0.7081999999999997,4.13,-7.77,22.5,-100,3.0364061800068223,1,CONCAT,10,2,129.04,6,10,3,6,0.5,0.15,0.3,0.5,0.0,20,2,0,2,2,0,2,0,0
Oc1c(OC(=O)c2nnn[nH]2)cccc1,17/000000019,"InChI=1S/C8H6N4O3/c13-5-3-1-2-4-6(5)15-8(14)7-9-11-12-10-7/h1-4,13H,(H,9,10,11,12)",C8H6N4O3,206.043990052,0.12449999999999989,4.12,0.02,2.22,0,2.6837152297162614,1,CONCAT,6,2,100.99000000000001,2,8,3,4,0.5333333333333333,0.2,0.26666666666666666,0.0,0.0,15,2,0,2,1,0,1,0,0
ONC/C=C/CC1=CCC=C(O1)Cc1noc(c1C)N,1/000000276,"InChI=1S/C14H19N3O3/c1-10-13(17-20-14(10)15)9-12-7-4-6-11(19-12)5-2-3-8-16-18/h2-3,6-7,16,18H,4-5,8-9,15H2,1H3/b3-2+",C14H19N3O3,277.142641468,2.22092,4.12,-2.51,22.2,-40,4.224046969480506,1,CONCAT,6,3,93.53999999999999,6,14,3,3,0.7,0.15,0.15,0.35714285714285715,0.0,20,2,1,1,2,1,1,0,0
Clc1cc(Nc2nc(cs2)CCOCC)c(c(c1)C(=O)N)I,18/000000002,"InChI=1S/C14H15ClIN3O2S/c1-2-21-4-3-9-7-22-14(18-9)19-11-6-8(15)5-10(12(11)16)13(17)20/h5-7H,2-4H2,1H3,(H2,17,20)(H,18,19)",C14H15N3O2SClI,450.9618234,3.822600000000002,4.12,-0.17,5.09,-60,2.7387695110329116,1,CONCAT,5,2,77.24000000000001,7,14,2,3,0.6363636363636364,0.09090909090909091,0.13636363636363635,0.2857142857142857,0.0,22,2,0,2,1,0,1,0,0
ONCC(=O)Cc1nnc(s1)CCNCC(=C)C=C,1/000000530,"InChI=1S/C12H18N4O2S/c1-3-9(2)7-13-5-4-11-15-16-12(19-11)6-10(17)8-14-18/h3,13-14,18H,1-2,4-8H2",C12H18N4O2S,282.11504681599996,0.5027999999999995,4.12,-3.3,5.09,-110,3.514968246862688,1,CONCAT,7,3,87.14,10,12,2,4,0.631578947368421,0.10526315789473684,0.21052631578947367,0.4166666666666667,0.0,19,1,0,1,1,0,1,0,0
O[C@@H](CI)/C=C/c1cc(Br)cc(c1S)O,15/000000265,"InChI=1S/C10H10BrIO2S/c11-7-3-6(1-2-8(13)5-12)10(15)9(14)4-7/h1-4,8,13-15H,5H2/b2-1+/t8-/m1/s1",C10H10O2SBrI,399.86296066,3.2525000000000013,4.12,-7.76,2.22,-170,4.072848882030968,1,CONCAT,3,3,40.46,3,10,2,0,0.6666666666666666,0.13333333333333333,0.0,0.2,0.1,15,1,0,1,0,0,0,0,0
Oc1c(OC(=O)C(=O)O)cccc1[C@H](CCC#CC)N,17/000001217,"InChI=1S/C14H15NO5/c1-2-3-4-7-10(15)9-6-5-8-11(12(9)16)20-14(19)13(17)18/h5-6,8,10,16H,4,7,15H2,1H3,(H,17,18)/t10-/m0/s1",C14H14NO5,277.09502258000003,1.1855,4.12,-2.12,5.09,-190,3.396349635541566,1,CONCAT,5,3,109.85,4,14,5,1,0.7,0.25,0.05,0.2857142857142857,0.07142857142857142,20,1,0,1,0,0,0,0,0
ON[C@@H](c1cc(O)c(cc1F)N=O)C=C,16/000000064,"InChI=1S/C9H9FN2O3/c1-2-7(11-14)5-3-9(13)8(12-15)4-6(5)10/h2-4,7,11,13-14H,1H2/t7-/m1/s1",C9H9N2O3F,212.059720368,2.1350999999999996,4.12,-2.22,15.9,-150,4.094760420492506,1,CONCAT,5,3,81.91999999999999,4,9,3,2,0.6,0.2,0.13333333333333333,0.1111111111111111,0.1111111111111111,15,1,0,1,0,0,0,0,0
Oc1ccc(c(c1)C(=O)O)c1cnn(c1)CCC#CC,12/000000035,"InChI=1S/C15H14N2O3/c1-2-3-4-7-17-10-11(9-16-17)13-6-5-12(18)8-14(13)15(19)20/h5-6,8-10,18H,4,7H2,1H3,(H,19,20)",C15H14N2O3,270.100442308,2.3673,4.12,-5.42,3.58,-160,2.634734201984843,1,CONCAT,4,2,75.35,4,15,3,2,0.75,0.15,0.1,0.2,0.0,20,2,0,2,1,0,1,0,0
Oc1cc(N)c(cc1Nc1nncs1)C(=O)CCC,6/000000041,"InChI=1S/C12H14N4O2S/c1-2-3-10(17)7-4-9(11(18)5-8(7)13)15-12-16-14-6-19-12/h4-6,18H,2-3,13H2,1H3,(H,15,16)",C12H14N4O2S,278.08374668799996,2.5523000000000007,4.12,-5.61,20.2,-80,2.7693371873561574,1,CONCAT,7,3,101.13,5,12,2,4,0.631578947368421,0.10526315789473684,0.21052631578947367,0.25,0.0,19,2,0,2,1,0,1,0,0
Oc1c(C(=O)N)cc(c(c1)C/C=C/[C@H]1CNCC1)F,16/000000011,"InChI=1S/C14H17FN2O2/c15-12-7-11(14(16)19)13(18)6-10(12)3-1-2-9-4-5-17-8-9/h1-2,6-7,9,17-18H,3-5,8H2,(H2,16,19)/b2-1+/t9-/m1/s1",C14H17N2O2F,264.127406004,1.3384,4.12,-7.95,3.58,-190,3.370597007186982,1,CONCAT,3,3,75.35,4,14,2,2,0.7368421052631579,0.10526315789473684,0.10526315789473684,0.35714285714285715,0.07142857142857142,19,2,1,1,1,1,0,0,0
N=c1sc2c([nH]1)cc(cc2Br)COP(=O)(O)O,8/000000028,"InChI=1S/C8H8BrN2O4PS/c9-5-1-4(3-15-16(12,13)14)2-6-7(5)17-8(10)11-6/h1-2H,3H2,(H2,10,11)(H2,12,13,14)",C8H8N2O4PSBr,337.9125764659999,2.0806700000000005,4.12,-4.44,2.48,-40,3.4530214313388843,1,CONCAT,4,4,106.4,3,8,4,2,0.47058823529411764,0.23529411764705882,0.11764705882352941,0.125,0.0,17,2,0,2,1,0,1,0,0
NNCC1=C(N[C@@H](N1)N)[C@H](n1cnc(c1)Cl)C=C,30/000000014,"InChI=1S/C10H16ClN7/c1-2-7(18-4-8(11)14-5-18)9-6(3-15-13)16-10(12)17-9/h2,4-5,7,10,15-17H,1,3,12-13H2/t7-,10?/m1/s1",C10H15N7Cl,269.115571192,-0.6263999999999998,4.12,-4.86,3.58,-170,5.0112303940652945,1,CONCAT,7,5,105.95,5,10,0,7,0.5555555555555556,0.0,0.3888888888888889,0.3,0.2,18,2,1,1,2,1,1,0,0
OC(=O)CCCCc1c(O)ccc(c1)[C@H](CC)C(=O)NO,17/000001582,"InChI=1S/C15H21NO5/c1-2-12(15(20)16-21)10-7-8-13(17)11(9-10)5-3-4-6-14(18)19/h7-9,12,17,21H,2-6H2,1H3,(H,16,20)(H,18,19)/t12-/m0/s1",C15H21NO5,295.14197277200003,2.1886,4.12,-3.1,5.09,-200,2.8152438573434324,1,CONCAT,4,4,106.86,8,15,5,1,0.7142857142857143,0.23809523809523808,0.047619047619047616,0.4666666666666667,0.06666666666666667,21,1,0,1,0,0,0,0,0
ONC/C=C/CC1=C[C@@H](C(=CO1)CO)CCl,1/000000563,"InChI=1S/C11H16ClNO3/c12-6-9-5-11(3-1-2-4-13-15)16-8-10(9)7-14/h1-2,5,8-9,13-15H,3-4,6-7H2/b2-1+/t9-/m1/s1",C11H16NO3Cl,245.081871052,1.5568,4.12,-1.53,3.72,-150,4.7834207770369215,1,CONCAT,4,3,61.72,6,11,3,1,0.6875,0.1875,0.0625,0.45454545454545453,0.09090909090909091,16,1,1,0,1,1,0,0,0
OC(=O)CCCCc1ccc(cc1O)C/C=C\C,17/000001141,"InChI=1S/C15H20O3/c1-2-3-6-12-9-10-13(14(16)11-12)7-4-5-8-15(17)18/h2-3,9-11,16H,4-8H2,1H3,(H,17,18)/b3-2-",C15H20O3,248.1412445,3.308200000000002,4.12,-3.95,3.58,-80,2.335874810607301,1,CONCAT,2,2,57.53,7,15,3,0,0.8333333333333334,0.16666666666666666,0.0,0.4,0.0,18,1,0,1,0,0,0,0,0
O[C@@H](Cc1nc(=O)o[nH]1)Cc1cc(O)c(cc1F)N=O,16/000000008,"InChI=1S/C11H10FN3O5/c12-7-4-8(14-19)9(17)2-5(7)1-6(16)3-10-13-11(18)20-15-10/h2,4,6,16-17H,1,3H2,(H,13,15,18)/t6-/m1/s1",C11H10N3O5F,283.06044864,0.7515999999999996,4.12,-6.49,3.58,-190,3.813936628548558,1,CONCAT,7,3,128.78,5,11,5,3,0.55,0.25,0.15,0.2727272727272727,0.09090909090909091,20,2,0,2,1,0,1,0,0
Oc1c(OC(=O)CCCC)ccc(c1CO)Cn1nncc1,17/000000476,"InChI=1S/C15H19N3O4/c1-2-3-4-14(20)22-13-6-5-11(12(10-19)15(13)21)9-18-8-7-16-17-18/h5-8,19,21H,2-4,9-10H2,1H3",C15H19N3O4,305.13755608800005,1.6199,4.11,-3.63,21.4,-80,2.700118642546558,1,CONCAT,7,2,97.47,7,15,4,3,0.6818181818181818,0.18181818181818182,0.13636363636363635,0.4,0.0,22,2,0,2,1,0,1,0,0
Oc1c(C(=O)N)c(N)cc(c1)/C(=C\CCC)/C,6/000000004,"InChI=1S/C13H18N2O2/c1-3-4-5-8(2)9-6-10(14)12(13(15)17)11(16)7-9/h5-7,16H,3-4,14H2,1-2H3,(H2,15,17)/b8-5-",C13H18N2O2,234.136827816,2.276700000000001,4.11,-2.96,13.8,-100,2.7538758126097864,1,CONCAT,3,3,89.33999999999999,4,13,2,2,0.7647058823529411,0.11764705882352941,0.11764705882352941,0.3076923076923077,0.0,17,1,0,1,0,0,0,0,0
OC(=O)c1c(ONC/C=C/CCN(=O)=O)ccc(c1)OC,12/000000184,"InChI=1S/C13H16N2O6/c1-20-10-5-6-12(11(9-10)13(16)17)21-14-7-3-2-4-8-15(18)19/h2-3,5-6,9,14H,4,7-8H2,1H3,(H,16,17)/b3-2+",C13H16N2O6,296.100836232,1.4998000000000002,4.11,-8.13,3.58,-110,3.059748394967979,1,CONCAT,6,2,110.92999999999999,9,13,6,2,0.6190476190476191,0.2857142857142857,0.09523809523809523,0.3076923076923077,0.0,21,1,0,1,0,0,0,0,0
Oc1c(OC(=O)c2nnc[nH]2)ccc(c1)CCCCO,17/000000141,"InChI=1S/C13H15N3O4/c17-6-2-1-3-9-4-5-11(10(18)7-9)20-13(19)12-14-8-15-16-12/h4-5,7-8,17-18H,1-3,6H2,(H,14,15,16)",C13H15N3O4,277.10625596,1.0444999999999998,4.11,-5.55,3.58,-60,2.824016200249737,1,CONCAT,6,3,108.33,6,13,4,3,0.65,0.2,0.15,0.3076923076923077,0.0,20,2,0,2,1,0,1,0,0
ONCC(=O)Cc1nnc(s1)CC(=O)OC,1/000000272,"InChI=1S/C8H11N3O4S/c1-15-8(13)3-7-11-10-6(16-7)2-5(12)4-9-14/h9,14H,2-4H2,1H3",C8H11N3O4S,245.047026832,-0.6560000000000004,4.11,-1.25,3.58,-20,3.0223991746490313,1,CONCAT,8,2,101.41000000000001,6,8,4,3,0.5,0.25,0.1875,0.5,0.0,16,1,0,1,1,0,1,0,0
Sc1c(cc(cc1O)Br)n1nc(cc1N)/C=C/C,15/000000166,"InChI=1S/C12H12BrN3OS/c1-2-3-8-6-11(14)16(15-8)9-4-7(13)5-10(17)12(9)18/h2-6,17-18H,14H2,1H3/b3-2+",C12H12N3OSBr,324.98844510400005,3.2444000000000006,4.11,-8.48,2.35,-160,3.502866917357691,1,CONCAT,5,3,64.07,2,12,1,3,0.6666666666666666,0.05555555555555555,0.16666666666666666,0.08333333333333333,0.0,18,2,0,2,1,0,1,0,0
Oc1cccc(c1)CC(=O)Nc1cc(N)c(c(c1)N)F,28/000000099,"InChI=1S/C14H14FN3O2/c15-14-11(16)6-9(7-12(14)17)18-13(20)5-8-2-1-3-10(19)4-8/h1-4,6-7,19H,5,16-17H2,(H,18,20)",C14H14N3O2F,275.10700490799996,1.8768999999999998,4.11,-5.02,3.58,-20,2.239537054132697,1,CONCAT,4,4,101.36999999999999,3,14,2,3,0.7,0.1,0.15,0.07142857142857142,0.0,20,2,0,2,0,0,0,0,0
[nH]1c(nnc1[C@@H](n1nc[nH]c1=O)Cl)CCOCCC,26/000000044,"InChI=1S/C10H15ClN6O2/c1-2-4-19-5-3-7-14-9(16-15-7)8(11)17-10(18)12-6-13-17/h6,8H,2-5H2,1H3,(H,12,13,18)(H,14,15,16)/t8-/m1/s1",C10H15N6O2Cl,286.0945014,0.4442999999999995,4.11,2.44,22.0,-190,4.243905860597723,1,CONCAT,6,2,101.48,7,10,2,6,0.5263157894736842,0.10526315789473684,0.3157894736842105,0.6,0.1,19,2,0,2,2,0,2,0,0
c1nc(c[nH]1)/C=c\1/sc2c([nH]1)cc(cc2)CC(=O)NC,30/000000080,"InChI=1S/C14H14N4OS/c1-15-13(19)5-9-2-3-12-11(4-9)18-14(20-12)6-10-7-16-8-17-10/h2-4,6-8,18H,5H2,1H3,(H,15,19)(H,16,17)/b14-6+",C14H14N4OS,286.088832068,2.2143999999999995,4.11,-1.32,3.58,-100,3.259126935974993,1,CONCAT,4,3,69.81,3,14,1,4,0.7,0.05,0.2,0.14285714285714285,0.0,20,3,1,2,2,1,1,0,0
OC[C@H]1NC(=CC1)C(=O)NC(=S)/C=C\c1nnc([nH]1)CC=C,23/000000009,"InChI=1S/C14H17N5O2S/c1-2-3-11-16-12(19-18-11)6-7-13(22)17-14(21)10-5-4-9(8-20)15-10/h2,5-7,9,15,20H,1,3-4,8H2,(H,16,18,19)(H,17,21,22)/b7-6-/t9-/m0/s1",C14H17N5O2S,319.110295784,0.2280999999999998,4.11,-2.23,3.58,-150,4.677770596840608,1,CONCAT,6,4,102.93,6,14,2,5,0.6363636363636364,0.09090909090909091,0.22727272727272727,0.2857142857142857,0.07142857142857142,22,2,1,1,2,1,1,0,0
Sc1ccc(c(c1C(=C)C)[C@@H](c1nonc1)O)F,14/000000001,"InChI=1S/C12H11FN2O2S/c1-6(2)10-9(18)4-3-7(13)11(10)12(16)8-5-14-17-15-8/h3-5,12,16,18H,1H2,2H3/t12-/m1/s1",C12H11N2O2SF,266.052526812,2.612200000000001,4.11,-5.01,21.0,-190,4.118796675875166,1,CONCAT,5,2,59.150000000000006,3,12,2,2,0.6666666666666666,0.1111111111111111,0.1111111111111111,0.16666666666666666,0.08333333333333333,18,2,0,2,1,0,1,0,0
Oc1cccc(c1OC(=O)c1nc(=O)o[nH]1)O,17/000001376,"InChI=1S/C9H6N2O6/c12-4-2-1-3-5(13)6(4)16-8(14)7-10-9(15)17-11-7/h1-3,12-13H,(H,10,11,15)",C9H6N2O6,238.022585912,-0.00670000000000015,4.11,0.76,2.22,0,2.98988916776527,1,CONCAT,7,3,125.65000000000002,2,9,6,2,0.5294117647058824,0.35294117647058826,0.11764705882352941,0.0,0.0,17,2,0,2,1,0,1,0,0
OC(=O)[C@H](C)c1cccc(c1O)OC(=O)c1ncoc1,17/000000943,"InChI=1S/C13H11NO6/c1-7(12(16)17)8-3-2-4-10(11(8)15)20-13(18)9-5-19-6-14-9/h2-7,15H,1H3,(H,16,17)/t7-/m1/s1",C13H11NO6,277.05863707200007,1.7874999999999999,4.11,-2.2,3.58,-190,3.2635167684086976,1,CONCAT,6,2,109.86000000000001,4,13,6,1,0.65,0.3,0.05,0.15384615384615385,0.07692307692307693,20,2,0,2,1,0,1,0,0
N(CCCCNCC1=CC[C@H](N1)C[NH3+])C,23/000000004,"InChI=1S/C11H24N4/c1-13-6-2-3-7-14-9-11-5-4-10(8-12)15-11/h5,10,13-15H,2-4,6-9,12H2,1H3/p+1/t10-/m0/s1",C11H25N4,213.20737322008998,-0.9366999999999974,4.11,-2.76,2.22,-190,4.309391824785886,1,CONCAT,3,4,63.73,8,11,0,4,0.7333333333333333,0.0,0.26666666666666666,0.8181818181818182,0.09090909090909091,15,1,1,0,1,1,0,0,0
Oc1ccc(cc1c1ocnc1)O[P@H](=O)O,17/000001111,"InChI=1S/C9H8NO5P/c11-8-2-1-6(15-16(12)13)3-7(8)9-4-10-5-14-9/h1-5,11,16H,(H,12,13)",C9H8NO5P,241.01400898600002,1.8079999999999998,4.11,1.82,3.58,-120,3.843882315498459,1,CONCAT,5,2,92.79,3,9,5,1,0.5625,0.3125,0.0625,0.0,0.0,16,2,0,2,1,0,1,0,0
ONC/C(=C/CC1=CCC=C(O1)/C(=C/C)/CCNC(=O)N)/C,1/000000866,"InChI=1S/C16H25N3O3/c1-3-13(9-10-18-16(17)20)15-6-4-5-14(22-15)8-7-12(2)11-19-21/h3,5-7,19,21H,4,8-11H2,1-2H3,(H3,17,18,20)/b12-7+,13-3+",C16H25N3O3,307.18959166,2.4944000000000006,4.11,-2.06,22.4,-200,4.040062827552457,1,CONCAT,4,4,96.61,8,16,3,3,0.7272727272727273,0.13636363636363635,0.13636363636363635,0.4375,0.0,22,1,1,0,1,1,0,0,0
Sc1nnc([nH]1)[C@@H](COC)N,1/000001105,"InChI=1S/C5H10N4OS/c1-10-2-3(6)4-7-5(11)9-8-4/h3H,2,6H2,1H3,(H2,7,8,9,11)/t3-/m1/s1",C5H10N4OS,174.05753194,-0.2604000000000001,4.11,5.43,2.22,-170,4.2286510995242805,1,CONCAT,5,3,76.82,3,5,1,4,0.45454545454545453,0.09090909090909091,0.36363636363636365,0.6,0.2,11,1,0,1,1,0,1,0,0
OC(=O)CCCCc1c(O)cc(c(c1)c1sc(=N)[nH]c1)S,17/000001635,"InChI=1S/C14H16N2O3S2/c15-14-16-7-12(21-14)9-5-8(10(17)6-11(9)20)3-1-2-4-13(18)19/h5-7,17,20H,1-4H2,(H2,15,16)(H,18,19)",C14H16N2O3S2,324.06023437199997,3.0143700000000018,4.11,-4.89,3.58,-180,3.3976136469573675,1,CONCAT,5,5,97.16999999999999,6,14,3,2,0.6666666666666666,0.14285714285714285,0.09523809523809523,0.2857142857142857,0.0,21,2,0,2,1,0,1,0,0
OC(=O)Cc1cscc1c1cc(Br)cc(c1S)O,15/000000047,"InChI=1S/C12H9BrO3S2/c13-7-2-8(12(17)10(14)3-7)9-5-18-4-6(9)1-11(15)16/h2-5,14,17H,1H2,(H,15,16)",C12H9O3S2Br,343.91764824800003,3.7990000000000017,4.11,-8.15,2.22,-160,3.1679595390217425,1,CONCAT,4,3,57.53,3,12,3,0,0.6666666666666666,0.16666666666666666,0.0,0.08333333333333333,0.0,18,2,0,2,1,0,1,0,0
O[C@@H](Cc1nc(sc1)NC)c1nncs1,18/000000019,"InChI=1S/C8H10N4OS2/c1-9-8-11-5(3-14-8)2-6(13)7-12-10-4-15-7/h3-4,6,13H,2H2,1H3,(H,9,11)/t6-/m0/s1",C8H10N4OS2,242.02960294,1.3124,4.11,2.81,2.22,-170,3.60894066199519,1,CONCAT,7,2,70.93,4,8,1,4,0.5333333333333333,0.06666666666666667,0.26666666666666666,0.375,0.125,15,2,0,2,2,0,2,0,0
Oc1c(O[C@H](c2nnsc2)N)cc(cc1N(=O)=O)CO,15/000000171,"InChI=1S/C10H10N4O5S/c11-10(6-4-20-13-12-6)19-8-2-5(3-15)1-7(9(8)16)14(17)18/h1-2,4,10,15-16H,3,11H2/t10-/m1/s1",C10H10N4O5S,298.03719041999994,0.6804999999999999,4.11,-6.03,2.35,-170,3.694575229947159,1,CONCAT,9,3,144.63,5,10,5,4,0.5,0.25,0.2,0.2,0.1,20,2,0,2,1,0,1,0,0
Oc1c(OC(=O)c2nnn[nH]2)ccc(c1)CSCCN,17/000001291,"InChI=1S/C11H13N5O3S/c12-3-4-20-6-7-1-2-9(8(17)5-7)19-11(18)10-13-15-16-14-10/h1-2,5,17H,3-4,6,12H2,(H,13,14,15,16)",C11H13N5O3S,295.07391027600005,0.3163999999999999,4.11,-4.43,23.7,-40,2.998691503893463,1,CONCAT,8,3,127.01,6,11,3,5,0.55,0.15,0.25,0.2727272727272727,0.0,20,2,0,2,1,0,1,0,0
ONC/C=C/CC1=CCC=C(O1)[C@H](c1ncc[nH]1)C(=O)O,1/000000435,"InChI=1S/C14H17N3O4/c18-14(19)12(13-15-8-9-16-13)11-6-3-5-10(21-11)4-1-2-7-17-20/h1-2,5-6,8-9,12,17,20H,3-4,7H2,(H,15,16)(H,18,19)/b2-1+/t12-/m1/s1",C14H16N3O4,291.121906024,1.6911,4.11,-2.75,4.69,-170,4.497828229813066,1,CONCAT,5,4,107.46999999999998,7,14,4,3,0.6666666666666666,0.19047619047619047,0.14285714285714285,0.2857142857142857,0.07142857142857142,21,2,1,1,2,1,1,0,0
ONCC(=O)Cc1nnc(s1)/C=C/C,1/000000890,"InChI=1S/C8H11N3O2S/c1-2-3-7-10-11-8(14-7)4-6(12)5-9-13/h2-3,9,13H,4-5H2,1H3/b3-2+",C8H11N3O2S,213.057197592,0.6615999999999997,4.11,-1.53,2.22,-20,3.602982360840067,1,CONCAT,6,2,75.11,5,8,2,3,0.5714285714285714,0.14285714285714285,0.21428571428571427,0.375,0.0,14,1,0,1,1,0,1,0,0
Oc1ccc(c(c1)C(=O)O)C(=O)CCCN,12/000000026,"InChI=1S/C11H13NO4/c12-5-1-2-10(14)8-4-3-7(13)6-9(8)11(15)16/h3-4,6,13H,1-2,5,12H2,(H,15,16)",C11H13NO4,223.084457896,1.012,4.11,-6.31,3.58,-40,2.128473698961928,1,CONCAT,4,3,100.61999999999999,5,11,4,1,0.6875,0.25,0.0625,0.2727272727272727,0.0,16,1,0,1,0,0,0,0,0
O[C@@H](C(=O)NCC1=NCCO1)C(=C)c1ccccc1,17/000001671,"InChI=1S/C14H16N2O3/c1-10(11-5-3-2-4-6-11)13(17)14(18)16-9-12-15-7-8-19-12/h2-6,13,17H,1,7-9H2,(H,16,18)/t13-/m1/s1",C14H16N2O3,260.116092372,0.6055999999999997,4.11,-2.76,3.58,-150,3.4317827836746453,1,CONCAT,4,2,70.92,5,14,3,2,0.7368421052631579,0.15789473684210525,0.10526315789473684,0.2857142857142857,0.07142857142857142,19,2,1,1,1,1,0,0,0
Oc1ccc(c(c1)C(=O)O)/C=C/N(=O)=O,12/000000073,"InChI=1S/C9H7NO5/c11-7-2-1-6(3-4-10(14)15)8(5-7)9(12)13/h1-5,11H,(H,12,13)/b4-3+",C9H7NO5,209.032422324,1.3377999999999999,4.1,-3.98,2.22,-20,2.537985426496226,1,CONCAT,4,2,100.66999999999999,3,9,5,1,0.6,0.3333333333333333,0.06666666666666667,0.0,0.0,15,1,0,1,0,0,0,0,0
ONC/C=C/CC1=C[C@H](C=CO1)N(CO)C,1/000000865,"InChI=1S/C11H18N2O3/c1-13(9-14)10-5-7-16-11(8-10)4-2-3-6-12-15/h2-3,5,7-8,10,12,14-15H,4,6,9H2,1H3/b3-2+/t10-/m0/s1",C11H18N2O3,226.131742436,0.5894999999999999,4.1,-2.49,3.58,-190,4.8504669308830755,1,CONCAT,5,3,64.96,6,11,3,2,0.6875,0.1875,0.125,0.45454545454545453,0.09090909090909091,16,1,1,0,1,1,0,0,0
SSC/C=C/CCCc1occ(c1)/C(=C\CC)/C(=O)O,4/000000004,"InChI=1S/C15H20O3S2/c1-2-7-14(15(16)17)12-10-13(18-11-12)8-5-3-4-6-9-20-19/h4,6-7,10-11,19H,2-3,5,8-9H2,1H3,(H,16,17)/b6-4+,14-7+",C15H20O3S2,312.0853864999999,4.614500000000004,4.1,1.07,3.72,-190,3.618725960226603,1,CONCAT,4,2,50.44,9,15,3,0,0.75,0.15,0.0,0.4,0.0,20,1,0,1,1,0,1,0,0
C#C[C@](CCl)(c1ccc(c(c1)O)OC(=O)c1nnc[nH]1)N,17/000001048,"InChI=1S/C13H11ClN4O3/c1-2-13(15,6-14)8-3-4-10(9(19)5-8)21-12(20)11-16-7-17-18-11/h1,3-5,7,19H,6,15H2,(H,16,17,18)/t13-/m0/s1",C13H11N4O3Cl,306.05196789200005,0.7555000000000003,4.1,-5.57,24.0,-190,4.109316452624738,1,CONCAT,6,3,114.11999999999999,4,13,3,4,0.6190476190476191,0.14285714285714285,0.19047619047619047,0.15384615384615385,0.07692307692307693,21,2,0,2,1,0,1,0,0
S[C@H](CN)Nc1ncc(cn1)Cn1nc(cc1)CBr,1/000000690,"InChI=1S/C11H15BrN6S/c12-3-9-1-2-18(17-9)7-8-5-14-11(15-6-8)16-10(19)4-13/h1-2,5-6,10,19H,3-4,7,13H2,(H,14,15,16)/t10-/m1/s1",C11H15N6SBr,342.02622758,1.2427999999999995,4.1,-1.17,20.6,-150,3.750877655469517,1,CONCAT,7,3,81.64999999999999,6,11,0,6,0.5789473684210527,0.0,0.3157894736842105,0.36363636363636365,0.09090909090909091,19,2,0,2,2,0,2,0,0
SSC/C=C/[C@H](CCc1ccncc1)CO,4/000000003,"InChI=1S/C12H17NOS2/c14-10-12(2-1-9-16-15)4-3-11-5-7-13-8-6-11/h1-2,5-8,12,14-15H,3-4,9-10H2/b2-1+/t12-/m1/s1",C12H17NOS2,255.075156164,2.7569000000000012,4.1,4.64,2.22,-150,3.70886994091652,1,CONCAT,4,2,33.120000000000005,7,12,1,1,0.75,0.0625,0.0625,0.4166666666666667,0.08333333333333333,16,1,0,1,1,0,1,0,0
Sc1cc(c(cc1/C=C/[C@@H](CN)N)Br)CC=C,15/000000050,"InChI=1S/C13H17BrN2S/c1-2-3-9-7-13(17)10(6-12(9)14)4-5-11(16)8-15/h2,4-7,11,17H,1,3,8,15-16H2/b5-4+/t11-/m0/s1",C13H17N2SBr,312.029581644,2.7655000000000003,4.1,-6.05,3.58,-190,4.098329853428812,1,CONCAT,3,3,52.04,5,13,0,2,0.7647058823529411,0.0,0.11764705882352941,0.23076923076923078,0.07692307692307693,17,1,0,1,0,0,0,0,0
O[C@@H](Cc1cc(OC(=O)C(=O)O)c(cc1)O)C,17/000000879,"InChI=1S/C11H12O6/c1-6(12)4-7-2-3-8(13)9(5-7)17-11(16)10(14)15/h2-3,5-6,12-13H,4H2,1H3,(H,14,15)/t6-/m1/s1",C11H11O6,240.063388104,0.3055000000000001,4.1,-4.08,3.58,-170,2.793120421990684,1,CONCAT,5,3,104.06,3,11,6,0,0.6470588235294118,0.35294117647058826,0.0,0.2727272727272727,0.09090909090909091,17,1,0,1,0,0,0,0,0
Oc1ccc(c(c1)C/C=C/C/C=C\C(=O)[C@@H]1CN=CNC1)Cl,25/000000002,"InChI=1S/C17H19ClN2O2/c18-16-8-7-15(21)9-13(16)5-3-1-2-4-6-17(22)14-10-19-12-20-11-14/h1,3-4,6-9,12,14,21H,2,5,10-11H2,(H,19,20)/b3-1+,6-4-",C17H19N2O2Cl,318.113505528,2.907400000000001,4.1,-4.12,3.58,-150,3.901013241292928,1,CONCAT,4,2,61.69,6,17,2,2,0.7727272727272727,0.09090909090909091,0.09090909090909091,0.29411764705882354,0.058823529411764705,22,2,1,1,1,1,0,0,0
c1nc2c(n1CCN)CN[C@H](N2)CCl,1/000000078,"InChI=1S/C8H14ClN5/c9-3-7-11-4-6-8(13-7)12-5-14(6)2-1-10/h5,7,11,13H,1-4,10H2/t7-/m1/s1",C8H14N5Cl,215.09377312799998,-0.07819999999999999,4.1,6.32,3.58,-190,4.352407118149958,1,CONCAT,5,3,67.9,3,8,0,5,0.5714285714285714,0.0,0.35714285714285715,0.625,0.125,14,2,1,1,2,1,1,0,0
Sc1nnc([nH]1)[C@](COCCS)(C)O,1/000001085,"InChI=1S/C7H13N3O2S2/c1-7(11,4-12-2-3-13)5-8-6(14)10-9-5/h11,13H,2-4H2,1H3,(H2,8,9,10,14)/t7-/m1/s1",C7H13N3O2S2,235.044918656,0.24730000000000002,4.1,3.99,3.58,-170,4.547533859040646,1,CONCAT,6,4,71.03,5,7,2,3,0.5,0.14285714285714285,0.21428571428571427,0.7142857142857143,0.14285714285714285,14,1,0,1,1,0,1,0,0
ONC/C=C\C[C@@H](Cc1nnsc1)c1nonc1,1/000000885,"InChI=1S/C10H13N5O2S/c16-11-4-2-1-3-8(10-6-12-17-14-10)5-9-7-18-15-13-9/h1-2,6-8,11,16H,3-5H2/b2-1-/t8-/m0/s1",C10H13N5O2S,267.078995656,1.1725,4.1,-3.94,3.58,-150,4.580243025213159,1,CONCAT,8,2,96.96000000000001,7,10,2,5,0.5555555555555556,0.1111111111111111,0.2777777777777778,0.4,0.1,18,2,0,2,2,0,2,0,0
O[C@@H](CC1=CCNN1)/C=C/c1cc(Br)cc(c1S)O,15/000000202,"InChI=1S/C13H15BrN2O2S/c14-9-5-8(13(19)12(18)6-9)1-2-11(17)7-10-3-4-15-16-10/h1-3,5-6,11,15-19H,4,7H2/b2-1+/t11-/m1/s1",C13H15N2O2SBr,342.00376082,2.199300000000001,4.1,-8.78,2.22,-190,4.363648385996851,1,CONCAT,5,5,64.52,4,13,2,2,0.6842105263157895,0.10526315789473684,0.10526315789473684,0.23076923076923078,0.07692307692307693,19,2,1,1,1,1,0,0,0
Oc1ccc(cc1c1nnc([nH]1)S)F,16/000000001,"InChI=1S/C8H6FN3OS/c9-4-1-2-6(13)5(3-4)7-10-8(14)12-11-7/h1-3,13H,(H2,10,11,12,14)",C8H6N3OSF,211.021561032,1.6051,4.1,-5.0,16.0,-140,3.0789515916092975,1,CONCAT,4,3,61.800000000000004,1,8,1,3,0.5714285714285714,0.07142857142857142,0.21428571428571427,0.0,0.0,14,2,0,2,1,0,1,0,0
ON[C@H](c1coc(c1)CC(=O)OCC=C)S,1/000000518,"InChI=1S/C10H13NO4S/c1-2-3-14-9(12)5-8-4-7(6-15-8)10(16)11-13/h2,4,6,10-11,13,16H,1,3,5H2/t10-/m0/s1",C10H13NO4S,243.056528896,1.4585,4.1,-1.85,4.81,-150,4.022850497316641,1,CONCAT,6,3,71.7,6,10,4,1,0.625,0.25,0.0625,0.3,0.1,16,1,0,1,1,0,1,0,0
N=C1CC[C@@H](C1)/C=C/Cc1c(F)cc(c(c1)O)N=O,16/000000031,"InChI=1S/C14H15FN2O2/c15-12-8-13(17-19)14(18)7-10(12)3-1-2-9-4-5-11(16)6-9/h1-2,7-9,16,18H,3-6H2/b2-1+,16-11-/t9-/m0/s1",C14H15N2O2F,262.11175594,3.847770000000003,4.1,-8.75,3.58,-190,4.127226615314703,1,CONCAT,4,2,73.50999999999999,4,14,2,2,0.7368421052631579,0.10526315789473684,0.10526315789473684,0.35714285714285715,0.07142857142857142,19,2,1,1,0,0,0,0,0
ON[C@H](c1coc(c1)CC[NH+]1CCCCC1)S,1/000000485,"InChI=1S/C12H20N2O2S/c15-13-12(17)10-8-11(16-9-10)4-7-14-5-2-1-3-6-14/h8-9,12-13,15,17H,1-7H2/p+1/t12-/m0/s1",C12H21N2O2S,257.13182533209,0.7980999999999996,4.1,-3.41,3.58,-190,5.359469181802302,1,CONCAT,4,4,49.839999999999996,5,12,2,2,0.7058823529411765,0.11764705882352941,0.11764705882352941,0.6666666666666666,0.08333333333333333,17,2,1,1,2,1,1,0,0
OCc1ccc(c2c1sc(=C)[nH]2)OS(=O)=O,30/000000009,"InChI=1S/C9H9NO4S2/c1-5-10-8-7(14-16(12)13)3-2-6(4-11)9(8)15-5/h2-3,10-11,16H,1,4H2",C9H9NO4S2,258.997299768,1.0729,4.09,-2.71,17.4,-40,4.129056167656023,1,CONCAT,6,3,75.63,3,9,4,1,0.5625,0.25,0.0625,0.1111111111111111,0.0,16,2,1,1,1,1,0,0,0
Sc1nnc(o1)C/C=C/c1oc(nc1)C1=CCCN1,23/000000002,"InChI=1S/C12H12N4O2S/c19-12-16-15-10(18-12)5-1-3-8-7-14-11(17-8)9-4-2-6-13-9/h1,3-4,7,13H,2,5-6H2,(H,16,19)/b3-1+",C12H12N4O2S,276.068096624,1.9364,4.09,-2.46,3.58,-100,3.9906959215464943,1,CONCAT,7,2,76.98,4,12,2,4,0.631578947368421,0.10526315789473684,0.21052631578947367,0.25,0.0,19,3,1,2,3,1,2,0,0
O[C@H](CC#CC)c1n[nH]nc1CC(=O)O,1/000000248,"InChI=1S/C9H11N3O3/c1-2-3-4-7(13)9-6(5-8(14)15)10-12-11-9/h7,13H,4-5H2,1H3,(H,14,15)(H,10,11,12)/t7-/m1/s1",C9H11N3O3,209.080041212,-0.12140000000000001,4.09,3.41,2.48,-170,3.938445195351793,1,CONCAT,4,3,99.10000000000001,4,9,3,3,0.6,0.2,0.2,0.4444444444444444,0.1111111111111111,15,1,0,1,1,0,1,0,0
Oc1nc(nc2c1nn[nH]2)CNCCOCC,28/000000009,"InChI=1S/C9H14N6O2/c1-2-17-4-3-10-5-6-11-8-7(9(16)12-6)13-15-14-8/h10H,2-5H2,1H3,(H2,11,12,13,14,15,16)",C9H14N6O2,238.117823688,-0.42040000000000055,4.09,-0.08,17.2,-60,3.3080916995799603,1,CONCAT,7,3,108.84000000000002,6,9,2,6,0.5294117647058824,0.11764705882352941,0.35294117647058826,0.5555555555555556,0.0,17,2,0,2,2,0,2,0,0
Sc1c(OP(O)(O)O)ccc2c1[nH]c(=C)s2,30/000000076,"InChI=1S/C8H10NO4PS2/c1-4-9-7-6(16-4)3-2-5(8(7)15)13-14(10,11)12/h2-3,9-12,14-15H,1H2",C8H7NO4PS2,278.97888643,1.7296999999999998,4.09,-3.07,18.8,-40,4.829732732951195,1,CONCAT,7,5,81.95,2,8,4,1,0.5,0.25,0.0625,0.0,0.0,16,2,1,1,1,1,0,0,0
Sc1cccc(c1O)OC(=O)c1ncoc1,17/000000262,"InChI=1S/C10H7NO4S/c12-9-7(2-1-3-8(9)16)15-10(13)6-4-14-5-11-6/h1-5,12,16H",C10H7NO4S,237.009578704,1.8880999999999992,4.09,-1.2,2.22,0,3.0670838599637165,1,CONCAT,6,2,72.56,2,10,4,1,0.625,0.25,0.0625,0.0,0.0,16,2,0,2,1,0,1,0,0
N1N=C(/C(=C/CBr)/C1=O)C(=O)CN,1/000000362,"InChI=1S/C7H8BrN3O2/c8-2-1-4-6(5(12)3-9)10-11-7(4)13/h1H,2-3,9H2,(H,11,13)/b4-1-",C7H8N3O2Br,244.979988596,-0.6787000000000001,4.09,7.97,2.35,0,3.8819311785802553,1,CONCAT,4,2,84.55,3,7,2,3,0.5384615384615384,0.15384615384615385,0.23076923076923078,0.2857142857142857,0.0,13,1,1,0,1,1,0,0,0
Oc1c(S)c(cc(c1)Br)/C=C/[C@H](CCO)O,15/000000239,"InChI=1S/C11H13BrO3S/c12-8-5-7(11(16)10(15)6-8)1-2-9(14)3-4-13/h1-2,5-6,9,13-16H,3-4H2/b2-1+/t9-/m1/s1",C11H13O3SBr,303.97687737599995,2.1999000000000013,4.09,-8.48,2.22,-190,3.6911019934948817,1,CONCAT,4,4,60.69,4,11,3,0,0.6875,0.1875,0.0,0.2727272727272727,0.09090909090909091,16,1,0,1,0,0,0,0,0
ONC/C=C/CC1=C[C@@H](C=C(O1)Cc1noc(c1C)N)CO,1/000000557,"InChI=1S/C15H21N3O4/c1-10-14(18-22-15(10)16)8-13-7-11(9-19)6-12(21-13)4-2-3-5-17-20/h2-3,6-7,11,17,19-20H,4-5,8-9,16H2,1H3/b3-2+/t11-/m0/s1",C15H21N3O4,307.153206152,1.43932,4.09,-2.04,24.0,-190,4.703508810240111,1,CONCAT,7,4,113.77,7,15,4,3,0.6818181818181818,0.18181818181818182,0.13636363636363635,0.4,0.06666666666666667,22,2,1,1,2,1,1,0,0
Sc1nnc([nH]1)CCOC[C@H](CC)n1ncoc1=S,1/000001111,"InChI=1S/C10H15N5O2S2/c1-2-7(15-10(19)17-6-11-15)5-16-4-3-8-12-9(18)14-13-8/h6-7H,2-5H2,1H3,(H2,12,13,14,18)/t7-/m0/s1",C10H15N5O2S2,301.06671672,1.82279,4.09,-0.37,3.58,-170,4.478739193931055,1,CONCAT,8,2,81.76,7,10,2,5,0.5263157894736842,0.10526315789473684,0.2631578947368421,0.6,0.1,19,2,0,2,2,0,2,0,0
Oc1c(ccc(c1SCC)N)Nc1nncs1,6/000000044,"InChI=1S/C10H12N4OS2/c1-2-16-9-6(11)3-4-7(8(9)15)13-10-14-12-5-17-10/h3-5,15H,2,11H2,1H3,(H,13,14)",C10H12N4OS2,268.045253004,2.6814999999999998,4.09,-3.78,19.3,-40,2.9960281203020944,1,CONCAT,7,3,84.06,4,10,1,4,0.5882352941176471,0.058823529411764705,0.23529411764705882,0.2,0.0,17,2,0,2,1,0,1,0,0
SCc1ccc2c(c1)ccc(c2)Cc1nnc[nH]1,30/000000039,"InChI=1S/C14H13N3S/c18-8-11-2-4-12-5-10(1-3-13(12)6-11)7-14-15-9-16-17-14/h1-6,9,18H,7-8H2,(H,15,16,17)",C14H13N3S,255.083018416,2.9785000000000013,4.09,-2.82,15.3,-100,2.847804685788722,1,CONCAT,3,2,41.57,3,14,0,3,0.7777777777777778,0.0,0.16666666666666666,0.14285714285714285,0.0,18,3,0,3,1,0,1,0,0
OCCCC/C=C\C/C=C/[C@@H]1C(=O)NCCN1,27/000000016,"InChI=1S/C13H22N2O2/c16-11-7-5-3-1-2-4-6-8-12-13(17)15-10-9-14-12/h1-2,6,8,12,14,16H,3-5,7,9-11H2,(H,15,17)/b2-1-,8-6+/t12-/m1/s1",C13H22N2O2,238.168127944,0.7394999999999998,4.09,6.13,2.22,-150,3.79171721947891,1,CONCAT,3,3,61.36,7,13,2,2,0.7647058823529411,0.11764705882352941,0.11764705882352941,0.6153846153846154,0.07692307692307693,17,1,1,0,1,1,0,0,0
O[C@@H](CC(=O)N1C=NN=CC1)COc1ncc(cc1)NC,11/000000003,"InChI=1S/C13H17N5O3/c1-14-10-2-3-12(15-7-10)21-8-11(19)6-13(20)18-5-4-16-17-9-18/h2-4,7,9,11,14,19H,5-6,8H2,1H3/t11-/m0/s1",C13H17N5O3,291.133139404,0.10939999999999933,4.09,-0.03,3.58,-170,3.924179768274606,1,CONCAT,7,2,99.41,6,13,3,5,0.6190476190476191,0.14285714285714285,0.23809523809523808,0.38461538461538464,0.07692307692307693,21,2,1,1,2,1,1,0,0
Sc1nnc(o1)Cc1ccc(c(c1)OCCC(=O)NN)F,4/000000005,"InChI=1S/C12H13FN4O3S/c13-8-2-1-7(6-11-16-17-12(21)20-11)5-9(8)19-4-3-10(18)15-14/h1-2,5H,3-4,6,14H2,(H,15,18)(H,17,21)",C12H13N4O3SF,312.0692394960001,0.8470000000000002,4.09,-5.24,3.58,-60,2.721215719519524,1,CONCAT,7,3,103.27,6,12,3,4,0.5714285714285714,0.14285714285714285,0.19047619047619047,0.25,0.0,21,2,0,2,1,0,1,0,0
Oc1ccc(c(c1)C(=O)O)c1onc(n1)CNOC,12/000000012,"InChI=1S/C11H11N3O5/c1-18-12-5-9-13-10(19-14-9)7-3-2-6(15)4-8(7)11(16)17/h2-4,12,15H,5H2,1H3,(H,16,17)",C11H11N3O5,265.06987045200003,0.7913999999999999,4.09,-7.29,5.09,-200,2.677176664859786,1,CONCAT,7,3,117.71000000000001,5,11,5,3,0.5789473684210527,0.2631578947368421,0.15789473684210525,0.18181818181818182,0.0,19,2,0,2,1,0,1,0,0
ONC(=O)c1c(N)ccc(c1O)Nc1nncs1,6/000000032,"InChI=1S/C9H9N5O3S/c10-4-1-2-5(12-9-13-11-3-18-9)7(15)6(4)8(16)14-17/h1-3,15,17H,10H2,(H,12,13)(H,14,16)",C9H9N5O3S,267.042610148,0.6884999999999994,4.09,-3.34,2.22,-40,2.9030049644534532,1,CONCAT,8,5,133.39,3,9,3,5,0.5,0.16666666666666666,0.2777777777777778,0.0,0.0,18,2,0,2,1,0,1,0,0
OC/C=C/[C@H](CNc1ncc(cn1)C/C=C/C)N,1/000000689,"InChI=1S/C13H20N4O/c1-2-3-5-11-8-15-13(16-9-11)17-10-12(14)6-4-7-18/h2-4,6,8-9,12,18H,5,7,10,14H2,1H3,(H,15,16,17)/b3-2+,6-4+/t12-/m1/s1",C13H20N4O,248.16371125999999,0.8828999999999998,4.09,-1.85,3.58,-190,3.77520899464883,1,CONCAT,5,3,84.06,7,13,1,4,0.7222222222222222,0.05555555555555555,0.2222222222222222,0.38461538461538464,0.07692307692307693,18,1,0,1,1,0,1,0,0
Oc1c(OC(=O)c2nnc[nH]2)ccc(c1NC(=O)N)CC[NH3+],17/000000396,"InChI=1S/C12H14N6O4/c13-4-3-6-1-2-7(9(19)8(6)17-12(14)21)22-11(20)10-15-5-16-18-10/h1-2,5,19H,3-4,13H2,(H3,14,17,21)(H,15,16,18)/p+1",C12H15N6O4,307.11492938009,-0.9954999999999996,4.09,-5.18,5.09,-40,3.802267619481839,1,CONCAT,6,5,170.86,5,12,4,6,0.5454545454545454,0.18181818181818182,0.2727272727272727,0.16666666666666666,0.0,22,2,0,2,1,0,1,0,0
Sc1c(cc(cc1O)Br)/C=C/c1ncn(c1)C,15/000000279,"InChI=1S/C12H11BrN2OS/c1-15-6-10(14-7-15)3-2-8-4-9(13)5-11(16)12(8)17/h2-7,16-17H,1H3/b3-2+",C12H11N2OSBr,309.97754607200005,3.3473000000000015,4.09,-6.66,2.22,-80,3.272648251234992,1,CONCAT,4,2,38.050000000000004,2,12,1,2,0.7058823529411765,0.058823529411764705,0.11764705882352941,0.08333333333333333,0.0,17,2,0,2,1,0,1,0,0
Oc1nc(nc2c1nn[nH]2)/C=C/COC(=O)C=C,28/000000034,"InChI=1S/C10H9N5O3/c1-2-7(16)18-5-3-4-6-11-9-8(10(17)12-6)13-15-14-9/h2-4H,1,5H2,(H2,11,12,13,14,15,17)/b4-3+",C10H9N5O3,247.070539148,0.19589999999999974,4.08,-4.65,20.6,-60,3.6871575074398786,1,CONCAT,7,2,113.88000000000002,4,10,3,5,0.5555555555555556,0.16666666666666666,0.2777777777777778,0.1,0.0,18,2,0,2,2,0,2,0,0
OC(=O)CCCCc1c(O)ccc(c1)[C@H](C)C(=O)NO,17/000001585,"InChI=1S/C14H19NO5/c1-9(14(19)15-20)10-6-7-12(16)11(8-10)4-2-3-5-13(17)18/h6-9,16,20H,2-5H2,1H3,(H,15,19)(H,17,18)/t9-/m0/s1",C14H19NO5,281.12632270800003,1.7985,4.08,-1.99,16.6,-170,2.7644880970800276,1,CONCAT,4,4,106.86,7,14,5,1,0.7,0.25,0.05,0.42857142857142855,0.07142857142857142,20,1,0,1,0,0,0,0,0
O[C@H](C[NH3+])c1nnc([nH]1)S,1/000000369,"InChI=1S/C4H8N4OS/c5-1-2(9)3-6-4(10)8-7-3/h2,9H,1,5H2,(H2,6,7,8,10)/p+1/t2-/m1/s1",C4H9N4OS,161.04915832809,-1.6313,4.08,5.26,1.0,-150,5.415485258107692,1,CONCAT,4,4,89.44,2,4,1,4,0.4,0.1,0.4,0.5,0.25,10,1,0,1,1,0,1,0,0
Oc1nc(nc2c1nn[nH]2)C(=C)CCC,28/000000011,"InChI=1S/C9H11N5O/c1-3-4-5(2)7-10-8-6(9(15)11-7)12-14-13-8/h2-4H2,1H3,(H2,10,11,12,13,14,15)",C9H11N5O,205.096359972,1.2668,4.08,-1.63,15.6,-60,3.758364986935785,1,CONCAT,5,2,87.58000000000001,3,9,1,5,0.6,0.06666666666666667,0.3333333333333333,0.3333333333333333,0.0,15,2,0,2,2,0,2,0,0
Oc1ccc(c(c1)C/C=C/C/C=C\C(=O)[C@H](CN)O)Cl,25/000000001,"InChI=1S/C15H18ClNO3/c16-13-8-7-12(18)9-11(13)5-3-1-2-4-6-14(19)15(20)10-17/h1,3-4,6-9,15,18,20H,2,5,10,17H2/b3-1+,6-4-/t15-/m0/s1",C15H18NO3Cl,295.097521116,1.9792999999999998,4.08,-5.65,3.58,-150,3.5347880970800274,1,CONCAT,4,3,83.55,7,15,3,1,0.75,0.15,0.05,0.26666666666666666,0.06666666666666667,20,1,0,1,0,0,0,0,0
ONC/C(=C/CC1=CCC=C(O1)/C(=C/CCCCS)/C)/C,1/000000765,"InChI=1S/C17H27NO2S/c1-14(13-18-19)10-11-16-8-6-9-17(20-16)15(2)7-4-3-5-12-21/h7-10,18-19,21H,3-6,11-13H2,1-2H3/b14-10+,15-7+",C17H27NO2S,309.176250104,4.536100000000004,4.08,-2.32,20.5,-170,4.157256658241817,1,CONCAT,4,3,41.489999999999995,9,17,2,1,0.8095238095238095,0.09523809523809523,0.047619047619047616,0.5294117647058824,0.0,21,1,1,0,1,1,0,0,0
OC(=O)c1cn[nH]c1/C=C/[C@]1(C=C)C=C(CN1)CSC,12/000000064,"InChI=1S/C14H17N3O2S/c1-3-14(6-10(7-15-14)9-20-2)5-4-12-11(13(18)19)8-16-17-12/h3-6,8,15H,1,7,9H2,2H3,(H,16,17)(H,18,19)/b5-4+/t14-/m1/s1",C14H17N3O2S,291.104147784,1.9384999999999997,4.08,-4.53,5.09,-170,4.659607602574534,1,CONCAT,4,3,78.00999999999999,6,14,2,3,0.7,0.1,0.15,0.2857142857142857,0.07142857142857142,20,2,1,1,2,1,1,0,0
ONCC(=O)Cc1nnc(s1)[C@H](CCC)[NH3+],1/000000138,"InChI=1S/C9H16N4O2S/c1-2-3-7(10)9-13-12-8(16-9)4-6(14)5-11-15/h7,11,15H,2-5,10H2,1H3/p+1/t7-/m0/s1",C9H17N4O2S,245.10667320409,-0.2884000000000004,4.08,-1.79,3.58,-170,4.332982315498461,1,CONCAT,6,3,102.75,7,9,2,4,0.5625,0.125,0.25,0.6666666666666666,0.1111111111111111,16,1,0,1,1,0,1,0,0
ON[C@H](/C=C/c1coc(c1)CNC(=C)CN)S,1/000000939,"InChI=1S/C11H17N3O2S/c1-8(5-12)13-6-10-4-9(7-16-10)2-3-11(17)14-15/h2-4,7,11,13-15,17H,1,5-6,12H2/b3-2+/t11-/m0/s1",C11H17N3O2S,255.104147784,1.0895,4.08,-4.38,3.58,-190,4.610351976818834,1,CONCAT,6,5,83.45,7,11,2,3,0.6470588235294118,0.11764705882352941,0.17647058823529413,0.2727272727272727,0.09090909090909091,17,1,0,1,1,0,1,0,0
Oc1cc(N)c(cc1Nc1nncs1)Cn1cnnc1,6/000000016,"InChI=1S/C11H11N7OS/c12-8-2-10(19)9(16-11-17-15-6-20-11)1-7(8)3-18-4-13-14-5-18/h1-2,4-6,19H,3,12H2,(H,16,17)",C11H11N7OS,289.07457897200004,1.2092999999999998,4.08,-5.75,23.4,-60,3.1672887396885203,1,CONCAT,9,3,114.77000000000001,4,11,1,7,0.55,0.05,0.35,0.09090909090909091,0.0,20,3,0,3,2,0,2,0,0
ONC/C=C/CC1=CCC(=CO1)C1=CC=CCN1,1/000000202,"InChI=1S/C14H18N2O2/c17-16-10-4-1-5-13-8-7-12(11-18-13)14-6-2-3-9-15-14/h1-4,6,8,11,15-17H,5,7,9-10H2/b4-1+",C14H18N2O2,246.136827816,2.1429,4.08,-2.77,19.0,-200,4.327467385353309,1,CONCAT,4,3,53.519999999999996,5,14,2,2,0.7777777777777778,0.1111111111111111,0.1111111111111111,0.2857142857142857,0.0,18,2,2,0,2,2,0,0,0
Oc1cc(N)cc(c1Nc1nncs1)NC=C,6/000000015,"InChI=1S/C10H11N5OS/c1-2-12-7-3-6(11)4-8(16)9(7)14-10-15-13-5-17-10/h2-5,12,16H,1,11H2,(H,14,15)",C10H11N5OS,249.068430972,2.1249000000000002,4.08,-4.02,19.2,-20,3.336323312609786,1,CONCAT,7,4,96.09,4,10,1,5,0.5882352941176471,0.058823529411764705,0.29411764705882354,0.0,0.0,17,2,0,2,1,0,1,0,0
Oc1c(OC(=O)c2snnc2)ccc(c1)CO,17/000000304,"InChI=1S/C10H8N2O4S/c13-5-6-1-2-8(7(14)3-6)16-10(15)9-4-11-12-17-9/h1-4,13-14H,5H2",C10H8N2O4S,252.020477736,0.9551999999999998,4.08,-2.01,2.22,0,2.6569617741482503,1,CONCAT,7,2,92.54,3,10,4,2,0.5882352941176471,0.23529411764705882,0.11764705882352941,0.1,0.0,17,2,0,2,1,0,1,0,0
Oc1c(S)c(cc(c1)Br)/C=C/[C@H](Cn1cccc1)O,15/000000207,"InChI=1S/C14H14BrNO2S/c15-11-7-10(14(19)13(18)8-11)3-4-12(17)9-16-5-1-2-6-16/h1-8,12,17-19H,9H2/b4-3+/t12-/m1/s1",C14H14NO2SBr,338.99286178799997,3.3192000000000026,4.08,-8.55,2.22,-190,3.785276252470001,1,CONCAT,4,3,45.39,4,14,2,1,0.7368421052631579,0.10526315789473684,0.05263157894736842,0.14285714285714285,0.07142857142857142,19,2,0,2,1,0,1,0,0
OC(=O)[C@@H](N(c1ccc(c(c1)Cl)Cl)N)c1oncc1,7/000000006,"InChI=1S/C11H9Cl2N3O3/c12-7-2-1-6(5-8(7)13)16(14)10(11(17)18)9-3-4-15-19-9/h1-5,10H,14H2,(H,17,18)/t10-/m0/s1",C11H9N3O3Cl2,301.002096508,2.4874,4.08,-8.37,20.6,-190,3.3690620736154733,1,CONCAT,5,2,92.59,4,11,3,3,0.5789473684210527,0.15789473684210525,0.15789473684210525,0.09090909090909091,0.09090909090909091,19,2,0,2,1,0,1,0,0
ONCC(=O)Cc1nnc(s1)c1[nH]ncc1,1/000000830,"InChI=1S/C8H9N5O2S/c14-5(4-10-15)3-7-12-13-8(16-7)6-1-2-9-11-6/h1-2,10,15H,3-4H2,(H,9,11)",C8H9N5O2S,239.047695528,0.01859999999999934,4.08,-1.35,23.9,-80,3.3153718867195696,1,CONCAT,7,3,103.79,5,8,2,5,0.5,0.125,0.3125,0.25,0.0,16,2,0,2,2,0,2,0,0
Oc1ccc(c(c1)C(=O)O)S[C@@H]1SCNC1,12/000000084,"InChI=1S/C10H11NO3S2/c12-6-1-2-8(7(3-6)10(13)14)16-9-4-11-5-15-9/h1-3,9,11-12H,4-5H2,(H,13,14)/t9-/m0/s1",C10H11NO3S2,257.01803521200003,1.8024999999999998,4.08,-6.45,2.22,-150,3.7943715462676906,1,CONCAT,5,3,69.56,3,10,3,1,0.625,0.1875,0.0625,0.3,0.1,16,2,1,1,1,1,0,0,0
Oc1c(OC(=O)CCCCC=S)c(O)cc(c1)CCC,17/000000530,"InChI=1S/C15H20O4S/c1-2-6-11-9-12(16)15(13(17)10-11)19-14(18)7-4-3-5-8-20/h8-10,16-17H,2-7H2,1H3",C15H20O4S,296.10823012000003,3.5158000000000023,4.08,-0.62,3.58,-40,2.8337183128739554,1,CONCAT,5,2,66.76,8,15,4,0,0.75,0.2,0.0,0.4666666666666667,0.0,20,1,0,1,0,0,0,0,0
Oc1c(O[C@H](c2nnsc2)N)cc(cc1C=C)CO,15/000000170,"InChI=1S/C12H13N3O3S/c1-2-8-3-7(5-16)4-10(11(8)17)18-12(13)9-6-19-15-14-9/h2-4,6,12,16-17H,1,5,13H2/t12-/m1/s1",C12H13N3O3S,279.067762276,1.4153,4.08,-5.25,20.9,-190,3.921059997027331,1,CONCAT,7,3,101.49000000000001,5,12,3,3,0.631578947368421,0.15789473684210525,0.15789473684210525,0.16666666666666666,0.08333333333333333,19,2,0,2,1,0,1,0,0
Sc1cc(c2sccn2)c(c(c1)CO)CO,14/000000008,"InChI=1S/C11H11NO2S2/c13-5-7-3-8(15)4-9(10(7)6-14)11-12-1-2-16-11/h1-4,13-15H,5-6H2",C11H11NO2S2,253.023120592,2.0834000000000015,4.08,-6.35,17.2,-140,3.110256167656024,1,CONCAT,5,3,53.35000000000001,3,11,2,1,0.6875,0.125,0.0625,0.18181818181818182,0.0,16,2,0,2,1,0,1,0,0
Sc1nnc([nH]1)CCCCC#C[C@H](NC(=O)N)C1=NCON1,1/000001112,"InChI=1S/C12H17N7O2S/c13-11(20)15-8(10-14-7-21-19-10)5-3-1-2-4-6-9-16-12(22)18-17-9/h8H,1-2,4,6-7H2,(H,14,19)(H3,13,15,20)(H2,16,17,18,22)/t8-/m0/s1",C12H17N7O2S,323.116443784,-0.26269999999999966,4.08,-0.51,6.72,-150,4.749307746787435,1,CONCAT,7,5,130.31,6,12,2,7,0.5454545454545454,0.09090909090909091,0.3181818181818182,0.5,0.08333333333333333,22,2,1,1,2,1,1,0,0
OC(=O)[C@@H](C#CCc1cc(Cl)c(c(c1)CS)Cl)N=O,8/000000037,"InChI=1S/C12H9Cl2NO3S/c13-9-5-7(4-8(6-19)11(9)14)2-1-3-10(15-18)12(16)17/h4-5,10,19H,2,6H2,(H,16,17)/t10-/m1/s1",C12H9NO3SCl2,316.968019508,3.188700000000002,4.07,-5.17,2.35,-190,3.995289571004962,1,CONCAT,4,2,66.72999999999999,4,12,3,1,0.631578947368421,0.15789473684210525,0.05263157894736842,0.25,0.08333333333333333,19,1,0,1,0,0,0,0,0
O=NCc1nnc([nH]1)c1nnc([nH]1)C/C=C/C,21/000000026,"InChI=1S/C9H11N7O/c1-2-3-4-6-11-8(15-13-6)9-12-7(5-10-17)14-16-9/h2-3H,4-5H2,1H3,(H,11,13,15)(H,12,14,16)/b3-2+",C9H11N7O,233.10250797199998,0.9747999999999999,4.07,10.08,24.0,-100,4.150610380898641,1,CONCAT,6,2,112.57,5,9,1,7,0.5294117647058824,0.058823529411764705,0.4117647058823529,0.3333333333333333,0.0,17,2,0,2,2,0,2,0,0
Oc1cc(OC)c(cc1c1nnc[nH]1)F,16/000000047,"InChI=1S/C9H8FN3O2/c1-15-8-3-7(14)5(2-6(8)10)9-11-4-12-13-9/h2-4,14H,1H3,(H,11,12,13)",C9H8N3O2F,209.060054716,1.3249999999999997,4.07,-3.7,15.3,-140,2.9797232286940254,1,CONCAT,4,2,71.03,2,9,2,3,0.6,0.13333333333333333,0.2,0.1111111111111111,0.0,15,2,0,2,1,0,1,0,0
OC[C@H](Cc1nnc([nH]1)S)[NH3+],1/000001133,"InChI=1S/C5H10N4OS/c6-3(2-10)1-4-7-5(11)9-8-4/h3,10H,1-2,6H2,(H2,7,8,9,11)/p+1/t3-/m0/s1",C5H11N4OS,175.06480839209,-1.7612999999999999,4.07,4.99,2.22,-150,5.292063407216588,1,CONCAT,4,4,89.44,3,5,1,4,0.45454545454545453,0.09090909090909091,0.36363636363636365,0.6,0.2,11,1,0,1,1,0,1,0,0
[nH]1c(nnc1C/C=C/CC)c1nnc([nH]1)CNCN,21/000000013,"InChI=1S/C11H18N8/c1-2-3-4-5-8-14-10(18-16-8)11-15-9(17-19-11)6-13-7-12/h3-4,13H,2,5-7,12H2,1H3,(H,14,16,18)(H,15,17,19)/b4-3+",C11H18N8,262.165442576,0.10430000000000061,4.07,11.31,23.8,-100,3.971636915552489,1,CONCAT,6,4,121.18999999999998,7,11,0,8,0.5789473684210527,0.0,0.42105263157894735,0.45454545454545453,0.0,19,2,0,2,2,0,2,0,0
C(=C)CC[C@@H]([NH3+])C1=NNC(=O)C1=C,1/000000959,"InChI=1S/C9H13N3O/c1-3-4-5-7(10)8-6(2)9(13)12-11-8/h3,7H,1-2,4-5,10H2,(H,12,13)/p+1/t7-/m1/s1",C9H14N3O,180.11313848809,-0.3948999999999996,4.07,5.31,2.22,-150,4.924596007741371,1,CONCAT,2,2,69.1,4,9,1,3,0.6923076923076923,0.07692307692307693,0.23076923076923078,0.3333333333333333,0.1111111111111111,13,1,1,0,1,1,0,0,0
Sc1nnc([nH]1)C/C=C\C(=O)[C@@H]1C(=O)NCCN1,27/000000018,"InChI=1S/C10H13N5O2S/c16-6(8-9(17)12-5-4-11-8)2-1-3-7-13-10(18)15-14-7/h1-2,8,11H,3-5H2,(H,12,17)(H2,13,14,15,18)/b2-1-/t8-/m1/s1",C10H13N5O2S,267.078995656,-1.1507999999999994,4.07,4.9,2.22,-150,4.48264157383435,1,CONCAT,6,4,99.77000000000001,4,10,2,5,0.5555555555555556,0.1111111111111111,0.2777777777777778,0.4,0.1,18,2,1,1,2,1,1,0,0
Sc1nnc(o1)[C@@H](c1oc(cc1)Br)ON,26/000000118,"InChI=1S/C7H6BrN3O3S/c8-4-2-1-3(12-4)5(14-9)6-10-11-7(15)13-6/h1-2,5H,9H2,(H,11,15)/t5-/m1/s1",C7H6N3O3SBr,290.931324152,1.6934999999999998,4.07,6.59,21.8,-150,4.120107618294703,1,CONCAT,7,2,87.31,3,7,3,3,0.4666666666666667,0.2,0.2,0.14285714285714285,0.14285714285714285,15,2,0,2,2,0,2,0,0
Oc1c(OC(=O)c2ncoc2)cccc1C[C@H](CC)N,17/000000944,"InChI=1S/C14H16N2O4/c1-2-10(15)6-9-4-3-5-12(13(9)17)20-14(18)11-7-19-8-16-11/h3-5,7-8,10,17H,2,6,15H2,1H3/t10-/m0/s1",C14H16N2O4,276.111006992,1.8791999999999998,4.07,-2.19,3.58,-190,3.2159284816954123,1,CONCAT,6,2,98.58,5,14,4,2,0.7,0.2,0.1,0.2857142857142857,0.07142857142857142,20,2,0,2,1,0,1,0,0
ONC/C(=C/CC1=CCC=C(O1)[C@@H](CN)N)/C,1/000000560,"InChI=1S/C12H21N3O2/c1-9(8-15-16)5-6-10-3-2-4-12(17-10)11(14)7-13/h3-5,11,15-16H,2,6-8,13-14H2,1H3/b9-5+/t11-/m1/s1",C12H21N3O2,239.163376912,0.7757000000000001,4.07,-2.26,3.72,-170,4.676884219044695,1,CONCAT,5,4,93.52999999999999,6,12,2,3,0.7058823529411765,0.11764705882352941,0.17647058823529413,0.5,0.08333333333333333,17,1,1,0,1,1,0,0,0
ONC/C=C\Cc1ccc(cc1)[C@H](CC)O,1/000000068,"InChI=1S/C13H19NO2/c1-2-13(15)12-8-6-11(7-9-12)5-3-4-10-14-16/h3-4,6-9,13-16H,2,5,10H2,1H3/b4-3-/t13-/m0/s1",C13H19NO2,221.141578848,2.207500000000001,4.07,-2.9,2.22,-190,3.094854623190768,1,CONCAT,3,3,52.489999999999995,6,13,2,1,0.8125,0.125,0.0625,0.38461538461538464,0.07692307692307693,16,1,0,1,0,0,0,0,0
O[C@](Cc1nnc(o1)CC(=O)C1=NNC(=O)C1=C)(CO)CF,1/000000624,"InChI=1S/C12H13FN4O5/c1-6-10(16-17-11(6)20)7(19)2-8-14-15-9(22-8)3-12(21,4-13)5-18/h18,21H,1-5H2,(H,17,20)/t12-/m0/s1",C12H13N4O5F,312.086997736,-1.5413999999999994,4.07,1.85,3.58,-150,4.341750274259962,1,CONCAT,8,3,137.91,7,12,5,4,0.5454545454545454,0.22727272727272727,0.18181818181818182,0.4166666666666667,0.08333333333333333,22,2,1,1,2,1,1,0,0
OC(=O)CCc1occ(n1)c1scc(c1CN)Br,8/000000062,"InChI=1S/C11H11BrN2O3S/c12-7-5-18-11(6(7)3-13)8-4-17-9(14-8)1-2-10(15)16/h4-5H,1-3,13H2,(H,15,16)",C11H11N2O3SBr,329.967375312,2.6414999999999997,4.07,-3.04,23.2,-100,3.123684964453454,1,CONCAT,5,2,89.35,5,11,3,2,0.6111111111111112,0.16666666666666666,0.1111111111111111,0.2727272727272727,0.0,18,2,0,2,2,0,2,0,0
Oc1cc(Br)cc(c1S)[C@H](c1c(Br)occ1)C=C,15/000000065,"InChI=1S/C13H10Br2O2S/c1-2-8(9-3-4-17-13(9)15)10-5-7(14)6-11(16)12(10)18/h2-6,8,16,18H,1H2/t8-/m0/s1",C13H10O2SBr2,387.87682476,5.116800000000003,4.07,-7.12,18.3,-190,4.10390217038066,1,CONCAT,3,2,33.370000000000005,3,13,2,0,0.7222222222222222,0.1111111111111111,0.0,0.07692307692307693,0.07692307692307693,18,2,0,2,1,0,1,0,0
Oc1c(S)c(C(=O)OCCOC(=O)CO)cc(c1)Br,15/000000135,"InChI=1S/C11H11BrO6S/c12-6-3-7(10(19)8(14)4-6)11(16)18-2-1-17-9(15)5-13/h3-4,13-14,19H,1-2,5H2",C11H11O6SBr,349.94597117200004,1.1357,4.07,-6.85,3.58,-60,2.8436742828910333,1,CONCAT,7,3,93.06000000000002,5,11,6,0,0.5789473684210527,0.3157894736842105,0.0,0.2727272727272727,0.0,19,1,0,1,0,0,0,0,0
OC(=O)CCCCCC(=O)Oc1cccc(c1O)CO,17/000000591,"InChI=1S/C14H18O6/c15-9-10-5-4-6-11(14(10)19)20-13(18)8-3-1-2-7-12(16)17/h4-6,15,19H,1-3,7-9H2,(H,16,17)",C14H18O6,282.110338296,1.8249999999999997,4.06,1.78,3.58,0,2.1426743967900386,1,CONCAT,5,3,104.06,8,14,6,0,0.7,0.3,0.0,0.42857142857142855,0.0,20,1,0,1,0,0,0,0,0
c1nnc(o1)C[C@H]1C=C(C1)C#CCCNN,22/000000007,"InChI=1S/C11H14N4O/c12-13-4-2-1-3-9-5-10(6-9)7-11-15-14-8-16-11/h5,8,10,13H,2,4,6-7,12H2/t10-/m0/s1",C11H14N4O,218.116761068,0.41519999999999996,4.06,8.31,3.58,-150,4.448555559645617,1,CONCAT,5,2,76.97,4,11,1,4,0.6875,0.0625,0.25,0.45454545454545453,0.09090909090909091,16,2,1,1,1,0,1,0,0
ONCC(=O)Cc1nnc(s1)C(F)F,1/000000877,"InChI=1S/C6H7F2N3O2S/c7-5(8)6-11-10-4(14-6)1-3(12)2-9-13/h5,9,13H,1-2H2",C6H7N3O2SF2,223.022703904,0.5660999999999997,4.06,0.55,2.22,-150,3.3684741079593437,1,CONCAT,6,2,75.11,5,6,2,3,0.42857142857142855,0.14285714285714285,0.21428571428571427,0.5,0.0,14,1,0,1,1,0,1,0,0
Oc1ccc(c(c1)C(=O)O)c1scc(c1)CC#CCCC,12/000000019,"InChI=1S/C17H16O3S/c1-2-3-4-5-6-12-9-16(21-11-12)14-8-7-13(18)10-15(14)17(19)20/h7-11,18H,2-3,6H2,1H3,(H,19,20)",C17H16O3S,300.082015372,4.164900000000002,4.06,-9.86,3.58,-200,2.838605289271804,1,CONCAT,3,2,57.53,4,17,3,0,0.8095238095238095,0.14285714285714285,0.0,0.23529411764705882,0.0,21,2,0,2,1,0,1,0,0
Oc1c(OC(=O)c2ncoc2)ccc(c1)CC(=C)NC,17/000000928,"InChI=1S/C14H14N2O4/c1-9(15-2)5-10-3-4-13(12(17)6-10)20-14(18)11-7-19-8-16-11/h3-4,6-8,15,17H,1,5H2,2H3",C14H14N2O4,274.095356928,1.8749999999999998,4.06,-3.24,3.58,-60,3.054633652534296,1,CONCAT,6,2,84.59,5,14,4,2,0.7,0.2,0.1,0.14285714285714285,0.0,20,2,0,2,1,0,1,0,0
Oc1c(OC(=O)C2=CC=CC2)ccc(c1CO)ONCC=C,17/000000786,"InChI=1S/C16H17NO5/c1-2-9-17-22-13-7-8-14(15(19)12(13)10-18)21-16(20)11-5-3-4-6-11/h2-5,7-8,17-19H,1,6,9-10H2",C16H17NO5,303.11067264400003,1.7455999999999998,4.06,-5.12,20.2,-60,3.468651645027948,1,CONCAT,6,3,88.02000000000001,7,16,5,1,0.7272727272727273,0.22727272727272727,0.045454545454545456,0.1875,0.0,22,2,1,1,0,0,0,0,0
Oc1c(OC(=O)c2nnc[nH]2)ccc(c1)[C@H](CC)S,17/000000437,"InChI=1S/C12H13N3O3S/c1-2-10(19)7-3-4-9(8(16)5-7)18-12(17)11-13-6-14-15-11/h3-6,10,16,19H,2H2,1H3,(H,13,14,15)/t10-/m0/s1",C12H13N3O3S,279.06776227600005,2.1104000000000007,4.06,-4.29,20.0,-170,3.7918361944148486,1,CONCAT,6,3,88.1,4,12,3,3,0.631578947368421,0.15789473684210525,0.15789473684210525,0.25,0.08333333333333333,19,2,0,2,1,0,1,0,0
Oc1c(OC(=O)c2ncoc2)cccc1[C@@H](CCO)O,17/000000798,"InChI=1S/C13H13NO6/c15-5-4-10(16)8-2-1-3-11(12(8)17)20-13(18)9-6-19-7-14-9/h1-3,6-7,10,15-17H,4-5H2/t10-/m1/s1",C13H13NO6,279.074287136,1.0151999999999999,4.06,-1.98,19.2,-170,3.3660850751020055,1,CONCAT,7,3,113.02000000000001,5,13,6,1,0.65,0.3,0.05,0.23076923076923078,0.07692307692307693,20,2,0,2,1,0,1,0,0
O[P@@H](=O)Oc1cccc2c1[nH]/c(=C\[C@@H]1NCNC1)/s2,30/000000069,"InChI=1S/C11H14N3O3PS/c15-18(16)17-8-2-1-3-9-11(8)14-10(19-9)4-7-5-12-6-13-7/h1-4,7,12-14,18H,5-6H2,(H,15,16)/b10-4+/t7-/m0/s1",C11H14N3O3PS,299.049348938,1.3252999999999997,4.06,0.39,20.1,-190,5.122669422087406,1,CONCAT,6,4,82.62,3,11,3,3,0.5789473684210527,0.15789473684210525,0.15789473684210525,0.2727272727272727,0.09090909090909091,19,3,2,1,2,2,0,0,0
ONCCCC[C@@H]([NH2+]CC)CN,1/000000767,"InChI=1S/C8H21N3O/c1-2-10-8(7-9)5-3-4-6-11-12/h8,10-12H,2-7,9H2,1H3/p+1/t8-/m1/s1",C8H22N3O,176.17573874408998,-0.9538999999999986,4.06,-1.05,2.22,-170,4.760876800159363,1,CONCAT,3,4,74.89,8,8,1,3,0.6666666666666666,0.08333333333333333,0.25,1.0,0.125,12,0,0,0,0,0,0,0,0
[nH]1c(nnc1C[NH2+]CC)[C@@H](n1nc[nH]c1=O)Cl,26/000000108,"InChI=1S/C8H12ClN7O/c1-2-10-3-5-13-7(15-14-5)6(9)16-8(17)11-4-12-16/h4,6,10H,2-3H2,1H3,(H,11,12,17)(H,13,14,15)/p+1/t6-/m1/s1",C8H13N7OCl,258.08646213609,-1.4414999999999993,4.06,6.38,21.0,-170,5.345493691221453,1,CONCAT,5,3,108.85999999999999,5,8,1,7,0.47058823529411764,0.058823529411764705,0.4117647058823529,0.5,0.125,17,2,0,2,2,0,2,0,0
O[C@H](c1cc(OC(=O)c2nnc[nH]2)c(cc1)O)C#C,17/000000452,"InChI=1S/C12H9N3O4/c1-2-8(16)7-3-4-9(17)10(5-7)19-12(18)11-13-6-14-15-11/h1,3-6,8,16-17H,(H,13,14,15)/t8-/m0/s1",C12H9N3O4,259.059305768,0.39609999999999995,4.06,-4.14,2.35,-170,3.759227195866228,1,CONCAT,6,3,108.33,3,12,4,3,0.631578947368421,0.21052631578947367,0.15789473684210525,0.08333333333333333,0.08333333333333333,19,2,0,2,1,0,1,0,0
Oc1c(OC(=O)c2ncoc2)ccc(c1)CC[C@@H](C)N,17/000000038,"InChI=1S/C14H16N2O4/c1-9(15)2-3-10-4-5-13(12(17)6-10)20-14(18)11-7-19-8-16-11/h4-9,17H,2-3,15H2,1H3/t9-/m1/s1",C14H16N2O4,276.111006992,1.8792,4.06,-3.24,3.58,-190,3.1549633718053025,1,CONCAT,6,2,98.58,5,14,4,2,0.7,0.2,0.1,0.2857142857142857,0.07142857142857142,20,2,0,2,1,0,1,0,0
C#CCO[P@@H](=O)Oc1ccc(c(c1)CN)CO,17/000001637,"InChI=1S/C11H14NO4P/c1-2-5-15-17(14)16-11-4-3-9(8-13)10(6-11)7-12/h1,3-4,6,13,17H,5,7-8,12H2",C11H14NO4P,255.066044558,1.0558999999999998,4.06,1.86,17.0,0,4.100292075018507,1,CONCAT,5,2,81.78,6,11,4,1,0.6470588235294118,0.23529411764705882,0.058823529411764705,0.2727272727272727,0.0,17,1,0,1,0,0,0,0,0
SC/C=C/c1onc(c1)c1cc(Br)cc(c1S)O,15/000000132,"InChI=1S/C12H10BrNO2S2/c13-7-4-9(12(18)11(15)5-7)10-6-8(16-14-10)2-1-3-17/h1-2,4-6,15,17-18H,3H2/b2-1+",C12H10NO2S2Br,342.93363265999994,4.041400000000001,4.06,-8.21,20.5,-160,3.64512004137653,1,CONCAT,5,3,46.260000000000005,3,12,2,1,0.6666666666666666,0.1111111111111111,0.05555555555555555,0.08333333333333333,0.0,18,2,0,2,1,0,1,0,0
N=C1CC[C@H](C1)CC/C=C/c1cccc2c1C(=O)NC2=O,5/000000003,"InChI=1S/C17H18N2O2/c18-13-9-8-11(10-13)4-1-2-5-12-6-3-7-14-15(12)17(21)19-16(14)20/h2-3,5-7,11,18H,1,4,8-10H2,(H,19,20,21)/b5-2+,18-13-/t11-/m1/s1",C17H18N2O2,282.136827816,3.1834700000000016,4.06,-1.37,3.58,-190,3.5661643836592205,1,CONCAT,3,2,70.02000000000001,4,17,2,2,0.8095238095238095,0.09523809523809523,0.09523809523809523,0.35294117647058826,0.058823529411764705,21,3,2,1,1,1,0,0,0
Oc1c(S=O)c(N)ccc1Nc1nncs1,6/000000045,"InChI=1S/C8H8N4O2S2/c9-4-1-2-5(6(13)7(4)16-14)11-8-12-10-3-15-8/h1-3,13,16H,9H2,(H,11,12)",C8H8N4O2S2,256.008867496,0.8736999999999999,4.06,-3.46,19.6,-20,3.7492715522714097,1,CONCAT,7,4,101.13,3,8,2,4,0.5,0.125,0.25,0.0,0.0,16,2,0,2,1,0,1,0,0
N(C/C=C/C(=C)C[NH2+]Cc1onc(n1)CBr)N,21/000000053,"InChI=1S/C10H16BrN5O/c1-8(3-2-4-14-12)6-13-7-10-15-9(5-11)16-17-10/h2-3,13-14H,1,4-7,12H2/p+1/b3-2+",C10H17N5OBr,302.06109868409004,-0.3963999999999987,4.06,10.26,2.22,0,4.6789646587636335,1,CONCAT,5,3,93.58,8,10,1,5,0.5882352941176471,0.058823529411764705,0.29411764705882354,0.4,0.0,17,1,0,1,1,0,1,0,0
N(CCSCC[C@@H](c1nscn1)N)N,20/000000001,"InChI=1S/C7H15N5S2/c8-6(7-10-5-14-12-7)1-3-13-4-2-11-9/h5-6,11H,1-4,8-9H2/t6-/m0/s1",C7H15N5S2,233.07688747999998,0.1245,4.06,-6.65,2.22,-150,4.277007887380727,1,CONCAT,7,3,89.85,7,7,0,5,0.5,0.0,0.35714285714285715,0.7142857142857143,0.14285714285714285,14,1,0,1,1,0,1,0,0
C=CC(=O)NCc1nnc(o1)CC(=O)C1=NNC(=O)C1=C,1/000000606,"InChI=1S/C12H11N5O4/c1-3-8(19)13-5-10-15-14-9(21-10)4-7(18)11-6(2)12(20)17-16-11/h3H,1-2,4-5H2,(H,13,19)(H,17,20)",C12H11N5O4,289.081103832,-0.9746000000000001,4.06,0.9,3.58,-20,3.479890835286281,1,CONCAT,7,2,126.55000000000001,6,12,4,5,0.5714285714285714,0.19047619047619047,0.23809523809523808,0.16666666666666666,0.0,21,2,1,1,2,1,1,0,0
Oc1c(S)c(/C=C/c2noc(c2CN)CO)cc(c1)Br,15/000000287,"InChI=1S/C13H13BrN2O3S/c14-8-3-7(13(20)11(18)4-8)1-2-10-9(5-15)12(6-17)19-16-10/h1-4,17-18,20H,5-6,15H2/b2-1+",C13H13N2O3SBr,355.983025376,2.5528000000000004,4.06,-6.42,3.58,-60,3.581571739447382,1,CONCAT,6,4,92.51,4,13,3,2,0.65,0.15,0.1,0.15384615384615385,0.0,20,2,0,2,1,0,1,0,0
Oc1ccc(c(c1)/C(=C\C)/c1c[nH]c(c1)/C=C\CNCC)F,16/000000050,"InChI=1S/C18H21FN2O/c1-3-16(17-11-15(22)7-8-18(17)19)13-10-14(21-12-13)6-5-9-20-4-2/h3,5-8,10-12,20-22H,4,9H2,1-2H3/b6-5-,16-3-",C18H21N2OF,300.163791512,3.9337000000000018,4.06,-7.61,5.09,-140,3.1992099576830357,1,CONCAT,2,3,48.05,6,18,1,2,0.8181818181818182,0.045454545454545456,0.09090909090909091,0.2222222222222222,0.0,22,2,0,2,1,0,1,0,0
Sc1nnc([nH]1)C[C@H](C)Nc1ncsc1,1/000000373,"InChI=1S/C8H11N5S2/c1-5(10-7-3-15-4-9-7)2-6-11-8(14)13-12-6/h3-5,10H,2H2,1H3,(H2,11,12,13,14)/t5-/m0/s1",C8H11N5S2,241.04558735199998,1.593,4.06,2.39,2.22,-170,4.245828318524707,1,CONCAT,6,3,66.49000000000001,4,8,0,5,0.5333333333333333,0.0,0.3333333333333333,0.375,0.125,15,2,0,2,2,0,2,0,0
Oc1cc(C(=O)NCCC=C)c(cc1N=O)F,16/000000061,"InChI=1S/C11H11FN2O3/c1-2-3-4-13-11(16)7-5-10(15)9(14-17)6-8(7)12/h2,5-6,15H,1,3-4H2,(H,13,16)",C11H11N2O3F,238.075370432,2.2351,4.06,-5.45,2.22,-20,2.7972314647836996,1,CONCAT,4,2,78.75999999999999,5,11,3,2,0.6470588235294118,0.17647058823529413,0.11764705882352941,0.18181818181818182,0.0,17,1,0,1,0,0,0,0,0
Oc1nc(nc2c1nn[nH]2)C(=C)CS(=O)(=O)C,28/000000079,"InChI=1S/C8H9N5O3S/c1-4(3-17(2,15)16)6-9-7-5(8(14)10-6)11-13-12-7/h1,3H2,2H3,(H2,9,10,11,12,13,14)",C8H9N5O3S,255.042610148,-0.48870000000000036,4.05,-1.67,20.5,-60,3.848681297559619,1,CONCAT,7,2,121.72,3,8,3,5,0.47058823529411764,0.17647058823529413,0.29411764705882354,0.25,0.0,17,2,0,2,2,0,2,0,0
Oc1nc(nc2c1nnn2C/C=C/C)C(=O)C[NH2+]C,28/000000069,"InChI=1S/C11H14N6O2/c1-3-4-5-17-10-8(15-16-17)11(19)14-9(13-10)7(18)6-12-2/h3-4,12H,5-6H2,1-2H3,(H,13,14,19)/p+1/b4-3+",C11H15N6O2,263.12510014009,-1.1210999999999984,4.05,-4.31,20.4,-160,4.061217303466462,1,CONCAT,7,2,110.39999999999999,5,11,2,6,0.5789473684210527,0.10526315789473684,0.3157894736842105,0.36363636363636365,0.0,19,2,0,2,2,0,2,0,0
OCC[NH2+]C/C=C\C(=O)C[NH2+]Cc1ccc(c(c1)Cl)Cl,8/000000053,"InChI=1S/C14H18Cl2N2O2/c15-13-4-3-11(8-14(13)16)9-18-10-12(20)2-1-5-17-6-7-19/h1-4,8,17-19H,5-7,9-10H2/p+2/b2-1-",C14H20N2O2Cl2,318.08908608018,-0.2621999999999989,4.05,-2.92,3.58,-20,4.426557553633195,1,CONCAT,2,3,70.52000000000001,9,14,2,2,0.7,0.1,0.1,0.35714285714285715,0.0,20,1,0,1,0,0,0,0,0
[nH]1c(nnc1C[NH2+]C)[C@@H](n1nc[nH]c1=O)Cl,26/000000024,"InChI=1S/C7H10ClN7O/c1-9-2-4-12-6(14-13-4)5(8)15-7(16)10-3-11-15/h3,5,9H,2H2,1H3,(H,10,11,16)(H,12,13,14)/p+1/t5-/m1/s1",C7H11N7OCl,244.07081207208998,-1.831599999999999,4.05,7.23,20.4,-170,5.384085392421536,1,CONCAT,5,3,108.85999999999999,4,7,1,7,0.4375,0.0625,0.4375,0.42857142857142855,0.14285714285714285,16,2,0,2,2,0,2,0,0
OC(=O)c1cc(O)ccc1CCCc1ccc2c([nH]1)ncn2,12/000000032,"InChI=1S/C16H15N3O3/c20-12-6-4-10(13(8-12)16(21)22)2-1-3-11-5-7-14-15(19-11)18-9-17-14/h4-9,20H,1-3H2,(H,21,22)(H,17,18,19)",C16H15N3O3,297.1113413400001,2.4886,4.05,-9.39,3.72,-100,2.5847607198241196,1,CONCAT,4,3,99.1,5,16,3,3,0.7272727272727273,0.13636363636363635,0.13636363636363635,0.1875,0.0,22,3,2,1,2,2,0,0,0
Oc1cc(cc(c1c1ccc[nH]1)N)/C=C\CN,6/000000005,"InChI=1S/C13H15N3O/c14-5-1-3-9-7-10(15)13(12(17)8-9)11-4-2-6-16-11/h1-4,6-8,16-17H,5,14-15H2/b3-1-",C13H15N3O,229.1215121,1.9414,4.05,-5.09,3.58,-160,3.062391581840556,1,CONCAT,3,4,88.05999999999999,3,13,1,3,0.7647058823529411,0.058823529411764705,0.17647058823529413,0.07692307692307693,0.0,17,2,0,2,1,0,1,0,0
Oc1c(S)c(cc(c1)Br)/C=C/[C@@H](CO)O,15/000000288,"InChI=1S/C10H11BrO3S/c11-7-3-6(1-2-8(13)5-12)10(15)9(14)4-7/h1-4,8,12-15H,5H2/b2-1+/t8-/m0/s1",C10H11O3SBr,289.961227312,1.809800000000001,4.05,-8.73,2.22,-190,3.776672728184814,1,CONCAT,4,4,60.69,3,10,3,0,0.6666666666666666,0.2,0.0,0.2,0.1,15,1,0,1,0,0,0,0,0
Oc1c(OC(=O)c2nc(=O)o[nH]2)cccc1,17/000000117,"InChI=1S/C9H6N2O5/c12-5-3-1-2-4-6(5)15-8(13)7-10-9(14)16-11-7/h1-4,12H,(H,10,11,14)",C9H6N2O5,222.027671292,0.2876999999999999,4.05,-0.73,2.22,0,2.667422321502178,1,CONCAT,6,2,105.42000000000002,2,9,5,2,0.5625,0.3125,0.125,0.0,0.0,16,2,0,2,1,0,1,0,0
O[C@H](NCCCC)C1=NNC(=O)/C/1=C\C(=O)O,1/000001016,"InChI=1S/C10H15N3O4/c1-2-3-4-11-10(17)8-6(5-7(14)15)9(16)13-12-8/h5,10-11,17H,2-4H2,1H3,(H,13,16)(H,14,15)/b6-5-/t10-/m0/s1",C10H15N3O4,241.10625596,-0.8086999999999986,4.05,6.43,3.58,-170,3.786348916973962,1,CONCAT,5,4,111.02,6,10,4,3,0.5882352941176471,0.23529411764705882,0.17647058823529413,0.5,0.1,17,1,1,0,1,1,0,0,0
Oc1ccc(c(c1)/C(=C\C)/c1ccn(c1)[C@H](CO)F)F,16/000000043,"InChI=1S/C15H15F2NO2/c1-2-12(13-7-11(20)3-4-14(13)16)10-5-6-18(8-10)15(17)9-19/h2-8,15,19-20H,9H2,1H3/b12-2-/t15-/m1/s1",C15H15NO2F2,279.10708516000005,3.244800000000002,4.05,-4.56,5.09,-190,3.6819173278492574,1,CONCAT,3,2,45.39,4,15,2,1,0.75,0.1,0.05,0.2,0.06666666666666667,20,2,0,2,1,0,1,0,0
ONC/C=C/CC1=C[C@@H](C=C(O1)CC(=O)O)CC,1/000000475,"InChI=1S/C13H19NO4/c1-2-10-7-11(5-3-4-6-14-17)18-12(8-10)9-13(15)16/h3-4,7-8,10,14,17H,2,5-6,9H2,1H3,(H,15,16)/b4-3+/t10-/m0/s1",C13H18NO4,253.131408088,2.2104,4.05,-4.34,6.32,-170,4.520174804603581,1,CONCAT,4,3,78.78999999999999,7,13,4,1,0.7222222222222222,0.2222222222222222,0.05555555555555555,0.46153846153846156,0.07692307692307693,18,1,1,0,1,1,0,0,0
O=Nc1c(O)cc(c(c1)F)CN[C@H]1COC=CC1,16/000000021,"InChI=1S/C12H13FN2O3/c13-10-5-11(15-17)12(16)4-8(10)6-14-9-2-1-3-18-7-9/h1,3-5,9,14,16H,2,6-7H2/t9-/m1/s1",C12H13N2O3F,252.091020496,2.3214000000000006,4.05,-5.38,2.48,-150,3.87598456025969,1,CONCAT,5,2,70.92,4,12,3,2,0.6666666666666666,0.16666666666666666,0.1111111111111111,0.3333333333333333,0.08333333333333333,18,2,1,1,1,1,0,0,0
SCCOc1cc(OC(=O)COC)cc2c1s/c(=C/CN)/[nH]2,30/000000064,"InChI=1S/C14H18N2O4S2/c1-18-8-13(17)20-9-6-10-14(11(7-9)19-4-5-21)22-12(16-10)2-3-15/h2,6-7,16,21H,3-5,8,15H2,1H3/b12-2+",C14H18N2O4S2,342.07079905600006,1.8647,4.05,-6.94,22.2,-120,3.5874829105366324,1,CONCAT,8,3,82.81,7,14,4,2,0.6363636363636364,0.18181818181818182,0.09090909090909091,0.35714285714285715,0.0,22,2,1,1,1,1,0,0,0
Oc1cc(ccc1Cc1ncsc1)NC(=O)C,14/000000009,"InChI=1S/C12H12N2O2S/c1-8(15)14-10-3-2-9(12(16)5-10)4-11-6-17-7-13-11/h2-3,5-7,16H,4H2,1H3,(H,14,15)",C12H12N2O2S,248.061948624,2.397900000000001,4.05,-1.02,2.22,-20,2.3973290818405566,1,CONCAT,4,2,62.220000000000006,3,12,2,2,0.7058823529411765,0.11764705882352941,0.11764705882352941,0.16666666666666666,0.0,17,2,0,2,1,0,1,0,0
OC(=O)c1c(O)cccc1COC(=O)[C@H](C=C)c1[nH]nnn1,12/000000053,"InChI=1S/C13H12N4O5/c1-2-8(11-14-16-17-15-11)13(21)22-6-7-4-3-5-9(18)10(7)12(19)20/h2-5,8,18H,1,6H2,(H,19,20)(H,14,15,16,17)/t8-/m1/s1",C13H11N4O5,304.0807694840001,0.6164999999999998,4.05,-5.36,3.72,-190,3.539654423061979,1,CONCAT,7,3,138.29000000000002,6,13,5,4,0.5909090909090909,0.22727272727272727,0.18181818181818182,0.15384615384615385,0.07692307692307693,22,2,0,2,1,0,1,0,0
Oc1c(OC(=O)CCCC)c(O)cc(c1)/C=C/C,17/000000148,"InChI=1S/C14H18O4/c1-3-5-7-13(17)18-14-11(15)8-10(6-4-2)9-12(14)16/h4,6,8-9,15-16H,3,5,7H2,1-2H3/b6-4+",C14H18O4,250.120509056,3.2265000000000015,4.05,-3.17,3.58,-100,2.561232380466013,1,CONCAT,4,2,66.76,5,14,4,0,0.7777777777777778,0.2222222222222222,0.0,0.35714285714285715,0.0,18,1,0,1,0,0,0,0,0
Sc1nnc([nH]1)[C@@H](CCNCCN)N,1/000001039,"InChI=1S/C7H16N6S/c8-2-4-10-3-1-5(9)6-11-7(14)13-12-6/h5,10H,1-4,8-9H2,(H2,11,12,13,14)/t5-/m1/s1",C7H16N6S,216.11571551199998,-0.9683999999999995,4.05,2.71,3.58,-150,4.061168271996112,1,CONCAT,6,5,105.64,6,7,0,6,0.5,0.0,0.42857142857142855,0.7142857142857143,0.14285714285714285,14,1,0,1,1,0,1,0,0
ONCCCC[C@@H](CC(=O)C)n1nccc1,1/000000031,"InChI=1S/C11H19N3O2/c1-10(15)9-11(5-2-3-7-13-16)14-8-4-6-12-14/h4,6,8,11,13,16H,2-3,5,7,9H2,1H3/t11-/m0/s1",C11H19N3O2,225.147726848,1.5523999999999998,4.05,-1.34,3.58,-170,3.4967346231907683,1,CONCAT,5,2,67.15,8,11,2,3,0.6875,0.125,0.1875,0.6363636363636364,0.09090909090909091,16,1,0,1,1,0,1,0,0
Oc1c(Nc2ccc(cc2F)Br)ccc2c1ncnc2,9/000000001,"InChI=1S/C14H9BrFN3O/c15-9-2-4-11(10(16)5-9)19-12-3-1-8-6-17-7-18-13(8)14(12)20/h1-7,19-20H",C14H9N3OFBr,332.9913022280001,3.9806000000000017,4.05,-7.31,15.4,-100,2.3701344188732207,1,CONCAT,4,2,58.04,2,14,1,3,0.7,0.05,0.15,0.0,0.0,20,3,0,3,1,0,1,0,0
OC/C=C/Cc1nnc([nH]1)C1=CC(=O)NC1,21/000000002,"InChI=1S/C10H12N4O2/c15-4-2-1-3-8-12-10(14-13-8)7-5-9(16)11-6-7/h1-2,5,15H,3-4,6H2,(H,11,16)(H,12,13,14)/b2-1+",C10H12N4O2,220.096025624,-0.5911,4.05,9.95,19.7,-80,3.981022722839972,1,CONCAT,4,3,90.9,4,10,2,4,0.625,0.125,0.25,0.3,0.0,16,2,1,1,2,1,1,0,0
O[C@H](CON)c1cc(Cl)ccc1O,11/000000025,"InChI=1S/C8H10ClNO3/c9-5-1-2-7(11)6(3-5)8(12)4-13-10/h1-3,8,11-12H,4,10H2/t8-/m1/s1",C8H10NO3Cl,203.03492086,0.9692999999999998,4.05,4.81,2.35,-150,3.020722161587525,1,CONCAT,4,3,75.71000000000001,3,8,3,1,0.6153846153846154,0.23076923076923078,0.07692307692307693,0.25,0.125,13,1,0,1,0,0,0,0,0
Sc1nnc(o1)CCCC[C@H](/C=C/N)NO,1/000000044,"InChI=1S/C9H16N4O2S/c10-6-5-7(13-14)3-1-2-4-8-11-12-9(16)15-8/h5-7,13-14H,1-4,10H2,(H,12,16)/b6-5+/t7-/m1/s1",C9H16N4O2S,244.099396752,0.8909000000000002,4.05,-1.97,3.72,-150,4.162639238575384,1,CONCAT,7,4,97.2,7,9,2,4,0.5625,0.125,0.25,0.5555555555555556,0.1111111111111111,16,1,0,1,1,0,1,0,0
Oc1ccc(cc1[C@@H](c1nonc1)O)Cl,11/000000004,"InChI=1S/C9H7ClN2O3/c10-5-1-2-8(13)6(3-5)9(14)7-4-11-15-12-7/h1-4,9,13-14H/t9-/m0/s1",C9H7N2O3Cl,226.014519764,1.5102999999999998,4.05,6.65,15.9,-150,3.4548823435694302,1,CONCAT,5,2,79.38000000000001,2,9,3,2,0.6,0.2,0.13333333333333333,0.1111111111111111,0.1111111111111111,15,2,0,2,1,0,1,0,0
OC(=O)C[C@@H](/C=C/c1cc(Br)cc(c1S)O)O,15/000000273,"InChI=1S/C11H11BrO4S/c12-7-3-6(11(17)9(14)4-7)1-2-8(13)5-10(15)16/h1-4,8,13-14,17H,5H2,(H,15,16)/b2-1+/t8-/m1/s1",C11H11O4SBr,317.956141932,2.2922000000000016,4.04,-6.23,2.22,-170,3.592295806606069,1,CONCAT,4,4,77.76,4,11,4,0,0.6470588235294118,0.23529411764705882,0.0,0.18181818181818182,0.09090909090909091,17,1,0,1,0,0,0,0,0
O[C@H](CNC(=O)Cc1ccc(c(c1)Cl)Cl)/C=C\CNC,8/000000032,"InChI=1S/C14H18Cl2N2O2/c1-17-6-2-3-11(19)9-18-14(20)8-10-4-5-12(15)13(16)7-10/h2-5,7,11,17,19H,6,8-9H2,1H3,(H,18,20)/b3-2-/t11-/m0/s1",C14H18N2O2Cl2,316.07453317600005,1.7886,4.04,-5.81,2.22,-190,3.0544700551219854,1,CONCAT,3,3,61.36,7,14,2,2,0.7,0.1,0.1,0.35714285714285715,0.07142857142857142,20,1,0,1,0,0,0,0,0
Oc1ccc(c(c1)/C(=C\C)/c1c[nH]c(c1)c1ncn[nH]1)F,16/000000049,"InChI=1S/C15H13FN4O/c1-2-11(12-6-10(21)3-4-13(12)16)9-5-14(17-7-9)15-18-8-19-20-15/h2-8,17,21H,1H3,(H,18,19,20)/b11-2-",C15H13N4OF,284.10733925600005,3.0961000000000007,4.04,-7.5,24.3,-160,3.19519362043217,1,CONCAT,3,3,77.59,3,15,1,4,0.7142857142857143,0.047619047619047616,0.19047619047619047,0.06666666666666667,0.0,21,3,0,3,2,0,2,0,0
OC(=O)CCCCc1cc(ccc1O)[C@@H](C)NN,17/000001114,"InChI=1S/C13H20N2O3/c1-9(15-14)10-6-7-12(16)11(8-10)4-2-3-5-13(17)18/h6-9,15-16H,2-5,14H2,1H3,(H,17,18)/t9-/m1/s1",C13H20N2O3,252.1473925,1.7138999999999998,4.04,-3.32,14.0,-190,2.720626189218965,1,CONCAT,4,4,95.58,7,13,3,2,0.7222222222222222,0.16666666666666666,0.1111111111111111,0.46153846153846156,0.07692307692307693,18,1,0,1,0,0,0,0,0
OCc1c(F)c(ncc1CCCl)N[C@H]1C=NC=CC1,2/000000008,"InChI=1S/C13H15ClFN3O/c14-4-3-9-6-17-13(12(15)11(9)8-19)18-10-2-1-5-16-7-10/h1,5-7,10,19H,2-4,8H2,(H,17,18)/t10-/m1/s1",C13H15N3OFCl,283.088768,2.263,4.04,-1.37,5.09,-150,4.147482783674645,1,CONCAT,4,2,57.510000000000005,5,13,1,3,0.6842105263157895,0.05263157894736842,0.15789473684210525,0.38461538461538464,0.07692307692307693,19,2,1,1,2,1,1,0,0
SCCOc1cc(N(=O)=O)cc2c1s/c(=C/CN)/[nH]2,30/000000073,"InChI=1S/C11H13N3O3S2/c12-2-1-10-13-8-5-7(14(15)16)6-9(11(8)19-10)17-3-4-18/h1,5-6,13,18H,2-4,12H2/b10-1+",C11H13N3O3S2,299.0398332760001,2.2211,4.04,-6.56,21.0,-100,3.696062876761093,1,CONCAT,7,3,90.42,5,11,3,3,0.5789473684210527,0.15789473684210525,0.15789473684210525,0.2727272727272727,0.0,19,2,1,1,1,1,0,0,0
OCc1cc2c(cc1)ccc(c2)CCO,10/000000001,"InChI=1S/C13H14O2/c14-6-5-10-1-3-12-4-2-11(9-15)8-13(12)7-10/h1-4,7-8,14-15H,5-6,9H2",C13H14O2,202.099379688,1.8668999999999998,4.04,-3.72,2.22,-80,1.8781910794479248,1,CONCAT,2,2,40.46,3,13,2,0,0.8666666666666667,0.13333333333333333,0.0,0.23076923076923078,0.0,15,2,0,2,0,0,0,0,0
Oc1ccc(cc1OC(=O)c1nnc([nH]1)CCC)C=S,17/000000494,"InChI=1S/C13H13N3O3S/c1-2-3-11-14-12(16-15-11)13(18)19-10-6-8(7-20)4-5-9(10)17/h4-7,17H,2-3H2,1H3,(H,14,15,16)",C13H13N3O3S,291.06776227600005,2.0298,4.04,-1.14,3.58,-20,3.250823762424405,1,CONCAT,6,2,88.1,5,13,3,3,0.65,0.15,0.15,0.23076923076923078,0.0,20,2,0,2,1,0,1,0,0
C#C[C@@H](CC(=O)N=O)n1cnc2c1CNCN2,1/000000368,"InChI=1S/C10H11N5O2/c1-2-7(3-9(16)14-17)15-6-13-10-8(15)4-11-5-12-10/h1,6-7,11-12H,3-5H2/t7-/m0/s1",C10H11N5O2,233.091274592,0.21309999999999996,4.04,10.16,2.22,-190,4.756703306606068,1,CONCAT,6,2,88.38,3,10,2,5,0.5882352941176471,0.11764705882352941,0.29411764705882354,0.4,0.1,17,2,1,1,2,1,1,0,0
ON[C@H](/C=C/c1cocc1)S,1/000000398,"InChI=1S/C7H9NO2S/c9-8-7(11)2-1-6-3-4-10-5-6/h1-5,7-9,11H/b2-1+/t7-/m0/s1",C7H9NO2S,171.035399528,1.5274999999999999,4.04,2.58,2.22,-150,4.27121358091386,1,CONCAT,4,3,45.4,3,7,2,1,0.6363636363636364,0.18181818181818182,0.09090909090909091,0.14285714285714285,0.14285714285714285,11,1,0,1,1,0,1,0,0
ON[C@H](/C=C/C=C\COCC)S,1/000000427,"InChI=1S/C8H15NO2S/c1-2-11-7-5-3-4-6-8(12)9-10/h3-6,8-10,12H,2,7H2,1H3/b5-3-,6-4+/t8-/m0/s1",C8H15NO2S,189.08234972,1.3699999999999999,4.04,-1.4,2.22,-170,4.3277900868726515,1,CONCAT,4,3,41.489999999999995,6,8,2,1,0.6666666666666666,0.16666666666666666,0.08333333333333333,0.5,0.125,12,0,0,0,0,0,0,0,0
ONC/C=C\Cc1ccc(c(c1)CF)CO,1/000000042,"InChI=1S/C12H16FNO2/c13-8-12-7-10(3-1-2-6-14-16)4-5-11(12)9-15/h1-2,4-5,7,14-16H,3,6,8-9H2/b2-1-",C12H16NO2F,225.116506972,1.7259000000000002,4.04,-2.18,2.22,0,3.0658469368867944,1,CONCAT,3,3,52.489999999999995,6,12,2,1,0.75,0.125,0.0625,0.3333333333333333,0.0,16,1,0,1,0,0,0,0,0
OCCCc1nc(sc1)NCC(=O)CCCC,18/000000012,"InChI=1S/C12H20N2O2S/c1-2-3-6-11(16)8-13-12-14-10(9-17-12)5-4-7-15/h9,15H,2-8H2,1H3,(H,13,14)",C12H20N2O2S,256.12454888,2.2392000000000003,4.04,-1.8,2.22,-60,2.497555043379018,1,CONCAT,5,2,62.220000000000006,9,12,2,2,0.7058823529411765,0.11764705882352941,0.11764705882352941,0.6666666666666666,0.0,17,1,0,1,1,0,1,0,0
ONCC(=O)Cc1nnc(s1)CCNCC=C,1/000000268,"InChI=1S/C10H16N4O2S/c1-2-4-11-5-3-9-13-14-10(17-9)6-8(15)7-12-16/h2,11-12,16H,1,3-7H2",C10H16N4O2S,256.099396752,-0.05340000000000056,4.04,-4.53,3.58,-20,3.210998312609787,1,CONCAT,7,3,87.14,9,10,2,4,0.5882352941176471,0.11764705882352941,0.23529411764705882,0.5,0.0,17,1,0,1,1,0,1,0,0
C#CC(=O)OCc1nnc(s1)CC(=O)CNO,1/000000933,"InChI=1S/C9H9N3O4S/c1-2-9(14)16-5-8-12-11-7(17-8)3-6(13)4-10-15/h1,10,15H,3-5H2",C9H9N3O4S,255.031376768,-0.6951000000000003,4.04,-2.22,3.58,-40,3.528218791333191,1,CONCAT,8,2,101.41000000000001,6,9,4,3,0.5294117647058824,0.23529411764705882,0.17647058823529413,0.3333333333333333,0.0,17,1,0,1,1,0,1,0,0
C#Cc1nnc([nH]1)[C@@H](n1nc[nH]c1=O)Cl,26/000000025,"InChI=1S/C7H5ClN6O/c1-2-4-11-6(13-12-4)5(8)14-7(15)9-3-10-14/h1,3,5H,(H,9,10,15)(H,11,12,13)/t5-/m1/s1",C7H5N6OCl,224.02133646,-0.5435000000000008,4.04,5.51,21.8,-150,4.973212013899099,1,CONCAT,5,2,92.25,2,7,1,6,0.4666666666666667,0.06666666666666667,0.4,0.14285714285714285,0.14285714285714285,15,2,0,2,2,0,2,0,0
Oc1c(OC(=O)C2=CC=CC2)cccc1c1cccc(=O)[nH]1,17/000000133,"InChI=1S/C17H13NO4/c19-15-10-4-8-13(18-15)12-7-3-9-14(16(12)20)22-17(21)11-5-1-2-6-11/h1-5,7-10,20H,6H2,(H,18,19)",C17H13NO4,295.08445789600006,2.5392,4.04,-2.63,3.58,-180,2.8873035769669766,1,CONCAT,4,2,79.39,3,17,4,1,0.7727272727272727,0.18181818181818182,0.045454545454545456,0.058823529411764705,0.0,22,3,1,2,1,0,1,0,0
Oc1c(OC(=O)c2nnn[nH]2)ccc(c1)CCNC(=O)C,17/000001235,"InChI=1S/C12H13N5O4/c1-7(18)13-5-4-8-2-3-10(9(19)6-8)21-12(20)11-14-16-17-15-11/h2-3,6,19H,4-5H2,1H3,(H,13,18)(H,14,15,16,17)",C12H13N5O4,291.096753896,-0.1969000000000003,4.03,-5.9,3.58,-80,2.723952095008441,1,CONCAT,7,3,130.09,5,12,4,5,0.5714285714285714,0.19047619047619047,0.23809523809523808,0.25,0.0,21,2,0,2,1,0,1,0,0
OC(=O)/C=C/CC(=O)c1nc(O)c2c(n1)[nH]nn2,28/000000015,"InChI=1S/C9H7N5O4/c15-4(2-1-3-5(16)17)7-10-8-6(9(18)11-7)12-14-13-8/h1,3H,2H2,(H,16,17)(H2,10,11,12,13,14,18)/b3-1+",C9H7N5O4,249.049803704,-0.33290000000000014,4.03,-0.16,21.2,-40,3.654230810607301,1,CONCAT,7,3,141.95,4,9,4,5,0.5,0.2222222222222222,0.2777777777777778,0.1111111111111111,0.0,18,2,0,2,2,0,2,0,0
Oc1c(N(=O)=O)cc(c(c1)S(=O)(=O)N)F,16/000000040,"InChI=1S/C6H5FN2O5S/c7-3-1-4(9(11)12)5(10)2-6(3)15(8,13)14/h1-2,10H,(H2,8,13,14)",C6H5N2O5SF,235.99032048,0.08690000000000009,4.03,-2.89,18.4,0,2.404235952812014,1,CONCAT,5,2,123.52999999999999,2,6,5,2,0.4,0.3333333333333333,0.13333333333333333,0.0,0.0,15,1,0,1,0,0,0,0,0
OC(=O)[C@@H](C)c1cnn(c1N)C/C=C/CC[NH3+],22/000000023,"InChI=1S/C11H18N4O2/c1-8(11(16)17)9-7-14-15(10(9)13)6-4-2-3-5-12/h2,4,7-8H,3,5-6,12-13H2,1H3,(H,16,17)/p+1/b4-2+/t8-/m0/s1",C11H19N4O2,239.15025226809,-0.15839999999999932,4.03,-1.21,4.81,-170,4.190584368478978,1,CONCAT,4,3,108.78,6,11,2,4,0.6470588235294118,0.11764705882352941,0.23529411764705882,0.45454545454545453,0.09090909090909091,17,1,0,1,1,0,1,0,0
Oc1nc(nc2c1nn[nH]2)/C=C/Cc1oc(c(c1)C)C,28/000000053,"InChI=1S/C13H13N5O2/c1-7-6-9(20-8(7)2)4-3-5-10-14-12-11(13(19)15-10)16-18-17-12/h3,5-6H,4H2,1-2H3,(H2,14,15,16,17,18,19)/b5-3+",C13H13N5O2,271.10692465600005,1.91924,4.03,-6.5,21.6,-160,3.6713959573347568,1,CONCAT,6,2,100.72000000000001,3,13,2,5,0.65,0.1,0.25,0.23076923076923078,0.0,20,3,0,3,3,0,3,0,0
Sc1nnc([nH]1)C[C@H](C)NC(=O)N,1/000000376,"InChI=1S/C6H11N5OS/c1-3(8-5(7)12)2-4-9-6(13)11-10-4/h3H,2H2,1H3,(H3,7,8,12)(H2,9,10,11,13)/t3-/m0/s1",C6H11N5OS,201.068430972,-0.3073000000000001,4.03,3.88,2.22,-170,3.999566117631481,1,CONCAT,4,4,96.69,3,6,1,5,0.46153846153846156,0.07692307692307693,0.38461538461538464,0.5,0.16666666666666666,13,1,0,1,1,0,1,0,0
O=NCC#C[C@@H](CCO)c1cc(Cl)c(c(c1)CS)Cl,8/000000036,"InChI=1S/C13H13Cl2NO2S/c14-12-7-10(6-11(8-19)13(12)15)9(3-5-17)2-1-4-16-18/h6-7,9,17,19H,3-5,8H2/t9-/m0/s1",C13H13NO2SCl2,317.004405016,3.659000000000002,4.03,-5.86,20.7,-190,4.247826866514881,1,CONCAT,4,2,49.66,5,13,2,1,0.6842105263157895,0.10526315789473684,0.05263157894736842,0.38461538461538464,0.07692307692307693,19,1,0,1,0,0,0,0,0
Oc1c(S)c(cc(c1)Br)/C=C/[C@H](CC=C)O,15/000000216,"InChI=1S/C12H13BrO2S/c1-2-3-10(14)5-4-8-6-9(13)7-11(15)12(8)16/h2,4-7,10,14-16H,1,3H2/b5-4+/t10-/m0/s1",C12H13O2SBr,299.981962756,3.3936000000000024,4.03,-6.78,2.22,-150,3.817205034639784,1,CONCAT,3,3,40.46,4,12,2,0,0.75,0.125,0.0,0.16666666666666666,0.08333333333333333,16,1,0,1,0,0,0,0,0
NC/C=C/1\C(=O)NN=C1COC(=O)Cc1[nH]ncc1Cl,1/000000629,"InChI=1S/C11H12ClN5O3/c12-7-4-14-15-8(7)3-10(18)20-5-9-6(1-2-13)11(19)17-16-9/h1,4H,2-3,5,13H2,(H,14,15)(H,17,19)/b6-1-",C11H12N5O3Cl,297.062866924,-0.4803000000000006,4.03,5.29,3.58,0,3.7332880481386894,1,CONCAT,6,3,122.46,5,11,3,5,0.55,0.15,0.25,0.2727272727272727,0.0,20,2,1,1,2,1,1,0,0
N=C1SCCN1Cc1cnc([nH]1)[C@@H](C)N,12/000000193,"InChI=1S/C9H15N5S/c1-6(10)8-12-4-7(13-8)5-14-2-3-15-9(14)11/h4,6,11H,2-3,5,10H2,1H3,(H,12,13)/b11-9-/t6-/m1/s1",C9H15N5S,225.10481647999998,0.9129700000000001,4.03,2.08,2.22,-170,3.8873735523606383,1,CONCAT,4,3,81.79,3,9,0,5,0.6,0.0,0.3333333333333333,0.5555555555555556,0.1111111111111111,15,2,1,1,2,1,1,0,0
ONCC(=O)Cc1nnc(s1)[C@@H](N=O)Cl,1/000000106,"InChI=1S/C6H7ClN4O3S/c7-5(11-14)6-10-9-4(15-6)1-3(12)2-8-13/h5,8,13H,1-2H2/t5-/m1/s1",C6H7N4O3SCl,249.992738764,0.6322999999999998,4.03,-1.91,2.22,-150,4.307681593100385,1,CONCAT,8,2,104.53999999999999,6,6,3,4,0.4,0.2,0.26666666666666666,0.5,0.16666666666666666,15,1,0,1,1,0,1,0,0
N1N=C(C(=C)C1=O)C(=O)CCNNCNC,1/000000076,"InChI=1S/C9H15N5O2/c1-6-8(13-14-9(6)16)7(15)3-4-11-12-5-10-2/h10-12H,1,3-5H2,2H3,(H,14,16)",C9H15N5O2,225.12257472,-1.7412999999999987,4.03,0.55,3.58,-20,4.014554769054626,1,CONCAT,6,4,94.62,7,9,2,5,0.5625,0.125,0.3125,0.4444444444444444,0.0,16,1,1,0,1,1,0,0,0
OC(=O)CCCCc1ccc(cc1O)CCC,17/000001140,"InChI=1S/C14H20O3/c1-2-5-11-8-9-12(13(15)10-11)6-3-4-7-14(16)17/h8-10,15H,2-7H2,1H3,(H,16,17)",C14H20O3,236.1412445,3.142100000000002,4.03,-3.26,2.22,-40,1.9301516882235352,1,CONCAT,2,2,57.53,7,14,3,0,0.8235294117647058,0.17647058823529413,0.0,0.5,0.0,17,1,0,1,0,0,0,0,0
Sc1nnc([nH]1)CCNC(=O)/C=C\[C@H]1COCCS1(=O)=O,1/000001081,"InChI=1S/C11H16N4O4S2/c16-10(12-4-3-9-13-11(20)15-14-9)2-1-8-7-19-5-6-21(8,17)18/h1-2,8H,3-7H2,(H,12,16)(H2,13,14,15,20)/b2-1-/t8-/m0/s1",C11H16N4O4S2,332.06129699199994,-0.8780999999999992,4.03,-0.65,3.58,-150,4.378958686136404,1,CONCAT,7,3,114.03999999999999,5,11,4,4,0.5238095238095238,0.19047619047619047,0.19047619047619047,0.5454545454545454,0.09090909090909091,21,2,1,1,2,1,1,0,0
Sc1nnc([nH]1)CCCCOCC1=C(CO)CC1,1/000001110,"InChI=1S/C12H19N3O2S/c16-7-9-4-5-10(9)8-17-6-2-1-3-11-13-12(18)15-14-11/h16H,1-8H2,(H2,13,14,15,18)",C12H19N3O2S,269.119797848,1.5154,4.03,1.36,3.58,0,3.5828139467019735,1,CONCAT,5,3,71.03,8,12,2,3,0.6666666666666666,0.1111111111111111,0.16666666666666666,0.6666666666666666,0.0,18,2,1,1,1,0,1,0,0
[nH]1cnnc1[C@@H](n1nc([nH]c1=O)CBr)Cl,26/000000063,"InChI=1S/C6H6BrClN6O/c7-1-3-11-6(15)14(13-3)4(8)5-9-2-10-12-5/h2,4H,1H2,(H,9,10,12)(H,11,13,15)/t4-/m1/s1",C6H6N6OClBr,291.947498592,0.37009999999999976,4.03,8.35,20.1,-150,4.737998827085913,1,CONCAT,5,2,92.25,3,6,1,6,0.4,0.06666666666666667,0.4,0.3333333333333333,0.16666666666666666,15,2,0,2,2,0,2,0,0
ON[C@H](/C=C/CNCC=C)S,1/000000312,"InChI=1S/C7H14N2OS/c1-2-5-8-6-3-4-7(11)9-10/h2-4,7-11H,1,5-6H2/b4-3+/t7-/m0/s1",C7H14N2OS,174.082684068,0.5529000000000002,4.03,0.07,2.22,-150,4.5709095610627415,1,CONCAT,4,4,44.29,6,7,1,2,0.6363636363636364,0.09090909090909091,0.18181818181818182,0.42857142857142855,0.14285714285714285,11,0,0,0,0,0,0,0,0
Oc1ccc(c(c1)C(=O)O)C(=O)CCCNCC(=O)/C=C/C,12/000000093,"InChI=1S/C16H19NO5/c1-2-4-12(19)10-17-8-3-5-15(20)13-7-6-11(18)9-14(13)16(21)22/h2,4,6-7,9,17-18H,3,5,8,10H2,1H3,(H,21,22)/b4-2+",C16H19NO5,305.12632270800003,1.7881,4.03,-8.23,5.09,-140,2.6536387418021423,1,CONCAT,5,3,103.69999999999999,9,16,5,1,0.7272727272727273,0.22727272727272727,0.045454545454545456,0.3125,0.0,22,1,0,1,0,0,0,0,0
ONC[C@H](CCOCC=C)O,1/000000043,"InChI=1S/C7H15NO3/c1-2-4-11-5-3-7(9)6-8-10/h2,7-10H,1,3-6H2/t7-/m0/s1",C7H15NO3,161.10519334,-0.08119999999999988,4.03,3.19,2.22,-150,3.5732295610627425,1,CONCAT,4,3,61.72,7,7,3,1,0.6363636363636364,0.2727272727272727,0.09090909090909091,0.7142857142857143,0.14285714285714285,11,0,0,0,0,0,0,0,0
NCc1nc(N)c(cc1c1nocc1)F,2/000000010,"InChI=1S/C9H9FN4O/c10-6-3-5(7-1-2-15-14-7)8(4-11)13-9(6)12/h1-3H,4,11H2,(H2,12,13)",C9H9N4OF,208.076039128,0.9165999999999999,4.03,-3.61,16.5,-120,3.057973778144576,1,CONCAT,5,2,90.96,2,9,1,4,0.6,0.06666666666666667,0.26666666666666666,0.1111111111111111,0.0,15,2,0,2,2,0,2,0,0
Oc1ccc(c(c1c1[nH]ncc1C)N)/C=C\c1occc1,6/000000008,"InChI=1S/C16H15N3O2/c1-10-9-18-19-16(10)14-13(20)7-5-11(15(14)17)4-6-12-3-2-8-21-12/h2-9,20H,17H2,1H3,(H,18,19)/b6-4-",C16H15N3O2,281.11642672,3.436320000000001,4.03,-3.06,3.58,-180,2.9314890050475544,1,CONCAT,4,3,88.07,3,16,2,3,0.7619047619047619,0.09523809523809523,0.14285714285714285,0.0625,0.0,21,3,0,3,2,0,2,0,0
ONC/C=C/CC1=CCC(=CO1)C(=O)NC,1/000000837,"InChI=1S/C11H16N2O3/c1-12-11(14)9-5-6-10(16-8-9)4-2-3-7-13-15/h2-3,6,8,13,15H,4-5,7H2,1H3,(H,12,14)/b3-2+",C11H16N2O3,224.116092372,0.8455999999999999,4.03,-2.49,3.72,-40,3.973483859963716,1,CONCAT,4,3,70.58999999999999,5,11,3,2,0.6875,0.1875,0.125,0.36363636363636365,0.0,16,1,1,0,1,1,0,0,0
O[C@H](/C=C/c1cc(Br)cc(c1S)O)C=C,15/000000284,"InChI=1S/C11H11BrO2S/c1-2-9(13)4-3-7-5-8(12)6-10(14)11(7)15/h2-6,9,13-15H,1H2/b4-3+/t9-/m0/s1",C11H11O2SBr,285.96631269200003,3.0035000000000016,4.02,-7.68,2.22,-170,4.1350042666463525,1,CONCAT,3,3,40.46,3,11,2,0,0.7333333333333333,0.13333333333333333,0.0,0.09090909090909091,0.09090909090909091,15,1,0,1,0,0,0,0,0
C1=C(NCN1)C/C=C/[C@@H](CNNCCC[NH3+])N,15/000000225,"InChI=1S/C11H24N6/c12-5-2-6-16-17-7-10(13)3-1-4-11-8-14-9-15-11/h1,3,8,10,14-17H,2,4-7,9,12-13H2/p+1/b3-1+/t10-/m0/s1",C11H25N6,241.21352122008997,-2.0220999999999973,4.02,9.58,3.58,-150,5.395158349777183,1,CONCAT,5,6,101.77999999999999,9,11,0,6,0.6470588235294118,0.0,0.35294117647058826,0.6363636363636364,0.09090909090909091,17,1,1,0,1,1,0,0,0
OC(=O)Cc1cccc(c1O)OC(=O)c1occc1,17/000001449,"InChI=1S/C13H10O6/c14-11(15)7-8-3-1-4-9(12(8)16)19-13(17)10-5-2-6-18-10/h1-6,16H,7H2,(H,14,15)",C13H10O6,262.04773804,1.8315000000000001,4.02,-1.61,3.58,0,2.1918898724069553,1,CONCAT,5,2,96.97000000000001,4,13,6,0,0.6842105263157895,0.3157894736842105,0.0,0.07692307692307693,0.0,19,2,0,2,1,0,1,0,0
Oc1nc(nc2c1nn[nH]2)C(=C)Cc1cnccc1,28/000000085,"InChI=1S/C12H10N6O/c1-7(5-8-3-2-4-13-6-8)10-14-11-9(12(19)15-10)16-18-17-11/h2-4,6H,1,5H2,(H2,14,15,16,17,18,19)",C12H10N6O,254.09160894,1.1043999999999998,4.02,-6.21,17.8,-80,3.4294089435245176,1,CONCAT,6,2,100.47000000000001,3,12,1,6,0.631578947368421,0.05263157894736842,0.3157894736842105,0.08333333333333333,0.0,19,3,0,3,3,0,3,0,0
Oc1cc2c(cc1CC[C@H](c1nnc([nH]1)S)O)cc[nH]2,30/000000084,"InChI=1S/C13H14N4O2S/c18-10(12-15-13(20)17-16-12)2-1-8-5-7-3-4-14-9(7)6-11(8)19/h3-6,10,14,18-19H,1-2H2,(H2,15,16,17,20)/t10-/m1/s1",C13H14N4O2S,290.083746688,1.946499999999999,4.02,0.75,3.58,-190,3.811264210440351,1,CONCAT,5,5,97.82,4,13,2,4,0.65,0.1,0.2,0.23076923076923078,0.07692307692307693,20,3,0,3,2,0,2,0,0
OC(=O)c1ccccc1/N=C\1/N[C@H](CC1)/C=C/N,12/000000108,"InChI=1S/C13H15N3O2/c14-8-7-9-5-6-12(15-9)16-11-4-2-1-3-10(11)13(17)18/h1-4,7-9H,5-6,14H2,(H,15,16)(H,17,18)/b8-7+/t9-/m1/s1",C13H15N3O2,245.11642672,1.6392,4.02,-10.15,3.58,-190,3.91123523899272,1,CONCAT,3,3,87.71,3,13,2,3,0.7222222222222222,0.1111111111111111,0.16666666666666666,0.23076923076923078,0.07692307692307693,18,2,1,1,1,1,0,0,0
N=C1NC[C@@H](C1)/C=C/c1cc(Br)cc(c1S)O,15/000000066,"InChI=1S/C12H13BrN2OS/c13-9-4-8(12(17)10(16)5-9)2-1-7-3-11(14)15-6-7/h1-2,4-5,7,16-17H,3,6H2,(H2,14,15)/b2-1+/t7-/m1/s1",C12H13N2OSBr,311.993196136,3.043370000000002,4.02,-6.34,2.22,-170,4.420326772236184,1,CONCAT,3,4,56.11,2,12,1,2,0.7058823529411765,0.058823529411764705,0.11764705882352941,0.25,0.08333333333333333,17,2,1,1,1,1,0,0,0
C=C[C@@H](Cc1nnc(o1)CC(=O)C1=NNC(=O)C1=C)N,1/000000603,"InChI=1S/C12H13N5O3/c1-3-7(13)4-9-14-15-10(20-9)5-8(18)11-6(2)12(19)17-16-11/h3,7H,1-2,4-5,13H2,(H,17,19)/t7-/m0/s1",C12H13N5O3,275.101839276,-0.7209999999999996,4.02,1.18,3.58,-150,4.22986502015695,1,CONCAT,7,2,123.46999999999998,6,12,3,5,0.6,0.15,0.25,0.25,0.08333333333333333,20,2,1,1,2,1,1,0,0
Oc1c(S)c(cc(c1)Br)/C=C/CO,15/000000084,"InChI=1S/C9H9BrO2S/c10-7-4-6(2-1-3-11)9(13)8(12)5-7/h1-2,4-5,11-13H,3H2/b2-1+",C9H9O2SBr,259.95066262800003,2.4489000000000014,4.02,-8.25,2.22,-20,3.2430261236352003,1,CONCAT,3,3,40.46,2,9,2,0,0.6923076923076923,0.15384615384615385,0.0,0.1111111111111111,0.0,13,1,0,1,0,0,0,0,0
Oc1c(S)c(cc(c1)Br)/C=C/c1nnc[nH]1,15/000000124,"InChI=1S/C10H8BrN3OS/c11-7-3-6(10(16)8(15)4-7)1-2-9-12-5-13-14-9/h1-5,15-16H,(H,12,13,14)/b2-1+",C10H8N3OSBr,296.95714497600005,2.7319000000000013,4.02,-7.49,2.22,0,3.6977915522714087,1,CONCAT,4,3,61.800000000000004,2,10,1,3,0.625,0.0625,0.1875,0.0,0.0,16,2,0,2,1,0,1,0,0
C#Cc1cccc2c1[nH]/c(=C\C(=S)[C@H](NN)N)/s2,30/000000038,"InChI=1S/C12H12N4S2/c1-2-7-4-3-5-9-11(7)15-10(18-9)6-8(17)12(13)16-14/h1,3-6,12,15-16H,13-14H2/b10-6+/t12-/m0/s1",C12H12N4S2,276.050338384,1.1448999999999996,4.02,1.36,22.0,-190,4.463937266142043,1,CONCAT,6,4,76.1,3,12,0,4,0.6666666666666666,0.0,0.2222222222222222,0.08333333333333333,0.08333333333333333,18,2,1,1,1,1,0,0,0
O[C@H](c1oc(cc1)Br)C1=CNCC=N1,26/000000122,"InChI=1S/C9H9BrN2O2/c10-8-2-1-7(14-8)9(13)6-5-11-3-4-12-6/h1-2,4-5,9,11,13H,3H2/t9-/m0/s1",C9H9N2O2Br,255.984739628,1.5909,4.02,5.46,2.22,-150,4.311211348919189,1,CONCAT,4,2,57.760000000000005,2,9,2,2,0.6428571428571429,0.14285714285714285,0.14285714285714285,0.2222222222222222,0.1111111111111111,14,2,1,1,2,1,1,0,0
[nH]1c(=O)n(nc1CC)Cc1[nH]nc(c1)CCC,26/000000075,"InChI=1S/C11H17N5O/c1-3-5-8-6-9(14-13-8)7-16-11(17)12-10(4-2)15-16/h6H,3-5,7H2,1-2H3,(H,13,14)(H,12,15,17)",C11H17N5O,235.14331016399998,0.8576999999999992,4.02,6.17,19.5,-80,3.2423771587636327,1,CONCAT,4,2,79.36,5,11,1,5,0.6470588235294118,0.058823529411764705,0.29411764705882354,0.5454545454545454,0.0,17,2,0,2,2,0,2,0,0
Oc1nc(nc2c1nn[nH]2)Cc1[nH]nc(c1C=C)CC=C,28/000000082,"InChI=1S/C13H13N7O/c1-3-5-8-7(4-2)9(17-16-8)6-10-14-12-11(13(21)15-10)18-20-19-12/h3-4H,1-2,5-6H2,(H,16,17)(H2,14,15,18,19,20,21)",C13H13N7O,283.118158036,1.1388999999999998,4.02,-7.22,24.8,-80,3.9989397742783233,1,CONCAT,6,3,116.26,5,13,1,7,0.6190476190476191,0.047619047619047616,0.3333333333333333,0.15384615384615385,0.0,21,3,0,3,3,0,3,0,0
ONC/C(=C/CC1=C[C@@H](C=CO1)C)/CO,1/000000852,"InChI=1S/C11H17NO3/c1-9-4-5-15-11(6-9)3-2-10(8-13)7-12-14/h2,4-6,9,12-14H,3,7-8H2,1H3/b10-2-/t9-/m1/s1",C11H17NO3,211.120843404,1.3379,4.02,-0.59,2.22,-170,4.870199925987011,1,CONCAT,4,3,61.72,5,11,3,1,0.7333333333333333,0.2,0.06666666666666667,0.45454545454545453,0.09090909090909091,15,1,1,0,1,1,0,0,0
OC(/C=C/C(=O)NCCc1nnc([nH]1)S)(F)F,1/000001121,"InChI=1S/C8H10F2N4O2S/c9-8(10,16)3-1-6(15)11-4-2-5-12-7(17)14-13-5/h1,3,16H,2,4H2,(H,11,15)(H2,12,13,14,17)/b3-1+",C8H10N4O2SF2,264.049253,-0.10659999999999992,4.02,0.25,2.22,-150,3.6800863142820273,1,CONCAT,5,4,90.9,5,8,2,4,0.47058823529411764,0.11764705882352941,0.23529411764705882,0.375,0.0,17,1,0,1,1,0,1,0,0
ON[C@H](/C=C/CCNC(=O)C)S,1/000000285,"InChI=1S/C7H14N2O2S/c1-6(10)8-5-3-2-4-7(12)9-11/h2,4,7,9,11-12H,3,5H2,1H3,(H,8,10)/b4-2+/t7-/m0/s1",C7H14N2O2S,190.077598688,0.30350000000000016,4.02,-1.99,2.22,-170,3.984644632327196,1,CONCAT,4,4,61.36,5,7,2,2,0.5833333333333334,0.16666666666666666,0.16666666666666666,0.5714285714285714,0.14285714285714285,12,0,0,0,0,0,0,0,0
ON[C@H](c1coc(c1)CCN1C(=S)NCC1)S,1/000000395,"InChI=1S/C10H15N3O2S2/c14-12-9(16)7-5-8(15-6-7)1-3-13-4-2-11-10(13)17/h5-6,9,12,14,16H,1-4H2,(H,11,17)/t9-/m0/s1",C10H15N3O2S2,273.06056872000005,0.9193999999999998,4.02,-1.19,3.58,-170,4.2529831142983765,1,CONCAT,5,4,60.67,5,10,2,3,0.5882352941176471,0.11764705882352941,0.17647058823529413,0.5,0.1,17,2,1,1,2,1,1,0,0
S[C@@H](c1cnoc1)C#CC/C=C\CCNN,21/000000056,"InChI=1S/C11H15N3OS/c12-13-7-5-3-1-2-4-6-11(16)10-8-14-15-9-10/h1,3,8-9,11,13,16H,2,5,7,12H2/b3-1-/t11-/m1/s1",C11H15N3OS,237.0935831,1.4485999999999994,4.02,10.8,20.9,-150,4.806981312153978,1,CONCAT,5,3,64.08,5,11,1,3,0.6875,0.0625,0.1875,0.36363636363636365,0.09090909090909091,16,1,0,1,1,0,1,0,0
OCCOCCNCc1cc(O)cc(c1F)c1nncs1,16/000000002,"InChI=1S/C13H16FN3O3S/c14-12-9(7-15-1-3-20-4-2-18)5-10(19)6-11(12)13-17-16-8-21-13/h5-6,8,15,18-19H,1-4,7H2",C13H16N3O3SF,313.089640592,1.1482999999999999,4.02,-7.98,3.58,-180,2.9168282358167854,1,CONCAT,7,3,87.5,8,13,3,3,0.6190476190476191,0.14285714285714285,0.14285714285714285,0.38461538461538464,0.0,21,2,0,2,1,0,1,0,0
ON(C(=O)CCCl)c1cccc(c1O)OC(=O)c1snnc1,17/000000333,"InChI=1S/C12H10ClN3O5S/c13-5-4-10(17)16(20)7-2-1-3-8(11(7)18)21-12(19)9-6-14-15-22-9/h1-3,6,18,20H,4-5H2",C12H10N3O5SCl,343.00296910000003,1.8139999999999998,4.02,-3.68,3.58,-20,3.254252739280073,1,CONCAT,8,2,112.85,5,12,5,3,0.5454545454545454,0.22727272727272727,0.13636363636363635,0.16666666666666666,0.0,22,2,0,2,1,0,1,0,0
OC[C@H](c1nnc([nH]1)S)N,1/000000374,"InChI=1S/C4H8N4OS/c5-2(1-9)3-6-4(10)8-7-3/h2,9H,1,5H2,(H2,6,7,8,10)/t2-/m1/s1",C4H8N4OS,160.041881876,-0.9145000000000001,4.01,5.35,1.0,-150,4.390941668364102,1,CONCAT,5,4,87.82000000000001,2,4,1,4,0.4,0.1,0.4,0.5,0.25,10,1,0,1,1,0,1,0,0
ONCC(=O)Cc1nncs1,1/000000377,"InChI=1S/C5H7N3O2S/c9-4(2-7-10)1-5-8-6-3-11-5/h3,7,10H,1-2H2",C5H7N3O2S,173.025897464,-0.3715000000000004,4.01,1.25,1.11,0,3.54256956706646,1,CONCAT,6,2,75.11,4,5,2,3,0.45454545454545453,0.18181818181818182,0.2727272727272727,0.4,0.0,11,1,0,1,1,0,1,0,0
OC[C@H](c1cccc(c1O)OC(=O)c1ncoc1)F,17/000000982,"InChI=1S/C12H10FNO5/c13-8(4-15)7-2-1-3-10(11(7)16)19-12(17)9-5-18-6-14-9/h1-3,5-6,8,15-16H,4H2/t8-/m1/s1",C12H10NO5F,267.05430064,1.6022999999999998,4.01,-1.58,3.85,-150,3.552606005735603,1,CONCAT,6,2,92.78999999999999,4,12,5,1,0.631578947368421,0.2631578947368421,0.05263157894736842,0.16666666666666666,0.08333333333333333,19,2,0,2,1,0,1,0,0
N(C/C=C/Cc1nn(c(=O)[nH]1)Cc1ncoc1)C,26/000000006,"InChI=1S/C11H15N5O2/c1-12-5-3-2-4-10-14-11(17)16(15-10)6-9-7-18-8-13-9/h2-3,7-8,12H,4-6H2,1H3,(H,14,15,17)/b3-2+",C11H15N5O2,249.12257472,-0.0741999999999996,4.01,10.94,21.7,-20,3.83637430173156,1,CONCAT,6,2,88.74,6,11,2,5,0.6111111111111112,0.1111111111111111,0.2777777777777778,0.36363636363636365,0.0,18,2,0,2,2,0,2,0,0
OC(=O)[C@@H](N(c1ccc(c(c1)Cl)Cl)N)c1nocn1,7/000000001,"InChI=1S/C10H8Cl2N4O3/c11-6-2-1-5(3-7(6)12)16(13)8(10(17)18)9-14-4-19-15-9/h1-4,8H,13H2,(H,17,18)/t8-/m0/s1",C10H8N4O3Cl2,301.997345476,1.8824,4.01,-8.07,22.0,-190,3.47853988426636,1,CONCAT,6,2,105.48,4,10,3,4,0.5263157894736842,0.15789473684210525,0.21052631578947367,0.1,0.1,19,2,0,2,1,0,1,0,0
Sc1nnc([nH]1)CCOC[C@H](CC)SCC=C,1/000001122,"InChI=1S/C11H19N3OS2/c1-3-7-17-9(4-2)8-15-6-5-10-12-11(16)14-13-10/h3,9H,1,4-8H2,2H3,(H2,12,13,14,16)/t9-/m0/s1",C11H19N3OS2,273.096954228,2.3503000000000007,4.01,0.57,2.22,-170,4.342939845067607,1,CONCAT,5,2,50.8,9,11,1,3,0.6470588235294118,0.058823529411764705,0.17647058823529413,0.6363636363636364,0.09090909090909091,17,1,0,1,1,0,1,0,0
Oc1ccc(c(c1C(=O)N)N(=O)=O)F,16/000000096,"InChI=1S/C7H5FN2O4/c8-3-1-2-4(11)5(7(9)12)6(3)10(13)14/h1-2,11H,(H2,9,12)",C7H5N2O4F,200.02333486,0.5384,4.01,-4.66,2.22,0,2.4400882779998305,1,CONCAT,4,2,106.46000000000001,2,7,4,2,0.5,0.2857142857142857,0.14285714285714285,0.0,0.0,14,1,0,1,0,0,0,0,0
OC(=O)c1cc(OC)ccc1c1nc[nH]c1,12/000000062,"InChI=1S/C11H10N2O3/c1-16-7-2-3-8(9(4-7)11(14)15)10-5-12-6-13-10/h2-6H,1H3,(H,12,13)(H,14,15)",C11H10N2O3,218.06914218,1.7834999999999999,4.01,-5.99,2.22,-160,2.4983638599637175,1,CONCAT,3,2,75.21000000000001,3,11,3,2,0.6875,0.1875,0.125,0.09090909090909091,0.0,16,2,0,2,1,0,1,0,0
O=Nc1c(O)cc(c(c1)F)CCC[C@H](C)c1n[nH]c(=S)o1,16/000000062,"InChI=1S/C13H14FN3O3S/c1-7(12-15-16-13(21)20-12)3-2-4-8-5-11(18)10(17-19)6-9(8)14/h5-7,18H,2-4H2,1H3,(H,16,21)/t7-/m0/s1",C13H14N3O3SF,311.07399052799997,4.101190000000002,4.01,-7.9,3.58,-190,3.807496558725534,1,CONCAT,6,2,91.48,6,13,3,3,0.6190476190476191,0.14285714285714285,0.14285714285714285,0.38461538461538464,0.07692307692307693,21,2,0,2,1,0,1,0,0
Oc1ccc(cc1OC(=O)c1nnc[nH]1)CC(=C)C,17/000000778,"InChI=1S/C13H13N3O3/c1-8(2)5-9-3-4-10(17)11(6-9)19-13(18)12-14-7-15-16-12/h3-4,6-7,17H,1,5H2,2H3,(H,14,15,16)",C13H13N3O3,259.095691276,1.8480999999999999,4.01,-3.84,3.58,-40,3.051218754845273,1,CONCAT,5,2,88.1,4,13,3,3,0.6842105263157895,0.15789473684210525,0.15789473684210525,0.15384615384615385,0.0,19,2,0,2,1,0,1,0,0
ONCCCCCc1nnc(o1)S,1/000000009,"InChI=1S/C7H13N3O2S/c11-8-5-3-1-2-4-6-9-10-7(13)12-6/h8,11H,1-5H2,(H,10,13)",C7H13N3O2S,203.072847656,1.0498999999999998,4.01,-3.84,2.35,0,3.109392348761424,1,CONCAT,6,3,71.18,6,7,2,3,0.5384615384615384,0.15384615384615385,0.23076923076923078,0.7142857142857143,0.0,13,1,0,1,1,0,1,0,0
Oc1cc(c(cc1N=O)F)C/C=C/[C@@H]1OCCNC1,16/000000033,"InChI=1S/C13H15FN2O3/c14-11-7-12(16-18)13(17)6-9(11)2-1-3-10-8-15-4-5-19-10/h1,3,6-7,10,15,17H,2,4-5,8H2/b3-1+/t10-/m0/s1",C13H15N2O3F,266.10667056,2.0162999999999998,4.01,-7.68,3.58,-190,3.95076739905926,1,CONCAT,5,2,70.92,4,13,3,2,0.6842105263157895,0.15789473684210525,0.10526315789473684,0.38461538461538464,0.07692307692307693,19,2,1,1,1,1,0,0,0
C(=C\[C@@H](c1n[nH]c(c1)N)N)/CC1=CNCN1,15/000000083,"InChI=1S/C10H16N6/c11-8(9-4-10(12)16-15-9)3-1-2-7-5-13-6-14-7/h1,3-5,8,13-14H,2,6,11H2,(H3,12,15,16)/b3-1+/t8-/m0/s1",C10H16N6,220.14364451199998,-0.07029999999999997,4.01,11.44,2.22,-150,4.977282984394781,1,CONCAT,5,5,104.78,4,10,0,6,0.625,0.0,0.375,0.3,0.1,16,2,1,1,2,1,1,0,0
Oc1c(S)c(c2onc(c2)CO)cc(c1)Br,15/000000157,"InChI=1S/C10H8BrNO3S/c11-5-1-7(10(16)8(14)2-5)9-3-6(4-13)12-15-9/h1-3,13-14,16H,4H2",C10H8NO3SBr,300.940826216,2.5907,4.01,-6.45,2.22,-140,3.0778058180056735,1,CONCAT,5,3,66.49000000000001,2,10,3,1,0.625,0.1875,0.0625,0.1,0.0,16,2,0,2,1,0,1,0,0
C(=C\CC(=C)Cc1c(Cl)nccc1C(=O)N)/CC[NH3+],22/000000022,"InChI=1S/C14H18ClN3O/c1-10(5-3-2-4-7-16)9-12-11(14(17)19)6-8-18-13(12)15/h2-3,6,8H,1,4-5,7,9,16H2,(H2,17,19)/p+1/b3-2+",C14H19N3OCl,280.12111632809,1.5108999999999997,4.01,-4.07,17.1,-40,3.723239771926884,1,CONCAT,2,2,83.62,7,14,1,3,0.7368421052631579,0.05263157894736842,0.15789473684210525,0.2857142857142857,0.0,19,1,0,1,1,0,1,0,0
Oc1c(OC(=O)c2nnn[nH]2)ccc(c1)[C@H](CS)OC,17/000000334,"InChI=1S/C11H12N4O4S/c1-18-9(5-20)6-2-3-8(7(16)4-6)19-11(17)10-12-14-15-13-10/h2-4,9,16,20H,5H2,1H3,(H,12,13,14,15)/t9-/m0/s1",C11H12N4O4S,296.05792586399997,0.7418,4.01,-4.47,23.5,-170,3.685229031145961,1,CONCAT,8,3,110.22000000000001,5,11,4,4,0.55,0.2,0.2,0.2727272727272727,0.09090909090909091,20,2,0,2,1,0,1,0,0
Sc1nnc([nH]1)[C@@H](CCCC)N,1/000001040,"InChI=1S/C7H14N4S/c1-2-3-4-5(8)6-9-7(12)11-10-6/h5H,2-4,8H2,1H3,(H2,9,10,11,12)/t5-/m1/s1",C7H14N4S,186.09391744799998,1.2834,4.0,6.37,2.35,-170,3.904664212746776,1,CONCAT,4,3,67.59,4,7,0,4,0.5833333333333334,0.0,0.3333333333333333,0.7142857142857143,0.14285714285714285,12,1,0,1,1,0,1,0,0
OC(=O)c1cc(OCCO)ccc1C(=C)CC=C,12/000000009,"InChI=1S/C14H16O4/c1-3-4-10(2)12-6-5-11(18-8-7-15)9-13(12)14(16)17/h3,5-6,9,15H,1-2,4,7-8H2,(H,16,17)",C14H16O4,248.104858992,2.3452,4.0,-4.57,3.58,-60,2.6344615798380673,1,CONCAT,3,2,66.76,7,14,4,0,0.7777777777777778,0.2222222222222222,0.0,0.21428571428571427,0.0,18,1,0,1,0,0,0,0,0
O[C@H](CCC)c1n[nH]nc1CO,1/000000565,"InChI=1S/C7H13N3O2/c1-2-3-6(12)7-5(4-11)8-10-9-7/h6,11-12H,2-4H2,1H3,(H,8,9,10)/t6-/m1/s1",C7H13N3O2,171.100776656,0.13049999999999995,4.0,5.6,2.22,-170,3.65568099596356,1,CONCAT,4,3,82.03,4,7,2,3,0.5833333333333334,0.16666666666666666,0.25,0.7142857142857143,0.14285714285714285,12,1,0,1,1,0,1,0,0
ONC/C=C\Cc1ccc(c(c1)CNC(=O)C)CO,1/000000069,"InChI=1S/C14H20N2O3/c1-11(18)15-9-14-8-12(4-2-3-7-16-19)5-6-13(14)10-17/h2-3,5-6,8,16-17,19H,4,7,9-10H2,1H3,(H,15,18)/b3-2-",C14H20N2O3,264.1473925,0.8925000000000001,4.0,-4.6,3.58,-80,2.7989757940325006,1,CONCAT,4,4,81.59,7,14,3,2,0.7368421052631579,0.15789473684210525,0.10526315789473684,0.35714285714285715,0.0,19,1,0,1,0,0,0,0,0
Oc1cc(c(cc1C(=O)CO)F)/C(=C\C)/C=C\CN,16/000000048,"InChI=1S/C14H16FNO3/c1-2-9(4-3-5-16)10-7-13(18)11(6-12(10)15)14(19)8-17/h2-4,6-7,17-18H,5,8,16H2,1H3/b4-3-,9-2-",C14H16NO3F,265.111421592,1.6245,4.0,-4.01,3.58,-20,3.295026319090129,1,CONCAT,4,3,83.55,5,14,3,1,0.7368421052631579,0.15789473684210525,0.05263157894736842,0.21428571428571427,0.0,19,1,0,1,0,0,0,0,0
Oc1c(OC(=O)c2occc2)cccc1[C@@H](C)S,17/000000870,"InChI=1S/C13H12O4S/c1-8(18)9-4-2-5-10(12(9)14)17-13(15)11-6-3-7-16-11/h2-8,14,18H,1H3/t8-/m1/s1",C13H12O4S,264.04562986400003,3.195200000000002,4.0,-1.38,17.3,-170,2.987845881526658,1,CONCAT,5,2,59.67,3,13,4,0,0.7222222222222222,0.2222222222222222,0.0,0.15384615384615385,0.07692307692307693,18,2,0,2,1,0,1,0,0
O[C@@](CN)(COc1ncccc1Br)C=C,20/000000003,"InChI=1S/C10H13BrN2O2/c1-2-10(14,6-12)7-15-9-8(11)4-3-5-13-9/h2-5,14H,1,6-7,12H2/t10-/m0/s1",C10H13N2O2Br,272.01603975600005,1.0986999999999996,4.0,-5.14,2.22,-190,3.5989341259334076,1,CONCAT,4,2,68.37,5,10,2,2,0.6666666666666666,0.13333333333333333,0.13333333333333333,0.3,0.1,15,1,0,1,1,0,1,0,0
ONC/C=C\Cc1ncncc1,1/000000025,"InChI=1S/C8H11N3O/c12-11-5-2-1-3-8-4-6-9-7-10-8/h1-2,4,6-7,11-12H,3,5H2/b2-1-",C8H11N3O,165.090211972,0.5541,4.0,0.77,2.22,0,3.251773649319926,1,CONCAT,4,2,58.04,4,8,1,3,0.6666666666666666,0.08333333333333333,0.25,0.25,0.0,12,1,0,1,1,0,1,0,0
Oc1c(S)c(cc(c1)Br)/C=C/[C@@H](CS)NCN,15/000000203,"InChI=1S/C11H15BrN2OS2/c12-8-3-7(11(17)10(15)4-8)1-2-9(5-16)14-6-13/h1-4,9,14-17H,5-6,13H2/b2-1+/t9-/m0/s1",C11H15N2OS2Br,333.9809172000001,2.2608,4.0,-9.34,2.22,-190,4.238850254766604,1,CONCAT,5,5,58.28,5,11,1,2,0.6470588235294118,0.058823529411764705,0.11764705882352941,0.2727272727272727,0.09090909090909091,17,1,0,1,0,0,0,0,0
OCCCCc1nnc([nH]1)[C@@H](n1nc([nH]c1=O)CCOC)Cl,26/000000099,"InChI=1S/C12H19ClN6O3/c1-22-7-5-9-15-12(21)19(18-9)10(13)11-14-8(16-17-11)4-2-3-6-20/h10,20H,2-7H2,1H3,(H,14,16,17)(H,15,18,21)/t10-/m1/s1",C12H19N6O3Cl,330.120716148,-0.020900000000000363,4.0,7.28,24.4,-170,4.096861911977084,1,CONCAT,7,3,121.71,9,12,3,6,0.5454545454545454,0.13636363636363635,0.2727272727272727,0.6666666666666666,0.08333333333333333,22,2,0,2,2,0,2,0,0
OCC#CCNc1nc(ncc1)CCC1=C[C@@H](NN1)CCOC(=O)C,6/000000147,"InChI=1S/C17H23N5O3/c1-13(24)25-11-7-15-12-14(21-22-15)4-5-16-19-9-6-17(20-16)18-8-2-3-10-23/h6,9,12,15,21-23H,4-5,7-8,10-11H2,1H3,(H,18,19,20)/t15-/m0/s1",C17H23N5O3,345.18008959599996,0.13030000000000053,6.14,8.72,4.94,-170,4.147431230172925,1,CRAFT,8,4,108.4,8,17,3,5,0.68,0.12,0.2,0.47058823529411764,0.058823529411764705,25,2,1,1,2,1,1,0,0
OCC#CCNc1nc(ncc1)CCC1=C[C@@H](NN1)CCC,6/000000110,"InChI=1S/C16H23N5O/c1-2-5-13-12-14(21-20-13)6-7-15-18-10-8-16(19-15)17-9-3-4-11-22/h8,10,12-13,20-22H,2,5-7,9,11H2,1H3,(H,17,18,19)/t13-/m0/s1",C16H23N5O,301.190260356,0.9771999999999997,5.57,10.89,3.58,-170,4.183224505029193,1,CRAFT,6,4,82.1,7,16,1,5,0.7272727272727273,0.045454545454545456,0.22727272727272727,0.5,0.0625,22,2,1,1,2,1,1,0,0
OCC#CCNc1nc(ncc1)CC/C=C\[C@H]1SCCN1,6/000000169,"InChI=1S/C15H20N4OS/c20-11-4-3-8-16-14-7-9-17-13(19-14)5-1-2-6-15-18-10-12-21-15/h2,6-7,9,15,18,20H,1,5,8,10-12H2,(H,16,17,19)/b6-2-/t15-/m1/s1",C15H20N4OS,304.13578226,1.0354999999999996,5.42,6.94,3.58,-150,4.180131058597186,1,CRAFT,6,3,70.07,6,15,1,4,0.7142857142857143,0.047619047619047616,0.19047619047619047,0.4666666666666667,0.06666666666666667,21,2,1,1,2,1,1,0,0
OCC#CCNc1nc(ncc1)CCC1=C[C@@H](NN1)/C=C/C,6/000000151,"InChI=1S/C16H21N5O/c1-2-5-13-12-14(21-20-13)6-7-15-18-10-8-16(19-15)17-9-3-4-11-22/h2,5,8,10,12-13,20-22H,6-7,9,11H2,1H3,(H,17,18,19)/b5-2+/t13-/m0/s1",C16H21N5O,299.174610292,0.7532,5.41,9.87,3.58,-170,4.3590230627215,1,CRAFT,6,4,82.1,6,16,1,5,0.7272727272727273,0.045454545454545456,0.22727272727272727,0.375,0.0625,22,2,1,1,2,1,1,0,0
OCC#CCNc1nc(ncc1)CCSc1nncs1,6/000000047,"InChI=1S/C12H13N5OS2/c18-7-2-1-5-13-10-3-6-14-11(16-10)4-8-19-12-17-15-9-20-12/h3,6,9,18H,4-5,7-8H2,(H,13,14,16)",C12H13N5OS2,307.05615203600007,1.0705,5.4,7.94,3.58,0,3.2440524316365487,1,CRAFT,8,2,83.82000000000001,6,12,1,5,0.6,0.05,0.25,0.3333333333333333,0.0,20,2,0,2,2,0,2,0,0
OCC#CCNc1nc(ncc1)CCC1=C[C@@H](NN1)CCCNCN,6/000000101,"InChI=1S/C17H27N7O/c18-13-19-8-3-4-14-12-15(24-23-14)5-6-16-21-10-7-17(22-16)20-9-1-2-11-25/h7,10,12,14,19,23-25H,3-6,8-9,11,13,18H2,(H,20,21,22)/t14-/m0/s1",C17H27N7O,345.22770848400006,-0.5368999999999973,5.39,9.48,6.45,-150,4.324901409308858,1,CRAFT,8,6,120.14999999999999,10,17,1,7,0.68,0.04,0.28,0.5294117647058824,0.058823529411764705,25,2,1,1,2,1,1,0,0
c1ccc2c(c1)n(nc2)C(=O)NC1=NC[C@H](O1)C[NH3+],30/000000004,"InChI=1S/C12H13N5O2/c13-5-9-7-14-11(19-9)16-12(18)17-10-4-2-1-3-8(10)6-15-17/h1-4,6,9H,5,7,13H2,(H,14,16,18)/p+1/t9-/m1/s1",C12H14N5O2,260.11420110809,-0.4092999999999995,5.36,1.2,3.58,-190,3.995325161297023,1,CRAFT,5,2,96.15,1,12,2,5,0.631578947368421,0.10526315789473684,0.2631578947368421,0.25,0.08333333333333333,19,3,1,2,2,1,1,0,0
OCC#CCNc1nc(ncc1)CCC1=C[C@@H](NN1)CNC(=O)C,6/000000142,"InChI=1S/C16H22N6O2/c1-12(24)19-11-14-10-13(21-22-14)4-5-15-18-8-6-16(20-15)17-7-2-3-9-23/h6,8,10,14,21-23H,4-5,7,9,11H2,1H3,(H,19,24)(H,17,18,20)/t14-/m1/s1",C16H22N6O2,330.180423944,-0.6867999999999976,5.36,9.7,4.94,-170,4.143760624073256,1,CRAFT,7,5,111.19999999999999,7,16,2,6,0.6666666666666666,0.08333333333333333,0.25,0.4375,0.0625,24,2,1,1,2,1,1,0,0
S[C@H](C)/C=C\CCc1nccc(n1)NCC#CCO,6/000000135,"InChI=1S/C14H19N3OS/c1-12(19)6-2-3-7-13-16-10-8-14(17-13)15-9-4-5-11-18/h2,6,8,10,12,18-19H,3,7,9,11H2,1H3,(H,15,16,17)/b6-2-/t12-/m1/s1",C14H19N3OS,277.124883228,1.6912999999999998,5.34,7.19,3.58,-170,3.962662270854132,1,CRAFT,5,3,58.040000000000006,6,14,1,3,0.7368421052631579,0.05263157894736842,0.15789473684210525,0.42857142857142855,0.07142857142857142,19,1,0,1,1,0,1,0,0
OCC#CCNc1nc(ncc1)C[C@@H](C=C)O,6/000000162,"InChI=1S/C12H15N3O2/c1-2-10(17)9-12-14-7-5-11(15-12)13-6-3-4-8-16/h2,5,7,10,16-17H,1,6,8-9H2,(H,13,14,15)/t10-/m1/s1",C12H15N3O2,233.11642672,-0.026400000000000146,5.22,8.95,3.58,-150,3.78382349891376,1,CRAFT,5,3,78.27,5,12,2,3,0.7058823529411765,0.11764705882352941,0.17647058823529413,0.3333333333333333,0.08333333333333333,17,1,0,1,1,0,1,0,0
OCC#CCNc1nc(ncc1)CCOC(=O)C,6/000000038,"InChI=1S/C12H15N3O3/c1-10(17)18-9-5-12-14-7-4-11(15-12)13-6-2-3-8-16/h4,7,16H,5-6,8-9H2,1H3,(H,13,14,15)",C12H15N3O3,249.11134134,-0.010200000000000431,5.2,9.26,3.58,-20,2.9038181409240416,1,CRAFT,6,2,84.34,5,12,3,3,0.6666666666666666,0.16666666666666666,0.16666666666666666,0.4166666666666667,0.0,18,1,0,1,1,0,1,0,0
OC(=O)C1=C[C@@H](CC=C1)CCOC(=O)C(=S)NCC=C,26/000000001,"InChI=1S/C14H17NO4S/c1-2-7-15-12(20)14(18)19-8-6-10-4-3-5-11(9-10)13(16)17/h2-3,5,9-10H,1,4,6-8H2,(H,15,20)(H,16,17)/t10-/m0/s1",C14H17NO4S,295.08782902400003,1.6098000000000001,5.16,6.99,6.72,-150,3.9197791460310754,1,CRAFT,4,2,75.63,6,14,4,1,0.7,0.2,0.05,0.35714285714285715,0.07142857142857142,20,1,1,0,0,0,0,0,0
OCC#CCCc1ccn(c1)[C@@H](CO)CF,6/000000177,"InChI=1S/C12H16FNO2/c13-8-12(10-16)14-6-5-11(9-14)4-2-1-3-7-15/h5-6,9,12,15-16H,2,4,7-8,10H2/t12-/m1/s1",C12H16NO2F,225.116506972,0.9193,5.15,9.35,3.58,-150,3.9611992385753823,1,CRAFT,3,2,45.39,5,12,2,1,0.75,0.125,0.0625,0.5,0.08333333333333333,16,1,0,1,1,0,1,0,0
NN[C@](CBr)(c1nc(n[nH]1)CN)C=C,17/000000014,"InChI=1S/C7H13BrN6/c1-2-7(4-8,14-10)6-11-5(3-9)12-13-6/h2,14H,1,3-4,9-10H2,(H,11,12,13)/t7-/m1/s1",C7H13N6Br,260.038506516,-0.4971000000000003,5.14,0.85,17.6,-150,4.70535086308923,1,CRAFT,5,4,105.64,5,7,0,6,0.5,0.0,0.42857142857142855,0.42857142857142855,0.14285714285714285,14,1,0,1,1,0,1,0,0
Sc1nnc(o1)[C@H](c1nnc[nH]1)N,24/000000012,"InChI=1S/C5H6N6OS/c6-2(3-7-1-8-9-3)4-10-11-5(13)12-4/h1-2H,6H2,(H,11,13)(H,7,8,9)/t2-/m0/s1",C5H6N6OS,198.032379812,-0.4755,5.1,5.84,20.1,-150,4.540231802217166,1,CRAFT,7,3,106.51,2,5,1,6,0.38461538461538464,0.07692307692307693,0.46153846153846156,0.2,0.2,13,2,0,2,2,0,2,0,0
OP(=O)(OC/C=C/c1cccc(c1CN)I)O,18/000000052,"InChI=1S/C10H13INO4P/c11-10-5-1-3-8(9(10)7-12)4-2-6-16-17(13,14)15/h1-5H,6-7,12H2,(H2,13,14,15)/b4-2+",C10H13NO4PI,368.962692526,1.8724000000000003,5.1,-1.57,2.35,0,3.1423047089308564,1,CRAFT,3,3,92.78,5,10,4,1,0.5882352941176471,0.23529411764705882,0.058823529411764705,0.2,0.0,17,1,0,1,0,0,0,0,0
OCC#CCNc1nc(ncc1)CC[C@H](CC)N,6/000000004,"InChI=1S/C13H20N4O/c1-2-11(14)5-6-12-16-9-7-13(17-12)15-8-3-4-10-18/h7,9,11,18H,2,5-6,8,10,14H2,1H3,(H,15,16,17)/t11-/m0/s1",C13H20N4O,248.16371125999999,0.5541000000000001,5.08,8.74,3.58,-170,3.5018316190832204,1,CRAFT,5,3,84.06,6,13,1,4,0.7222222222222222,0.05555555555555555,0.2222222222222222,0.5384615384615384,0.07692307692307693,18,1,0,1,1,0,1,0,0
O[C@H](C1=Nc2cc[nH]c2CN1)c1nnc[nH]1,24/000000007,"InChI=1S/C9H10N6O/c16-7(9-12-4-13-15-9)8-11-3-6-5(14-8)1-2-10-6/h1-2,4,7,10,16H,3H2,(H,11,14)(H,12,13,15)/t7-/m1/s1",C9H10N6O,218.09160894,-0.00040000000000006697,5.08,8.41,19.9,-190,4.728603755760327,1,CRAFT,5,4,101.98000000000002,2,9,1,6,0.5625,0.0625,0.375,0.2222222222222222,0.1111111111111111,16,3,1,2,3,1,2,0,0
NNCC/C=C/[C@H](c1nnc[nH]1)N,24/000000074,"InChI=1S/C7H14N6/c8-6(3-1-2-4-11-9)7-10-5-12-13-7/h1,3,5-6,11H,2,4,8-9H2,(H,10,12,13)/b3-1+/t6-/m1/s1",C7H14N6,182.12799444799998,-0.7858999999999992,5.08,7.26,3.58,-150,4.580879619264983,1,CRAFT,5,4,105.64,5,7,0,6,0.5384615384615384,0.0,0.46153846153846156,0.42857142857142855,0.14285714285714285,13,1,0,1,1,0,1,0,0
Sc1nnc(o1)CC[C@H](NCS(=O)(=O)C)N,23/000000047,"InChI=1S/C7H14N4O3S2/c1-16(12,13)4-9-5(8)2-3-6-10-11-7(15)14-6/h5,9H,2-4,8H2,1H3,(H,11,15)/t5-/m0/s1",C7H14N4O3S2,266.050732308,-0.8325999999999996,5.05,-1.96,2.22,-190,4.018251188485937,1,CRAFT,8,3,111.11,6,7,3,4,0.4375,0.1875,0.25,0.7142857142857143,0.14285714285714285,16,1,0,1,1,0,1,0,0
Sc1nnc(o1)/C=C/[C@H](c1nnc[nH]1)O,24/000000022,"InChI=1S/C7H7N5O2S/c13-4(6-8-3-9-11-6)1-2-5-10-12-7(15)14-5/h1-4,13H,(H,12,15)(H,8,9,11)/b2-1+/t4-/m1/s1",C7H7N5O2S,225.032045464,0.22319999999999984,5.03,6.81,2.22,-150,4.699747102066746,1,CRAFT,7,3,100.72000000000001,3,7,2,5,0.4666666666666667,0.13333333333333333,0.3333333333333333,0.14285714285714285,0.14285714285714285,15,2,0,2,2,0,2,0,0
OCC#CCCc1ccn(c1)[C@H](CF)C(=O)O,6/000000121,"InChI=1S/C12H14FNO3/c13-8-11(12(16)17)14-6-5-10(9-14)4-2-1-3-7-15/h5-6,9,11,15H,2,4,7-8H2,(H,16,17)/t11-/m1/s1",C12H13NO3F,239.095771528,1.0116,5.03,9.73,3.58,-150,3.8465804547239086,1,CRAFT,3,2,62.46000000000001,5,12,3,1,0.7058823529411765,0.17647058823529413,0.058823529411764705,0.4166666666666667,0.08333333333333333,17,1,0,1,1,0,1,0,0
O[C@H](C=C)C#CCc1nnc([nH]1)S,3/000000011,"InChI=1S/C8H9N3OS/c1-2-6(12)4-3-5-7-9-8(13)11-10-7/h2,6,12H,1,5H2,(H2,9,10,11,13)/t6-/m1/s1",C8H9N3OS,195.046632908,0.18619999999999998,5.03,1.88,2.22,-150,4.906800513235877,1,CRAFT,4,3,61.800000000000004,2,8,1,3,0.6153846153846154,0.07692307692307693,0.23076923076923078,0.25,0.125,13,1,0,1,1,0,1,0,0
OCC#CCNCC/C=C\[C@H]1SCNCC1,6/000000198,"InChI=1S/C12H20N2OS/c15-10-4-3-8-13-7-2-1-5-12-6-9-14-11-16-12/h1,5,12-15H,2,6-11H2/b5-1-/t12-/m1/s1",C12H20N2OS,240.12963426,0.5705999999999996,4.99,10.63,3.58,-150,4.467733379328247,1,CRAFT,4,3,44.29,5,12,1,2,0.75,0.0625,0.125,0.6666666666666666,0.08333333333333333,16,1,1,0,1,1,0,0,0
OCC#CCNc1nc(ncc1)CCC1=CCNN1,6/000000069,"InChI=1S/C13H17N5O/c19-10-2-1-7-14-13-6-8-15-12(17-13)4-3-11-5-9-16-18-11/h5-6,8,16,18-19H,3-4,7,9-10H2,(H,14,15,17)",C13H17N5O,259.143310164,-0.1914999999999999,4.97,10.45,3.58,0,3.661805262205837,1,CRAFT,6,4,82.1,5,13,1,5,0.6842105263157895,0.05263157894736842,0.2631578947368421,0.38461538461538464,0.0,19,2,1,1,2,1,1,0,0
OCC#CCNc1nc(ncc1)CCCNOC[C@@H]1SCCCC1,6/000000194,"InChI=1S/C17H26N4O2S/c22-12-3-2-9-18-17-8-11-19-16(21-17)7-5-10-20-23-14-15-6-1-4-13-24-15/h8,11,15,20,22H,1,4-7,9-10,12-14H2,(H,18,19,21)/t15-/m1/s1",C17H26N4O2S,350.17764707199996,1.6236999999999997,4.96,6.71,4.94,-150,3.938110956166147,1,CRAFT,7,3,79.3,9,17,2,4,0.7083333333333334,0.08333333333333333,0.16666666666666666,0.6470588235294118,0.058823529411764705,24,2,1,1,2,1,1,0,0
OC(=O)CNC(=O)C1=CC[C@H](CO1)S,30/000000049,"InChI=1S/C8H11NO4S/c10-7(11)3-9-8(12)6-2-1-5(14)4-13-6/h2,5,14H,1,3-4H2,(H,9,12)(H,10,11)/t5-/m1/s1",C8H11NO4S,217.040878832,-0.2101999999999999,4.95,2.59,2.22,-150,3.7783763691621033,1,CRAFT,4,3,75.63000000000001,3,8,4,1,0.5714285714285714,0.2857142857142857,0.07142857142857142,0.5,0.125,14,1,1,0,1,1,0,0,0
OCCc1nnc(o1)[C@@](C)(NN)Br,17/000000041,"InChI=1S/C6H11BrN4O2/c1-6(7,11-8)5-10-9-4(13-5)2-3-12/h11-12H,2-3,8H2,1H3/t6-/m1/s1",C6H11N4O2Br,250.006537692,-0.3647000000000002,4.94,1.89,16.5,-170,3.987816667082031,1,CRAFT,6,3,97.2,4,6,2,4,0.46153846153846156,0.15384615384615385,0.3076923076923077,0.6666666666666666,0.16666666666666666,13,1,0,1,1,0,1,0,0
OCC#CCNc1nc(ncc1)CCC1=C[C@@H](NN1)CC,6/000000105,"InChI=1S/C15H21N5O/c1-2-12-11-13(20-19-12)5-6-14-17-9-7-15(18-14)16-8-3-4-10-21/h7,9,11-12,19-21H,2,5-6,8,10H2,1H3,(H,16,17,18)/t12-/m0/s1",C15H21N5O,287.174610292,0.5870999999999996,4.94,10.48,3.58,-170,4.231661193243079,1,CRAFT,6,4,82.1,6,15,1,5,0.7142857142857143,0.047619047619047616,0.23809523809523808,0.4666666666666667,0.06666666666666667,21,2,1,1,2,1,1,0,0
OCC#CCNc1nc(ncc1)CCOc1[nH]ncc1,6/000000068,"InChI=1S/C13H15N5O2/c19-9-2-1-6-14-11-3-7-15-12(17-11)5-10-20-13-4-8-16-18-13/h3-4,7-8,19H,5-6,9-10H2,(H,16,18)(H,14,15,17)",C13H15N5O2,273.12257472000005,0.22879999999999928,4.93,9.06,3.58,0,3.325495977920772,1,CRAFT,6,3,95.95,6,13,2,5,0.65,0.1,0.25,0.3076923076923077,0.0,20,2,0,2,2,0,2,0,0
SC/C=C\[C@@H](NOc1cccc(c1CN)I)Br,18/000000051,"InChI=1S/C11H14BrIN2OS/c12-11(5-2-6-17)15-16-10-4-1-3-9(13)8(10)7-14/h1-5,11,15,17H,6-7,14H2/b5-2-/t11-/m1/s1",C11H14N2OSBrI,427.90549416799996,2.840300000000001,4.91,-3.49,16.3,-150,4.438777508733729,1,CRAFT,4,3,47.28,6,11,1,2,0.6470588235294118,0.058823529411764705,0.11764705882352941,0.2727272727272727,0.09090909090909091,17,1,0,1,0,0,0,0,0
OC(=O)c1nonc1C(=O)OCCNc1ncc(cc1)CO,13/000000043,"InChI=1S/C12H12N4O6/c17-6-7-1-2-8(14-5-7)13-3-4-21-12(20)10-9(11(18)19)15-22-16-10/h1-2,5,17H,3-4,6H2,(H,13,14)(H,18,19)",C12H12N4O6,308.075684104,-0.07600000000000062,4.91,3.57,3.72,0,2.67550152095847,1,CRAFT,9,3,147.67,7,12,6,4,0.5454545454545454,0.2727272727272727,0.18181818181818182,0.25,0.0,22,2,0,2,2,0,2,0,0
Sc1nnc([nH]1)c1ccc(cc1)CC(=O)CN,1/000000009,"InChI=1S/C11H12N4OS/c12-6-9(16)5-7-1-3-8(4-2-7)10-13-11(17)15-14-10/h1-4H,5-6,12H2,(H2,13,14,15,17)",C11H12N4OS,248.073182004,0.8306999999999995,4.91,-4.63,17.5,-180,2.926569466455941,1,CRAFT,5,3,84.66,4,11,1,4,0.6470588235294118,0.058823529411764705,0.23529411764705882,0.18181818181818182,0.0,17,2,0,2,1,0,1,0,0
C#C[C@@](CCCc1nccc(n1)NCC#CCO)(C)O,6/000000020,"InChI=1S/C15H19N3O2/c1-3-15(2,20)9-6-7-13-17-11-8-14(18-13)16-10-4-5-12-19/h1,8,11,19-20H,6-7,9-10,12H2,2H3,(H,16,17,18)/t15-/m1/s1",C15H19N3O2,273.147726848,0.5910999999999997,4.9,9.15,5.09,-170,3.8209757344426647,1,CRAFT,5,3,78.27000000000001,6,15,2,3,0.75,0.1,0.15,0.4666666666666667,0.06666666666666667,20,1,0,1,1,0,1,0,0
O[C@@H](COCCc1nc2c([nH]1)cc(c(c2)Cl)Cl)C1=COCCO1,4/000000041,"InChI=1S/C15H16Cl2N2O4/c16-9-5-11-12(6-10(9)17)19-15(18-11)1-2-21-7-13(20)14-8-22-3-4-23-14/h5-6,8,13,20H,1-4,7H2,(H,18,19)/t13-/m0/s1",C15H16N2O4Cl2,358.04871235199994,2.677900000000001,4.9,2.18,21.3,-190,3.5440393473896945,1,CRAFT,5,2,76.60000000000001,6,15,4,2,0.6521739130434783,0.17391304347826086,0.08695652173913043,0.4,0.06666666666666667,23,3,1,2,2,1,1,0,0
OCCc1ccc(c(c1)C(=O)CN)N(=O)=O,28/000000011,"InChI=1S/C10H12N2O4/c11-6-10(14)8-5-7(3-4-13)1-2-9(8)12(15)16/h1-2,5,13H,3-4,6,11H2",C10H12N2O4,224.079706864,0.27100000000000024,4.88,-5.38,2.35,-40,2.3535123393912656,1,CRAFT,5,2,106.46000000000001,5,10,4,2,0.625,0.25,0.125,0.3,0.0,16,1,0,1,0,0,0,0,0
OCC#CCNc1nc(ncc1)CCSS,6/000000060,"InChI=1S/C10H13N3OS2/c14-7-2-1-5-11-9-3-6-12-10(13-9)4-8-16-15/h3,6,14-15H,4-5,7-8H2,(H,11,12,13)",C10H13N3OS2,255.050004036,1.0046999999999997,4.87,8.5,3.58,0,3.5109307495958237,1,CRAFT,6,3,58.04,5,10,1,3,0.625,0.0625,0.1875,0.4,0.0,16,1,0,1,1,0,1,0,0
OC(=O)[C@@H](c1cc[nH]c1)C1=COCCO1,4/000000038,"InChI=1S/C10H11NO4/c12-10(13)9(7-1-2-11-5-7)8-6-14-3-4-15-8/h1-2,5-6,9,11H,3-4H2,(H,12,13)/t9-/m0/s1",C10H11NO4,209.068807832,1.0711,4.87,7.48,3.33,-150,3.953130286324349,1,CRAFT,3,2,71.55,3,10,4,1,0.6666666666666666,0.26666666666666666,0.06666666666666667,0.3,0.1,15,2,1,1,2,1,1,0,0
OCC#CCNCC/C=C\[C@@H]1COCC1,6/000000186,"InChI=1S/C12H19NO2/c14-9-4-3-8-13-7-2-1-5-12-6-10-15-11-12/h1,5,12-14H,2,6-11H2/b5-1-/t12-/m0/s1",C12H19NO2,209.141578848,0.5544999999999998,4.87,9.52,2.22,-150,3.873619406506492,1,CRAFT,3,2,41.489999999999995,5,12,2,1,0.8,0.13333333333333333,0.06666666666666667,0.6666666666666666,0.08333333333333333,15,1,1,0,1,1,0,0,0
OCC#CCCc1ccn(c1)[C@@H](CN)CF,6/000000115,"InChI=1S/C12H17FN2O/c13-8-12(9-14)15-6-5-11(10-15)4-2-1-3-7-16/h5-6,10,12,16H,2,4,7-9,14H2/t12-/m1/s1",C12H17N2OF,224.132491384,0.8857,4.87,9.35,3.58,-150,4.019186930883076,1,CRAFT,3,2,51.18,5,12,1,2,0.75,0.0625,0.125,0.5,0.08333333333333333,16,1,0,1,1,0,1,0,0
Oc1c(Cl)c(/C(=C(\C2=CC(=O)CO2)/N)/c2noc(c2)CCN)ccc1Cl,21/000000030,"InChI=1S/C17H15Cl2N3O4/c18-11-2-1-10(15(19)17(11)24)14(12-6-9(3-4-20)26-22-12)16(21)13-5-8(23)7-25-13/h1-2,5-6,24H,3-4,7,20-21H2/b16-14-",C17H15N3O4Cl2,395.04396132000005,2.3895,4.85,-6.61,3.58,-60,3.5447314125405835,1,CRAFT,7,3,124.6,5,17,4,3,0.6538461538461539,0.15384615384615385,0.11538461538461539,0.17647058823529413,0.0,26,3,1,2,2,1,1,0,0
Oc1c(Cl)c(/C(=C(\[C@H]2OCCN=C2)/N)/c2noc(c2)CCN)ccc1Cl,21/000000024,"InChI=1S/C17H18Cl2N4O3/c18-11-2-1-10(15(19)17(11)24)14(12-7-9(3-4-20)26-23-12)16(21)13-8-22-5-6-25-13/h1-2,7-8,13,24H,3-6,20-21H2/b16-14-/t13-/m0/s1",C17H18N4O3Cl2,396.075595796,2.3759000000000006,4.84,-5.76,3.58,-170,4.224643413913051,1,CRAFT,7,3,119.89,5,17,3,4,0.6538461538461539,0.11538461538461539,0.15384615384615385,0.29411764705882354,0.058823529411764705,26,3,1,2,2,1,1,0,0
OCC#CCNc1nc(ncc1)CCC1=C[C@@H](NN1)CC=C,6/000000093,"InChI=1S/C16H21N5O/c1-2-5-13-12-14(21-20-13)6-7-15-18-10-8-16(19-15)17-9-3-4-11-22/h2,8,10,12-13,20-22H,1,5-7,9,11H2,(H,17,18,19)/t13-/m0/s1",C16H21N5O,299.174610292,0.7532,4.81,10.2,3.58,-150,4.287609360798424,1,CRAFT,6,4,82.1,7,16,1,5,0.7272727272727273,0.045454545454545456,0.22727272727272727,0.375,0.0625,22,2,1,1,2,1,1,0,0
OC(=O)Cn1ccc(c1)CCC#CCO,6/000000092,"InChI=1S/C11H13NO3/c13-7-3-1-2-4-10-5-6-12(8-10)9-11(14)15/h5-6,8,13H,2,4,7,9H2,(H,14,15)",C11H13NO3,207.089543276,0.5010000000000001,4.81,9.34,3.58,0,2.9535968550676532,1,CRAFT,3,2,62.459999999999994,4,11,3,1,0.7333333333333333,0.2,0.06666666666666667,0.36363636363636365,0.0,15,1,0,1,1,0,1,0,0
Sc1nnc(o1)[C@@](CCC)(CN)F,23/000000038,"InChI=1S/C7H12FN3OS/c1-2-3-7(8,4-9)5-10-11-6(13)12-5/h2-4,9H2,1H3,(H,11,13)/t7-/m1/s1",C7H12N3OSF,205.068511224,1.2819,4.8,-0.3,3.58,-170,4.295011392356756,1,CRAFT,5,2,64.94,4,7,1,3,0.5384615384615384,0.07692307692307693,0.23076923076923078,0.7142857142857143,0.14285714285714285,13,1,0,1,1,0,1,0,0
OCC#C[C@@](CC)(C1=CCC=C1)/C=C/CO,3/000000014,"InChI=1S/C14H18O2/c1-2-14(9-5-11-15,10-6-12-16)13-7-3-4-8-13/h3,5,7-9,15-16H,2,4,11-12H2,1H3/b9-5+/t14-/m0/s1",C14H18O2,218.130679816,1.8133,4.78,0.09,5.09,-170,4.643066930883076,1,CRAFT,2,2,40.46,4,14,2,0,0.875,0.125,0.0,0.42857142857142855,0.07142857142857142,16,1,1,0,0,0,0,0,0
OC/C(=C\c1nonc1)/[C@H](c1nnc[nH]1)O,24/000000070,"InChI=1S/C8H9N5O3/c14-3-5(1-6-2-11-16-13-6)7(15)8-9-4-10-12-8/h1-2,4,7,14-15H,3H2,(H,9,10,12)/b5-1+/t7-/m1/s1",C8H9N5O3,223.070539148,-0.7030000000000002,4.78,7.11,2.22,-150,4.819752884060332,1,CRAFT,7,3,120.95,4,8,3,5,0.5,0.1875,0.3125,0.25,0.125,16,2,0,2,2,0,2,0,0
Oc1c(cccc1I)NC(=O)c1cnc2c(c1)cccc2,18/000000009,"InChI=1S/C16H11IN2O2/c17-12-5-3-7-14(15(12)20)19-16(21)11-8-10-4-1-2-6-13(10)18-9-11/h1-9,20H,(H,19,21)",C16H11N2O2I,389.986525592,3.7973000000000017,4.77,-4.36,2.22,-80,2.100489005047553,1,CRAFT,3,2,62.22,2,16,2,2,0.7619047619047619,0.09523809523809523,0.09523809523809523,0.0,0.0,21,3,0,3,1,0,1,0,0
OCc1cnc(cc1)NCCOC(=O)c1nonc1CBr,13/000000041,"InChI=1S/C12H13BrN4O4/c13-5-9-11(17-21-16-9)12(19)20-4-3-14-10-2-1-8(7-18)6-15-10/h1-2,6,18H,3-5,7H2,(H,14,15)",C12H13N4O4Br,356.01201699600006,1.1206999999999998,4.77,3.21,3.58,0,2.845975158893708,1,CRAFT,8,2,110.37000000000002,7,12,4,4,0.5714285714285714,0.19047619047619047,0.19047619047619047,0.3333333333333333,0.0,21,2,0,2,2,0,2,0,0
OC(=O)CNC(=O)C1=CCC[C@@H](O1)CC=C,30/000000062,"InChI=1S/C11H15NO4/c1-2-4-8-5-3-6-9(16-8)11(15)12-7-10(13)14/h2,6,8H,1,3-5,7H2,(H,12,15)(H,13,14)/t8-/m0/s1",C11H15NO4,225.10010796,0.8261999999999998,4.77,0.13,3.58,-150,3.452738259554403,1,CRAFT,3,2,75.63000000000001,5,11,4,1,0.6875,0.25,0.0625,0.45454545454545453,0.09090909090909091,16,1,1,0,1,1,0,0,0
Sc1ccc(c2c1nc(o2)[C@H](CO)C=C)CC=C,18/000000092,"InChI=1S/C14H15NO2S/c1-3-5-10-6-7-11(18)12-13(10)17-14(15-12)9(4-2)8-16/h3-4,6-7,9,16,18H,1-2,5,8H2/t9-/m0/s1",C14H15NO2S,261.08234972,3.1069000000000013,4.75,-3.5,17.5,-190,4.156054189218966,1,CRAFT,4,2,46.260000000000005,5,14,2,1,0.7777777777777778,0.1111111111111111,0.05555555555555555,0.21428571428571427,0.07142857142857142,18,2,0,2,1,0,1,0,0
OCC#CCNc1nc(ncc1)CC/C=C\[C@H]1C(=O)OC1,6/000000180,"InChI=1S/C15H17N3O3/c19-10-4-3-8-16-14-7-9-17-13(18-14)6-2-1-5-12-11-21-15(12)20/h1,5,7,9,12,19H,2,6,8,10-11H2,(H,16,17,18)/b5-1-/t12-/m1/s1",C15H17N3O3,287.126991404,0.5459999999999998,4.74,6.42,3.58,-150,3.933474055790368,1,CRAFT,6,2,84.34,6,15,3,3,0.7142857142857143,0.14285714285714285,0.14285714285714285,0.4,0.06666666666666667,21,2,1,1,2,1,1,0,0
OCC#CCCc1cc([nH]c1)C(=O)/C=C/N,6/000000058,"InChI=1S/C12H14N2O2/c13-6-5-12(16)11-8-10(9-14-11)4-2-1-3-7-15/h5-6,8-9,14-15H,2,4,7,13H2/b6-5+",C12H14N2O2,218.105527688,0.5981000000000001,4.74,7.85,5.09,0,3.563422321502178,1,CRAFT,3,3,79.11,4,12,2,2,0.75,0.125,0.125,0.25,0.0,16,1,0,1,1,0,1,0,0
Oc1noc(c1)CNC[C@@H](C)OCN,30/000000073,"InChI=1S/C8H15N3O3/c1-6(13-5-9)3-10-4-7-2-8(12)11-14-7/h2,6,10H,3-5,9H2,1H3,(H,11,12)/t6-/m1/s1",C8H15N3O3,201.11134134,-0.2089000000000002,4.74,3.5,2.22,-170,3.72442981045765,1,CRAFT,6,3,93.54,6,8,3,3,0.5714285714285714,0.21428571428571427,0.21428571428571427,0.625,0.125,14,1,0,1,1,0,1,0,0
OCC#CCNc1nc(ncc1)CCC1=C[C@@H](NN1)C(=C)C,6/000000130,"InChI=1S/C16H21N5O/c1-12(2)14-11-13(20-21-14)5-6-15-18-9-7-16(19-15)17-8-3-4-10-22/h7,9,11,14,20-22H,1,5-6,8,10H2,2H3,(H,17,18,19)/t14-/m1/s1",C16H21N5O,299.174610292,0.7532,4.74,12.0,3.58,-170,4.283646208325896,1,CRAFT,6,4,82.1,6,16,1,5,0.7272727272727273,0.045454545454545456,0.22727272727272727,0.375,0.0625,22,2,1,1,2,1,1,0,0
NCC#C[C@@H](Cn1nc[nH]c1=O)c1nonc1,4/000000014,"InChI=1S/C9H10N6O2/c10-3-1-2-7(8-4-13-17-14-8)5-15-9(16)11-6-12-15/h4,6-7H,3,5,10H2,(H,11,12,16)/t7-/m0/s1",C9H10N6O2,234.08652356,-1.2996999999999996,4.73,1.34,4.81,-150,4.850620202210465,1,CRAFT,7,2,115.62,3,9,2,6,0.5294117647058824,0.11764705882352941,0.35294117647058826,0.3333333333333333,0.1111111111111111,17,2,0,2,2,0,2,0,0
N[C@@H](/C=C/c1n[nH]cc1)C1=COCCO1,4/000000036,"InChI=1S/C10H13N3O2/c11-9(10-7-14-5-6-15-10)2-1-8-3-4-12-13-8/h1-4,7,9H,5-6,11H2,(H,12,13)/b2-1+/t9-/m0/s1",C10H13N3O2,207.100776656,0.6383999999999996,4.73,7.11,2.22,-150,4.560577448464534,1,CRAFT,4,2,73.16,3,10,2,3,0.6666666666666666,0.13333333333333333,0.2,0.3,0.1,15,2,1,1,2,1,1,0,0
NOCCc1cc(/C=C/N(=O)=O)c2c(c1)cc([nH]2)CN,22/000000001,"InChI=1S/C13H16N4O3/c14-8-12-7-11-6-9(2-4-20-15)5-10(13(11)16-12)1-3-17(18)19/h1,3,5-7,16H,2,4,8,14-15H2/b3-1+",C13H16N4O3,276.122240372,1.3067999999999995,4.69,-9.0,19.6,-100,3.308260575611217,1,CRAFT,5,3,120.19999999999997,6,13,3,4,0.65,0.15,0.2,0.23076923076923078,0.0,20,2,0,2,1,0,1,0,0
Sc1nnc(o1)[C@](CO)(c1nc([nH]c1)S)OC,23/000000042,"InChI=1S/C8H10N4O3S2/c1-14-8(3-13,4-2-9-6(16)10-4)5-11-12-7(17)15-5/h2,13H,3H2,1H3,(H,12,17)(H2,9,10,16)/t8-/m0/s1",C8H10N4O3S2,274.01943218,0.25239999999999996,4.69,-3.3,24.3,-170,4.795304186311471,1,CRAFT,8,4,97.06000000000002,4,8,3,4,0.47058823529411764,0.17647058823529413,0.23529411764705882,0.375,0.125,17,2,0,2,2,0,2,0,0
NN[C@](CCF)(c1nc(n[nH]1)CN)C=C,17/000000018,"InChI=1S/C8H15FN6/c1-2-8(15-11,3-4-9)7-12-6(5-10)13-14-7/h2,15H,1,3-5,10-11H2,(H,12,13,14)/t8-/m1/s1",C8H15N6F,214.13422269999998,-0.5323999999999998,4.68,0.48,19.2,-150,4.669437690661361,1,CRAFT,5,4,105.64,6,8,0,6,0.5333333333333333,0.0,0.4,0.5,0.125,15,1,0,1,1,0,1,0,0
OCc1cnc(cc1)NCCOC(=O)CO[C@@H](C)C1=NN=CCN1,13/000000046,"InChI=1S/C15H21N5O4/c1-11(15-17-4-5-19-20-15)24-10-14(22)23-7-6-16-13-3-2-12(9-21)8-18-13/h2-3,5,8,11,21H,4,6-7,9-10H2,1H3,(H,16,18)(H,17,20)/t11-/m0/s1",C15H21N5O4,335.1593541520001,-0.07839999999999953,4.67,3.56,3.58,-170,3.7951867110297783,1,CRAFT,9,3,117.43000000000002,9,15,4,5,0.625,0.16666666666666666,0.20833333333333334,0.4666666666666667,0.06666666666666667,24,2,1,1,2,1,1,0,0
OCC#CCNc1nc(ncc1)CC/C=C\[C@@H]1OCCC1,6/000000156,"InChI=1S/C16H21N3O2/c20-12-4-3-10-17-16-9-11-18-15(19-16)8-2-1-6-14-7-5-13-21-14/h1,6,9,11,14,20H,2,5,7-8,10,12-13H2,(H,17,18,19)/b6-1-/t14-/m0/s1",C16H21N3O2,287.163376912,1.5519999999999998,4.67,6.49,3.58,-150,3.7679824233614534,1,CRAFT,5,2,67.27,6,16,2,3,0.7619047619047619,0.09523809523809523,0.14285714285714285,0.5,0.0625,21,2,1,1,2,1,1,0,0
OCc1cnc(cc1)NCCOC(=O)c1nonc1CC,13/000000029,"InChI=1S/C13H16N4O4/c1-2-10-12(17-21-16-10)13(19)20-6-5-14-11-4-3-9(8-18)7-15-11/h3-4,7,18H,2,5-6,8H2,1H3,(H,14,15)",C13H16N4O4,292.117154992,0.7881999999999998,4.67,3.45,3.58,-20,2.6903374665860156,1,CRAFT,8,2,110.37000000000002,7,13,4,4,0.6190476190476191,0.19047619047619047,0.19047619047619047,0.38461538461538464,0.0,21,2,0,2,2,0,2,0,0
Oc1cc(nc2c1NCN2CC=C)CC(=O)OCC,23/000000061,"InChI=1S/C13H17N3O3/c1-3-5-16-8-14-12-10(17)6-9(15-13(12)16)7-11(18)19-4-2/h3,6,14H,1,4-5,7-8H2,2H3,(H,15,17)",C13H17N3O3,263.126991404,1.2681999999999998,4.67,-8.92,16.6,-120,3.1506393644243733,1,CRAFT,6,2,74.69000000000001,5,13,3,3,0.6842105263157895,0.15789473684210525,0.15789473684210525,0.38461538461538464,0.0,19,2,1,1,2,1,1,0,0
OC[C@H](CS)c1nc2c(o1)cccc2CN(=O)=O,18/000000090,"InChI=1S/C11H12N2O4S/c14-5-8(6-18)11-12-10-7(4-13(15)16)2-1-3-9(10)17-11/h1-3,8,14,18H,4-6H2/t8-/m1/s1",C11H12N2O4S,268.05177786400003,1.6101999999999996,4.66,1.04,18.9,-190,3.7096984969112743,1,CRAFT,6,2,89.4,5,11,4,2,0.6111111111111112,0.2222222222222222,0.1111111111111111,0.36363636363636365,0.09090909090909091,18,2,0,2,1,0,1,0,0
Oc1ccc(cc1c1cccc(c1N(=O)=O)COC(=O)CO)C=C,5/000000027,"InChI=1S/C17H15NO6/c1-2-11-6-7-15(20)14(8-11)13-5-3-4-12(17(13)18(22)23)10-24-16(21)9-19/h2-8,19-20H,1,9-10H2",C17H15NO6,329.0899372,2.645900000000001,4.66,-2.3,20.2,-200,2.732516720073935,1,CRAFT,6,2,109.89999999999999,6,17,6,1,0.7083333333333334,0.25,0.041666666666666664,0.11764705882352941,0.0,24,2,0,2,0,0,0,0,0
Oc1c(NC(=O)c2ccc3c(c2)CCC3)cccc1I,18/000000001,"InChI=1S/C16H14INO2/c17-13-5-2-6-14(15(13)19)18-16(20)12-8-7-10-3-1-4-11(10)9-12/h2,5-9,19H,1,3-4H2,(H,18,20)",C16H14NO2I,379.00692668799996,3.737800000000002,4.66,-3.67,2.22,-40,2.1217149856748385,1,CRAFT,2,2,49.33,2,16,2,1,0.8,0.1,0.05,0.1875,0.0,20,3,1,2,0,0,0,0,0
Oc1c(Cl)c(/C(=C(\C(=O)OC)/N)/c2noc(c2)CCN)ccc1Cl,21/000000021,"InChI=1S/C15H15Cl2N3O4/c1-23-15(22)13(19)11(10-6-7(4-5-18)24-20-10)8-2-3-9(16)14(21)12(8)17/h2-3,6,21H,4-5,18-19H2,1H3/b13-11-",C15H15N3O4Cl2,371.04396132000005,2.0793,4.66,-6.66,3.58,-40,3.1777883069485977,1,CRAFT,7,3,124.6,5,15,4,3,0.625,0.16666666666666666,0.125,0.2,0.0,24,2,0,2,1,0,1,0,0
Sc1nnc(o1)[C@H](CO)/C=C/CS,23/000000041,"InChI=1S/C7H10N2O2S2/c10-4-5(2-1-3-12)6-8-9-7(13)11-6/h1-2,5,10,12H,3-4H2,(H,9,13)/b2-1+/t5-/m0/s1",C7H10N2O2S2,218.01836956,0.9201999999999999,4.65,-3.0,3.58,-150,4.735954359389723,1,CRAFT,6,3,59.150000000000006,4,7,2,2,0.5384615384615384,0.15384615384615385,0.15384615384615385,0.42857142857142855,0.14285714285714285,13,1,0,1,1,0,1,0,0
Oc1c(Cl)ccc(c1Cl)/C(=C(\c1ncc[nH]1)/N)/c1noc(c1)CCN,21/000000031,"InChI=1S/C16H15Cl2N5O2/c17-10-2-1-9(13(18)15(10)24)12(14(20)16-21-5-6-22-16)11-7-8(3-4-19)25-23-11/h1-2,5-7,24H,3-4,19-20H2,(H,21,22)/b14-12-",C16H15N5O2Cl2,379.06028008000004,2.7866,4.64,-7.09,3.58,-60,3.3748387087041145,1,CRAFT,6,4,126.98,5,16,2,5,0.64,0.08,0.2,0.125,0.0,25,3,0,3,2,0,2,0,0
c1[nH]c2[n+](n1)CC=C(N2)[C@H](c1nnc[nH]1)N,24/000000060,"InChI=1S/C8H10N8/c9-6(7-10-3-12-15-7)5-1-2-16-8(14-5)11-4-13-16/h1,3-4,6H,2,9H2,(H2,10,11,12,13,14,15)/p+1/t6-/m1/s1",C8H10N8,219.11011877208998,-1.1752999999999996,4.63,8.27,20.6,-190,5.380162511897805,1,CRAFT,5,4,112.17999999999999,2,8,0,8,0.5,0.0,0.5,0.25,0.125,16,3,1,2,3,1,2,0,0
Oc1c(Cl)c(/C(=C(\C2=CCOC2)/N)/c2noc(c2)CCN)ccc1Cl,21/000000028,"InChI=1S/C17H17Cl2N3O3/c18-12-2-1-11(15(19)17(12)23)14(16(21)9-4-6-24-8-9)13-7-10(3-5-20)25-22-13/h1-2,4,7,23H,3,5-6,8,20-21H2/b16-14-",C17H17N3O3Cl2,381.064696764,2.8629000000000007,4.63,-6.22,3.58,-60,3.5781516757370824,1,CRAFT,6,3,107.53,5,17,3,3,0.68,0.12,0.12,0.23529411764705882,0.0,25,3,1,2,2,1,1,0,0
OCc1cnc(cc1)NCCOC(=O)c1nonc1C=C,13/000000036,"InChI=1S/C13H14N4O4/c1-2-10-12(17-21-16-10)13(19)20-6-5-14-11-4-3-9(8-18)7-15-11/h2-4,7,18H,1,5-6,8H2,(H,14,15)",C13H14N4O4,290.101504928,0.8687999999999998,4.63,3.4,3.58,0,2.9360328512014,1,CRAFT,8,2,110.37000000000002,7,13,4,4,0.6190476190476191,0.19047619047619047,0.19047619047619047,0.23076923076923078,0.0,21,2,0,2,2,0,2,0,0
Oc1ncc(cc1[C@@H](CNCO)Oc1ccc(c(c1)O)I)C(=O)N,18/000000079,"InChI=1S/C15H16IN3O5/c16-11-2-1-9(4-12(11)21)24-13(6-18-7-20)10-3-8(14(17)22)5-19-15(10)23/h1-5,13,18,20-21H,6-7H2,(H2,17,22)(H,19,23)/t13-/m1/s1",C15H16N3O5I,445.013468612,0.8557999999999999,4.63,-6.61,19.7,-190,3.6436267840002863,1,CRAFT,7,5,137.93000000000004,7,15,5,3,0.625,0.20833333333333334,0.125,0.2,0.06666666666666667,24,2,0,2,1,0,1,0,0
OCc1ccnc(c1C(=C)N(=O)=O)N,13/000000021,"InChI=1S/C8H9N3O3/c1-5(11(13)14)7-6(4-12)2-3-10-8(7)9/h2-3,12H,1,4H2,(H2,9,10)",C8H9N3O3,195.064391148,0.4035000000000001,4.63,7.52,2.74,0,3.141411562823116,1,CRAFT,5,2,102.27999999999999,3,8,3,3,0.5714285714285714,0.21428571428571427,0.21428571428571427,0.125,0.0,14,1,0,1,1,0,1,0,0
O[C@@H](C/C=C/CO)/C=C/N(=O)=O,21/000000019,"InChI=1S/C7H11NO4/c9-6-2-1-3-7(10)4-5-8(11)12/h1-2,4-5,7,9-10H,3,6H2/b2-1+,5-4+/t7-/m0/s1",C7H11NO4,173.068807832,0.07629999999999987,4.63,8.51,2.22,-150,3.915941747711811,1,CRAFT,4,2,83.6,5,7,4,1,0.5833333333333334,0.3333333333333333,0.08333333333333333,0.42857142857142855,0.14285714285714285,12,0,0,0,0,0,0,0,0
SC/C=C\[C@@H](C)NCC#CCO,6/000000046,"InChI=1S/C9H15NOS/c1-9(5-4-8-12)10-6-2-3-7-11/h4-5,9-12H,6-8H2,1H3/b5-4-/t9-/m1/s1",C9H15NOS,185.0874351,0.4462,4.62,8.45,2.22,-170,4.4661299470125115,1,CRAFT,3,3,32.26,4,9,1,1,0.75,0.08333333333333333,0.08333333333333333,0.5555555555555556,0.1111111111111111,12,0,0,0,0,0,0,0,0
OC(=O)CNC(=O)C1=C[C@H](CCO1)CCl,30/000000063,"InChI=1S/C9H12ClNO4/c10-4-6-1-2-15-7(3-6)9(14)11-5-8(12)13/h3,6H,1-2,4-5H2,(H,11,14)(H,12,13)/t6-/m0/s1",C9H12NO4Cl,233.045485544,0.3463999999999998,4.61,2.53,3.58,-150,3.5512763398170843,1,CRAFT,3,2,75.63000000000001,4,9,4,1,0.6,0.26666666666666666,0.06666666666666667,0.5555555555555556,0.1111111111111111,15,1,1,0,1,1,0,0,0
Oc1c(cccc1I)NC(=O)c1n[nH]c(c1)c1cnc(nc1)O,18/000000065,"InChI=1S/C14H10IN5O3/c15-8-2-1-3-9(12(8)21)18-13(22)11-4-10(19-20-11)7-5-16-14(23)17-6-7/h1-6,21H,(H,18,22)(H,19,20)(H,16,17,23)",C14H10N5O3I,422.98283718000005,2.1348,4.61,-5.52,22.3,-140,2.9854394179442476,1,CRAFT,6,4,124.02,3,14,3,5,0.6086956521739131,0.13043478260869565,0.21739130434782608,0.0,0.0,23,3,0,3,2,0,2,0,0
OCCC(=O)/C=C\c1ccc2c(c1)cccc2COC(=O)CCNN,2/000000013,"InChI=1S/C19H22N2O4/c20-21-10-8-19(24)25-13-16-3-1-2-15-12-14(5-7-18(15)16)4-6-17(23)9-11-22/h1-7,12,21-22H,8-11,13,20H2/b6-4-",C19H22N2O4,342.15795718400005,1.7010999999999996,4.6,-2.22,20.4,-100,2.6123792968483652,1,CRAFT,6,3,101.64999999999999,9,19,4,2,0.76,0.16,0.08,0.2631578947368421,0.0,25,2,0,2,0,0,0,0,0
OC(=O)COc1cnc(cc1N(=O)=O)N,13/000000015,"InChI=1S/C7H7N3O5/c8-6-1-4(10(13)14)5(2-9-6)15-3-7(11)12/h1-2H,3H2,(H2,8,9)(H,11,12)",C7H7N3O5,213.038570324,0.03539999999999999,4.6,7.17,2.35,0,2.470893888034686,1,CRAFT,6,2,128.58,4,7,5,3,0.4666666666666667,0.3333333333333333,0.2,0.14285714285714285,0.0,15,1,0,1,1,0,1,0,0
Sc1nnc(n1CSCN)c1ccccc1,1/000000002,"InChI=1S/C10H12N4S2/c11-6-16-7-14-9(12-13-10(14)15)8-4-2-1-3-5-8/h1-5H,6-7,11H2,(H,13,15)",C10H12N4S2,252.05033838399999,1.8407,4.6,-3.94,17.2,-180,2.8093792445791017,1,CRAFT,6,2,56.730000000000004,4,10,0,4,0.625,0.0,0.25,0.2,0.0,16,2,0,2,1,0,1,0,0
OC(=O)CCCc1nccc(n1)NCC#CCO,6/000000078,"InChI=1S/C12H15N3O3/c16-9-2-1-7-13-11-6-8-14-10(15-11)4-3-5-12(17)18/h6,8,16H,3-5,7,9H2,(H,17,18)(H,13,14,15)",C12H15N3O3,249.11134134,0.29150000000000015,4.6,10.16,3.58,0,2.8120344305168015,1,CRAFT,5,3,95.34,6,12,3,3,0.6666666666666666,0.16666666666666666,0.16666666666666666,0.4166666666666667,0.0,18,1,0,1,1,0,1,0,0
Oc1c(Cl)c(/C(=C(\[C@@H]2ON=CC2)/N)/c2noc(c2)CCN)ccc1Cl,21/000000015,"InChI=1S/C16H16Cl2N4O3/c17-10-2-1-9(14(18)16(10)23)13(15(20)12-4-6-21-25-12)11-7-8(3-5-19)24-22-11/h1-2,6-7,12,23H,3-5,19-20H2/b15-13-/t12-/m1/s1",C16H16N4O3Cl2,382.059945732,2.681,4.6,-6.28,3.58,-170,4.1366461752278685,1,CRAFT,7,3,119.89,5,16,3,4,0.64,0.12,0.16,0.25,0.0625,25,3,1,2,2,1,1,0,0
OCc1nnc(o1)[C@@](C)(NN)Br,17/000000049,"InChI=1S/C5H9BrN4O2/c1-5(6,10-7)4-9-8-3(2-11)12-4/h10-11H,2,7H2,1H3/t5-/m1/s1",C5H9N4O2Br,235.990887628,-0.4072000000000002,4.59,0.62,15.9,-170,4.175907613096427,1,CRAFT,6,3,97.2,3,5,2,4,0.4166666666666667,0.16666666666666666,0.3333333333333333,0.6,0.2,12,1,0,1,1,0,1,0,0
Sc1ccc(c2c1COC2=O)Nc1nccc(n1)CCN,19/000000007,"InChI=1S/C14H14N4O2S/c15-5-3-8-4-6-16-14(17-8)18-10-1-2-11(21)9-7-20-13(19)12(9)10/h1-2,4,6,21H,3,5,7,15H2,(H,16,17,18)",C14H14N4O2S,302.083746688,1.6804999999999994,4.58,-5.86,3.58,-40,3.041579774278323,1,CRAFT,7,3,90.13,4,14,2,4,0.6666666666666666,0.09523809523809523,0.19047619047619047,0.21428571428571427,0.0,21,3,1,2,2,1,1,0,0
OCC#CCNc1nc(ncc1)CCCNOCCC(=O)NC,6/000000108,"InChI=1S/C15H23N5O3/c1-16-15(22)7-12-23-19-9-4-5-13-18-10-6-14(20-13)17-8-2-3-11-21/h6,10,19,21H,4-5,7-9,11-12H2,1H3,(H,16,22)(H,17,18,20)",C15H23N5O3,321.180089596,-0.5258999999999985,4.58,7.02,4.94,-110,3.191199912833974,1,CRAFT,7,4,108.4,10,15,3,5,0.6521739130434783,0.13043478260869565,0.21739130434782608,0.5333333333333333,0.0,23,1,0,1,1,0,1,0,0
Nc1ccc(c(c1)N(=O)=O)C#C[C@@H](Cc1cnc[nH]1)S=O,5/000000005,"InChI=1S/C13H12N4O3S/c14-10-3-1-9(13(5-10)17(18)19)2-4-12(21-20)6-11-7-15-8-16-11/h1,3,5,7-8,12,21H,6,14H2,(H,15,16)/t12-/m0/s1",C13H12N4O3S,304.06301124399994,0.8082,4.57,0.26,24.9,-170,4.095741476227669,1,CRAFT,5,3,114.91,4,13,3,4,0.6190476190476191,0.14285714285714285,0.19047619047619047,0.15384615384615385,0.07692307692307693,21,2,0,2,1,0,1,0,0
OCc1c(I)ccc(c1)Sc1nc(c[nH]1)C(N)N,18/000000015,"InChI=1S/C11H13IN4OS/c12-8-2-1-7(3-6(8)5-17)18-11-15-4-9(16-11)10(13)14/h1-4,10,17H,5,13-14H2,(H,15,16)",C11H13N4OSI,375.9854800360001,1.5737999999999999,4.56,-6.34,18.5,-190,3.5701708106072996,1,CRAFT,5,4,100.95,4,11,1,4,0.6111111111111112,0.05555555555555555,0.2222222222222222,0.18181818181818182,0.0,18,2,0,2,1,0,1,0,0
O[C@@H](c1nnc[nH]1)/C=C/c1ccc[nH]1,24/000000025,"InChI=1S/C9H10N4O/c14-8(9-11-6-12-13-9)4-3-7-2-1-5-10-7/h1-6,8,10,14H,(H,11,12,13)/b4-3+/t8-/m1/s1",C9H10N4O,190.08546094,0.8795999999999999,4.56,6.35,2.22,-150,4.258119116273786,1,CRAFT,3,3,77.59,3,9,1,4,0.6428571428571429,0.07142857142857142,0.2857142857142857,0.1111111111111111,0.1111111111111111,14,2,0,2,2,0,2,0,0
OCC#CCNc1nc(ncc1)CCC1=CNOC1,6/000000064,"InChI=1S/C13H16N4O2/c18-8-2-1-6-14-13-5-7-15-12(17-13)4-3-11-9-16-19-10-11/h5,7,9,16,18H,3-4,6,8,10H2,(H,14,15,17)",C13H16N4O2,260.127325752,0.23549999999999988,4.56,10.44,3.58,0,3.777057185282759,1,CRAFT,6,3,79.3,5,13,2,4,0.6842105263157895,0.10526315789473684,0.21052631578947367,0.38461538461538464,0.0,19,2,1,1,2,1,1,0,0
OCC#CCNCCNOCC,6/000000088,"InChI=1S/C8H16N2O2/c1-2-12-10-7-6-9-5-3-4-8-11/h9-11H,2,5-8H2,1H3",C8H16N2O2,172.121177752,-0.8871999999999991,4.56,7.48,2.22,-20,3.294115769552634,1,CRAFT,4,3,53.519999999999996,6,8,2,2,0.6666666666666666,0.16666666666666666,0.16666666666666666,0.75,0.0,12,0,0,0,0,0,0,0,0
NN[C@](CC)(c1nc(n[nH]1)CN)C=C,17/000000015,"InChI=1S/C8H16N6/c1-3-8(4-2,14-10)7-11-6(5-9)12-13-7/h3,14H,1,4-5,9-10H2,2H3,(H,11,12,13)/t8-/m1/s1",C8H16N6,196.14364451199998,-0.4820000000000002,4.55,1.96,16.5,-170,4.5365152355588645,1,CRAFT,5,4,105.64,5,8,0,6,0.5714285714285714,0.0,0.42857142857142855,0.5,0.125,14,1,0,1,1,0,1,0,0
OCC#CCNc1nc(ncc1)CCCNOC[C@@H]1NCCC1,6/000000184,"InChI=1S/C16H25N5O2/c22-12-2-1-8-18-16-7-11-19-15(21-16)6-4-10-20-23-13-14-5-3-9-17-14/h7,11,14,17,20,22H,3-6,8-10,12-13H2,(H,18,19,21)/t14-/m1/s1",C16H25N5O2,319.20082504000004,0.09000000000000119,4.55,6.26,4.94,-150,3.795304834843418,1,CRAFT,7,4,91.33,9,16,2,5,0.6956521739130435,0.08695652173913043,0.21739130434782608,0.625,0.0625,23,2,1,1,2,1,1,0,0
OCc1cnc(cc1)NCCOC(=O)[C@H](c1n[nH]c(=S)[nH]1)OCC,13/000000042,"InChI=1S/C14H19N5O4S/c1-2-22-11(12-17-14(24)19-18-12)13(21)23-6-5-15-10-4-3-9(8-20)7-16-10/h3-4,7,11,20H,2,5-6,8H2,1H3,(H,15,16)(H2,17,18,19,24)/t11-/m0/s1",C14H19N5O4S,353.115775088,1.0874899999999998,4.55,4.73,5.09,-170,3.594773431470463,1,CRAFT,8,4,125.15000000000002,9,14,4,5,0.5833333333333334,0.16666666666666666,0.20833333333333334,0.42857142857142855,0.07142857142857142,24,2,0,2,2,0,2,0,0
Sc1n[nH]c(n1)CC#Cc1c(S)cccc1N(=O)=O,1/000000013,"InChI=1S/C11H8N4O2S2/c16-15(17)8-4-2-5-9(18)7(8)3-1-6-10-12-11(19)14-13-10/h2,4-5,18H,6H2,(H2,12,13,14,19)",C11H8N4O2S2,292.00886749599994,1.8844999999999998,4.54,-3.79,24.4,-40,3.554414110433079,1,CRAFT,6,3,84.71000000000001,2,11,2,4,0.5789473684210527,0.10526315789473684,0.21052631578947367,0.09090909090909091,0.0,19,2,0,2,1,0,1,0,0
O=C(NC/C=C/[C@H]1C(=O)NC1)C1=CCCCO1,30/000000001,"InChI=1S/C12H16N2O3/c15-11-9(8-14-11)4-3-6-13-12(16)10-5-1-2-7-17-10/h3-5,9H,1-2,6-8H2,(H,13,16)(H,14,15)/b4-3+/t9-/m1/s1",C12H16N2O3,236.116092372,0.09909999999999952,4.54,3.93,2.22,-150,3.940314707704969,1,CRAFT,3,2,67.43,4,12,3,2,0.7058823529411765,0.17647058823529413,0.11764705882352941,0.5,0.08333333333333333,17,2,2,0,2,2,0,0,0
OC(=O)c1cc(oc1CNCO)C1=C(OC(=CC1)CS)CCC,15/000000014,"InChI=1S/C16H21NO5S/c1-2-3-13-11(5-4-10(8-23)21-13)14-6-12(16(19)20)15(22-14)7-17-9-18/h4,6,17-18,23H,2-3,5,7-9H2,1H3,(H,19,20)",C16H21NO5S,339.11404377200006,2.7624000000000013,4.54,-5.72,24.9,-180,3.9010203018199863,1,CRAFT,6,4,91.93,8,16,5,1,0.6956521739130435,0.21739130434782608,0.043478260869565216,0.4375,0.0,23,2,1,1,2,1,1,0,0
OCC#C[C@H](c1cc[nH]c1)c1n[nH]c(=S)o1,29/000000004,"InChI=1S/C10H9N3O2S/c14-5-1-2-8(7-3-4-11-6-7)9-12-13-10(16)15-9/h3-4,6,8,11,14H,5H2,(H,13,16)/t8-/m1/s1",C10H9N3O2S,235.041547528,1.1878899999999997,4.53,-0.35,23.1,-150,4.389059238575383,1,CRAFT,4,3,77.83999999999999,2,10,2,3,0.625,0.125,0.1875,0.2,0.1,16,2,0,2,2,0,2,0,0
NC(c1s/c(=N/CC)/[nH]c1)N,13/000000049,"InChI=1S/C6H12N4S/c1-2-9-6-10-3-4(11-6)5(7)8/h3,5H,2,7-8H2,1H3,(H,9,10)",C6H12N4S,172.078267384,-0.08719999999999983,4.53,4.74,2.22,-170,4.217675720912614,1,CRAFT,4,3,80.19,2,6,0,4,0.5454545454545454,0.0,0.36363636363636365,0.5,0.0,11,1,0,1,1,0,1,0,0
C(=C)Nc1cccc(c1C#C[C@@H](Cc1cnc[nH]1)S=O)F,5/000000010,"InChI=1S/C15H14FN3OS/c1-2-18-15-5-3-4-14(16)13(15)7-6-12(21-20)8-11-9-17-10-19-11/h2-5,9-10,12,18,21H,1,8H2,(H,17,19)/t12-/m0/s1",C15H14N3OSF,303.08416128799996,2.0123,4.52,3.92,24.6,-150,4.303938229813067,1,CRAFT,3,3,57.78,5,15,1,3,0.7142857142857143,0.047619047619047616,0.14285714285714285,0.13333333333333333,0.06666666666666667,21,2,0,2,1,0,1,0,0
OC(=O)CNC(=O)C1=CCC[C@@H](O1)CCO,30/000000058,"InChI=1S/C10H15NO5/c12-5-4-7-2-1-3-8(16-7)10(15)11-6-9(13)14/h3,7,12H,1-2,4-6H2,(H,11,15)(H,13,14)/t7-/m1/s1",C10H15NO5,229.09502258,-0.3675000000000001,4.52,0.8,3.58,-150,3.306419028785174,1,CRAFT,4,3,95.86000000000001,5,10,5,1,0.625,0.3125,0.0625,0.6,0.1,16,1,1,0,1,1,0,0,0
OCC#CCNc1nc(ncc1)CCCNOCC/C(=C/C)/C,6/000000191,"InChI=1S/C17H26N4O2/c1-3-15(2)9-14-23-20-11-6-7-16-19-12-8-17(21-16)18-10-4-5-13-22/h3,8,12,20,22H,6-7,9-11,13-14H2,1-2H3,(H,18,19,21)/b15-3+",C17H26N4O2,318.205576072,1.6942999999999995,4.51,5.37,4.94,-170,3.410115996750058,1,CRAFT,6,3,79.3,10,17,2,4,0.7391304347826086,0.08695652173913043,0.17391304347826086,0.5294117647058824,0.0,23,1,0,1,1,0,1,0,0
C=C([C@H]1OC(=NC1)NCCC)CN,30/000000014,"InChI=1S/C9H17N3O/c1-3-4-11-9-12-6-8(13-9)7(2)5-10/h8H,2-6,10H2,1H3,(H,11,12)/t8-/m0/s1",C9H17N3O,183.137162164,0.25570000000000015,4.51,5.78,2.22,-170,4.305012051697415,1,CRAFT,4,2,59.64,4,9,1,3,0.6923076923076923,0.07692307692307693,0.23076923076923078,0.6666666666666666,0.1111111111111111,13,1,1,0,1,1,0,0,0
OCC#CCNc1nc(ncc1)CC[C@@H]1OCC1,6/000000054,"InChI=1S/C13H17N3O2/c17-9-2-1-7-14-13-5-8-15-12(16-13)4-3-11-6-10-18-11/h5,8,11,17H,3-4,6-7,9-10H2,(H,14,15,16)/t11-/m0/s1",C13H17N3O2,247.132076784,0.6056999999999999,4.51,9.74,3.58,-150,3.434903999869853,1,CRAFT,5,2,67.27,5,13,2,3,0.7222222222222222,0.1111111111111111,0.16666666666666666,0.5384615384615384,0.07692307692307693,18,2,1,1,2,1,1,0,0
NCC#C[C@H](C1=NN=CNC1)C=C,4/000000010,"InChI=1S/C9H12N4/c1-2-8(4-3-5-10)9-6-11-7-12-13-9/h2,7-8H,1,5-6,10H2,(H,11,12)/t8-/m1/s1",C9H12N4,176.106196384,-0.26180000000000025,4.51,1.8,17.1,-150,5.249536583921947,1,CRAFT,4,2,62.769999999999996,2,9,0,4,0.6923076923076923,0.0,0.3076923076923077,0.3333333333333333,0.1111111111111111,13,1,1,0,1,1,0,0,0
Sc1ccc(c(c1)NC(=S)Nc1cccc2c1C(=O)OC2)Cl,19/000000001,"InChI=1S/C15H11ClN2O2S2/c16-10-5-4-9(21)6-12(10)18-15(22)17-11-3-1-2-8-7-20-14(19)13(8)11/h1-6,21H,7H2,(H2,17,18,22)",C15H11N2O2S2Cl,349.99504727199997,4.1080000000000005,4.51,-7.23,21.5,-80,2.6722856400651693,1,CRAFT,4,3,50.36,2,15,2,2,0.6818181818181818,0.09090909090909091,0.09090909090909091,0.06666666666666667,0.0,22,3,1,2,1,1,0,0,0
OC/C(=C\C1=NOCN1)/[C@H](c1nnc[nH]1)O,24/000000072,"InChI=1S/C8H11N5O3/c14-2-5(1-6-10-4-16-13-6)7(15)8-9-3-11-12-8/h1,3,7,14-15H,2,4H2,(H,10,13)(H,9,11,12)/b5-1+/t7-/m1/s1",C8H11N5O3,225.086189212,-1.3523999999999998,4.5,7.34,2.22,-150,5.174181312153978,1,CRAFT,7,4,115.65000000000002,4,8,3,5,0.5,0.1875,0.3125,0.375,0.125,16,2,1,1,2,1,1,0,0
S[C@H](C/C=C\c1ccc(c(c1ON)CN)I)C(=O)OC,18/000000060,"InChI=1S/C13H17IN2O3S/c1-18-13(17)11(20)4-2-3-8-5-6-10(14)9(7-15)12(8)19-16/h2-3,5-6,11,20H,4,7,15-16H2,1H3/b3-2-/t11-/m1/s1",C13H17N2O3SI,408.00046140399996,1.8771,4.5,-7.08,3.72,-170,3.987326558618488,1,CRAFT,6,3,87.57000000000001,6,13,3,2,0.65,0.15,0.1,0.3076923076923077,0.07692307692307693,20,1,0,1,0,0,0,0,0
NC(c1s/c(=N/CBr)/[nH]c1)N,13/000000051,"InChI=1S/C5H9BrN4S/c6-2-10-5-9-1-3(11-5)4(7)8/h1,4H,2,7-8H2,(H,9,10)",C5H9N4SBr,235.973129388,0.24530000000000002,4.49,5.33,14.5,-150,4.633166490143384,1,CRAFT,4,3,80.19,2,5,0,4,0.45454545454545453,0.0,0.36363636363636365,0.4,0.0,11,1,0,1,1,0,1,0,0
OC(=O)Cc1[nH]cc(c1)CCC#CCO,6/000000087,"InChI=1S/C11H13NO3/c13-5-3-1-2-4-9-6-10(12-8-9)7-11(14)15/h6,8,12-13H,2,4-5,7H2,(H,14,15)",C11H13NO3,207.089543276,0.5700999999999998,4.49,8.58,2.35,0,3.187764986935786,1,CRAFT,2,3,73.32,4,11,3,1,0.7333333333333333,0.2,0.06666666666666667,0.36363636363636365,0.0,15,1,0,1,1,0,1,0,0
c1cccc(c1)C(=O)NNC(=O)[C@@H](c1cccnc1N)F,13/000000003,"InChI=1S/C14H13FN4O2/c15-11(10-7-4-8-17-12(10)16)14(21)19-18-13(20)9-5-2-1-3-6-9/h1-8,11H,(H2,16,17)(H,18,20)(H,19,21)/t11-/m1/s1",C14H13N4O2F,288.102253876,1.1356,4.49,0.89,2.48,-150,2.696153471012545,1,CRAFT,4,3,97.11,3,14,2,4,0.6666666666666666,0.09523809523809523,0.19047619047619047,0.07142857142857142,0.07142857142857142,21,2,0,2,1,0,1,0,0
OC(=O)/C=C\c1ccc2c(c1)ncc(c2)CS,27/000000002,"InChI=1S/C13H11NO2S/c15-13(16)4-2-9-1-3-11-5-10(8-17)7-14-12(11)6-9/h1-7,17H,8H2,(H,15,16)/b4-2-",C13H11NO2S,245.051049592,2.7624000000000017,4.48,-3.01,2.22,-80,2.4941079279944027,1,CRAFT,3,2,50.19,3,13,2,1,0.7647058823529411,0.11764705882352941,0.058823529411764705,0.07692307692307693,0.0,17,2,0,2,1,0,1,0,0
Oc1c(I)ccc(c1)[C@@H](c1nnc([nH]1)S)Br,18/000000043,"InChI=1S/C9H7BrIN3OS/c10-7(8-12-9(16)14-13-8)4-1-2-5(11)6(15)3-4/h1-3,7,15H,(H2,12,13,14,16)/t7-/m0/s1",C9H7N3OSBrI,410.8537929440001,2.8878999999999997,4.48,-7.6,17.3,-170,4.0504358120019575,1,CRAFT,4,3,61.800000000000004,2,9,1,3,0.5625,0.0625,0.1875,0.1111111111111111,0.1111111111111111,16,2,0,2,1,0,1,0,0
OCC#CCNc1nc(ncc1)C[NH2+]CC,6/000000012,"InChI=1S/C11H16N4O/c1-2-12-9-11-14-7-5-10(15-11)13-6-3-4-8-16/h5,7,12,16H,2,6,8-9H2,1H3,(H,13,14,15)/p+1",C11H17N4O,221.13968758408998,-1.032499999999999,4.48,7.85,3.58,-20,4.025026401769737,1,CRAFT,4,3,74.65,5,11,1,4,0.6875,0.0625,0.25,0.45454545454545453,0.0,16,1,0,1,1,0,1,0,0
O[C@@H](c1nnc[nH]1)c1ncc(cc1)CCCS,24/000000061,"InChI=1S/C11H14N4OS/c16-10(11-13-7-14-15-11)9-4-3-8(6-12-9)2-1-5-17/h3-4,6-7,10,16-17H,1-2,5H2,(H,13,14,15)/t10-/m1/s1",C11H14N4OS,250.088832068,1.1438000000000001,4.47,9.11,3.72,-150,3.779589119007952,1,CRAFT,5,3,74.69,5,11,1,4,0.6470588235294118,0.058823529411764705,0.23529411764705882,0.36363636363636365,0.09090909090909091,17,2,0,2,2,0,2,0,0
Oc1ccncc1[C@H](c1nnc[nH]1)N,24/000000080,"InChI=1S/C8H9N5O/c9-7(8-11-4-12-13-8)5-3-10-2-1-6(5)14/h1-4,7H,9H2,(H,10,14)(H,11,12,13)/t7-/m1/s1",C8H9N5O,191.080709908,-0.04660000000000003,4.47,5.91,13.4,-150,3.856610964303804,1,CRAFT,5,3,100.71,2,8,1,5,0.5714285714285714,0.07142857142857142,0.35714285714285715,0.125,0.125,14,2,0,2,2,0,2,0,0
OC(=O)[C@H](CCCCC/N=c\1/scc[nH]1)CN,13/000000050,"InChI=1S/C11H19N3O2S/c12-8-9(10(15)16)4-2-1-3-5-13-11-14-6-7-17-11/h6-7,9H,1-5,8,12H2,(H,13,14)(H,15,16)/t9-/m1/s1",C11H19N3O2S,257.119797848,1.1967999999999999,4.47,0.02,3.58,-150,3.841885037375299,1,CRAFT,4,3,91.46999999999998,8,11,2,3,0.6470588235294118,0.11764705882352941,0.17647058823529413,0.6363636363636364,0.09090909090909091,17,1,0,1,1,0,1,0,0
OCC#CCNc1nc(ncc1)CCCNOCCBr,6/000000127,"InChI=1S/C13H19BrN4O2/c14-6-11-20-17-8-3-4-12-16-9-5-13(18-12)15-7-1-2-10-19/h5,9,17,19H,3-4,6-8,10-11H2,(H,15,16,18)",C13H19N4O2Br,342.069137948,0.7328999999999999,4.47,7.38,3.58,0,3.3500985540121277,1,CRAFT,6,3,79.3,9,13,2,4,0.65,0.1,0.2,0.5384615384615384,0.0,20,1,0,1,1,0,1,0,0
OCC#CCNc1nc(ncc1)C[NH2+][C@@H]1C=COC1,6/000000055,"InChI=1S/C13H16N4O2/c18-7-2-1-5-14-12-3-6-15-13(17-12)9-16-11-4-8-19-10-11/h3-4,6,8,11,16,18H,5,7,9-10H2,(H,14,15,17)/p+1/t11-/m1/s1",C13H17N4O2,261.13460220409,-1.1398999999999984,4.47,9.58,3.58,-150,4.743107783674644,1,CRAFT,5,3,83.88000000000001,5,13,2,4,0.6842105263157895,0.10526315789473684,0.21052631578947367,0.38461538461538464,0.07692307692307693,19,2,1,1,2,1,1,0,0
O[C@H](C)c1c(C#CC2=CCNN2)onc1C[NH3+],27/000000010,"InChI=1S/C11H14N4O2/c1-7(16)11-9(6-12)15-17-10(11)3-2-8-4-5-13-14-8/h4,7,13-14,16H,5-6,12H2,1H3/p+1/t7-/m1/s1",C11H15N4O2,235.11895214009,-1.186999999999999,4.46,-1.91,21.4,-170,5.259105229682992,1,CRAFT,5,4,97.96,2,11,2,4,0.6470588235294118,0.11764705882352941,0.23529411764705882,0.36363636363636365,0.09090909090909091,17,2,1,1,2,1,1,0,0
N(Cc1n[nH]c(n1)[C@H](/C=C\c1oc(=S)[nH]n1)NN)C,17/000000019,"InChI=1S/C9H14N8OS/c1-11-4-6-12-8(16-14-6)5(13-10)2-3-7-15-17-9(19)18-7/h2-3,5,11,13H,4,10H2,1H3,(H,17,19)(H,12,14,16)/b3-2-/t5-/m0/s1",C9H14N8OS,282.101128068,-0.21251000000000042,4.46,-2.17,5.09,-190,4.635654578546441,1,CRAFT,8,5,133.47,6,9,1,8,0.47368421052631576,0.05263157894736842,0.42105263157894735,0.3333333333333333,0.1111111111111111,19,2,0,2,2,0,2,0,0
OCC#CCCc1c[nH]c(c1)COC(=O)C=C,6/000000036,"InChI=1S/C13H15NO3/c1-2-13(16)17-10-12-8-11(9-14-12)6-4-3-5-7-15/h2,8-9,14-15H,1,4,6-7,10H2",C13H15NO3,233.10519334,1.1721999999999997,4.46,8.53,3.58,0,3.272134851071325,1,CRAFT,3,2,62.32,5,13,3,1,0.7647058823529411,0.17647058823529413,0.058823529411764705,0.3076923076923077,0.0,17,1,0,1,1,0,1,0,0
OCC#CCNc1nc(ncc1)CCc1[nH]ccc1,6/000000042,"InChI=1S/C14H16N4O/c19-11-2-1-8-16-14-7-10-17-13(18-14)6-5-12-4-3-9-15-12/h3-4,7,9-10,15,19H,5-6,8,11H2,(H,16,17,18)",C14H16N4O,256.132411132,0.9974999999999997,4.45,10.68,3.58,0,3.137298119348694,1,CRAFT,4,3,73.83,5,14,1,4,0.7368421052631579,0.05263157894736842,0.21052631578947367,0.2857142857142857,0.0,19,2,0,2,2,0,2,0,0
OCC#CCNc1nc(ncc1)CCC1=C[C@@H](NN1)CO,6/000000137,"InChI=1S/C14H19N5O2/c20-8-2-1-6-15-14-5-7-16-13(17-14)4-3-11-9-12(10-21)19-18-11/h5,7,9,12,18-21H,3-4,6,8,10H2,(H,15,16,17)/t12-/m1/s1",C14H19N5O2,289.153874848,-0.8305999999999993,4.45,11.03,3.58,-150,4.238954257555816,1,CRAFT,7,5,102.33,6,14,2,5,0.6666666666666666,0.09523809523809523,0.23809523809523808,0.42857142857142855,0.07142857142857142,21,2,1,1,2,1,1,0,0
O[C@@H](c1nnc[nH]1)/C=C/C1=CC=CNC1,24/000000041,"InChI=1S/C10H12N4O/c15-9(10-12-7-13-14-10)4-3-8-2-1-5-11-6-8/h1-5,7,9,11,15H,6H2,(H,12,13,14)/b4-3+/t9-/m1/s1",C10H12N4O,204.101111004,0.43760000000000004,4.45,7.92,2.22,-150,4.801881294618381,1,CRAFT,4,3,73.83,3,10,1,4,0.6666666666666666,0.06666666666666667,0.26666666666666666,0.2,0.1,15,2,1,1,2,1,1,0,0
c1nc2c(o1)cccc2CCNCN,18/000000096,"InChI=1S/C10H13N3O/c11-6-12-5-4-8-2-1-3-9-10(8)13-7-14-9/h1-3,7,12H,4-6,11H2",C10H13N3O,191.105862036,0.8761000000000001,4.45,2.59,2.48,-40,2.80171885961334,1,CRAFT,4,2,64.08,4,10,1,3,0.7142857142857143,0.07142857142857142,0.21428571428571427,0.3,0.0,14,2,0,2,1,0,1,0,0
Sc1ccc(cc1)C(=O)CCc1nnc[nH]1,12/000000012,"InChI=1S/C11H11N3OS/c15-10(5-6-11-12-7-13-14-11)8-1-3-9(16)4-2-8/h1-4,7,16H,5-6H2,(H,12,13,14)",C11H11N3OS,233.062282972,1.9088999999999992,4.45,2.54,2.35,0,2.966701652605858,1,CRAFT,4,2,58.64,4,11,1,3,0.6875,0.0625,0.1875,0.18181818181818182,0.0,16,2,0,2,1,0,1,0,0
OCC#CCNc1nc(ncc1)CC[C@H](C)Cl,6/000000034,"InChI=1S/C12H16ClN3O/c1-10(13)4-5-11-15-8-6-12(16-11)14-7-2-3-9-17/h6,8,10,17H,4-5,7,9H2,1H3,(H,14,15,16)/t10-/m0/s1",C12H16N3OCl,253.098189812,1.4441,4.44,9.1,3.58,-170,3.5554340758368372,1,CRAFT,4,2,58.04,5,12,1,3,0.7058823529411765,0.058823529411764705,0.17647058823529413,0.5,0.08333333333333333,17,1,0,1,1,0,1,0,0
OCNCC[C@H](c1nnc[nH]1)O,24/000000042,"InChI=1S/C6H12N4O2/c11-4-7-2-1-5(12)6-8-3-9-10-6/h3,5,7,11-12H,1-2,4H2,(H,8,9,10)/t5-/m1/s1",C6H12N4O2,172.096025624,-1.2324000000000002,4.43,6.29,2.22,-150,4.159081736399595,1,CRAFT,5,4,94.06,5,6,2,4,0.5,0.16666666666666666,0.3333333333333333,0.6666666666666666,0.16666666666666666,12,1,0,1,1,0,1,0,0
O=c1o[nH]c(n1)[C@H](NCBr)c1ccc(c(c1)C(=O)N)Cl,10/000000001,"InChI=1S/C11H10BrClN4O3/c12-4-15-8(10-16-11(19)20-17-10)5-1-2-7(13)6(3-5)9(14)18/h1-3,8,15H,4H2,(H2,14,18)(H,16,17,19)/t8-/m1/s1",C11H10N4O3ClBr,359.96247996,1.1466,4.43,-2.59,5.09,-150,3.663945020156951,1,CRAFT,5,3,114.01,5,11,3,4,0.55,0.15,0.2,0.18181818181818182,0.09090909090909091,20,2,0,2,1,0,1,0,0
Oc1c(Cl)c(/C(=C(\C(=O)C)/N)/c2noc(c2)CCN)ccc1Cl,21/000000014,"InChI=1S/C15H15Cl2N3O3/c1-7(21)14(19)12(11-6-8(4-5-18)23-20-11)9-2-3-10(16)15(22)13(9)17/h2-3,6,22H,4-5,18-19H2,1H3/b14-12-",C15H15N3O3Cl2,355.0490467,2.4953000000000003,4.43,-6.44,3.58,-40,3.2171112369936843,1,CRAFT,6,3,115.36999999999999,5,15,3,3,0.6521739130434783,0.13043478260869565,0.13043478260869565,0.2,0.0,23,2,0,2,1,0,1,0,0
Sc1nnc(o1)CCC(N)N,23/000000034,"InChI=1S/C5H10N4OS/c6-3(7)1-2-4-8-9-5(11)10-4/h3H,1-2,6-7H2,(H,9,11)",C5H10N4OS,174.05753194,-0.46559999999999996,4.42,-0.37,2.22,-150,3.522954182451077,1,CRAFT,6,3,90.96,3,5,1,4,0.45454545454545453,0.09090909090909091,0.36363636363636365,0.6,0.0,11,1,0,1,1,0,1,0,0
N(C(=O)[C@@H](CCCOCC)c1nnc[nH]1)N,12/000000011,"InChI=1S/C9H17N5O2/c1-2-16-5-3-4-7(9(15)13-10)8-11-6-12-14-8/h6-7H,2-5,10H2,1H3,(H,13,15)(H,11,12,14)/t7-/m0/s1",C9H17N5O2,227.138224784,-0.30509999999999965,4.42,7.41,3.58,-170,3.704873084729229,1,CRAFT,5,3,105.92,7,9,2,5,0.5625,0.125,0.3125,0.6666666666666666,0.1111111111111111,16,1,0,1,1,0,1,0,0
SC/C=C/[C@H](c1nnc[nH]1)N,24/000000058,"InChI=1S/C6H10N4S/c7-5(2-1-3-11)6-8-4-9-10-6/h1-2,4-5,11H,3,7H2,(H,8,9,10)/b2-1+/t5-/m1/s1",C6H10N4S,170.06261732,0.2904999999999999,4.42,6.43,2.22,-150,4.941202166521799,1,CRAFT,4,3,67.59,3,6,0,4,0.5454545454545454,0.0,0.36363636363636365,0.3333333333333333,0.16666666666666666,11,1,0,1,1,0,1,0,0
c1nnc(o1)[C@@](Cc1ccccc1)(NN)Br,17/000000034,"InChI=1S/C10H11BrN4O/c11-10(15-12,9-14-13-7-16-9)6-8-4-2-1-3-5-8/h1-5,7,15H,6,12H2/t10-/m1/s1",C10H11N4OBr,282.011623072,1.3233000000000001,4.42,-4.23,2.22,-170,3.671837499444949,1,CRAFT,5,2,76.97,4,10,1,4,0.625,0.0625,0.25,0.2,0.1,16,2,0,2,1,0,1,0,0
OC(=O)c1c(OC(=O)CCCCC)cc(c(c1)Cl)NCS,28/000000026,"InChI=1S/C14H18ClNO4S/c1-2-3-4-5-13(17)20-12-7-11(16-8-21)10(15)6-9(12)14(18)19/h6-7,16,21H,2-5,8H2,1H3,(H,18,19)",C14H18NO4SCl,331.06450673600006,3.8231000000000033,4.42,-4.74,2.48,-110,2.529344835007068,1,CRAFT,5,3,75.63,8,14,4,1,0.6666666666666666,0.19047619047619047,0.047619047619047616,0.42857142857142855,0.0,21,1,0,1,0,0,0,0,0
OCC#C[C@@H](C1=CCC=C1)/C=C/CO,3/000000002,"InChI=1S/C12H14O2/c13-9-3-7-12(8-4-10-14)11-5-1-2-6-11/h1,3,5-7,12-14H,2,9-10H2/b7-3+/t12-/m0/s1",C12H14O2,190.099379688,1.0331,4.42,0.82,3.72,-150,4.557901348919189,1,CRAFT,2,2,40.46,3,12,2,0,0.8571428571428571,0.14285714285714285,0.0,0.3333333333333333,0.08333333333333333,14,1,1,0,0,0,0,0,0
Oc1c(cccc1I)NC(=O)c1n[nH]c(c1)C(=C(C)C)C,18/000000074,"InChI=1S/C15H16IN3O2/c1-8(2)9(3)12-7-13(19-18-12)15(21)17-11-6-4-5-10(16)14(11)20/h4-7,20H,1-3H3,(H,17,21)(H,18,19)",C15H16N3O2I,397.028724752,3.7855000000000016,4.41,-5.9,3.72,-200,2.86695293217306,1,CRAFT,3,3,78.00999999999999,3,15,2,3,0.7142857142857143,0.09523809523809523,0.14285714285714285,0.2,0.0,21,2,0,2,1,0,1,0,0
Oc1c(I)ccc(c1)O[C@H](C[NH3+])CF,18/000000039,"InChI=1S/C9H11FINO2/c10-4-7(5-12)14-6-1-2-8(11)9(13)3-6/h1-3,7,13H,4-5,12H2/p+1/t7-/m0/s1",C9H12NO2FI,311.98913126409,0.9555999999999998,4.41,-5.66,2.22,-150,3.9852306201742502,1,CRAFT,2,2,57.1,4,9,2,1,0.6428571428571429,0.14285714285714285,0.07142857142857142,0.3333333333333333,0.1111111111111111,14,1,0,1,0,0,0,0,0
Sc1n[nH]c(n1)[C@](C1=CC(=O)CO1)(NN)Br,17/000000003,"InChI=1S/C7H8BrN5O2S/c8-7(13-9,4-1-3(14)2-15-4)5-10-6(16)12-11-5/h1,13H,2,9H2,(H2,10,11,12,16)/t7-/m0/s1",C7H8N5O2SBr,304.95820759599997,-0.41240000000000004,4.41,-1.63,21.6,-150,4.967258888925032,1,CRAFT,7,4,105.92,3,7,2,5,0.4375,0.125,0.3125,0.2857142857142857,0.14285714285714285,16,2,1,1,2,1,1,0,0
OCC#CCNc1nc(ncc1)CC/C=C\COC,6/000000164,"InChI=1S/C14H19N3O2/c1-19-12-6-2-3-7-13-16-10-8-14(17-13)15-9-4-5-11-18/h2,6,8,10,18H,3,7,9,11-12H2,1H3,(H,15,16,17)/b6-2-",C14H19N3O2,261.147726848,1.0193999999999999,4.41,7.83,3.58,-20,3.2010606917762647,1,CRAFT,5,2,67.27,7,14,2,3,0.7368421052631579,0.10526315789473684,0.15789473684210525,0.42857142857142855,0.0,19,1,0,1,1,0,1,0,0
OCC#CCNc1nc(ncc1)CCCNOCCC,6/000000117,"InChI=1S/C14H22N4O2/c1-2-12-20-17-9-5-6-13-16-10-7-14(18-13)15-8-3-4-11-19/h7,10,17,19H,2,5-6,8-9,11-12H2,1H3,(H,15,16,18)",C14H22N4O2,278.174275944,0.7479999999999996,4.41,8.73,3.58,-20,3.1749112861076174,1,CRAFT,6,3,79.3,9,14,2,4,0.7,0.1,0.2,0.5714285714285714,0.0,20,1,0,1,1,0,1,0,0
OCC#C/C=C/[C@H](c1nnc[nH]1)O,24/000000021,"InChI=1S/C8H9N3O2/c12-5-3-1-2-4-7(13)8-9-6-10-11-8/h2,4,6-7,12-13H,5H2,(H,9,10,11)/b4-2+/t7-/m1/s1",C8H9N3O2,179.069476528,-0.6100000000000002,4.41,5.92,2.22,-150,4.6285440683294325,1,CRAFT,4,3,82.03,2,8,2,3,0.6153846153846154,0.15384615384615385,0.23076923076923078,0.25,0.125,13,1,0,1,1,0,1,0,0
C(=C\[C@H](c1nnc[nH]1)N)/CS(=O)=O,24/000000076,"InChI=1S/C6H10N4O2S/c7-5(2-1-3-13(11)12)6-8-4-9-10-6/h1-2,4-5,13H,3,7H2,(H,8,9,10)/b2-1+/t5-/m1/s1",C6H10N4O2S,202.05244656,-1.0278999999999996,4.41,7.23,2.22,-150,5.3323274363128,1,CRAFT,5,3,101.72999999999999,4,6,2,4,0.46153846153846156,0.15384615384615385,0.3076923076923077,0.3333333333333333,0.16666666666666666,13,1,0,1,1,0,1,0,0
N=C1NCC[C@@H]1CONCCCc1nccc(n1)NCC#CCO,6/000000134,"InChI=1S/C16H24N6O2/c17-16-13(5-9-20-16)12-24-21-8-3-4-14-19-10-6-15(22-14)18-7-1-2-11-23/h6,10,13,21,23H,3-5,7-9,11-12H2,(H2,17,20)(H,18,19,22)/t13-/m1/s1",C16H24N6O2,332.1960740079999,-0.07522999999999957,4.41,7.05,4.94,-150,4.227768622162125,1,CRAFT,7,5,115.18,9,16,2,6,0.6666666666666666,0.08333333333333333,0.25,0.5625,0.0625,24,2,1,1,2,1,1,0,0
NC(C(=O)c1cccc(c1N(=O)=O)NC(=O)c1nnsc1)N,6/000000202,"InChI=1S/C11H10N6O4S/c12-10(13)9(18)5-2-1-3-6(8(5)17(20)21)14-11(19)7-4-22-16-15-7/h1-4,10H,12-13H2,(H,14,19)",C11H10N6O4S,322.0484238,0.12479999999999997,4.4,-4.03,3.58,-190,3.004338741802141,1,CRAFT,9,3,167.12999999999997,5,11,4,6,0.5,0.18181818181818182,0.2727272727272727,0.09090909090909091,0.0,22,2,0,2,1,0,1,0,0
Oc1c(N(=O)=O)cccc1[C@@H](N)F,1/000000004,"InChI=1S/C7H7FN2O3/c8-7(9)4-2-1-3-5(6(4)11)10(12)13/h1-3,7,11H,9H2/t7-/m1/s1",C7H7N2O3F,186.044070304,1.2271999999999998,4.4,-3.9,1.23,-170,3.1023844498874604,1,CRAFT,4,2,89.39,2,7,3,2,0.5384615384615384,0.23076923076923078,0.15384615384615385,0.14285714285714285,0.14285714285714285,13,1,0,1,0,0,0,0,0
Oc1c(Cl)c(/C(=C(\c2nc(ncc2)N)/N)/c2nocc2)ccc1Cl,21/000000005,"InChI=1S/C15H11Cl2N5O2/c16-8-2-1-7(12(17)14(8)23)11(9-4-6-24-22-9)13(18)10-3-5-20-15(19)21-10/h1-6,23H,18H2,(H2,19,20,21)/b13-11-",C15H11N5O2Cl2,363.028979952,2.9345000000000008,4.4,-6.25,3.58,-60,3.282123733955574,1,CRAFT,7,3,124.08,3,15,2,5,0.625,0.08333333333333333,0.20833333333333334,0.0,0.0,24,3,0,3,2,0,2,0,0
OCC#CCCc1c[nH]c(c1)[C@H](SC)O,6/000000099,"InChI=1S/C11H15NO2S/c1-15-11(14)10-7-9(8-12-10)5-3-2-4-6-13/h7-8,11-14H,3,5-6H2,1H3/t11-/m0/s1",C11H15NO2S,225.08234972,1.2968999999999997,4.4,9.33,2.35,-170,4.196858167745253,1,CRAFT,3,3,56.25,4,11,2,1,0.7333333333333333,0.13333333333333333,0.06666666666666667,0.45454545454545453,0.09090909090909091,15,1,0,1,1,0,1,0,0
OC(=O)CNC(=O)C1=CCC[C@@H](O1)C=C,30/000000053,"InChI=1S/C10H13NO4/c1-2-7-4-3-5-8(15-7)10(14)11-6-9(12)13/h2,5,7H,1,3-4,6H2,(H,11,14)(H,12,13)/t7-/m0/s1",C10H13NO4,211.084457896,0.4360999999999997,4.4,1.77,3.58,-150,3.5505232441322807,1,CRAFT,3,2,75.63000000000001,4,10,4,1,0.6666666666666666,0.26666666666666666,0.06666666666666667,0.4,0.1,15,1,1,0,1,1,0,0,0
C#CC/C=C/[C@@H](c1nc(sc1)N)NN,17/000000010,"InChI=1S/C9H12N4S/c1-2-3-4-5-7(13-11)8-6-14-9(10)12-8/h1,4-7,13H,3,11H2,(H2,10,12)/b5-4+/t7-/m0/s1",C9H12N4S,208.078267384,0.8091999999999999,4.39,-0.62,3.58,-150,4.49940259152274,1,CRAFT,5,3,76.96,4,9,0,4,0.6428571428571429,0.0,0.2857142857142857,0.2222222222222222,0.1111111111111111,14,1,0,1,1,0,1,0,0
OC(=O)/C=C/[C@H](c1nnc[nH]1)N,24/000000016,"InChI=1S/C6H8N4O2/c7-4(1-2-5(11)12)6-8-3-9-10-6/h1-4H,7H2,(H,11,12)(H,8,9,10)/b2-1+/t4-/m1/s1",C6H8N4O2,168.064725496,-0.5547,4.38,6.0,2.22,-150,4.206115960998525,1,CRAFT,4,3,104.89,3,6,2,4,0.5,0.16666666666666666,0.3333333333333333,0.16666666666666666,0.16666666666666666,12,1,0,1,1,0,1,0,0
Oc1ncc(cc1C(=O)NN)/C=C/[C@H]1SC=CC1,20/000000013,"InChI=1S/C12H13N3O2S/c13-15-12(17)10-6-8(7-14-11(10)16)3-4-9-2-1-5-18-9/h1,3-7,9H,2,13H2,(H,14,16)(H,15,17)/b4-3+/t9-/m0/s1",C12H13N3O2S,263.072847656,1.4231,4.38,-5.54,3.72,-190,4.048037953924848,1,CRAFT,5,3,88.24000000000001,3,12,2,3,0.6666666666666666,0.1111111111111111,0.16666666666666666,0.16666666666666666,0.08333333333333333,18,2,1,1,2,1,1,0,0
OCC#CCNc1nc(ncc1)CCC=C,6/000000014,"InChI=1S/C12H15N3O/c1-2-3-6-11-14-9-7-12(15-11)13-8-4-5-10-16/h2,7,9,16H,1,3,6,8,10H2,(H,13,14,15)",C12H15N3O,217.1215121,1.0028,4.38,9.68,3.58,0,3.1291922880573626,1,CRAFT,4,2,58.04,5,12,1,3,0.75,0.0625,0.1875,0.3333333333333333,0.0,16,1,0,1,1,0,1,0,0
OCC#CCNCCCC#CC[C@@H]1ON=CN1,6/000000155,"InChI=1S/C12H17N3O2/c16-10-6-5-9-13-8-4-2-1-3-7-12-14-11-15-17-12/h11-13,16H,2,4,7-10H2,(H,14,15)/t12-/m0/s1",C12H17N3O2,235.132076784,-0.36539999999999967,4.38,9.4,3.58,-150,4.63141026814453,1,CRAFT,5,3,65.88,5,12,2,3,0.7058823529411765,0.11764705882352941,0.17647058823529413,0.5833333333333334,0.08333333333333333,17,1,1,0,1,1,0,0,0
NN[C@H](c1nc(n[nH]1)CC#CCBr)C=C,17/000000024,"InChI=1S/C9H12BrN5/c1-2-7(13-11)9-12-8(14-15-9)5-3-4-6-10/h2,7,13H,1,5-6,11H2,(H,12,14,15)/t7-/m0/s1",C9H12N5Br,269.027607484,0.4358999999999998,4.38,3.7,20.2,-150,4.75182190400899,1,CRAFT,4,3,79.62,4,9,0,5,0.6,0.0,0.3333333333333333,0.3333333333333333,0.1111111111111111,15,1,0,1,1,0,1,0,0
SCC1=CCC(=C(O1)CCC)c1occ(c1)C(=O)O,15/000000005,"InChI=1S/C14H16O4S/c1-2-3-12-11(5-4-10(8-19)18-12)13-6-9(7-17-13)14(15)16/h4,6-7,19H,2-3,5,8H2,1H3,(H,15,16)",C14H16O4S,280.076929992,3.7230000000000025,4.38,-5.25,21.1,-180,3.694936897080394,1,CRAFT,4,2,59.67,5,14,4,0,0.7368421052631579,0.21052631578947367,0.0,0.35714285714285715,0.0,19,2,1,1,2,1,1,0,0
OCC#CCNc1nc(ncc1)CCCNOC[C@H]1OC(=O)CC1,6/000000181,"InChI=1S/C16H22N4O4/c21-11-2-1-8-17-15-7-10-18-14(20-15)4-3-9-19-23-12-13-5-6-16(22)24-13/h7,10,13,19,21H,3-6,8-9,11-12H2,(H,17,18,20)/t13-/m0/s1",C16H22N4O4,334.16410518399994,0.04360000000000075,4.38,7.12,4.94,-150,3.835566424359926,1,CRAFT,8,3,105.6,9,16,4,4,0.6666666666666666,0.16666666666666666,0.16666666666666666,0.5625,0.0625,24,2,1,1,2,1,1,0,0
C(=C)CN/C=C/Cc1nnc([nH]1)C1=CCC=CO1,17/000000083,"InChI=1S/C13H16N4O/c1-2-8-14-9-5-7-12-15-13(17-16-12)11-6-3-4-10-18-11/h2,4-6,9-10,14H,1,3,7-8H2,(H,15,16,17)/b9-5+",C13H16N4O,244.132411132,1.9114,4.38,-2.42,21.3,-160,4.330547501463612,1,CRAFT,4,2,62.83,6,13,1,4,0.7222222222222222,0.05555555555555555,0.2222222222222222,0.23076923076923078,0.0,18,2,1,1,2,1,1,0,0
OCC(=O)c1cccc(c1c1nncs1)NC(=O)c1nnsc1,6/000000200,"InChI=1S/C13H9N5O3S2/c19-4-10(20)7-2-1-3-8(11(7)13-17-14-6-22-13)15-12(21)9-5-23-18-16-9/h1-3,5-6,19H,4H2,(H,15,21)",C13H9N5O3S2,347.01468114800014,1.4839,4.38,-3.47,3.58,-160,3.000714598148658,1,CRAFT,9,2,117.96000000000001,5,13,3,5,0.5652173913043478,0.13043478260869565,0.21739130434782608,0.07692307692307693,0.0,23,3,0,3,2,0,2,0,0
SC[C@@H](Cc1ccc(c(c1Br)O)Br)OCC(=O)NO,20/000000001,"InChI=1S/C11H13Br2NO4S/c12-8-2-1-6(10(13)11(8)16)3-7(5-19)18-4-9(15)14-17/h1-2,7,16-17,19H,3-5H2,(H,14,15)/t7-/m1/s1",C11H13NO4SBr2,412.893203096,2.2801000000000005,4.38,-4.24,5.09,-150,3.5862633266610704,1,CRAFT,5,4,78.79,6,11,4,1,0.5789473684210527,0.21052631578947367,0.05263157894736842,0.36363636363636365,0.09090909090909091,19,1,0,1,0,0,0,0,0
OCC#C[C@H](C/C=C(\CS)/N)c1csc(=O)[nH]1,3/000000012,"InChI=1S/C11H14N2O2S2/c12-9(6-16)4-3-8(2-1-5-14)10-7-17-11(15)13-10/h4,7-8,14,16H,3,5-6,12H2,(H,13,15)/b9-4+/t8-/m1/s1",C11H14N2O2S2,270.049669688,0.6782000000000001,4.37,-3.06,3.85,-170,4.803028572563516,1,CRAFT,5,4,79.11,4,11,2,2,0.6470588235294118,0.11764705882352941,0.11764705882352941,0.36363636363636365,0.09090909090909091,17,1,0,1,1,0,1,0,0
O[C@@H](c1nnc[nH]1)c1nc(sc1)S,24/000000013,"InChI=1S/C6H6N4OS2/c11-4(5-7-2-8-10-5)3-1-13-6(12)9-3/h1-2,4,11H,(H,9,12)(H,7,8,10)/t4-/m1/s1",C6H6N4OS2,213.998302812,0.6316000000000002,4.37,6.85,2.22,-150,4.680628060013423,1,CRAFT,6,3,74.69,2,6,1,4,0.46153846153846156,0.07692307692307693,0.3076923076923077,0.16666666666666666,0.16666666666666666,13,2,0,2,2,0,2,0,0
Oc1noc(c1)/C(=C\C[C@H](CN)c1nonc1)/N(=O)=O,4/000000025,"InChI=1S/C10H11N5O5/c11-4-6(7-5-12-20-13-7)1-2-8(15(17)18)9-3-10(16)14-19-9/h2-3,5-6H,1,4,11H2,(H,14,16)/b8-2+/t6-/m1/s1",C10H11N5O5,281.076018452,0.5134,4.37,-5.86,5.08,-170,4.640986998178928,1,CRAFT,9,2,154.34,6,10,5,5,0.5,0.25,0.25,0.3,0.1,20,2,0,2,2,0,2,0,0
OCC#CCNc1nc(ncc1)CCCC(=O)C,6/000000052,"InChI=1S/C13H17N3O2/c1-11(18)5-4-6-12-15-9-7-13(16-12)14-8-2-3-10-17/h7,9,17H,4-6,8,10H2,1H3,(H,14,15,16)",C13H17N3O2,247.132076784,0.7958999999999998,4.37,9.04,3.58,-20,2.901570177123137,1,CRAFT,5,2,75.11,6,13,2,3,0.7222222222222222,0.1111111111111111,0.16666666666666666,0.46153846153846156,0.0,18,1,0,1,1,0,1,0,0
O[C@@H](c1cc(C(=O)N)cc(c1)N(=O)=O)Cl,3/000000016,"InChI=1S/C8H7ClN2O4/c9-7(12)4-1-5(8(10)13)3-6(2-4)11(14)15/h1-3,7,12H,(H2,10,13)/t7-/m0/s1",C8H7N2O4Cl,230.009434384,0.9234,4.37,-1.42,2.22,-150,3.013278793273572,1,CRAFT,4,2,106.46000000000001,3,8,4,2,0.5333333333333333,0.26666666666666666,0.13333333333333333,0.125,0.125,15,1,0,1,0,0,0,0,0
Sc1nnc(o1)c1cccc(c1N(=O)=O)CCCO,5/000000002,"InChI=1S/C11H11N3O4S/c15-6-2-4-7-3-1-5-8(9(7)14(16)17)10-12-13-11(19)18-10/h1,3,5,15H,2,4,6H2,(H,13,19)",C11H11N3O4S,281.04702683200003,1.8584,4.37,-5.39,21.9,-140,2.888024850636274,1,CRAFT,7,2,102.29,5,11,4,3,0.5789473684210527,0.21052631578947367,0.15789473684210525,0.2727272727272727,0.0,19,2,0,2,1,0,1,0,0
OCC#CCNc1nc(ncc1)CC/C=C/C,6/000000125,"InChI=1S/C13H17N3O/c1-2-3-4-7-12-15-10-8-13(16-12)14-9-5-6-11-17/h2-3,8,10,17H,4,7,9,11H2,1H3,(H,14,15,16)/b3-2+",C13H17N3O,231.137162164,1.3928999999999998,4.37,9.28,3.58,-20,3.1945673667699124,1,CRAFT,4,2,58.04,5,13,1,3,0.7647058823529411,0.058823529411764705,0.17647058823529413,0.38461538461538464,0.0,17,1,0,1,1,0,1,0,0
OCC#CCNc1nc(ncc1)CCNCNCCC,6/000000031,"InChI=1S/C14H23N5O/c1-2-7-15-12-16-9-5-13-18-10-6-14(19-13)17-8-3-4-11-20/h6,10,15-16,20H,2,5,7-9,11-12H2,1H3,(H,17,18,19)",C14H23N5O,277.190260356,-0.026599999999999513,4.37,6.96,3.58,-20,3.144339933322473,1,CRAFT,6,4,82.1,9,14,1,5,0.7,0.05,0.25,0.5714285714285714,0.0,20,1,0,1,1,0,1,0,0
OC[C@H](/C(=C/CS)/c1ccccc1)c1nnc(o1)S,23/000000044,"InChI=1S/C13H14N2O2S2/c16-8-11(12-14-15-13(19)17-12)10(6-7-18)9-4-2-1-3-5-9/h1-6,11,16,18H,7-8H2,(H,15,19)/b10-6+/t11-/m1/s1",C13H14N2O2S2,294.049669688,2.447600000000001,4.37,-7.45,5.09,-190,3.858803296495158,1,CRAFT,6,3,59.150000000000006,5,13,2,2,0.6842105263157895,0.10526315789473684,0.10526315789473684,0.23076923076923078,0.07692307692307693,19,2,0,2,1,0,1,0,0
S[C@@H](C[NH2+]Cc1oc(=S)[nH]n1)CN,29/000000010,"InChI=1S/C6H12N4OS2/c7-1-4(12)2-8-3-5-9-10-6(13)11-5/h4,8,12H,1-3,7H2,(H,10,13)/p+1/t4-/m1/s1",C6H13N4OS2,221.05252945608999,-0.9473099999999999,4.37,-0.52,2.22,-150,5.345723590158954,1,CRAFT,5,4,84.45,5,6,1,4,0.46153846153846156,0.07692307692307693,0.3076923076923077,0.6666666666666666,0.16666666666666666,13,1,0,1,1,0,1,0,0
c1nnc(n1CCS(=O)(=O)CNCN)SC/C=C/C[NH3+],11/000000025,"InChI=1S/C10H20N6O2S2/c11-3-1-2-5-19-10-15-14-8-16(10)4-6-20(17,18)9-13-7-12/h1-2,8,13H,3-7,9,11-12H2/p+1/b2-1+",C10H21N6O2S2,321.11619233209,-1.9535999999999971,4.36,0.46,3.58,-170,4.032510850336492,1,CRAFT,8,3,130.54,10,10,2,6,0.5,0.1,0.3,0.6,0.0,20,1,0,1,1,0,1,0,0
c1oc(=O)n(n1)C[C@H](c1n[nH]c(=O)o1)N,28/000000023,"InChI=1S/C6H7N5O4/c7-3(4-9-10-5(12)15-4)1-11-6(13)14-2-8-11/h2-3H,1,7H2,(H,10,12)/t3-/m1/s1",C6H7N5O4,213.049803704,-1.7873999999999999,4.36,-4.54,2.22,-190,4.316033991921078,1,CRAFT,8,2,132.94,3,6,4,5,0.4,0.26666666666666666,0.3333333333333333,0.3333333333333333,0.16666666666666666,15,2,0,2,2,0,2,0,0
C=CCN/C=C/[C@@H](c1nnc([nH]1)CNC)NC1=NCCO1,17/000000090,"InChI=1S/C13H21N7O/c1-3-5-15-6-4-10(17-13-16-7-8-21-13)12-18-11(9-14-2)19-20-12/h3-4,6,10,14-15H,1,5,7-9H2,2H3,(H,16,17)(H,18,19,20)/b6-4+/t10-/m0/s1",C13H21N7O,291.180758292,-0.1696999999999993,4.35,-1.1,23.3,-170,4.728477082272084,1,CRAFT,7,4,99.25,8,13,1,7,0.6190476190476191,0.047619047619047616,0.3333333333333333,0.46153846153846156,0.07692307692307693,21,2,1,1,2,1,1,0,0
OCC[C@@](NN)(c1nnco1)Br,17/000000037,"InChI=1S/C5H9BrN4O2/c6-5(10-7,1-2-11)4-9-8-3-12-4/h3,10-11H,1-2,7H2/t5-/m1/s1",C5H9N4O2Br,235.990887628,-0.5369999999999997,4.35,-1.58,2.22,-150,4.636941135823699,1,CRAFT,6,3,97.2,4,5,2,4,0.4166666666666667,0.16666666666666666,0.3333333333333333,0.6,0.2,12,1,0,1,1,0,1,0,0
OCC#CCNc1nc(ncc1)CCCNOCCOC(=O)C,6/000000176,"InChI=1S/C15H22N4O4/c1-13(21)22-11-12-23-18-8-4-5-14-17-9-6-15(19-14)16-7-2-3-10-20/h6,9,18,20H,4-5,7-8,10-12H2,1H3,(H,16,17,19)",C15H22N4O4,322.16410518399994,-0.0988999999999991,4.35,7.66,4.94,-110,3.158957255491316,1,CRAFT,8,3,105.6,10,15,4,4,0.6521739130434783,0.17391304347826086,0.17391304347826086,0.5333333333333333,0.0,23,1,0,1,1,0,1,0,0
N(Cc1n[nH]c(n1)[C@H](C=C)NN)CBr,17/000000068,"InChI=1S/C7H13BrN6/c1-2-5(12-9)7-11-6(13-14-7)3-10-4-8/h2,5,10,12H,1,3-4,9H2,(H,11,13,14)/t5-/m0/s1",C7H13N6Br,260.038506516,-0.0628999999999999,4.34,2.22,5.09,-150,4.6740096921144545,1,CRAFT,5,4,91.64999999999999,6,7,0,6,0.5,0.0,0.42857142857142855,0.42857142857142855,0.14285714285714285,14,1,0,1,1,0,1,0,0
O[C@@H](CCCCN)c1csc(c1)C(=C)N(=O)=O,21/000000011,"InChI=1S/C11H16N2O3S/c1-8(13(15)16)11-6-9(7-17-11)10(14)4-2-3-5-12/h6-7,10,14H,1-5,12H2/t10-/m0/s1",C11H16N2O3S,256.088163372,2.1579000000000006,4.34,-0.94,2.48,-150,3.6366298534288113,1,CRAFT,5,2,89.38999999999999,7,11,3,2,0.6470588235294118,0.17647058823529413,0.11764705882352941,0.45454545454545453,0.09090909090909091,17,1,0,1,1,0,1,0,0
c1nnc(s1)[C@H](CNc1ncccn1)CNc1nnc(s1)CC=C,8/000000015,"InChI=1S/C14H16N8S2/c1-2-4-11-20-22-14(24-11)18-8-10(12-21-19-9-23-12)7-17-13-15-5-3-6-16-13/h2-3,5-6,9-10H,1,4,7-8H2,(H,18,22)(H,15,16,17)/t10-/m1/s1",C14H16N8S2,360.09393451200003,2.2158999999999995,4.34,-2.04,5.09,-190,3.786676936664523,1,CRAFT,10,2,101.4,9,14,0,8,0.5833333333333334,0.0,0.3333333333333333,0.2857142857142857,0.07142857142857142,24,3,0,3,3,0,3,0,0
Oc1noc(c1)[C@@H](CC=C)OC(=O)Cc1cccc(c1)S,1/000000006,"InChI=1S/C15H15NO4S/c1-2-4-12(13-9-14(17)16-20-13)19-15(18)8-10-5-3-6-11(21)7-10/h2-3,5-7,9,12,21H,1,4,8H2,(H,16,17)/t12-/m1/s1",C15H15NO4S,305.07217896000003,3.0720000000000023,4.34,-1.92,3.58,-190,3.708652297609676,1,CRAFT,6,2,72.56,6,15,4,1,0.7142857142857143,0.19047619047619047,0.047619047619047616,0.2,0.06666666666666667,21,2,0,2,1,0,1,0,0
c1cccc(c1)[C@H](/C=C/CC)c1nnc([nH]1)SC/C=C/C[NH3+],11/000000014,"InChI=1S/C17H22N4S/c1-2-3-11-15(14-9-5-4-6-10-14)16-19-17(21-20-16)22-13-8-7-12-18/h3-11,15H,2,12-13,18H2,1H3,(H,19,20,21)/p+1/b8-7+,11-3+/t15-/m0/s1",C17H23N4S,315.16379415609003,2.793,4.34,-3.48,20.9,-170,4.245263928106115,1,CRAFT,3,2,69.21000000000001,8,17,0,4,0.7727272727272727,0.0,0.18181818181818182,0.29411764705882354,0.058823529411764705,22,2,0,2,1,0,1,0,0
SCCNCCNCC#CCO,6/000000025,"InChI=1S/C8H16N2OS/c11-7-2-1-3-9-4-5-10-6-8-12/h9-12H,3-8H2",C8H16N2OS,188.098334132,-0.9088999999999996,4.33,7.59,2.22,0,3.245051516158968,1,CRAFT,4,4,44.29,6,8,1,2,0.6666666666666666,0.08333333333333333,0.16666666666666666,0.75,0.0,12,0,0,0,0,0,0,0,0
OCC#CCNc1nc(ncc1)CCCNOC,6/000000024,"InChI=1S/C12H18N4O2/c1-18-15-8-4-5-11-14-9-6-12(16-11)13-7-2-3-10-17/h6,9,15,17H,4-5,7-8,10H2,1H3,(H,13,14,16)",C12H18N4O2,250.142975816,-0.03219999999999973,4.33,9.36,3.58,-20,3.178767201139844,1,CRAFT,6,3,79.3,7,12,2,4,0.6666666666666666,0.1111111111111111,0.2222222222222222,0.5,0.0,18,1,0,1,1,0,1,0,0
Sc1cc2[nH]cc(c2cc1N(=O)=O)CON,27/000000017,"InChI=1S/C9H9N3O3S/c10-15-4-5-3-11-7-2-9(16)8(12(13)14)1-6(5)7/h1-3,11,16H,4,10H2",C9H9N3O3S,239.036462148,1.7551,4.33,-5.65,17.3,-100,3.177287286537142,1,CRAFT,5,3,94.17999999999999,3,9,3,3,0.5625,0.1875,0.1875,0.1111111111111111,0.0,16,2,0,2,1,0,1,0,0
NN[C@]1(C=NOC1)/C=C/CNC,30/000000036,"InChI=1S/C7H14N4O/c1-9-4-2-3-7(11-8)5-10-12-6-7/h2-3,5,9,11H,4,6,8H2,1H3/b3-2+/t7-/m0/s1",C7H14N4O,170.116761068,-1.0198999999999996,4.33,5.95,3.58,-170,5.2987301526891875,1,CRAFT,5,3,71.67,4,7,1,4,0.5833333333333334,0.08333333333333333,0.3333333333333333,0.5714285714285714,0.14285714285714285,12,1,1,0,1,1,0,0,0
C(=C\[C@H](c1nnc[nH]1)N)/CC[NH3+],24/000000065,"InChI=1S/C7H13N5/c8-4-2-1-3-6(9)7-10-5-11-12-7/h1,3,5-6H,2,4,8-9H2,(H,10,11,12)/p+1/b3-1+/t6-/m1/s1",C7H14N5,168.12437186808998,-1.0072999999999988,4.33,5.62,3.58,-150,5.2575174830059295,1,CRAFT,3,3,95.23,4,7,0,5,0.5833333333333334,0.0,0.4166666666666667,0.42857142857142855,0.14285714285714285,12,1,0,1,1,0,1,0,0
SC/C=C/CCc1nccc(n1)NCC#CCO,6/000000133,"InChI=1S/C13H17N3OS/c17-10-4-3-8-14-13-7-9-15-12(16-13)6-2-1-5-11-18/h1,5,7,9,17-18H,2,6,8,10-11H2,(H,14,15,16)/b5-1+",C13H17N3OS,263.109233164,1.3027999999999997,4.33,9.1,3.58,0,3.4901858401930985,1,CRAFT,5,3,58.040000000000006,6,13,1,3,0.7222222222222222,0.05555555555555555,0.16666666666666666,0.38461538461538464,0.0,18,1,0,1,1,0,1,0,0
Sc1cccc(c1F)C#C[C@@H](Cc1cnc[nH]1)S=O,5/000000006,"InChI=1S/C13H11FN2OS2/c14-13-9(2-1-3-12(13)18)4-5-11(19-17)6-10-7-15-8-16-10/h1-3,7-8,11,18-19H,6H2,(H,15,16)/t11-/m0/s1",C13H11N2OS2F,294.029683192,1.7455999999999992,4.32,-0.65,23.5,-150,4.352208424700287,1,CRAFT,3,3,45.75,3,13,1,2,0.6842105263157895,0.05263157894736842,0.10526315789473684,0.15384615384615385,0.07692307692307693,19,2,0,2,1,0,1,0,0
OCC#CCNc1nc(ncc1)CCC,6/000000061,"InChI=1S/C11H15N3O/c1-2-5-10-13-8-6-11(14-10)12-7-3-4-9-15/h6,8,15H,2,5,7,9H2,1H3,(H,12,13,14)",C11H15N3O,205.1215121,0.8366999999999998,4.32,8.78,2.22,-20,2.873797161737727,1,CRAFT,4,2,58.04,4,11,1,3,0.7333333333333333,0.06666666666666667,0.2,0.45454545454545453,0.0,15,1,0,1,1,0,1,0,0
OC(=O)CNC(=O)C1=CCC[C@@H](O1)COC(=O)C=C,30/000000067,"InChI=1S/C12H15NO6/c1-2-11(16)18-7-8-4-3-5-9(19-8)12(17)13-6-10(14)15/h2,5,8H,1,3-4,6-7H2,(H,13,17)(H,14,15)/t8-/m1/s1",C12H15NO6,269.0899372,-0.020700000000000385,4.32,-1.98,3.58,-150,3.389855268881745,1,CRAFT,5,2,101.93,6,12,6,1,0.631578947368421,0.3157894736842105,0.05263157894736842,0.4166666666666667,0.08333333333333333,19,1,1,0,1,1,0,0,0
NC[C@H]1OC(=NC1)NCC#CC,30/000000005,"InChI=1S/C8H13N3O/c1-2-3-4-10-8-11-6-7(5-9)12-8/h7H,4-6,9H2,1H3,(H,10,11)/t7-/m1/s1",C8H13N3O,167.105862036,-0.6872,4.32,2.92,3.58,-170,4.398860469431269,1,CRAFT,4,2,59.64,2,8,1,3,0.6666666666666666,0.08333333333333333,0.25,0.625,0.125,12,1,1,0,1,1,0,0,0
Oc1c(cccc1I)NC(=O)c1n[nH]c(c1)CCC,18/000000017,"InChI=1S/C13H14IN3O2/c1-2-4-8-7-11(17-16-8)13(19)15-10-6-3-5-9(14)12(10)18/h3,5-7,18H,2,4H2,1H3,(H,15,19)(H,16,17)",C13H14N3O2I,371.013074688,2.9247000000000005,4.32,-6.3,3.58,-20,2.517143863698682,1,CRAFT,3,3,78.00999999999999,4,13,2,3,0.6842105263157895,0.10526315789473684,0.15789473684210525,0.23076923076923078,0.0,19,2,0,2,1,0,1,0,0
C(=C\[C@H]([NH3+])c1ncsc1)/CSc1nnc([nH]1)C/C=C/CC,11/000000009,"InChI=1S/C14H19N5S2/c1-2-3-4-7-13-17-14(19-18-13)21-8-5-6-11(15)12-9-20-10-16-12/h3-6,9-11H,2,7-8,15H2,1H3,(H,17,18,19)/p+1/b4-3+,6-5+/t11-/m0/s1",C14H20N5S2,322.11546406008995,2.4014000000000006,4.32,0.48,6.77,-190,4.7159088603300905,1,CRAFT,5,2,82.1,8,14,0,5,0.6666666666666666,0.0,0.23809523809523808,0.35714285714285715,0.07142857142857142,21,2,0,2,2,0,2,0,0
OCC#CCNc1nc(ncc1)C[C@@H](CC(=O)C)F,6/000000182,"InChI=1S/C13H16FN3O2/c1-10(19)8-11(14)9-13-16-6-4-12(17-13)15-5-2-3-7-18/h4,6,11,18H,5,7-9H2,1H3,(H,15,16,17)/t11-/m1/s1",C13H16N3O2F,265.122654972,0.7438999999999998,4.31,9.04,5.09,-170,3.7591305340374896,1,CRAFT,5,2,75.11,6,13,2,3,0.6842105263157895,0.10526315789473684,0.15789473684210525,0.46153846153846156,0.07692307692307693,19,1,0,1,1,0,1,0,0
OCC#C[C@H](C/C=C/N)c1csc(=O)[nH]1,3/000000004,"InChI=1S/C10H12N2O2S/c11-5-1-3-8(4-2-6-13)9-7-15-10(14)12-9/h1,5,7-8,13H,3,6,11H2,(H,12,14)/b5-1+/t8-/m0/s1",C10H12N2O2S,224.061948624,0.37820000000000004,4.31,-1.41,3.85,-150,4.711753772140858,1,CRAFT,4,3,79.11,3,10,2,2,0.6666666666666666,0.13333333333333333,0.13333333333333333,0.3,0.1,15,1,0,1,1,0,1,0,0
Oc1c(F)cccc1C(=O)OCCNc1ncc(cc1)CO,13/000000010,"InChI=1S/C15H15FN2O4/c16-12-3-1-2-11(14(12)20)15(21)22-7-6-17-13-5-4-10(9-19)8-18-13/h1-5,8,19-20H,6-7,9H2,(H,17,18)",C15H15N2O4F,306.10158518000003,1.6874999999999998,4.31,3.21,3.58,0,2.2830747219510243,1,CRAFT,6,3,91.68,6,15,4,2,0.6818181818181818,0.18181818181818182,0.09090909090909091,0.2,0.0,22,2,0,2,1,0,1,0,0
OCc1cnc(cc1)NCCOC(=O)c1nonc1,13/000000017,"InChI=1S/C11H12N4O4/c16-7-8-1-2-10(13-5-8)12-3-4-18-11(17)9-6-14-19-15-9/h1-2,5-6,16H,3-4,7H2,(H,12,13)",C11H12N4O4,264.085854864,0.22579999999999983,4.31,4.39,3.58,0,2.844021251216825,1,CRAFT,8,2,110.37000000000002,6,11,4,4,0.5789473684210527,0.21052631578947367,0.21052631578947367,0.2727272727272727,0.0,19,2,0,2,2,0,2,0,0
NNCCc1ccc(c(c1)C(=O)CN)N(=O)=O,28/000000022,"InChI=1S/C10H14N4O3/c11-6-10(15)8-5-7(3-4-13-12)1-2-9(8)14(16)17/h1-2,5,13H,3-4,6,11-12H2",C10H14N4O3,238.106590308,-0.2580000000000001,4.31,-5.2,3.58,-40,2.585734474817144,1,CRAFT,6,3,124.28,6,10,3,4,0.5882352941176471,0.17647058823529413,0.23529411764705882,0.3,0.0,17,1,0,1,0,0,0,0,0
O[C@@H](c1nnc[nH]1)/C=C/c1ncoc1,24/000000032,"InChI=1S/C8H8N4O2/c13-7(8-9-4-11-12-8)2-1-6-3-14-5-10-6/h1-5,7,13H,(H,9,11,12)/b2-1+/t7-/m1/s1",C8H8N4O2,192.064725496,0.5395000000000001,4.31,6.08,2.22,-150,4.670187408956712,1,CRAFT,5,2,87.83,3,8,2,4,0.5714285714285714,0.14285714285714285,0.2857142857142857,0.125,0.125,14,2,0,2,2,0,2,0,0
OCc1c(OCC(=O)OCC)c(NC(N)N)ccc1I,18/000000004,"InChI=1S/C12H18IN3O4/c1-2-19-10(18)6-20-11-7(5-17)8(13)3-4-9(11)16-12(14)15/h3-4,12,16-17H,2,5-6,14-15H2,1H3",C12H17N3O4I,395.03420405599996,0.33829999999999977,4.3,-4.79,18.4,-60,2.9547798979555413,1,CRAFT,7,4,119.83,7,12,4,3,0.6,0.2,0.15,0.4166666666666667,0.0,20,1,0,1,0,0,0,0,0
SCC(CS)NCC#CCO,6/000000197,"InChI=1S/C7H13NOS2/c9-4-2-1-3-8-7(5-10)6-11/h7-11H,3-6H2",C7H13NOS2,191.043856036,-0.20010000000000006,4.3,8.58,2.22,-150,3.830818797835691,1,CRAFT,4,4,32.26,4,7,1,1,0.6363636363636364,0.09090909090909091,0.09090909090909091,0.7142857142857143,0.0,11,0,0,0,0,0,0,0,0
OCC#C[C@H](Cc1ccn(c1)CC#CCO)O,6/000000195,"InChI=1S/C13H15NO3/c15-8-2-1-6-14-7-5-12(11-14)10-13(17)4-3-9-16/h5,7,11,13,15-17H,6,8-10H2/t13-/m1/s1",C13H15NO3,233.10519334,-0.6171000000000001,4.3,7.05,3.58,-150,3.9616773450676064,1,CRAFT,4,3,65.62,3,13,3,1,0.7647058823529411,0.17647058823529413,0.058823529411764705,0.38461538461538464,0.07692307692307693,17,1,0,1,1,0,1,0,0
Sc1nnc(o1)/C=C/C[C@](C)(c1cc[nH]c1)O,13/000000048,"InChI=1S/C11H13N3O2S/c1-11(15,8-4-6-12-7-8)5-2-3-9-13-14-10(17)16-9/h2-4,6-7,12,15H,5H2,1H3,(H,14,17)/b3-2+/t11-/m1/s1",C11H13N3O2S,251.072847656,1.9974000000000003,4.3,3.19,2.22,-170,4.4091792681445305,1,CRAFT,5,3,74.94,4,11,2,3,0.6470588235294118,0.11764705882352941,0.17647058823529413,0.2727272727272727,0.09090909090909091,17,2,0,2,2,0,2,0,0
O[C@H](c1ccc(c2c1COC2=O)C(=C)C(=C)C=S)N,19/000000015,"InChI=1S/C14H13NO3S/c1-7(6-19)8(2)9-3-4-10(13(15)16)11-5-18-14(17)12(9)11/h3-4,6,13,16H,1-2,5,15H2/t13-/m1/s1",C14H13NO3S,275.06161427600006,1.8757,4.3,-6.79,2.35,-190,4.309257896796817,1,CRAFT,5,2,72.55,4,14,3,1,0.7368421052631579,0.15789473684210525,0.05263157894736842,0.14285714285714285,0.07142857142857142,19,2,1,1,1,1,0,0,0
OCC(=O)OCc1cccc(c1N(=O)=O)c1noc(=O)[nH]1,5/000000023,"InChI=1S/C11H9N3O7/c15-4-8(16)20-5-6-2-1-3-7(9(6)14(18)19)10-12-11(17)21-13-10/h1-3,15H,4-5H2,(H,12,13,17)",C11H9N3O7,295.04404962800004,-0.026400000000000146,4.29,-3.71,22.5,-140,3.2031038326337606,1,CRAFT,8,2,148.55999999999997,5,11,7,3,0.5238095238095238,0.3333333333333333,0.14285714285714285,0.18181818181818182,0.0,21,2,0,2,1,0,1,0,0
OCCCCCC#C[C@@H](C=C)O,3/000000015,"InChI=1S/C10H16O2/c1-2-10(12)8-6-4-3-5-7-9-11/h2,10-12H,1,3-5,7,9H2/t10-/m1/s1",C10H16O2,168.115029752,1.0894,4.29,2.16,2.22,-150,3.5585061707887355,1,CRAFT,2,2,40.46,5,10,2,0,0.8333333333333334,0.16666666666666666,0.0,0.6,0.1,12,0,0,0,0,0,0,0,0
O=C(c1scc(c1)CC)OC[C@H]1C[N@H+](S(=O)=O)CC[NH2+]1,2/000000007,"InChI=1S/C12H18N2O4S2/c1-2-9-5-11(19-8-9)12(15)18-7-10-6-14(20(16)17)4-3-13-10/h5,8,10,13,20H,2-4,6-7H2,1H3/p+2/t10-/m1/s1",C12H20N2O4S2,320.08535196018,-2.175799999999997,4.29,1.12,3.84,-170,5.538621049179103,1,CRAFT,5,3,81.49,5,12,4,2,0.6,0.2,0.1,0.5833333333333334,0.08333333333333333,20,2,1,1,2,1,1,0,0
SC[C@@H](NCC#CCO)C=S,6/000000136,"InChI=1S/C7H11NOS2/c9-4-2-1-3-8-7(5-10)6-11/h5,7-9,11H,3-4,6H2/t7-/m0/s1",C7H11NOS2,189.028205972,-0.13019999999999998,4.29,7.89,2.22,-150,4.60826186875505,1,CRAFT,4,3,32.26,4,7,1,1,0.6363636363636364,0.09090909090909091,0.09090909090909091,0.5714285714285714,0.14285714285714285,11,0,0,0,0,0,0,0,0
OC/C(=C\CCC)/[C@H](c1nnc[nH]1)O,24/000000082,"InChI=1S/C9H15N3O2/c1-2-3-4-7(5-13)8(14)9-10-6-11-12-9/h4,6,8,13-14H,2-3,5H2,1H3,(H,10,11,12)/b7-4+/t8-/m1/s1",C9H15N3O2,197.11642672,0.5568999999999997,4.29,7.73,3.58,-170,4.328746970220964,1,CRAFT,4,3,82.03,5,9,2,3,0.6428571428571429,0.14285714285714285,0.21428571428571427,0.5555555555555556,0.1111111111111111,14,1,0,1,1,0,1,0,0
N1CC(=CC1)[C@@H]([NH3+])/C=C/CSc1nncn1CCCl,11/000000016,"InChI=1S/C12H18ClN5S/c13-4-6-18-9-16-17-12(18)19-7-1-2-11(14)10-3-5-15-8-10/h1-3,9,11,15H,4-8,14H2/p+1/b2-1+/t11-/m0/s1",C12H19N5SCl,300.10442070809,0.30529999999999946,4.29,1.3,3.58,-150,4.621445720737583,1,CRAFT,5,2,70.38,7,12,0,5,0.631578947368421,0.0,0.2631578947368421,0.5,0.08333333333333333,19,2,1,1,2,1,1,0,0
OCc1cnc(cc1)NCCOC(=O)CO[C@@H](C)c1scnc1,13/000000032,"InChI=1S/C15H19N3O4S/c1-11(13-7-16-10-23-13)22-9-15(20)21-5-4-17-14-3-2-12(8-19)6-18-14/h2-3,6-7,10-11,19H,4-5,8-9H2,1H3,(H,17,18)/t11-/m0/s1",C15H19N3O4S,337.109627088,1.7632999999999996,4.29,4.9,3.58,-170,3.3550015851519337,1,CRAFT,8,2,93.57000000000002,9,15,4,3,0.6521739130434783,0.17391304347826086,0.13043478260869565,0.4,0.06666666666666667,23,2,0,2,2,0,2,0,0
[nH]1c(nnc1C/C=C/CCCCl)SC/C=C/[C@H]([NH3+])c1csnc1,11/000000023,"InChI=1S/C15H20ClN5S2/c16-8-4-2-1-3-7-14-19-15(21-20-14)22-9-5-6-13(17)12-10-18-23-11-12/h1,3,5-6,10-11,13H,2,4,7-9,17H2,(H,19,20,21)/p+1/b3-1+,6-5+/t13-/m0/s1",C15H21N5S2Cl,370.0921417720901,3.0104000000000006,4.28,1.01,6.77,-170,4.7969140264419865,1,CRAFT,5,2,82.10000000000001,10,15,0,5,0.6521739130434783,0.0,0.21739130434782608,0.4,0.06666666666666667,23,2,0,2,2,0,2,0,0
Oc1c(cccc1I)NC(=O)C1=COC=CC1,18/000000008,"InChI=1S/C12H10INO3/c13-9-4-1-5-10(11(9)15)14-12(16)8-3-2-6-17-7-8/h1-2,4-7,15H,3H2,(H,14,16)",C12H10NO3I,342.97054117999994,2.7532000000000005,4.28,-3.05,2.22,0,3.2188300433790173,1,CRAFT,3,2,58.56,2,12,3,1,0.7058823529411765,0.17647058823529413,0.058823529411764705,0.08333333333333333,0.0,17,2,1,1,1,1,0,0,0
SCNC1=NC[C@H](O1)C[NH3+],30/000000002,"InChI=1S/C5H11N3OS/c6-1-4-2-7-5(9-4)8-3-10/h4,10H,1-3,6H2,(H,7,8)/p+1/t4-/m1/s1",C5H12N3OS,162.06955942409,-1.5399999999999991,4.28,3.66,1.0,-150,5.534932327704762,1,CRAFT,4,3,61.260000000000005,2,5,1,3,0.5,0.1,0.3,0.8,0.2,10,1,1,0,1,1,0,0,0
O[C@H](/C=C/CNCC)c1nnc[nH]1,24/000000039,"InChI=1S/C8H14N4O/c1-2-9-5-3-4-7(13)8-10-6-11-12-8/h3-4,6-7,9,13H,2,5H2,1H3,(H,10,11,12)/b4-3+/t7-/m1/s1",C8H14N4O,182.116761068,0.003799999999999637,4.28,6.34,3.58,-170,4.294305398890763,1,CRAFT,4,3,73.83,5,8,1,4,0.6153846153846154,0.07692307692307693,0.3076923076923077,0.5,0.125,13,1,0,1,1,0,1,0,0
Oc1ccnc2c1NCN2C/C=C/CC,23/000000075,"InChI=1S/C11H15N3O/c1-2-3-4-7-14-8-13-10-9(15)5-6-12-11(10)14/h3-6,13H,2,7-8H2,1H3,(H,12,15)/b4-3+",C11H15N3O,205.1215121,1.9427999999999999,4.28,-6.69,2.22,-80,3.3617678236339703,1,CRAFT,4,2,48.39000000000001,3,11,1,3,0.7333333333333333,0.06666666666666667,0.2,0.36363636363636365,0.0,15,2,1,1,2,1,1,0,0
NCc1nnc(s1)[C@@H](/C=C/C)N,29/000000001,"InChI=1S/C7H12N4S/c1-2-3-5(9)7-11-10-6(4-8)12-7/h2-3,5H,4,8-9H2,1H3/b3-2+/t5-/m1/s1",C7H12N4S,184.078267384,0.5726999999999999,4.27,9.46,3.58,-170,3.9740754015579656,1,CRAFT,5,2,77.82,3,7,0,4,0.5833333333333334,0.0,0.3333333333333333,0.42857142857142855,0.14285714285714285,12,1,0,1,1,0,1,0,0
NOCc1coc(c1)C[NH2+]CC1=C[C@H](NN1)CCF,21/000000016,"InChI=1S/C12H19FN4O2/c13-2-1-10-4-11(17-16-10)5-15-6-12-3-9(7-18-12)8-19-14/h3-4,7,10,15-17H,1-2,5-6,8,14H2/p+1/t10-/m1/s1",C12H20N4O2F,271.15648052009,-0.5467999999999993,4.27,0.7,2.22,-150,5.283712294164156,1,CRAFT,5,4,89.06,8,12,2,4,0.631578947368421,0.10526315789473684,0.21052631578947367,0.5,0.08333333333333333,19,2,1,1,2,1,1,0,0
NC1=NC[C@@](O1)(CCl)C[NH3+],30/000000003,"InChI=1S/C5H10ClN3O/c6-1-5(2-7)3-9-4(8)10-5/h1-3,7H2,(H2,8,9)/p+1/t5-/m1/s1",C5H11N3OCl,164.05851607209,-1.4491999999999994,4.26,3.07,1.0,-150,5.373572437594872,1,CRAFT,3,2,75.25,2,5,1,3,0.5,0.1,0.3,0.8,0.2,10,1,1,0,1,1,0,0,0
NOCc1nccc(c1)SCc1[nH]ccc1,27/000000008,"InChI=1S/C11H13N3OS/c12-15-7-10-6-11(3-5-14-10)16-8-9-2-1-4-13-9/h1-6,13H,7-8,12H2",C11H13N3OS,235.077933036,2.0923,4.26,-4.49,15.5,0,2.9847687699473493,1,CRAFT,4,2,63.93,5,11,1,3,0.6875,0.0625,0.1875,0.18181818181818182,0.0,16,2,0,2,2,0,2,0,0
OC(=O)Cc1cc(cc(c1)[C@H](CC)C(=O)O)CBr,30/000000027,"InChI=1S/C13H15BrO4/c1-2-11(13(17)18)10-4-8(6-12(15)16)3-9(5-10)7-14/h3-5,11H,2,6-7H2,1H3,(H,15,16)(H,17,18)/t11-/m0/s1",C13H15O4Br,314.01537106000006,2.7868000000000004,4.25,-3.14,4.81,-170,2.887746381526659,1,CRAFT,2,2,74.6,6,13,4,0,0.7222222222222222,0.2222222222222222,0.0,0.38461538461538464,0.07692307692307693,18,1,0,1,0,0,0,0,0
Sc1cnc(nc1C(=C)CNCCCN)O,20/000000019,"InChI=1S/C10H16N4OS/c1-7(5-12-4-2-3-11)9-8(16)6-13-10(15)14-9/h6,12,16H,1-5,11H2,(H,13,14,15)",C10H16N4OS,240.104482132,0.42249999999999993,4.25,-3.16,3.72,0,3.6540953284951847,1,CRAFT,6,4,84.06,6,10,1,4,0.625,0.0625,0.25,0.4,0.0,16,1,0,1,1,0,1,0,0
Oc1c(I)ccc(c1)O[C@H](CNCO)c1snnc1,18/000000062,"InChI=1S/C11H12IN3O3S/c12-8-2-1-7(3-9(8)17)18-10(4-13-6-16)11-5-14-15-19-11/h1-3,5,10,13,16-17H,4,6H2/t10-/m1/s1",C11H12N3O3SI,392.9644102440001,1.5077999999999994,4.25,-6.43,3.58,-170,3.850864834956696,1,CRAFT,7,3,87.5,6,11,3,3,0.5789473684210527,0.15789473684210525,0.15789473684210525,0.2727272727272727,0.09090909090909091,19,2,0,2,1,0,1,0,0
Sc1nnc(o1)[C@H](CO)C1=CCOC=C1,23/000000027,"InChI=1S/C9H10N2O3S/c12-5-7(6-1-3-13-4-2-6)8-10-11-9(15)14-8/h1-3,7,12H,4-5H2,(H,11,15)/t7-/m1/s1",C9H10N2O3S,226.04121318,0.9045000000000001,4.25,-3.98,19.9,-150,4.642040840886065,1,CRAFT,6,2,68.38000000000001,3,9,3,2,0.6,0.2,0.13333333333333333,0.3333333333333333,0.1111111111111111,15,2,1,1,2,1,1,0,0
NCc1c(ON)c(/C=C\CC2=CCNC2=O)ccc1I,18/000000037,"InChI=1S/C14H16IN3O2/c15-12-5-4-9(13(20-17)11(12)8-16)2-1-3-10-6-7-18-14(10)19/h1-2,4-6H,3,7-8,16-17H2,(H,18,19)/b2-1-",C14H16N3O2I,385.028724752,1.4619,4.25,-5.96,3.72,-20,3.727415795391438,1,CRAFT,4,3,90.37,5,14,2,3,0.7,0.1,0.15,0.21428571428571427,0.0,20,2,1,1,1,1,0,0,0
C#C[C@H](C)/C=C/c1cnc(c(c1)C(=O)NN)O,20/000000015,"InChI=1S/C12H13N3O2/c1-3-8(2)4-5-9-6-10(12(17)15-13)11(16)14-7-9/h1,4-8H,13H2,2H3,(H,14,16)(H,15,17)/b5-4+/t8-/m0/s1",C12H13N3O2,231.100776656,0.6731999999999998,4.24,-6.23,17.2,-190,3.963483365134497,1,CRAFT,4,3,88.24000000000001,3,12,2,3,0.7058823529411765,0.11764705882352941,0.17647058823529413,0.16666666666666666,0.08333333333333333,17,1,0,1,1,0,1,0,0
NN[C@](CF)(c1n[nH]c(=S)[nH]1)C=C,17/000000063,"InChI=1S/C6H10FN5S/c1-2-6(3-7,12-8)4-9-5(13)11-10-4/h2,12H,1,3,8H2,(H2,9,10,11,13)/t6-/m1/s1",C6H10N5SF,203.06409453999999,0.2813899999999999,4.24,0.69,18.7,-150,5.031306337411701,1,CRAFT,4,4,82.51999999999998,4,6,0,5,0.46153846153846156,0.0,0.38461538461538464,0.3333333333333333,0.16666666666666666,13,1,0,1,1,0,1,0,0
Sc1ccc(c(c1N(=O)=O)CNCCCN)C=C,5/000000029,"InChI=1S/C12H17N3O2S/c1-2-9-4-5-11(18)12(15(16)17)10(9)8-14-7-3-6-13/h2,4-5,14,18H,1,3,6-8,13H2",C12H17N3O2S,267.104147784,1.9649,4.24,-5.0,3.85,0,3.0703752376088698,1,CRAFT,5,3,81.19,7,12,2,3,0.6666666666666666,0.1111111111111111,0.16666666666666666,0.3333333333333333,0.0,18,1,0,1,0,0,0,0,0
C(=C\COC)\c1ccc(c(c1ONCBr)CN)I,18/000000057,"InChI=1S/C12H16BrIN2O2/c1-17-6-2-3-9-4-5-11(14)10(7-15)12(9)18-16-8-13/h2-5,16H,6-8,15H2,1H3/b3-2-",C12H16N2O2BrI,425.943987852,2.6453000000000007,4.23,-4.86,15.6,-20,3.7078071182996073,1,CRAFT,4,2,56.510000000000005,7,12,2,2,0.6666666666666666,0.1111111111111111,0.1111111111111111,0.3333333333333333,0.0,18,1,0,1,0,0,0,0,0
NCc1c(ON)c(/C=C\C[C@H]2CC=CC2)ccc1I,18/000000077,"InChI=1S/C15H19IN2O/c16-14-9-8-12(15(19-18)13(14)10-17)7-3-6-11-4-1-2-5-11/h1-3,7-9,11H,4-6,10,17-18H2/b7-3-",C15H19N2OI,370.05421122800004,3.371900000000003,4.23,-6.81,3.72,-150,3.479984840960415,1,CRAFT,3,2,61.269999999999996,5,15,1,2,0.7894736842105263,0.05263157894736842,0.10526315789473684,0.3333333333333333,0.0,19,2,1,1,0,0,0,0,0
NN(CC)C/C=C/c1cnc(cc1)N,13/000000019,"InChI=1S/C10H16N4/c1-2-14(12)7-3-4-9-5-6-10(11)13-8-9/h3-6,8H,2,7,12H2,1H3,(H2,11,13)/b4-3+",C10H16N4,192.13749651199998,0.8725999999999998,4.23,9.55,2.22,-20,3.0141196389465756,1,CRAFT,4,2,68.17,4,10,0,4,0.7142857142857143,0.0,0.2857142857142857,0.3,0.0,14,1,0,1,1,0,1,0,0
OC[C@H](Nc1nncs1)c1nnc(o1)S,23/000000040,"InChI=1S/C6H7N5O2S2/c12-1-3(4-9-11-6(14)13-4)8-5-10-7-2-15-5/h2-3,12H,1H2,(H,8,10)(H,11,14)/t3-/m0/s1",C6H7N5O2S2,245.004116464,0.3552999999999998,4.23,-2.96,2.22,-150,3.97689737040306,1,CRAFT,9,3,96.96000000000001,4,6,2,5,0.4,0.13333333333333333,0.3333333333333333,0.3333333333333333,0.16666666666666666,15,2,0,2,2,0,2,0,0
N[C@@](CN)(CCl)/C=C/CBr,28/000000004,"InChI=1S/C6H12BrClN2/c7-3-1-2-6(10,4-8)5-9/h1-2H,3-5,9-10H2/b2-1+/t6-/m1/s1",C6H12N2ClBr,225.987238164,0.8324999999999997,4.23,-3.33,1.0,-170,4.729302615109665,1,CRAFT,2,2,52.04,4,6,0,2,0.6,0.0,0.2,0.6666666666666666,0.16666666666666666,10,0,0,0,0,0,0,0,0
Sc1ncc(c(n1)O)C#CCCc1nnc(o1)S,27/000000013,"InChI=1S/C10H8N4O2S2/c15-8-6(5-11-9(17)12-8)3-1-2-4-7-13-14-10(18)16-7/h5H,2,4H2,(H,14,18)(H2,11,12,15,17)",C10H8N4O2S2,280.008867496,1.1268999999999998,4.23,0.29,23.8,-20,3.92492040336748,1,CRAFT,8,3,84.93,2,10,2,4,0.5555555555555556,0.1111111111111111,0.2222222222222222,0.2,0.0,18,2,0,2,2,0,2,0,0
Oc1ccc(c(c1Cl)C(=O)N)/C=C/CN,23/000000029,"InChI=1S/C10H11ClN2O2/c11-9-7(14)4-3-6(2-1-5-12)8(9)10(13)15/h1-4,14H,5,12H2,(H2,13,15)/b2-1+",C10H11N2O2Cl,226.050905272,1.1164000000000003,4.23,-8.54,2.22,-60,2.8541346572654547,1,CRAFT,3,3,89.33999999999999,3,10,2,2,0.6666666666666666,0.13333333333333333,0.13333333333333333,0.1,0.0,15,1,0,1,0,0,0,0,0
Oc1cc(C=C)cc(c1O)CBr,23/000000032,"InChI=1S/C9H9BrO2/c1-2-6-3-7(5-10)9(12)8(11)4-6/h2-4,11-12H,1,5H2",C9H9O2Br,227.978591628,2.635700000000001,4.22,-5.49,2.35,0,2.8029030998693756,1,CRAFT,2,2,40.46,2,9,2,0,0.75,0.16666666666666666,0.0,0.1111111111111111,0.0,12,1,0,1,0,0,0,0,0
SC/C=C\[C@@H](c1nnc[nH]1)N,4/000000001,"InChI=1S/C6H10N4S/c7-5(2-1-3-11)6-8-4-9-10-6/h1-2,4-5,11H,3,7H2,(H,8,9,10)/b2-1-/t5-/m0/s1",C6H10N4S,170.06261732,0.2904999999999999,4.22,-2.92,2.22,-150,4.941202166521799,1,CRAFT,4,3,67.59,3,6,0,4,0.5454545454545454,0.0,0.36363636363636365,0.3333333333333333,0.16666666666666666,11,1,0,1,1,0,1,0,0
Oc1noc(c1)CNCC1=CCC=CO1,30/000000071,"InChI=1S/C10H12N2O3/c13-10-5-9(15-12-10)7-11-6-8-3-1-2-4-14-8/h2-5,11H,1,6-7H2,(H,12,13)",C10H12N2O3,208.084792244,1.2876999999999998,4.22,1.05,2.22,0,3.8012506013213994,1,CRAFT,5,2,67.52000000000001,4,10,3,2,0.6666666666666666,0.2,0.13333333333333333,0.3,0.0,15,2,1,1,2,1,1,0,0
NN[C@H](c1n[nH]c(=S)[nH]1)/C=C\c1cscc1,17/000000078,"InChI=1S/C9H11N5S2/c10-12-7(8-11-9(15)14-13-8)2-1-6-3-4-16-5-6/h1-5,7,12H,10H2,(H2,11,13,14,15)/b2-1-/t7-/m0/s1",C9H11N5S2,253.04558735199998,1.7465899999999996,4.22,-3.2,3.58,-190,4.2870191047961175,1,CRAFT,5,4,82.51999999999998,4,9,0,5,0.5625,0.0,0.3125,0.1111111111111111,0.1111111111111111,16,2,0,2,2,0,2,0,0
Sc1nnc(o1)Cc1[nH]ncc1N(=O)=O,23/000000015,"InChI=1S/C6H5N5O3S/c12-11(13)4-2-7-8-3(4)1-5-9-10-6(15)14-5/h2H,1H2,(H,7,8)(H,10,15)",C6H5N5O3S,227.01131002,0.5804,4.22,-1.83,24.3,0,3.484712239683038,1,CRAFT,7,2,110.74000000000001,3,6,3,5,0.4,0.2,0.3333333333333333,0.16666666666666666,0.0,15,2,0,2,2,0,2,0,0
NNC(=O)[C@H](c1nnc[nH]1)C=C,12/000000003,"InChI=1S/C6H9N5O/c1-2-4(6(12)10-7)5-8-3-9-11-5/h2-4H,1,7H2,(H,10,12)(H,8,9,11)/t4-/m0/s1",C6H9N5O,167.080709908,-0.9358000000000002,4.22,8.79,3.58,-150,4.371934142816707,1,CRAFT,4,3,96.69,3,6,1,5,0.5,0.08333333333333333,0.4166666666666667,0.16666666666666666,0.16666666666666666,12,1,0,1,1,0,1,0,0
Oc1c(I)ccc(c1)[C@@H](C1=NCNCN1)Br,18/000000050,"InChI=1S/C10H11BrIN3O/c11-9(10-14-4-13-5-15-10)6-1-2-7(12)8(16)3-6/h1-3,9,13,16H,4-5H2,(H,14,15)/t9-/m0/s1",C10H11N3OBrI,394.91302207200005,1.9390999999999996,4.21,-7.27,14.7,-190,4.267559238575384,1,CRAFT,4,3,56.650000000000006,2,10,1,3,0.625,0.0625,0.1875,0.3,0.1,16,2,1,1,1,1,0,0,0
NN[C@](C)(c1nnco1)Br,17/000000004,"InChI=1S/C4H7BrN4O/c1-4(5,9-6)3-8-7-2-10-3/h2,9H,6H2,1H3/t4-/m1/s1",C4H7N4OBr,205.980322944,0.10049999999999987,4.21,-0.63,1.0,-170,4.6456083350307695,1,CRAFT,5,2,76.97,2,4,1,4,0.4,0.1,0.4,0.5,0.25,10,1,0,1,1,0,1,0,0
NCN(C/C=C/NCC1=NC[C@H](O1)/C=C\1/C=NNC1=O)C,12/000000001,"InChI=1S/C13H20N6O2/c1-19(9-14)4-2-3-15-8-12-16-7-11(21-12)5-10-6-17-18-13(10)20/h2-3,5-6,11,15H,4,7-9,14H2,1H3,(H,18,20)/b3-2+,10-5-/t11-/m1/s1",C13H20N6O2,292.16477388,-1.2229999999999965,4.21,-0.15,3.58,-170,5.022779768274606,1,CRAFT,7,3,104.34,7,13,2,6,0.6190476190476191,0.09523809523809523,0.2857142857142857,0.46153846153846156,0.07692307692307693,21,2,2,0,2,2,0,0,0
Sc1cnc(cc1)NCCCN,13/000000031,"InChI=1S/C8H13N3S/c9-4-1-5-10-8-3-2-7(12)6-11-8/h2-3,6,12H,1,4-5,9H2,(H,10,11)",C8H13N3S,183.083018416,1.1309999999999996,4.21,5.0,2.22,0,2.6357922401408693,1,CRAFT,4,3,50.94,4,8,0,3,0.6666666666666666,0.0,0.25,0.375,0.0,12,1,0,1,1,0,1,0,0
Sc1nnc(o1)[C@@H](CN)c1ccoc1N(=O)=O,23/000000051,"InChI=1S/C8H8N4O4S/c9-3-5(6-10-11-8(17)16-6)4-1-2-15-7(4)12(13)14/h1-2,5H,3,9H2,(H,11,17)/t5-/m0/s1",C8H8N4O4S,256.026625736,0.9501000000000002,4.21,-2.47,24.7,-150,4.240400421990684,1,CRAFT,8,2,121.22,4,8,4,4,0.47058823529411764,0.23529411764705882,0.23529411764705882,0.25,0.125,17,2,0,2,2,0,2,0,0
O[C@H](C=C)C#CCc1n[nH]cc1,3/000000008,"InChI=1S/C9H10N2O/c1-2-9(12)5-3-4-8-6-7-10-11-8/h2,6-7,9,12H,1,4H2,(H,10,11)/t9-/m1/s1",C9H10N2O,162.07931294,0.5025,4.21,0.59,2.22,-150,4.682519292960681,1,CRAFT,2,2,48.910000000000004,2,9,1,2,0.75,0.08333333333333333,0.16666666666666666,0.2222222222222222,0.1111111111111111,12,1,0,1,1,0,1,0,0
NCc1c(ON)c(/C=C\COc2ncccn2)ccc1I,18/000000054,"InChI=1S/C14H15IN4O2/c15-12-5-4-10(13(21-17)11(12)9-16)3-1-8-20-14-18-6-2-7-19-14/h1-7H,8-9,16-17H2/b3-1-",C14H15N4O2I,398.02397372,1.8845999999999992,4.21,-7.6,3.72,-60,3.200457466586016,1,CRAFT,6,2,96.28,6,14,2,4,0.6666666666666666,0.09523809523809523,0.19047619047619047,0.14285714285714285,0.0,21,2,0,2,1,0,1,0,0
OC(=O)CNC(=O)C1=CCCCO1,30/000000037,"InChI=1S/C8H11NO4/c10-7(11)5-9-8(12)6-3-1-2-4-13-6/h3H,1-2,4-5H2,(H,9,12)(H,10,11)",C8H11NO4,185.068807832,-0.11850000000000027,4.21,1.41,2.22,0,2.615035903854979,1,CRAFT,3,2,75.63000000000001,3,8,4,1,0.6153846153846154,0.3076923076923077,0.07692307692307693,0.5,0.0,13,1,1,0,1,1,0,0,0
c1nnc(s1)[C@H](c1nnc[nH]1)N,24/000000079,"InChI=1S/C5H6N6S/c6-3(4-7-1-8-10-4)5-11-9-2-12-5/h1-3H,6H2,(H,7,8,10)/t3-/m0/s1",C5H6N6S,182.03746519199998,-0.2957,4.21,5.87,18.9,-150,4.3882679290304925,1,CRAFT,6,2,93.36999999999999,2,5,0,6,0.4166666666666667,0.0,0.5,0.2,0.2,12,2,0,2,2,0,2,0,0
OCC#C[C@H](C(=O)NCCC)C1=CNCN=C1,3/000000022,"InChI=1S/C12H17N3O2/c1-2-5-15-12(17)11(4-3-6-16)10-7-13-9-14-8-10/h7-8,11,13,16H,2,5-6,9H2,1H3,(H,15,17)/t11-/m0/s1",C12H17N3O2,235.132076784,-0.36009999999999986,4.21,0.89,20.2,-170,4.366902345067606,1,CRAFT,4,3,73.72,4,12,2,3,0.7058823529411765,0.11764705882352941,0.17647058823529413,0.5,0.08333333333333333,17,1,1,0,1,1,0,0,0
Oc1c(OP(=O)(O)O)cccc1I,18/000000002,"InChI=1S/C6H6IO5P/c7-4-2-1-3-5(6(4)8)12-13(9,10)11/h1-3,8H,(H2,9,10,11)",C6H6O5PI,315.899757922,1.4682999999999995,4.2,-3.26,12.7,0,2.707780473990727,1,CRAFT,3,3,86.99000000000001,2,6,5,0,0.46153846153846156,0.38461538461538464,0.0,0.0,0.0,13,1,0,1,0,0,0,0,0
c1cc(c2c(c1COC)COC2=O)CNNCCC[NH3+],19/000000003,"InChI=1S/C14H21N3O3/c1-19-8-11-4-3-10(7-17-16-6-2-5-15)13-12(11)9-20-14(13)18/h3-4,16-17H,2,5-9,15H2,1H3/p+1",C14H22N3O3,280.16556798409,-0.2703999999999981,4.2,-5.87,2.35,-80,3.6070744998448783,1,CRAFT,5,3,87.23,8,14,3,3,0.7,0.15,0.15,0.5,0.0,20,2,1,1,1,1,0,0,0
OCC#CCNc1nc(ncc1)CCCNOC[C@H]1NCC1,6/000000139,"InChI=1S/C15H23N5O2/c21-11-2-1-7-17-15-6-10-18-14(20-15)4-3-8-19-22-12-13-5-9-16-13/h6,10,13,16,19,21H,3-5,7-9,11-12H2,(H,17,18,20)/t13-/m0/s1",C15H23N5O2,305.18517497600004,-0.3000999999999985,4.2,7.58,3.58,-150,3.845382678106116,1,CRAFT,7,4,91.33,9,15,2,5,0.6818181818181818,0.09090909090909091,0.22727272727272727,0.6,0.06666666666666667,22,2,1,1,2,1,1,0,0
[nH]1c(nnc1C/C=C/CCCC)SC/C=C/[C@H]([NH3+])c1csnc1,11/000000021,"InChI=1S/C16H23N5S2/c1-2-3-4-5-6-9-15-19-16(21-20-15)22-10-7-8-14(17)13-11-18-23-12-13/h5-8,11-12,14H,2-4,9-10,17H2,1H3,(H,19,20,21)/p+1/b6-5+,8-7+/t14-/m0/s1",C16H24N5S2,350.14676418809,3.1816000000000004,4.2,0.64,6.77,-190,4.655703923112481,1,CRAFT,5,2,82.10000000000001,10,16,0,5,0.6956521739130435,0.0,0.21739130434782608,0.4375,0.0625,23,2,0,2,2,0,2,0,0
C=CCOc1c(cc(cc1C[NH3+])C=C)n1c(=O)[nH]c(=O)[nH]c1=O,30/000000026,"InChI=1S/C15H16N4O4/c1-3-5-23-12-10(8-16)6-9(4-2)7-11(12)19-14(21)17-13(20)18-15(19)22/h3-4,6-7H,1-2,5,8,16H2,(H2,17,18,20,21,22)/p+1",C15H17N4O4,317.12443144409,-0.8361999999999987,4.2,-6.35,23.6,-200,3.623205707039768,1,CRAFT,5,3,124.58999999999997,6,15,4,4,0.6521739130434783,0.17391304347826086,0.17391304347826086,0.13333333333333333,0.0,23,2,0,2,1,0,1,0,0
Oc1cc(nc2c1NCN2CC=C)C=C,23/000000072,"InChI=1S/C11H13N3O/c1-3-5-14-7-12-10-9(15)6-8(4-2)13-11(10)14/h3-4,6,12H,1-2,5,7H2,(H,13,15)",C11H13N3O,203.105862036,1.8055999999999999,4.19,-6.75,13.0,-60,3.702624327595125,1,CRAFT,4,2,48.39000000000001,3,11,1,3,0.7333333333333333,0.06666666666666667,0.2,0.18181818181818182,0.0,15,2,1,1,2,1,1,0,0
OCc1oc2c(n1)c(ccc2C=S)CS,18/000000097,"InChI=1S/C10H9NO2S2/c12-3-8-11-9-6(4-14)1-2-7(5-15)10(9)13-8/h1-2,5,12,14H,3-4H2",C10H9NO2S2,239.007470528,2.0977,4.19,-0.16,16.8,-40,3.6817528990236976,1,CRAFT,5,2,46.260000000000005,3,10,2,1,0.6666666666666666,0.13333333333333333,0.06666666666666667,0.2,0.0,15,2,0,2,1,0,1,0,0
OCCc1nc(/C=C\[C@@H](c2nscc2)NN)ccc1,17/000000076,"InChI=1S/C13H16N4OS/c14-16-12(13-7-9-19-17-13)5-4-10-2-1-3-11(15-10)6-8-18/h1-5,7,9,12,16,18H,6,8,14H2/b5-4-/t12-/m0/s1",C13H16N4OS,276.104482132,1.2907000000000002,4.19,-4.88,3.58,-190,3.986790895562757,1,CRAFT,6,3,84.06,6,13,1,4,0.6842105263157895,0.05263157894736842,0.21052631578947367,0.23076923076923078,0.07692307692307693,19,2,0,2,2,0,2,0,0
OC[C@H](c1nnc([nH]1)CNC)/C=C/NCC=C,17/000000086,"InChI=1S/C11H19N5O/c1-3-5-13-6-4-9(8-17)11-14-10(7-12-2)15-16-11/h3-4,6,9,12-13,17H,1,5,7-8H2,2H3,(H,14,15,16)/b6-4+/t9-/m1/s1",C11H19N5O,237.15896022799998,-0.11069999999999958,4.19,-0.13,5.09,-170,4.574011960452223,1,CRAFT,5,4,85.86,8,11,1,5,0.6470588235294118,0.058823529411764705,0.29411764705882354,0.45454545454545453,0.09090909090909091,17,1,0,1,1,0,1,0,0
c1n[nH]c(n1)[C@H](/C=C(/CC)\C1=CCCCO1)NN,17/000000016,"InChI=1S/C12H19N5O/c1-2-9(11-5-3-4-6-18-11)7-10(16-13)12-14-8-15-17-12/h5,7-8,10,16H,2-4,6,13H2,1H3,(H,14,15,17)/b9-7-/t10-/m0/s1",C12H19N5O,249.15896022799998,1.3397999999999997,4.19,-4.92,2.22,-170,4.284429443656836,1,CRAFT,5,3,88.85,5,12,1,5,0.6666666666666666,0.05555555555555555,0.2777777777777778,0.5,0.08333333333333333,18,2,1,1,2,1,1,0,0
OC(=S)Nc1ccccc1c1oc(c(c1)C(=O)O)CCO,15/000000007,"InChI=1S/C14H13NO5S/c16-6-5-11-9(13(17)18)7-12(20-11)8-3-1-2-4-10(8)15-14(19)21/h1-4,7,16H,5-6H2,(H,17,18)(H2,15,19,21)",C14H13NO5S,307.051443516,2.4344000000000006,4.19,-5.36,21.7,-160,2.827865901599278,1,CRAFT,4,4,102.93,5,14,5,1,0.6666666666666666,0.23809523809523808,0.047619047619047616,0.14285714285714285,0.0,21,2,0,2,1,0,1,0,0
O[C@@H](c1nnc[nH]1)c1ncc(cc1)CCNN,24/000000086,"InChI=1S/C10H14N6O/c11-14-4-3-7-1-2-8(12-5-7)9(17)10-13-6-15-16-10/h1-2,5-6,9,14,17H,3-4,11H2,(H,13,15,16)/t9-/m1/s1",C10H14N6O,234.12290906799998,-0.7128000000000001,4.18,8.58,3.72,-150,3.7858255397300873,1,CRAFT,6,4,112.74,5,10,1,6,0.5882352941176471,0.058823529411764705,0.35294117647058826,0.3,0.1,17,2,0,2,2,0,2,0,0
Oc1c(Cl)c(/C(=C/N)/c2noc(c2)CC(=O)N)ccc1Cl,21/000000007,"InChI=1S/C13H11Cl2N3O3/c14-9-2-1-7(12(15)13(9)20)8(5-16)10-3-6(21-18-10)4-11(17)19/h1-3,5,20H,4,16H2,(H2,17,19)/b8-5-",C13H11N3O3Cl2,327.017746572,2.0627000000000004,4.18,-4.41,3.72,-40,3.2305796528208326,1,CRAFT,5,3,115.36999999999999,4,13,3,3,0.6190476190476191,0.14285714285714285,0.14285714285714285,0.07692307692307693,0.0,21,2,0,2,1,0,1,0,0
Sc1ccc(c2c1COC2=O)Nc1nccc(n1)c1ncn[nH]1,19/000000009,"InChI=1S/C14H10N6O2S/c21-13-11-7(5-22-13)10(23)2-1-8(11)18-14-15-4-3-9(19-14)12-16-6-17-20-12/h1-4,6,23H,5H2,(H,15,18,19)(H,16,17,20)",C14H10N6O2S,326.0585945600001,1.964399999999999,4.18,-4.94,23.4,-120,3.178451368840653,1,CRAFT,8,3,105.68,3,14,2,6,0.6086956521739131,0.08695652173913043,0.2608695652173913,0.07142857142857142,0.0,23,4,1,3,3,1,2,0,0
OC[C@H](c1cc2[nH]ccc2c(c1N(=O)=O)CCl)F,27/000000016,"InChI=1S/C11H10ClFN2O3/c12-4-8-6-1-2-14-10(6)3-7(9(13)5-16)11(8)15(17)18/h1-3,9,14,16H,4-5H2/t9-/m1/s1",C11H10N2O3FCl,272.03639807999997,2.8178,4.18,-5.54,19.0,-190,3.6881925942425138,1,CRAFT,3,2,79.16,4,11,3,2,0.6111111111111112,0.16666666666666666,0.1111111111111111,0.2727272727272727,0.09090909090909091,18,2,0,2,1,0,1,0,0
Oc1c(NC(=O)c2n[nH]cc2CC)cccc1I,18/000000080,"InChI=1S/C12H12IN3O2/c1-2-7-6-14-16-10(7)12(18)15-9-5-3-4-8(13)11(9)17/h3-6,17H,2H2,1H3,(H,14,16)(H,15,18)",C12H12N3O2I,356.997424624,2.5346,4.18,-3.39,2.22,-20,2.913910195222684,1,CRAFT,3,3,78.00999999999999,3,12,2,3,0.6666666666666666,0.1111111111111111,0.16666666666666666,0.16666666666666666,0.0,18,2,0,2,1,0,1,0,0
OC(=O)c1[nH]ccc1[C@H](c1ccc(c(c1Br)O)Br)O,20/000000003,"InChI=1S/C12H9Br2NO4/c13-7-2-1-5(8(14)11(7)17)10(16)6-3-4-15-9(6)12(18)19/h1-4,10,15-17H,(H,18,19)/t10-/m0/s1",C12H9NO4Br2,388.889831968,3.0252000000000008,4.17,-5.81,2.22,-170,3.523561969195006,1,CRAFT,3,4,93.55,3,12,4,1,0.631578947368421,0.21052631578947367,0.05263157894736842,0.08333333333333333,0.08333333333333333,19,2,0,2,1,0,1,0,0
[nH]1nc([nH]c1=O)CCCC#CCN,8/000000006,"InChI=1S/C8H12N4O/c9-6-4-2-1-3-5-7-10-8(13)12-11-7/h1,3,5-6,9H2,(H2,10,11,12,13)",C8H12N4O,180.101111004,-0.6172000000000004,4.17,8.15,2.22,0,3.4102206231896988,1,CRAFT,3,3,87.56,3,8,1,4,0.6153846153846154,0.07692307692307693,0.3076923076923077,0.5,0.0,13,1,0,1,1,0,1,0,0
Oc1c(Cl)ccc(c1Cl)/C(=C(\c1sccn1)/N)/c1nocc1,21/000000004,"InChI=1S/C14H9Cl2N3O2S/c15-8-2-1-7(11(16)13(8)20)10(9-3-5-21-19-9)12(17)14-18-4-6-22-14/h1-6,20H,17H2/b12-10-",C14H9N3O2SCl2,352.9792528880001,4.018800000000001,4.17,-7.26,3.58,-60,3.312353133861695,1,CRAFT,6,2,85.17,3,14,2,3,0.6363636363636364,0.09090909090909091,0.13636363636363635,0.0,0.0,22,3,0,3,2,0,2,0,0
c1nnc(o1)[C@@](CC1=NCCCO1)(NN)Br,17/000000056,"InChI=1S/C8H12BrN5O2/c9-8(14-10,7-13-12-5-16-7)4-6-11-2-1-3-15-6/h5,14H,1-4,10H2/t8-/m1/s1",C8H12N5O2Br,289.017436724,0.28950000000000026,4.17,-4.57,2.22,-170,4.692241847271035,1,CRAFT,7,2,98.56,4,8,2,5,0.5,0.125,0.3125,0.625,0.125,16,2,1,1,2,1,1,0,0
OC(=O)c1coc(c1CN)c1sc2c(c1)[nH]cc2,15/000000011,"InChI=1S/C12H10N2O3S/c13-4-6-7(12(15)16)5-17-11(6)10-3-8-9(18-10)1-2-14-8/h1-3,5,14H,4,13H2,(H,15,16)",C12H10N2O3S,262.04121318,2.646300000000001,4.17,-4.05,3.72,-200,3.273062484815444,1,CRAFT,4,3,92.25,3,12,3,2,0.6666666666666666,0.16666666666666666,0.1111111111111111,0.08333333333333333,0.0,18,3,0,3,3,0,3,0,0
OCc1cnc(cc1)NCCOC(=O)[C@H](c1occc1)OCC,13/000000044,"InChI=1S/C16H20N2O5/c1-2-21-15(13-4-3-8-22-13)16(20)23-9-7-17-14-6-5-12(11-19)10-18-14/h3-6,8,10,15,19H,2,7,9,11H2,1H3,(H,17,18)/t15-/m0/s1",C16H20N2O5,320.13722174,1.8998,4.16,3.98,5.09,-170,3.0828785082288563,1,CRAFT,7,2,93.82000000000002,9,16,5,2,0.6956521739130435,0.21739130434782608,0.08695652173913043,0.375,0.0625,23,2,0,2,2,0,2,0,0
NN[C@H](c1nc(n[nH]1)CC#CC)C=C,17/000000008,"InChI=1S/C9H13N5/c1-3-5-6-8-11-9(14-13-8)7(4-2)12-10/h4,7,12H,2,6,10H2,1H3,(H,11,13,14)/t7-/m0/s1",C9H13N5,191.11709541599998,0.06089999999999951,4.16,2.04,18.5,-170,4.608329218741673,1,CRAFT,4,3,79.62,4,9,0,5,0.6428571428571429,0.0,0.35714285714285715,0.3333333333333333,0.1111111111111111,14,1,0,1,1,0,1,0,0
c1nnc(o1)[C@@](Cc1cccc2n1ncn2)(NN)Br,17/000000039,"InChI=1S/C10H10BrN7O/c11-10(17-12,9-16-14-6-19-9)4-7-2-1-3-8-13-5-15-18(7)8/h1-3,5-6,17H,4,12H2/t10-/m1/s1",C10H10N7OBr,323.01302003999996,0.36600000000000005,4.16,-4.66,2.35,-190,4.181636489968351,1,CRAFT,8,2,107.16,4,10,1,7,0.5263157894736842,0.05263157894736842,0.3684210526315789,0.2,0.1,19,3,0,3,3,0,3,0,0
OCC(=O)OCc1nc2c(c(c1)O)NCN2CC=C,23/000000062,"InChI=1S/C12H15N3O4/c1-2-3-15-7-13-11-9(17)4-8(14-12(11)15)6-19-10(18)5-16/h2,4,13,16H,1,3,5-7H2,(H,14,17)",C12H15N3O4,265.10625596,0.19809999999999972,4.16,-8.12,17.2,-80,3.3274756488946187,1,CRAFT,7,3,94.92,5,12,4,3,0.631578947368421,0.21052631578947367,0.15789473684210525,0.3333333333333333,0.0,19,2,1,1,2,1,1,0,0
OC(=O)c1cnc(c(c1)N(=O)=O)N,13/000000007,"InChI=1S/C6H5N3O4/c7-5-4(9(12)13)1-3(2-8-5)6(10)11/h1-2H,(H2,7,8)(H,10,11)",C6H5N3O4,183.02800564,0.27019999999999994,4.16,6.3,1.0,0,2.237894953628736,1,CRAFT,5,2,119.34999999999998,2,6,4,3,0.46153846153846156,0.3076923076923077,0.23076923076923078,0.0,0.0,13,1,0,1,1,0,1,0,0
NC(=O)CC/C=C/[C@H](c1nnc[nH]1)N,24/000000081,"InChI=1S/C8H13N5O/c9-6(8-11-5-12-13-8)3-1-2-4-7(10)14/h1,3,5-6H,2,4,9H2,(H2,10,14)(H,11,12,13)/b3-1+/t6-/m1/s1",C8H13N5O,195.112010036,-0.3738000000000005,4.16,8.27,3.58,-150,4.1525599879724435,1,CRAFT,4,3,110.67999999999999,5,8,1,5,0.5714285714285714,0.07142857142857142,0.35714285714285715,0.375,0.125,14,1,0,1,1,0,1,0,0
Oc1nccc(n1)C(C=C)(C(=O)O)C(=O)O,20/000000020,"InChI=1S/C9H8N2O5/c1-2-9(6(12)13,7(14)15)5-3-4-10-8(16)11-5/h2-4H,1H2,(H,12,13)(H,14,15)(H,10,11,16)",C9H8N2O5,224.043321356,-0.2248000000000004,4.16,-2.93,15.6,-150,3.5471221017219587,1,CRAFT,5,3,120.61,4,9,5,2,0.5625,0.3125,0.125,0.1111111111111111,0.0,16,1,0,1,1,0,1,0,0
Sc1nnc(s1)C[C@@](NN)(c1nnco1)Br,17/000000029,"InChI=1S/C6H7BrN6OS2/c7-6(13-8,4-11-9-2-14-4)1-3-10-12-5(15)16-3/h2,13H,1,8H2,(H,12,15)/t6-/m1/s1",C6H7N6OS2Br,321.930612944,0.46349999999999997,4.15,-5.17,2.22,-170,4.87184231549846,1,CRAFT,9,3,102.75,4,6,1,6,0.375,0.0625,0.375,0.3333333333333333,0.16666666666666666,16,2,0,2,2,0,2,0,0
NN[C@H](c1n[nH]c(=S)[nH]1)/C=C\C(=C)C(=O)OC,17/000000028,"InChI=1S/C9H13N5O2S/c1-5(8(15)16-2)3-4-6(12-10)7-11-9(17)14-13-7/h3-4,6,12H,1,10H2,2H3,(H2,11,13,14,17)/b4-3-/t6-/m0/s1",C9H13N5O2S,255.078995656,0.2570899999999996,4.15,-2.51,3.58,-170,4.642871993897037,1,CRAFT,6,4,108.81999999999998,5,9,2,5,0.5294117647058824,0.11764705882352941,0.29411764705882354,0.2222222222222222,0.1111111111111111,17,1,0,1,1,0,1,0,0
OC/C=C(\C)/NCc1c[nH]c(c1)CO,27/000000009,"InChI=1S/C10H16N2O2/c1-8(2-3-13)11-5-9-4-10(7-14)12-6-9/h2,4,6,11-14H,3,5,7H2,1H3/b8-2+",C10H16N2O2,196.121177752,0.4927000000000001,4.15,-3.99,2.22,-40,3.3561267395382925,1,CRAFT,3,4,68.28,5,10,2,2,0.7142857142857143,0.14285714285714285,0.14285714285714285,0.4,0.0,14,1,0,1,1,0,1,0,0
S[C@H](CCc1n[nH]c(=O)[nH]1)C#CCN,8/000000016,"InChI=1S/C8H12N4OS/c9-5-1-2-6(14)3-4-7-10-8(13)12-11-7/h6,14H,3-5,9H2,(H2,10,11,12,13)/t6-/m0/s1",C8H12N4OS,212.073182004,-0.7088999999999999,4.15,9.46,2.22,-150,4.56444756193694,1,CRAFT,4,4,87.56,3,8,1,4,0.5714285714285714,0.07142857142857142,0.2857142857142857,0.5,0.125,14,1,0,1,1,0,1,0,0
N=C1N(c2ccc(cc2C(=O)O)Cl)CCC1,15/000000015,"InChI=1S/C11H11ClN2O2/c12-7-3-4-9(8(6-7)11(15)16)14-5-1-2-10(14)13/h3-4,6,13H,1-2,5H2,(H,15,16)/b13-10-",C11H11N2O2Cl,238.050905272,2.6156700000000006,4.15,-4.87,2.22,-160,2.3681809928308493,1,CRAFT,2,2,64.39,2,11,2,2,0.6875,0.125,0.125,0.2727272727272727,0.0,16,2,1,1,1,1,0,0,0
OC(=O)C(=C)/C(=C\CC)/CNc1cc(O)c(cc1Cl)C(=O)O,28/000000027,"InChI=1S/C15H16ClNO5/c1-3-4-9(8(2)14(19)20)7-17-12-6-13(18)10(15(21)22)5-11(12)16/h4-6,17-18H,2-3,7H2,1H3,(H,19,20)(H,21,22)/b9-4-",C15H16NO5Cl,325.07170029199995,3.132900000000001,4.15,-5.74,5.21,-120,2.9888382112981624,1,CRAFT,4,4,106.86,7,15,5,1,0.6818181818181818,0.22727272727272727,0.045454545454545456,0.2,0.0,22,1,0,1,0,0,0,0,0
OCC#CCNc1nc(ncc1)CC[C@H]1NC1,6/000000033,"InChI=1S/C12H16N4O/c17-8-2-1-6-13-12-5-7-14-11(16-12)4-3-10-9-15-10/h5,7,10,15,17H,3-4,6,8-9H2,(H,13,14,16)/t10-/m1/s1",C12H16N4O,232.132411132,-0.2114000000000002,4.15,8.92,3.58,-150,3.6354534832151746,1,CRAFT,5,3,79.98,5,12,1,4,0.7058823529411765,0.058823529411764705,0.23529411764705882,0.5,0.08333333333333333,17,2,1,1,2,1,1,0,0
OCCCCOC(=O)Cc1nnc([nH]1)CCCl,17/000000084,"InChI=1S/C10H16ClN3O3/c11-4-3-8-12-9(14-13-8)7-10(16)17-6-2-1-5-15/h15H,1-7H2,(H,12,13,14)",C10H16N3O3Cl,261.088019052,0.44419999999999976,4.15,0.59,3.72,0,3.0471406203020948,1,CRAFT,5,2,88.1,8,10,3,3,0.5882352941176471,0.17647058823529413,0.17647058823529413,0.7,0.0,17,1,0,1,1,0,1,0,0
S[C@@H](C1=NN=CNC1)Nc1cc(O)c(cc1Cl)C(=O)O,28/000000002,"InChI=1S/C11H11ClN4O3S/c12-6-1-5(11(18)19)9(17)2-7(6)15-10(20)8-3-13-4-14-16-8/h1-2,4,10,15,17,20H,3H2,(H,13,14)(H,18,19)/t10-/m0/s1",C11H11N4O3SCl,314.02403889199996,1.3991,4.15,-8.85,22.5,-190,4.162673411765342,1,CRAFT,7,5,106.31000000000002,4,11,3,4,0.55,0.15,0.2,0.18181818181818182,0.09090909090909091,20,2,1,1,1,1,0,0,0
OCC#CCNc1nc(ncc1)CC,6/000000002,"InChI=1S/C10H13N3O/c1-2-9-12-7-5-10(13-9)11-6-3-4-8-14/h5,7,14H,2,6,8H2,1H3,(H,11,12,13)",C10H13N3O,191.105862036,0.44659999999999994,4.15,8.41,2.22,-20,2.929860201076753,1,CRAFT,4,2,58.04,3,10,1,3,0.7142857142857143,0.07142857142857142,0.21428571428571427,0.4,0.0,14,1,0,1,1,0,1,0,0
O=C1NC(=CCN1)Cc1oc(nc1)C1=CSCN1,16/000000001,"InChI=1S/C11H12N4O2S/c16-11-12-2-1-7(15-11)3-8-4-13-10(17-8)9-5-18-6-14-9/h1,4-5,14H,2-3,6H2,(H2,12,15,16)",C11H12N4O2S,264.068096624,1.0061,4.14,1.63,2.22,-80,4.303534439054324,1,CRAFT,5,3,79.19,3,11,2,4,0.6111111111111112,0.1111111111111111,0.2222222222222222,0.2727272727272727,0.0,18,3,2,1,3,2,1,0,0
SCCN[C@@H](C=C)C#CCO,6/000000128,"InChI=1S/C8H13NOS/c1-2-8(4-3-6-10)9-5-7-11/h2,8-11H,1,5-7H2/t8-/m0/s1",C8H13NOS,171.071785036,0.05609999999999993,4.14,8.36,2.22,-150,4.667389561062741,1,CRAFT,3,3,32.26,4,8,1,1,0.7272727272727273,0.09090909090909091,0.09090909090909091,0.5,0.125,11,0,0,0,0,0,0,0,0
SC[C@@H](COCC1=COCCO1)N,4/000000031,"InChI=1S/C8H15NO3S/c9-7(6-13)3-11-5-8-4-10-1-2-12-8/h4,7,13H,1-3,5-6,9H2/t7-/m1/s1",C8H15NO3S,205.07726434,0.1483,4.14,5.68,2.22,-150,4.109335752321116,1,CRAFT,5,2,53.71,5,8,3,1,0.6153846153846154,0.23076923076923078,0.07692307692307693,0.75,0.125,13,1,1,0,1,1,0,0,0
OC(=O)CNC(=O)C1=CCC[C@@H](O1)C(=O)C,30/000000039,"InChI=1S/C10H13NO5/c1-6(12)7-3-2-4-8(16-7)10(15)11-5-9(13)14/h4,7H,2-3,5H2,1H3,(H,11,15)(H,13,14)/t7-/m1/s1",C10H13NO5,227.079372516,-0.1609000000000005,4.14,1.68,3.58,-170,3.3861935856236833,1,CRAFT,4,2,92.70000000000002,4,10,5,1,0.625,0.3125,0.0625,0.5,0.1,16,1,1,0,1,1,0,0,0
OC(=O)Cc1n[nH]c(n1)C/C=C/[C@@H]1C=NOC1,30/000000035,"InChI=1S/C10H12N4O3/c15-10(16)4-9-12-8(13-14-9)3-1-2-7-5-11-17-6-7/h1-2,5,7H,3-4,6H2,(H,15,16)(H,12,13,14)/b2-1+/t7-/m1/s1",C10H12N4O3,236.090940244,0.16269999999999962,4.14,11.11,4.81,-150,4.442681426700261,1,CRAFT,5,2,100.46,5,10,3,4,0.5882352941176471,0.17647058823529413,0.23529411764705882,0.4,0.1,17,2,1,1,2,1,1,0,0
OCNCS(=O)(=O)CCn1cnnc1SC/C=C/C[NH3+],11/000000026,"InChI=1S/C10H19N5O3S2/c11-3-1-2-5-19-10-14-13-7-15(10)4-6-20(17,18)9-12-8-16/h1-2,7,12,16H,3-6,8-9,11H2/p+1/b2-1+",C10H20N5O3S2,322.10020792009004,-1.9199999999999964,4.14,1.27,3.58,-170,4.0137962898969315,1,CRAFT,8,3,124.75000000000001,10,10,3,5,0.5,0.15,0.25,0.6,0.0,20,1,0,1,1,0,1,0,0
SCC(=O)OC[C@H](c1ccc(c(c1Br)O)Br)O,20/000000004,"InChI=1S/C10H10Br2O4S/c11-6-2-1-5(9(12)10(6)15)7(13)3-16-8(14)4-17/h1-2,7,13,15,17H,3-4H2/t7-/m1/s1",C10H10O4SBr2,383.8666539999999,2.4236000000000013,4.14,-6.0,2.48,-170,3.419892729682992,1,CRAFT,5,3,66.76,4,10,4,0,0.5882352941176471,0.23529411764705882,0.0,0.3,0.1,17,1,0,1,0,0,0,0,0
Oc1c(I)ccc(c1)[C@@H](c1csc2c1cn[nH]2)Br,18/000000082,"InChI=1S/C12H8BrIN2OS/c13-11(6-1-2-9(14)10(17)3-6)8-5-18-12-7(8)4-15-16-12/h1-5,11,17H,(H,15,16)/t11-/m0/s1",C12H8N2OSBrI,433.8585439760001,4.418900000000001,4.14,-8.94,20.3,-190,3.7139737005311826,1,CRAFT,3,2,48.910000000000004,2,12,1,2,0.6666666666666666,0.05555555555555555,0.1111111111111111,0.08333333333333333,0.08333333333333333,18,3,0,3,2,0,2,0,0
OC(=O)[C@@H](CSc1cc(Br)c(c(c1)Br)O)NN,20/000000006,"InChI=1S/C9H10Br2N2O3S/c10-5-1-4(2-6(11)8(5)14)17-3-7(13-12)9(15)16/h1-2,7,13-14H,3,12H2,(H,15,16)/t7-/m1/s1",C9H10N2O3SBr2,383.87788738000006,1.9257999999999997,4.13,-6.47,2.48,-170,3.328938883529146,1,CRAFT,5,4,95.58,5,9,3,2,0.5294117647058824,0.17647058823529413,0.11764705882352941,0.2222222222222222,0.1111111111111111,17,1,0,1,0,0,0,0,0
Oc1c(Cl)c(/C(=C/N)/c2noc(c2)CCN)ccc1Cl,21/000000009,"InChI=1S/C13H13Cl2N3O2/c14-10-2-1-8(12(15)13(10)19)9(6-17)11-5-7(3-4-16)20-18-11/h1-2,5-6,19H,3-4,16-17H2/b9-6-",C13H13N3O2Cl2,313.03848201600005,2.5361000000000002,4.13,-5.83,3.58,-20,3.2253806904963325,1,CRAFT,5,3,98.3,4,13,2,3,0.65,0.1,0.15,0.15384615384615385,0.0,20,2,0,2,1,0,1,0,0
C1=C[C@@H](C=C(O1)C/C=C/c1cnccc1)C(=O)O,2/000000014,"InChI=1S/C14H13NO3/c16-14(17)12-6-8-18-13(9-12)5-1-3-11-4-2-7-15-10-11/h1-4,6-10,12H,5H2,(H,16,17)/b3-1+/t12-/m0/s1",C14H12NO3,243.089543276,2.6134999999999993,4.13,0.59,3.85,-150,3.8302383193964817,1,CRAFT,3,1,59.42,4,14,3,1,0.7777777777777778,0.16666666666666666,0.05555555555555555,0.14285714285714285,0.07142857142857142,18,2,1,1,2,1,1,0,0
O[P@@](=O)(Cc1cc2[nH]ccc2c(c1)CCl)OCCN,27/000000015,"InChI=1S/C12H16ClN2O3P/c13-7-10-5-9(6-12-11(10)1-3-15-12)8-19(16,17)18-4-2-14/h1,3,5-6,15H,2,4,7-8,14H2,(H,16,17)",C12H16N2O3PCl,302.05870668200004,2.5674,4.13,-4.69,3.59,-80,3.4639644963016405,1,CRAFT,3,3,88.33999999999999,6,12,3,2,0.631578947368421,0.15789473684210525,0.10526315789473684,0.3333333333333333,0.0,19,2,0,2,1,0,1,0,0
c1n[nH]cc1[C@@H]([NH3+])/C=C/CSc1nncn1CCCl,11/000000018,"InChI=1S/C11H15ClN6S/c12-3-4-18-8-16-17-11(18)19-5-1-2-10(13)9-6-14-15-7-9/h1-2,6-8,10H,3-5,13H2,(H,14,15)/p+1/b2-1+/t10-/m0/s1",C11H16N6SCl,299.08401961208995,0.8714999999999996,4.13,0.85,3.58,-150,4.40566725919912,1,CRAFT,5,2,87.03,7,11,0,6,0.5789473684210527,0.0,0.3157894736842105,0.36363636363636365,0.09090909090909091,19,2,0,2,2,0,2,0,0
C(=C\c1ncc([nH]1)N(=O)=O)/C[C@@H]1OC(=CCC1)C(=O)N,30/000000018,"InChI=1S/C12H14N4O4/c13-12(17)9-5-1-3-8(20-9)4-2-6-10-14-7-11(15-10)16(18)19/h2,5-8H,1,3-4H2,(H2,13,17)(H,14,15)/b6-2+/t8-/m1/s1",C12H14N4O4,278.101504928,1.2693999999999999,4.13,-3.26,5.09,-170,4.217002932244862,1,CRAFT,5,2,124.14,5,12,4,4,0.6,0.2,0.2,0.3333333333333333,0.08333333333333333,20,2,1,1,2,1,1,0,0
Oc1c(Cl)c(/C(=C/NC)/c2noc(c2)CCN)ccc1Cl,21/000000026,"InChI=1S/C14H15Cl2N3O2/c1-18-7-10(12-6-8(4-5-17)21-19-12)9-2-3-11(15)14(20)13(9)16/h2-3,6-7,18,20H,4-5,17H2,1H3/b10-7-",C14H15N3O2Cl2,327.05413208000004,2.7968,4.12,-5.0,5.09,-40,3.2477672278592262,1,CRAFT,5,3,84.31,5,14,2,3,0.6666666666666666,0.09523809523809523,0.14285714285714285,0.21428571428571427,0.0,21,2,0,2,1,0,1,0,0
Oc1c(O)cccc1/C(=C(\C)/C#CCN)/C,18/000000103,"InChI=1S/C13H15NO2/c1-9(5-4-8-14)10(2)11-6-3-7-12(15)13(11)16/h3,6-7,15-16H,8,14H2,1-2H3/b10-9+",C13H15NO2,217.11027872,1.8533000000000002,4.12,-7.06,3.58,-80,3.1577452553125536,1,CRAFT,3,3,66.48,1,13,2,1,0.8125,0.125,0.0625,0.23076923076923078,0.0,16,1,0,1,0,0,0,0,0
NN[C@](CC#CC)(c1n[nH]c(=S)[nH]1)C=C,17/000000022,"InChI=1S/C9H13N5S/c1-3-5-6-9(4-2,14-10)7-11-8(15)13-12-7/h4,14H,2,6,10H2,1H3,(H2,11,12,13,15)/t9-/m1/s1",C9H13N5S,223.08916641599998,0.7252899999999999,4.12,0.61,3.85,-170,5.004754388597572,1,CRAFT,4,4,82.51999999999998,4,9,0,5,0.6,0.0,0.3333333333333333,0.3333333333333333,0.1111111111111111,15,1,0,1,1,0,1,0,0
Oc1c(I)ccc(c1)[C@@H](n1nc[nH]c1=S)Br,18/000000040,"InChI=1S/C9H7BrIN3OS/c10-8(14-9(16)12-4-13-14)5-1-2-6(11)7(15)3-5/h1-4,8,15H,(H,12,13,16)/t8-/m1/s1",C9H7N3OSBrI,410.8537929440001,3.1926900000000007,4.12,-7.33,17.8,-150,4.141342105708249,1,CRAFT,4,2,53.839999999999996,2,9,1,3,0.5625,0.0625,0.1875,0.1111111111111111,0.1111111111111111,16,2,0,2,1,0,1,0,0
OC[C@]1(OC(=NC1)NCCl)CCNC,30/000000015,"InChI=1S/C8H16ClN3O2/c1-10-3-2-8(5-13)4-11-7(14-8)12-6-9/h10,13H,2-6H2,1H3,(H,11,12)/t8-/m0/s1",C8H16N3O2Cl,221.093104432,-0.5008999999999999,4.12,6.23,3.58,-170,4.59192685187777,1,CRAFT,5,3,65.88,5,8,2,3,0.5714285714285714,0.14285714285714285,0.21428571428571427,0.875,0.125,14,1,1,0,1,1,0,0,0
Sc1nc(c[nH]1)[C@@H](c1nnc[nH]1)C(=O)OCC,17/000000002,"InChI=1S/C9H11N5O2S/c1-2-16-8(15)6(7-11-4-12-14-7)5-3-10-9(17)13-5/h3-4,6H,2H2,1H3,(H2,10,13,17)(H,11,12,14)/t6-/m0/s1",C9H11N5O2S,253.063345592,0.5114999999999998,4.11,-3.39,3.33,-170,4.369691768144531,1,CRAFT,6,3,96.55,4,9,2,5,0.5294117647058824,0.11764705882352941,0.29411764705882354,0.3333333333333333,0.1111111111111111,17,2,0,2,2,0,2,0,0
C(=C\C[C@@](CN)(C1=NCCN1)c1nonc1)/N(=O)=O,4/000000007,"InChI=1S/C10H14N6O3/c11-7-10(2-1-5-16(17)18,8-6-14-19-15-8)9-12-3-4-13-9/h1,5-6H,2-4,7,11H2,(H,12,13)/b5-1+/t10-/m0/s1",C10H14N6O3,266.112738308,-0.5516999999999992,4.11,-5.67,24.7,-150,4.736587911879774,1,CRAFT,8,2,132.47,6,10,3,6,0.5263157894736842,0.15789473684210525,0.3157894736842105,0.5,0.1,19,2,1,1,2,1,1,0,0
Sc1nnc(s1)[C@@H](CCN)NNCCO,4/000000008,"InChI=1S/C7H15N5OS2/c8-2-1-5(10-9-3-4-13)6-11-12-7(14)15-6/h5,9-10,13H,1-4,8H2,(H,12,14)/t5-/m1/s1",C7H15N5OS2,249.07180209999999,-0.6967999999999996,4.11,-2.35,20.6,-150,4.251890035877121,1,CRAFT,8,5,96.09,7,7,1,5,0.4666666666666667,0.06666666666666667,0.3333333333333333,0.7142857142857143,0.14285714285714285,15,1,0,1,1,0,1,0,0
SC[C@H](CF)NCC#CCO,6/000000183,"InChI=1S/C7H12FNOS/c8-5-7(6-11)9-3-1-2-4-10/h7,9-11H,3-6H2/t7-/m0/s1",C7H12NOSF,177.062363224,-0.1604,4.11,8.33,2.22,-150,4.215626484139665,1,CRAFT,3,3,32.26,4,7,1,1,0.6363636363636364,0.09090909090909091,0.09090909090909091,0.7142857142857143,0.14285714285714285,11,0,0,0,0,0,0,0,0
Oc1cc(nc2c1NCN2C/C=C\C=C)CF,23/000000060,"InChI=1S/C12H14FN3O/c1-2-3-4-5-16-8-14-11-10(17)6-9(7-13)15-12(11)16/h2-4,6,14H,1,5,7-8H2,(H,15,17)/b4-3-",C12H14N3OF,235.112090288,2.1883,4.11,-8.11,16.3,-100,3.855040620302094,1,CRAFT,4,2,48.39000000000001,4,12,1,3,0.7058823529411765,0.058823529411764705,0.17647058823529413,0.25,0.0,17,2,1,1,2,1,1,0,0
Oc1ccc2c(c1)ncn2CCc1occ(c1)C(=O)O,15/000000008,"InChI=1S/C14H12N2O4/c17-10-1-2-13-12(6-10)15-8-16(13)4-3-11-5-9(7-20-11)14(18)19/h1-2,5-8,17H,3-4H2,(H,18,19)",C14H12N2O4,272.079706864,2.2757999999999994,4.11,-5.85,2.35,-100,2.6111230828408303,1,CRAFT,5,2,88.49000000000001,4,14,4,2,0.7,0.2,0.1,0.14285714285714285,0.0,20,3,0,3,2,0,2,0,0
S[C@@H](c1n[nH]c(=S)o1)OC(=O)c1ccc(cc1Br)F,29/000000011,"InChI=1S/C10H6BrFN2O3S2/c11-6-3-4(12)1-2-5(6)8(15)17-9(18)7-13-14-10(19)16-7/h1-3,9,18H,(H,14,19)/t9-/m0/s1",C10H6N2O3S2FBr,363.898724372,3.4191900000000004,4.11,-4.0,2.22,-170,3.6146289375207985,1,CRAFT,6,2,68.12,3,10,3,2,0.5263157894736842,0.15789473684210525,0.10526315789473684,0.1,0.1,19,2,0,2,1,0,1,0,0
Oc1ccc(c(c1C(=O)Cc1nnc([nH]1)S)C(=O)N)O,4/000000034,"InChI=1S/C11H10N4O4S/c12-10(19)9-5(17)2-1-4(16)8(9)6(18)3-7-13-11(20)15-14-7/h1-2,16-17H,3H2,(H2,12,19)(H2,13,14,15,20)",C11H10N4O4S,294.04227579999997,0.028900000000000203,4.11,-6.39,3.58,-60,3.3397901543657955,1,CRAFT,7,5,142.19,4,11,4,4,0.55,0.2,0.2,0.09090909090909091,0.0,20,2,0,2,1,0,1,0,0
Sc1nnc(o1)[C@@H]([NH2+]C)c1ccoc1N(=O)=O,23/000000045,"InChI=1S/C8H8N4O4S/c1-9-5(6-10-11-8(17)16-6)4-2-3-15-7(4)12(13)14/h2-3,5,9H,1H3,(H,11,17)/p+1/t5-/m0/s1",C8H9N4O4S,257.03390218809,0.14209999999999973,4.11,-2.99,24.7,-170,4.926388965362206,1,CRAFT,7,2,111.81,4,8,4,4,0.47058823529411764,0.23529411764705882,0.23529411764705882,0.25,0.125,17,2,0,2,2,0,2,0,0
O[C@H](CN)[P@@](=O)(Oc1cccc(c1S)I)O,18/000000084,"InChI=1S/C8H11INO4PS/c9-5-2-1-3-6(8(5)16)14-15(12,13)7(11)4-10/h1-3,7,11,16H,4,10H2,(H,12,13)/t7-/m0/s1",C8H11NO4PSI,374.91911346200004,1.4211999999999998,4.1,-2.11,3.33,-150,4.342959223641492,1,CRAFT,5,4,92.78,4,8,4,1,0.5,0.25,0.0625,0.25,0.125,16,1,0,1,0,0,0,0,0
SCCCCC[C@H](CCc1nonc1)N,4/000000024,"InChI=1S/C10H19N3OS/c11-9(4-2-1-3-7-15)5-6-10-8-12-14-13-10/h8-9,15H,1-7,11H2/t9-/m1/s1",C10H19N3OS,229.124883228,1.8197,4.1,-6.19,3.58,-190,3.872761413336871,1,CRAFT,5,2,64.94,8,10,1,3,0.6666666666666666,0.06666666666666667,0.2,0.8,0.1,15,1,0,1,1,0,1,0,0
C#CCC[C@]1(O)COC(=CC1)C(=O)N,30/000000021,"InChI=1S/C10H13NO3/c1-2-3-5-10(13)6-4-8(9(11)12)14-7-10/h1,4,13H,3,5-7H2,(H2,11,12)/t10-/m1/s1",C10H13NO3,195.089543276,-0.0796,4.1,-4.35,2.35,-170,4.327015640417164,1,CRAFT,3,2,72.55,3,10,3,1,0.7142857142857143,0.21428571428571427,0.07142857142857142,0.5,0.1,14,1,1,0,1,1,0,0,0
O=C(NCCC/C=C(\C)/c1cccc(c1N(=O)=O)N(=O)=O)N,5/000000026,"InChI=1S/C13H16N4O5/c1-9(5-2-3-8-15-13(14)18)10-6-4-7-11(16(19)20)12(10)17(21)22/h4-7H,2-3,8H2,1H3,(H3,14,15,18)/b9-5+",C13H16N4O5,308.11206961199997,2.3548000000000004,4.1,-5.05,2.48,-120,2.7532493024279567,1,CRAFT,5,2,141.40000000000003,7,13,5,4,0.5909090909090909,0.22727272727272727,0.18181818181818182,0.3076923076923077,0.0,22,1,0,1,0,0,0,0,0
OCC#CCNc1nc(ncc1)CC[C@H](C)F,6/000000056,"InChI=1S/C12H16FN3O/c1-10(13)4-5-11-15-8-6-12(16-11)14-7-2-3-9-17/h6,8,10,17H,4-5,7,9H2,1H3,(H,14,15,16)/t10-/m0/s1",C12H16N3OF,237.127740352,1.1747999999999998,4.1,8.15,3.58,-170,3.570702345067607,1,CRAFT,4,2,58.04,5,12,1,3,0.7058823529411765,0.058823529411764705,0.17647058823529413,0.5,0.08333333333333333,17,1,0,1,1,0,1,0,0
OC[C@@H](c1nnc(o1)S)SCC=C,23/000000055,"InChI=1S/C7H10N2O2S2/c1-2-3-13-5(4-10)6-8-9-7(12)11-6/h2,5,10H,1,3-4H2,(H,9,12)/t5-/m0/s1",C7H10N2O2S2,218.01836956,1.3109,4.1,0.69,18.6,-150,4.448142820928185,1,CRAFT,6,2,59.150000000000006,5,7,2,2,0.5384615384615384,0.15384615384615385,0.15384615384615385,0.42857142857142855,0.14285714285714285,13,1,0,1,1,0,1,0,0
OCC#CCNc1nc(ncc1)CCCNOCCCC,6/000000187,"InChI=1S/C15H24N4O2/c1-2-3-13-21-18-10-6-7-14-17-11-8-15(19-14)16-9-4-5-12-20/h8,11,18,20H,2-3,6-7,9-10,12-13H2,1H3,(H,16,17,19)",C15H24N4O2,292.189926008,1.1380999999999994,4.09,6.69,3.58,-50,3.1046834691080845,1,CRAFT,6,3,79.3,10,15,2,4,0.7142857142857143,0.09523809523809523,0.19047619047619047,0.6,0.0,21,1,0,1,1,0,1,0,0
Oc1cc2oc(=O)ccc2cc1CSCN,1/000000001,"InChI=1S/C11H11NO3S/c12-6-16-5-8-3-7-1-2-11(14)15-10(7)4-9(8)13/h1-4,13H,5-6,12H2",C11H11NO3S,237.045964212,1.648,4.09,-5.85,15.3,-120,2.7355453984252556,1,CRAFT,5,2,76.46000000000001,3,11,3,1,0.6875,0.1875,0.0625,0.18181818181818182,0.0,16,2,0,2,1,0,1,0,0
Sc1ccc(c2c1COC2=O)Nc1nccc(n1)C=C,19/000000012,"InChI=1S/C14H11N3O2S/c1-2-8-5-6-15-14(16-8)17-10-3-4-11(20)9-7-19-13(18)12(9)10/h2-6,20H,1,7H2,(H,15,16,17)",C14H11N3O2S,285.057197592,2.8223000000000003,4.09,-7.18,3.58,-40,3.2147546617881977,1,CRAFT,6,2,64.11,3,14,2,3,0.7,0.1,0.15,0.07142857142857142,0.0,20,3,1,2,2,1,1,0,0
N[C@H](C[NH2+]CCC)c1nnc[nH]1,24/000000024,"InChI=1S/C7H15N5/c1-2-3-9-4-6(8)7-10-5-11-12-7/h5-6,9H,2-4,8H2,1H3,(H,10,11,12)/p+1/t6-/m1/s1",C7H16N5,170.14002193208998,-1.2220999999999995,4.09,5.51,2.22,-170,5.3291876187525355,1,CRAFT,3,3,84.19999999999999,5,7,0,5,0.5833333333333334,0.0,0.4166666666666667,0.7142857142857143,0.14285714285714285,12,1,0,1,1,0,1,0,0
OC(=O)c1c(O)cc(c(c1)Cl)NC/C(=C/CC)/CNCO,28/000000030,"InChI=1S/C14H19ClN2O4/c1-2-3-9(6-16-8-18)7-17-12-5-13(19)10(14(20)21)4-11(12)15/h3-5,16-19H,2,6-8H2,1H3,(H,20,21)/b9-3+",C14H19N2O4Cl,314.103334768,2.0315,4.09,-7.26,3.85,-110,3.048048478731765,1,CRAFT,5,5,101.82000000000001,8,14,4,2,0.6666666666666666,0.19047619047619047,0.09523809523809523,0.35714285714285715,0.0,21,1,0,1,0,0,0,0,0
Sc1n[nH]c(n1)[C@@](NN)(c1nncs1)Br,17/000000005,"InChI=1S/C5H6BrN7S2/c6-5(13-7,3-11-8-1-15-3)2-9-4(14)12-10-2/h1,13H,7H2,(H2,9,10,12,14)/t5-/m1/s1",C5H6N7S2Br,306.930947292,0.0041999999999998705,4.09,-2.19,24.5,-150,4.819786739173826,1,CRAFT,8,4,105.4,3,5,0,7,0.3333333333333333,0.0,0.4666666666666667,0.2,0.2,15,2,0,2,2,0,2,0,0
OC(=O)c1cc(Cl)c(cc1O)NC/C(=C/CC)/CN,28/000000029,"InChI=1S/C13H17ClN2O3/c1-2-3-8(6-15)7-16-11-5-12(17)9(13(18)19)4-10(11)14/h3-5,16-17H,2,6-7,15H2,1H3,(H,18,19)/b8-3+",C13H17N2O3Cl,284.09277008400005,2.450799999999999,4.09,-8.04,3.85,-40,2.822845323615015,1,CRAFT,4,4,95.58,6,13,3,2,0.6842105263157895,0.15789473684210525,0.10526315789473684,0.3076923076923077,0.0,19,1,0,1,0,0,0,0,0
OCc1c(I)ccc(c1)Sc1ncc([nH]1)[C@@H](C)F,18/000000087,"InChI=1S/C12H12FIN2OS/c1-7(13)11-5-15-12(16-11)18-9-2-3-10(14)8(4-9)6-17/h2-5,7,17H,6H2,1H3,(H,15,16)/t7-/m1/s1",C12H12N2OSFI,377.96991022400005,3.6883000000000017,4.08,-7.32,19.0,-190,3.690493881526659,1,CRAFT,3,2,48.910000000000004,4,12,1,2,0.6666666666666666,0.05555555555555555,0.1111111111111111,0.25,0.08333333333333333,18,2,0,2,1,0,1,0,0
Oc1ccc(c(c1)O)C[C@@](NN)(c1nnco1)Br,17/000000038,"InChI=1S/C10H11BrN4O3/c11-10(15-12,9-14-13-5-18-9)4-6-1-2-7(16)3-8(6)17/h1-3,5,15-17H,4,12H2/t10-/m1/s1",C10H11N4O3Br,314.001452312,0.7344999999999999,4.08,-5.25,2.22,-170,4.023288958449735,1,CRAFT,7,4,117.43,4,10,3,4,0.5555555555555556,0.16666666666666666,0.2222222222222222,0.2,0.1,18,2,0,2,1,0,1,0,0
OC[C@@](CCSC)(CCCl)c1cccc(c1)CON,30/000000007,"InChI=1S/C14H22ClNO2S/c1-19-8-6-14(11-17,5-7-15)13-4-2-3-12(9-13)10-18-16/h2-4,9,17H,5-8,10-11,16H2,1H3/t14-/m0/s1",C14H22NO2SCl,303.105977624,2.689,4.08,-4.19,15.2,-170,3.582571172644167,1,CRAFT,4,2,55.480000000000004,9,14,2,1,0.7368421052631579,0.10526315789473684,0.05263157894736842,0.5714285714285714,0.07142857142857142,19,1,0,1,0,0,0,0,0
NC[C@@](Cc1oc(=S)[nH]n1)(c1nonc1)C=C,4/000000028,"InChI=1S/C9H11N5O2S/c1-2-9(5-10,6-4-11-16-14-6)3-7-12-13-8(17)15-7/h2,4H,1,3,5,10H2,(H,13,17)/t9-/m1/s1",C9H11N5O2S,253.063345592,0.7403899999999998,4.08,-5.46,3.58,-150,4.752024460452223,1,CRAFT,7,2,106.76,5,9,2,5,0.5294117647058824,0.11764705882352941,0.29411764705882354,0.3333333333333333,0.1111111111111111,17,2,0,2,2,0,2,0,0
c1sncc1[C@@H]([NH3+])/C=C/CSc1nnc([nH]1)C/C=C/CC,11/000000001,"InChI=1S/C14H19N5S2/c1-2-3-4-7-13-17-14(19-18-13)20-8-5-6-12(15)11-9-16-21-10-11/h3-6,9-10,12H,2,7-8,15H2,1H3,(H,17,18,19)/p+1/b4-3+,6-5+/t12-/m0/s1",C14H20N5S2,322.11546406008995,2.4014000000000006,4.08,0.66,6.77,-190,4.8468276497374045,1,CRAFT,5,2,82.1,8,14,0,5,0.6666666666666666,0.0,0.23809523809523808,0.35714285714285715,0.07142857142857142,21,2,0,2,2,0,2,0,0
OCc1cc(cc(c1)[C@@H](CS)NC)CON,30/000000008,"InChI=1S/C11H18N2O2S/c1-13-11(7-16)10-3-8(5-14)2-9(4-10)6-15-12/h2-4,11,13-14,16H,5-7,12H2,1H3/t11-/m1/s1",C11H18N2O2S,242.108898816,0.7595000000000001,4.08,-4.98,13.1,-170,3.4322428050089497,1,CRAFT,5,4,67.50999999999999,6,11,2,2,0.6875,0.125,0.125,0.45454545454545453,0.09090909090909091,16,1,0,1,0,0,0,0,0
Oc1c2c(ncc1CC)N(CN2)C/C=C\N,23/000000074,"InChI=1S/C11H16N4O/c1-2-8-6-13-11-9(10(8)16)14-7-15(11)5-3-4-12/h3-4,6,14H,2,5,7,12H2,1H3,(H,13,16)/b4-3-",C11H16N4O,220.132411132,1.0113999999999994,4.08,-7.13,13.4,-60,3.7057392445791018,1,CRAFT,5,3,74.41000000000001,3,11,1,4,0.6875,0.0625,0.25,0.36363636363636365,0.0,16,2,1,1,2,1,1,0,0
OCC#C[C@H](C)NCCSS,6/000000123,"InChI=1S/C7H13NOS2/c1-7(3-2-5-9)8-4-6-11-10/h7-10H,4-6H2,1H3/t7-/m0/s1",C7H13NOS2,191.043856036,0.5381999999999998,4.07,8.64,2.22,-170,4.391588022601203,1,CRAFT,4,3,32.26,4,7,1,1,0.6363636363636364,0.09090909090909091,0.09090909090909091,0.7142857142857143,0.14285714285714285,11,0,0,0,0,0,0,0,0
Oc1coc(cc1=O)C[C@@](NN)(c1nnco1)Br,17/000000072,"InChI=1S/C9H9BrN4O4/c10-9(14-11,8-13-12-4-18-8)2-5-1-6(15)7(16)3-17-5/h1,3-4,14,16H,2,11H2/t9-/m1/s1",C9H9N4O4Br,315.98071686800006,-0.017900000000000138,4.07,-5.69,2.22,-190,4.371583419988196,1,CRAFT,8,3,127.41000000000001,4,9,4,4,0.5,0.2222222222222222,0.2222222222222222,0.2222222222222222,0.1111111111111111,18,2,0,2,2,0,2,0,0
OCC#CCNc1nc(ncc1)CCCC[NH3+],6/000000026,"InChI=1S/C12H18N4O/c13-7-2-1-5-11-15-9-6-12(16-11)14-8-3-4-10-17/h6,9,17H,1-2,5,7-8,10,13H2,(H,14,15,16)/p+1",C12H19N4O,235.15533764808998,-0.5511999999999995,4.06,8.48,3.58,0,3.602345074776192,1,CRAFT,4,3,85.68,6,12,1,4,0.7058823529411765,0.058823529411764705,0.23529411764705882,0.5,0.0,17,1,0,1,1,0,1,0,0
Oc1c(cc(cc1Cl)F)NC(=O)c1[nH]ncc1,3/000000001,"InChI=1S/C10H7ClFN3O2/c11-6-3-5(12)4-8(9(6)16)14-10(17)7-1-2-13-15-7/h1-4,16H,(H,13,15)(H,14,17)",C10H7N3O2FCl,255.021082364,2.1601,4.06,-2.62,2.22,0,2.401121246325008,1,CRAFT,3,3,78.01,2,10,2,3,0.5882352941176471,0.11764705882352941,0.17647058823529413,0.0,0.0,17,2,0,2,1,0,1,0,0
N(CC)NCCc1c(F)cc(c(c1)c1nn[nH]n1)Br,8/000000001,"InChI=1S/C11H14BrFN6/c1-2-14-15-4-3-7-5-8(9(12)6-10(7)13)11-16-18-19-17-11/h5-6,14-15H,2-4H2,1H3,(H,16,17,18,19)",C11H14N6FBr,328.04473476799996,1.4248999999999994,4.06,-4.08,22.4,-200,2.983723302498877,1,CRAFT,5,3,78.52,6,11,0,6,0.5789473684210527,0.0,0.3157894736842105,0.36363636363636365,0.0,19,2,0,2,1,0,1,0,0
Oc1cc(c2nnc[nH]2)cc(c1O)Cl,23/000000059,"InChI=1S/C8H6ClN3O2/c9-5-1-4(2-6(13)7(5)14)8-10-3-11-12-8/h1-3,13-14H,(H,10,11,12)",C8H6N3O2Cl,211.014854112,1.5362999999999996,4.06,-6.41,13.7,-180,3.0979101714909536,1,CRAFT,4,3,82.03,1,8,2,3,0.5714285714285714,0.14285714285714285,0.21428571428571427,0.0,0.0,14,2,0,2,1,0,1,0,0
Oc1ccncc1c1cc(N)cc(c1F)Cl,15/000000018,"InChI=1S/C11H8ClFN2O/c12-9-4-6(14)3-7(11(9)13)8-5-15-2-1-10(8)16/h1-5H,14H2,(H,15,16)",C11H8N2OFCl,238.030918776,2.828900000000001,4.06,-4.29,12.8,-160,2.609594978844836,1,CRAFT,3,2,59.14,1,11,1,2,0.6875,0.0625,0.125,0.0,0.0,16,2,0,2,1,0,1,0,0
c1n[nH]c(n1)[C@H](/C=C\c1n[nH]c(=S)o1)NN,17/000000007,"InChI=1S/C7H9N7OS/c8-11-4(6-9-3-10-13-6)1-2-5-12-14-7(16)15-5/h1-4,11H,8H2,(H,14,16)(H,9,10,13)/b2-1-/t4-/m0/s1",C7H9N7OS,239.05892890799998,0.06808999999999993,4.06,-4.75,2.22,-190,4.627366596434914,1,CRAFT,7,4,121.44,4,7,1,7,0.4375,0.0625,0.4375,0.14285714285714285,0.14285714285714285,16,2,0,2,2,0,2,0,0
O=c1o[nH]c(n1)[C@H](NCBr)c1ccc2c(c1)snc2,10/000000003,"InChI=1S/C11H9BrN4O2S/c12-5-13-9(10-15-11(17)18-16-10)6-1-2-7-4-14-19-8(7)3-6/h1-4,9,13H,5H2,(H,15,16,17)/t9-/m1/s1",C11H9N4O2SBr,339.9629586280001,2.004,4.06,-3.35,21.7,-190,4.179698028429889,1,CRAFT,6,2,83.81,4,11,2,4,0.5789473684210527,0.10526315789473684,0.21052631578947367,0.18181818181818182,0.09090909090909091,19,3,0,3,2,0,2,0,0
Sc1nnc([nH]1)[C@@](NN)(C#CC)Br,17/000000026,"InChI=1S/C6H8BrN5S/c1-2-3-6(7,12-8)4-9-5(13)11-10-4/h12H,8H2,1H3,(H2,9,10,11,13)/t6-/m0/s1",C6H8N5SBr,260.968378356,0.12770000000000026,4.06,-2.9,19.0,-170,5.198643040708404,1,CRAFT,5,4,79.62,2,6,0,5,0.46153846153846156,0.0,0.38461538461538464,0.3333333333333333,0.16666666666666666,13,1,0,1,1,0,1,0,0
OC(=S)Nc1cc(F)cc(c1)[C@@H](NC)N,19/000000014,"InChI=1S/C9H12FN3OS/c1-12-8(11)5-2-6(10)4-7(3-5)13-9(14)15/h2-4,8,12H,11H2,1H3,(H2,13,14,15)/t8-/m1/s1",C9H12N3OSF,229.068511224,1.2571999999999999,4.06,-0.93,16.0,-170,3.540291189723277,1,CRAFT,3,4,70.31,3,9,1,3,0.6,0.06666666666666667,0.2,0.2222222222222222,0.1111111111111111,15,1,0,1,0,0,0,0,0
OC[C@H](/C=C/Cc1cscc1)N,28/000000001,"InChI=1S/C9H13NOS/c10-9(6-11)3-1-2-8-4-5-12-7-8/h1,3-5,7,9,11H,2,6,10H2/b3-1+/t9-/m0/s1",C9H13NOS,183.071785036,1.1664,4.05,-2.89,3.58,-150,3.5764396549516313,1,CRAFT,3,2,46.25,4,9,1,1,0.75,0.08333333333333333,0.08333333333333333,0.3333333333333333,0.1111111111111111,12,1,0,1,1,0,1,0,0
OCc1c(I)ccc(c1)Sc1nc(c[nH]1)CC,18/000000048,"InChI=1S/C12H13IN2OS/c1-2-9-6-14-12(15-9)17-10-3-4-11(13)8(5-10)7-16/h3-6,16H,2,7H2,1H3,(H,14,15)",C12H13N2OSI,359.9793320360001,3.220200000000001,4.05,-6.42,16.3,-20,3.2691348510713247,1,CRAFT,3,2,48.910000000000004,4,12,1,2,0.7058823529411765,0.058823529411764705,0.11764705882352941,0.25,0.0,17,2,0,2,1,0,1,0,0
OCC#CCNCC[C@@H]1OC(=O)C=C1,6/000000048,"InChI=1S/C10H13NO3/c12-8-2-1-6-11-7-5-9-3-4-10(13)14-9/h3-4,9,11-12H,5-8H2/t9-/m1/s1",C10H13NO3,195.089543276,-0.5566,4.05,8.51,2.22,-150,3.9371055796884207,1,CRAFT,4,2,58.559999999999995,4,10,3,1,0.7142857142857143,0.21428571428571427,0.07142857142857142,0.5,0.1,14,1,1,0,1,1,0,0,0
Oc1[nH]nc(c1)[C@](CN)(CC#CC)N,17/000000092,"InChI=1S/C9H14N4O/c1-2-3-4-9(11,6-10)7-5-8(14)13-12-7/h5H,4,6,10-11H2,1H3,(H2,12,13,14)/t9-/m1/s1",C9H14N4O,194.116761068,-0.35860000000000064,4.05,-5.62,3.58,-170,4.587326976449553,1,CRAFT,4,4,100.94999999999999,3,9,1,4,0.6428571428571429,0.07142857142857142,0.2857142857142857,0.4444444444444444,0.1111111111111111,14,1,0,1,1,0,1,0,0
Oc1cc(nn1CCNC(=O)CN)c1c(S)cccc1CF,1/000000007,"InChI=1S/C14H17FN4O2S/c15-7-9-2-1-3-11(22)14(9)10-6-13(21)19(18-10)5-4-17-12(20)8-16/h1-3,6,21-22H,4-5,7-8,16H2,(H,17,20)",C14H17N4O2SF,324.105625004,1.0887999999999998,4.05,-3.66,24.4,-140,3.1539475690404775,1,CRAFT,6,4,93.17,6,14,2,4,0.6363636363636364,0.09090909090909091,0.18181818181818182,0.2857142857142857,0.0,22,2,0,2,1,0,1,0,0
c1nonc1C(=O)[C@H](c1nnc[nH]1)NC(=O)c1oncc1,17/000000088,"InChI=1S/C10H7N7O4/c18-8(5-3-14-21-17-5)7(9-11-4-12-16-9)15-10(19)6-1-2-13-20-6/h1-4,7H,(H,15,19)(H,11,12,16)/t7-/m1/s1",C10H7N7O4,289.05595170400005,-0.4703000000000004,4.05,0.94,3.58,-150,4.2103199574297125,1,CRAFT,9,2,152.69,5,10,4,7,0.47619047619047616,0.19047619047619047,0.3333333333333333,0.1,0.1,21,3,0,3,3,0,3,0,0
c1nnc(o1)[C@@](Cc1occc1C(=O)N)(NN)Br,17/000000023,"InChI=1S/C9H10BrN5O3/c10-9(15-12,8-14-13-4-18-8)3-6-5(7(11)16)1-2-17-6/h1-2,4,15H,3,12H2,(H2,11,16)/t9-/m1/s1",C9H10N5O3Br,314.99670127999997,0.015200000000000047,4.04,-4.84,2.22,-150,4.327117881526659,1,CRAFT,7,3,133.2,5,9,3,5,0.5,0.16666666666666666,0.2777777777777778,0.2222222222222222,0.1111111111111111,18,2,0,2,2,0,2,0,0
Sc1ccc(c2c1[C@@H](OC2=O)CF)Nc1nncs1,19/000000006,"InChI=1S/C11H8FN3O2S2/c12-3-6-9-7(18)2-1-5(8(9)10(16)17-6)14-11-15-13-4-19-11/h1-2,4,6,18H,3H2,(H,14,15)/t6-/m0/s1",C11H8N3O2S2F,297.004196716,2.7514000000000003,4.04,-4.64,2.35,-190,3.960357142649004,1,CRAFT,7,2,64.11,3,11,2,3,0.5789473684210527,0.10526315789473684,0.15789473684210525,0.18181818181818182,0.09090909090909091,19,3,1,2,2,1,1,0,0
Oc1nc(S)ncc1C#CCCCN,27/000000014,"InChI=1S/C9H11N3OS/c10-5-3-1-2-4-7-6-11-9(14)12-8(7)13/h6H,1,3,5,10H2,(H2,11,12,13,14)",C9H11N3OS,209.062282972,0.5612999999999999,4.04,-2.09,14.5,-20,3.6244225975264577,1,CRAFT,5,3,72.03,2,9,1,3,0.6428571428571429,0.07142857142857142,0.21428571428571427,0.3333333333333333,0.0,14,1,0,1,1,0,1,0,0
NN[C@H](c1n[nH]c(=S)[nH]1)/C=C\C=C\C,17/000000079,"InChI=1S/C8H13N5S/c1-2-3-4-5-6(11-9)7-10-8(14)13-12-7/h2-6,11H,9H2,1H3,(H2,10,12,13,14)/b3-2+,5-4-/t6-/m0/s1",C8H13N5S,211.08916641599998,1.10399,4.04,-2.57,3.58,-190,4.703548153652917,1,CRAFT,4,4,82.51999999999998,4,8,0,5,0.5714285714285714,0.0,0.35714285714285715,0.25,0.125,14,1,0,1,1,0,1,0,0
O[C@@H](COCCc1n[nH]c(=O)o1)C1=COCCO1,4/000000033,"InChI=1S/C10H14N2O6/c13-7(8-6-16-3-4-17-8)5-15-2-1-9-11-12-10(14)18-9/h6-7,13H,1-5H2,(H,12,14)/t7-/m0/s1",C10H14N2O6,258.085186168,-0.8289,4.04,4.35,3.7,-150,3.965565834189379,1,CRAFT,7,2,106.81000000000002,6,10,6,2,0.5555555555555556,0.3333333333333333,0.1111111111111111,0.6,0.1,18,2,1,1,2,1,1,0,0
OCC#C[C@H](/C=C/CO)c1ccnc2c1ocn2,3/000000020,"InChI=1S/C13H12N2O3/c16-7-1-3-10(4-2-8-17)11-5-6-14-13-12(11)18-9-15-13/h1,3,5-6,9-10,16-17H,7-8H2/b3-1+/t10-/m0/s1",C13H12N2O3,244.084792244,0.8505999999999998,4.04,0.55,18.6,-190,4.287462283893521,1,CRAFT,5,2,79.38000000000001,3,13,3,2,0.7222222222222222,0.16666666666666666,0.1111111111111111,0.23076923076923078,0.07692307692307693,18,2,0,2,2,0,2,0,0
NC(N)NCCCC[C@H](CN)c1nonc1,4/000000006,"InChI=1S/C9H20N6O/c10-5-7(8-6-14-16-15-8)3-1-2-4-13-9(11)12/h6-7,9,13H,1-5,10-12H2/t7-/m1/s1",C9H18N6O,228.16985925999998,-0.9271999999999996,4.04,-4.74,5.09,-150,3.942208469344614,1,CRAFT,7,4,129.01,8,9,1,6,0.5625,0.0625,0.375,0.7777777777777778,0.1111111111111111,16,1,0,1,1,0,1,0,0
C=CCN/C=C/Cc1nnc(n1CCCl)CNC,17/000000087,"InChI=1S/C12H20ClN5/c1-3-7-15-8-4-5-11-16-17-12(10-14-2)18(11)9-6-13/h3-4,8,14-15H,1,5-7,9-10H2,2H3/b8-4+",C12H20N5Cl,269.14072332,1.0680999999999998,4.04,-2.94,5.09,-80,3.5766733445439503,1,CRAFT,5,2,54.77,9,12,0,5,0.6666666666666666,0.0,0.2777777777777778,0.5,0.0,18,1,0,1,1,0,1,0,0
N1NC(=C[C@H]1CCF)C[NH2+]Cc1n[nH]cn1,21/000000001,"InChI=1S/C9H15FN6/c10-2-1-7-3-8(15-14-7)4-11-5-9-12-6-13-16-9/h3,6-7,11,14-15H,1-2,4-5H2,(H,12,13,16)/p+1/t7-/m1/s1",C9H16N6F,227.14149915208998,-1.4119999999999988,4.04,-1.36,2.22,-150,5.827399173108935,1,CRAFT,4,4,82.24,6,9,0,6,0.5625,0.0,0.375,0.5555555555555556,0.1111111111111111,16,2,1,1,2,1,1,0,0
Oc1c(Br)ccc(c1Br)[C@@H](c1ccccc1)O,20/000000005,"InChI=1S/C13H10Br2O2/c14-10-7-6-9(11(15)13(10)17)12(16)8-4-2-1-3-5-8/h1-7,12,16-17H/t12-/m1/s1",C13H10O2Br2,355.90475375999995,3.998900000000002,4.04,-5.41,11.6,-169,2.7034302092247273,1,CRAFT,2,2,40.46,2,13,2,0,0.7647058823529411,0.11764705882352941,0.0,0.07692307692307693,0.07692307692307693,17,2,0,2,0,0,0,0,0
Oc1nc(S)ncc1[C@@H](C1=COCCO1)F,4/000000030,"InChI=1S/C9H9FN2O3S/c10-7(6-4-14-1-2-15-6)5-3-11-9(16)12-8(5)13/h3-4,7H,1-2H2,(H2,11,12,13,16)/t7-/m0/s1",C9H9N2O3SF,244.031791368,1.3696999999999997,4.03,5.95,16.8,-150,4.499270007806152,1,CRAFT,6,2,64.47000000000001,2,9,3,2,0.5625,0.1875,0.125,0.3333333333333333,0.1111111111111111,16,2,1,1,2,1,1,0,0
Sc1nnc(o1)[C@H](Cc1occ(c1)C(=O)O)c1ccncc1,15/000000013,"InChI=1S/C14H11N3O4S/c18-13(19)9-5-10(20-7-9)6-11(8-1-3-15-4-2-8)12-16-17-14(22)21-12/h1-5,7,11H,6H2,(H,17,22)(H,18,19)/t11-/m1/s1",C14H11N3O4S,317.04702683200003,2.4191000000000003,4.03,-7.3,4.94,-190,3.6273780764577648,1,CRAFT,7,2,102.25,5,14,4,3,0.6363636363636364,0.18181818181818182,0.13636363636363635,0.14285714285714285,0.07142857142857142,22,3,0,3,3,0,3,0,0
OC(=O)CNC(=O)C1=C[C@H](CCO1)F,30/000000057,"InChI=1S/C8H10FNO4/c9-5-1-2-14-6(3-5)8(13)10-4-7(11)12/h3,5H,1-2,4H2,(H,10,13)(H,11,12)/t5-/m0/s1",C8H10NO4F,203.05938602,-0.1705000000000001,4.03,1.35,2.22,-150,3.472529405599351,1,CRAFT,3,2,75.63000000000001,3,8,4,1,0.5714285714285714,0.2857142857142857,0.07142857142857142,0.5,0.125,14,1,1,0,1,1,0,0,0
C=CCNC(=O)C1=CC[C@@H](CO1)Cc1cnc(nc1N)N,30/000000069,"InChI=1S/C14H19N5O2/c1-2-5-17-13(20)11-4-3-9(8-21-11)6-10-7-18-14(16)19-12(10)15/h2,4,7,9H,1,3,5-6,8H2,(H,17,20)(H4,15,16,18,19)/t9-/m1/s1",C14H19N5O2,289.15387484800004,0.4061000000000008,4.03,-5.22,3.58,-170,3.680408490569259,1,CRAFT,6,3,116.14999999999999,5,14,2,5,0.6666666666666666,0.09523809523809523,0.23809523809523808,0.35714285714285715,0.07142857142857142,21,2,1,1,2,1,1,0,0
SCCC/C=C/CC(=O)CN,28/000000025,"InChI=1S/C8H15NOS/c9-7-8(10)5-3-1-2-4-6-11/h1,3,11H,2,4-7,9H2/b3-1+",C8H15NOS,173.0874351,1.1704999999999997,4.03,-5.47,2.22,-20,3.334069567066461,1,CRAFT,3,2,43.09,6,8,1,1,0.7272727272727273,0.09090909090909091,0.09090909090909091,0.625,0.0,11,0,0,0,0,0,0,0,0
Oc1c(cc(cc1O)C=C)c1cncnc1,23/000000057,"InChI=1S/C12H10N2O2/c1-2-8-3-10(12(16)11(15)4-8)9-5-13-7-14-6-9/h2-7,15-16H,1H2",C12H10N2O2,214.07422756,2.1978,4.03,-6.94,11.0,-160,2.669791552271409,1,CRAFT,4,2,66.24000000000001,2,12,2,2,0.75,0.125,0.125,0.0,0.0,16,2,0,2,1,0,1,0,0
OC(=O)c1c(O)cc(c(c1)Cl)NC/C(=C/CC)/c1sccn1,28/000000028,"InChI=1S/C15H15ClN2O3S/c1-2-3-9(14-17-4-5-22-14)8-18-12-7-13(19)10(15(20)21)6-11(12)16/h3-7,18-19H,2,8H2,1H3,(H,20,21)/b9-3-",C15H15N2O3SCl,338.0491910200001,4.105800000000002,4.03,-5.37,5.21,-80,2.91984315542131,1,CRAFT,5,3,82.45,6,15,3,2,0.6818181818181818,0.13636363636363635,0.09090909090909091,0.2,0.0,22,2,0,2,1,0,1,0,0
Oc1c2c(ncc1C)N(CN2)CC=C,23/000000064,"InChI=1S/C10H13N3O/c1-3-4-13-6-12-8-9(14)7(2)5-11-10(8)13/h3,5,12H,1,4,6H2,2H3,(H,11,14)",C10H13N3O,191.105862036,1.4710199999999996,4.02,-4.7,11.4,-60,3.428346857881488,1,CRAFT,4,2,48.39000000000001,2,10,1,3,0.7142857142857143,0.07142857142857142,0.21428571428571427,0.3,0.0,14,2,1,1,2,1,1,0,0
OC(=O)c1c(O)cc(c(c1)Cl)NCC(=C)c1cscc1,28/000000032,"InChI=1S/C14H12ClNO3S/c1-8(9-2-3-20-7-9)6-16-12-5-13(17)10(14(18)19)4-11(12)15/h2-5,7,16-17H,1,6H2,(H,18,19)",C14H12NO3SCl,309.022641924,3.930600000000002,4.02,-6.55,3.85,-20,2.735669921265563,1,CRAFT,4,3,69.56,5,14,3,1,0.7,0.15,0.05,0.07142857142857142,0.0,20,2,0,2,1,0,1,0,0
O[C@@H](c1nnc[nH]1)/C=C/c1cocc1,24/000000031,"InChI=1S/C9H9N3O2/c13-8(9-10-6-11-12-9)2-1-7-3-4-14-5-7/h1-6,8,13H,(H,10,11,12)/b2-1+/t8-/m1/s1",C9H9N3O2,191.069476528,1.1445,4.02,6.81,2.22,-150,4.143003544041141,1,CRAFT,4,2,74.94,3,9,2,3,0.6428571428571429,0.14285714285714285,0.21428571428571427,0.1111111111111111,0.1111111111111111,14,2,0,2,2,0,2,0,0
c1nccc(n1)CSCc1nnc([nH]1)SC/C=C/C[NH3+],11/000000015,"InChI=1S/C12H16N6S2/c13-4-1-2-6-20-12-16-11(17-18-12)8-19-7-10-3-5-14-9-15-10/h1-3,5,9H,4,6-8,13H2,(H,16,17,18)/p+1/b2-1+",C12H17N6S2,309.09506296409006,0.9182999999999999,4.02,-1.14,21.8,-20,3.942440697607865,1,CRAFT,6,2,94.99,8,12,0,6,0.6,0.0,0.3,0.3333333333333333,0.0,20,2,0,2,2,0,2,0,0
c1ccc(c(c1ONCBr)CN)I,18/000000006,"InChI=1S/C8H10BrIN2O/c9-5-12-13-8-3-1-2-7(10)6(8)4-11/h1-3,12H,4-5,11H2",C8H10N2OBrI,355.90212304,1.9857,4.02,-2.39,11.0,0,3.5167666730857494,1,CRAFT,3,2,47.28,4,8,1,2,0.6153846153846154,0.07692307692307693,0.15384615384615385,0.25,0.0,13,1,0,1,0,0,0,0,0
O=NCCOC(=O)[C@@H](c1nc([nH]c1)S)c1nnc[nH]1,17/000000011,"InChI=1S/C9H10N6O3S/c16-8(18-2-1-13-17)6(7-11-4-12-15-7)5-3-10-9(19)14-5/h3-4,6H,1-2H2,(H2,10,14,19)(H,11,12,15)/t6-/m0/s1",C9H10N6O3S,282.05350918,0.25799999999999995,4.02,-2.68,3.33,-150,4.7212750913669534,1,CRAFT,8,3,125.97999999999999,6,9,3,6,0.47368421052631576,0.15789473684210525,0.3157894736842105,0.3333333333333333,0.1111111111111111,19,2,0,2,2,0,2,0,0
Oc1c(cc(cc1[C@@H](CS)NC)CON)CO,30/000000029,"InChI=1S/C11H18N2O3S/c1-13-10(6-17)9-3-7(5-16-12)2-8(4-14)11(9)15/h2-3,10,13-15,17H,4-6,12H2,1H3/t10-/m1/s1",C11H18N2O3S,258.103813436,0.46510000000000024,4.01,-3.48,14.3,-170,3.6054519270074064,1,CRAFT,6,5,87.74,6,11,3,2,0.6470588235294118,0.17647058823529413,0.11764705882352941,0.45454545454545453,0.09090909090909091,17,1,0,1,0,0,0,0,0
N(C(=O)Cc1ccoc1C/C=C/c1n[nH]c(=S)o1)N,29/000000009,"InChI=1S/C11H12N4O3S/c12-13-9(16)6-7-4-5-17-8(7)2-1-3-10-14-15-11(19)18-10/h1,3-5H,2,6,12H2,(H,13,16)(H,15,19)/b3-1+",C11H12N4O3S,280.063011244,1.1134899999999996,4.01,-3.49,3.72,-20,3.649302789678364,1,CRAFT,6,3,110.08,5,11,3,4,0.5789473684210527,0.15789473684210525,0.21052631578947367,0.18181818181818182,0.0,19,2,0,2,2,0,2,0,0
NCCCc1[nH]nc(c1Cl)/C=C/[C@H]1C[NH2+]CC[NH2+]1,2/000000003,"InChI=1S/C12H20ClN5/c13-12-10(2-1-5-14)17-18-11(12)4-3-9-8-15-6-7-16-9/h3-4,9,15-16H,1-2,5-8,14H2,(H,17,18)/p+2/b4-3+/t9-/m0/s1",C12H22N5Cl,271.15527622418,-1.5233999999999972,4.01,-2.56,3.58,-190,5.580583881526658,1,CRAFT,2,4,87.92,5,12,0,5,0.6666666666666666,0.0,0.2777777777777778,0.5833333333333334,0.08333333333333333,18,2,1,1,2,1,1,0,0
OC(=O)[C@@H](C/C=C\c1n[nH]c(=S)o1)c1cnc2c(c1)[nH]cn2,29/000000002,"InChI=1S/C13H11N5O3S/c19-12(20)8(2-1-3-10-17-18-13(22)21-10)7-4-9-11(14-5-7)16-6-15-9/h1,3-6,8H,2H2,(H,18,22)(H,19,20)(H,14,15,16)/b3-1-/t8-/m0/s1",C13H11N5O3S,317.0582602120001,2.2751900000000003,4.01,-3.95,3.58,-190,4.01542203250172,1,CRAFT,6,3,120.68999999999998,5,13,3,5,0.5909090909090909,0.13636363636363635,0.22727272727272727,0.15384615384615385,0.07692307692307693,22,3,0,3,3,0,3,0,0
OC(=O)C1=C(NOC1)CC#C/C=C/C(=O)C1CCCC1,21/000000012,"InChI=1S/C15H17NO4/c17-14(11-6-4-5-7-11)9-3-1-2-8-13-12(15(18)19)10-20-16-13/h3,9,11,16H,4-8,10H2,(H,18,19)/b9-3+",C15H17NO4,275.115758024,1.5689000000000002,4.01,2.65,22.4,-150,3.7408283459987257,1,CRAFT,4,2,75.63,4,15,4,1,0.75,0.2,0.05,0.4666666666666667,0.0,20,2,2,0,1,1,0,0,0
OCC1=CCC=C1[C@H](c1ccc(c(c1Br)O)Br)O,20/000000008,"InChI=1S/C13H12Br2O3/c14-10-5-4-9(11(15)13(10)18)12(17)8-3-1-2-7(8)6-16/h2-5,12,16-18H,1,6H2/t12-/m1/s1",C13H12O3Br2,373.915318444,3.1994000000000016,4.01,-6.62,2.22,-150,3.935244713551775,1,CRAFT,3,3,60.69,3,13,3,0,0.7222222222222222,0.16666666666666666,0.0,0.23076923076923078,0.07692307692307693,18,2,1,1,0,0,0,0,0
N(C(=O)NCc1csc(c1)Cl)c1ccc2c(c1)OCCC2,26/000000005,"InChI=1S/C15H15ClN2O2S/c16-14-6-10(9-21-14)8-17-15(19)18-12-4-3-11-2-1-5-20-13(11)7-12/h3-4,6-7,9H,1-2,5,8H2,(H2,17,18,19)",C15H15N2O2SCl,322.0542764,4.048200000000002,4.01,4.14,21.0,-80,2.433471867594843,1,CRAFT,3,2,50.36,3,15,2,2,0.7142857142857143,0.09523809523809523,0.09523809523809523,0.26666666666666666,0.0,21,3,1,2,2,1,1,0,0
OC/C(=C\C=C)/[C@H](c1nnc[nH]1)O,24/000000051,"InChI=1S/C8H11N3O2/c1-2-3-6(4-12)7(13)8-9-5-10-11-8/h2-3,5,7,12-13H,1,4H2,(H,9,10,11)/b6-3+/t7-/m1/s1",C8H11N3O2,181.085126592,-0.05720000000000003,4.01,6.2,2.22,-150,4.706069744005108,1,CRAFT,4,3,82.03,4,8,2,3,0.6153846153846154,0.15384615384615385,0.23076923076923078,0.25,0.125,13,1,0,1,1,0,1,0,0
C(=C\[C@H](c1nnc[nH]1)N)/CCC,24/000000084,"InChI=1S/C8H14N4/c1-2-3-4-5-7(9)8-10-6-11-12-8/h4-7H,2-3,9H2,1H3,(H,10,11,12)/b5-4+/t7-/m1/s1",C8H14N4,166.12184644799999,1.1608000000000003,4.01,6.98,3.58,-170,4.213199835947106,1,CRAFT,3,2,67.59,4,8,0,4,0.6666666666666666,0.0,0.3333333333333333,0.5,0.125,12,1,0,1,1,0,1,0,0
OC[C@H](c1cc2[nH]ccc2cc1N(=O)=O)F,27/000000005,"InChI=1S/C10H9FN2O3/c11-8(5-14)7-4-9-6(1-2-12-9)3-10(7)13(15)16/h1-4,8,12,14H,5H2/t8-/m1/s1",C10H9N2O3F,224.059720368,2.0789999999999997,4.01,-4.54,16.7,-190,3.400871825987972,1,CRAFT,3,2,79.16,3,10,3,2,0.625,0.1875,0.125,0.2,0.1,16,2,0,2,1,0,1,0,0
OCc1c(S)c(ncc1S)N,13/000000035,"InChI=1S/C6H8N2OS2/c7-6-5(11)3(2-9)4(10)1-8-6/h1,9-11H,2H2,(H2,7,8)",C6H8N2OS2,188.007804876,0.7335,4.0,6.91,1.11,0,3.6984056413370183,1,CRAFT,5,4,59.14,1,6,1,2,0.5454545454545454,0.09090909090909091,0.18181818181818182,0.16666666666666666,0.0,11,1,0,1,1,0,1,0,0
O[C@@H](Cc1n[nH]c(=O)[nH]1)/C=C\CBr,8/000000008,"InChI=1S/C7H10BrN3O2/c8-3-1-2-5(12)4-6-9-7(13)11-10-6/h1-2,5,12H,3-4H2,(H2,9,10,11,13)/b2-1-/t5-/m1/s1",C7H10N3O2Br,246.99563866,-0.0475000000000001,4.0,7.93,2.22,-150,4.174388974774339,1,CRAFT,3,3,81.77000000000001,4,7,2,3,0.5384615384615384,0.15384615384615385,0.23076923076923078,0.42857142857142855,0.14285714285714285,13,1,0,1,1,0,1,0,0
c1c(F)cc(cc1[C@H](c1nnc[nH]1)N)F,24/000000088,"InChI=1S/C9H8F2N4/c10-6-1-5(2-7(11)3-6)8(12)9-13-4-14-15-9/h1-4,8H,12H2,(H,13,14,15)/t8-/m1/s1",C9H8N4F2,210.071702696,1.131,4.0,7.4,17.0,-150,3.4752625633496503,1,CRAFT,3,2,67.59,2,9,0,4,0.6,0.0,0.26666666666666666,0.1111111111111111,0.1111111111111111,15,2,0,2,1,0,1,0,0
Sc1nnc(o1)[C@@](CCC)(NNCN)F,23/000000022,"InChI=1S/C7H14FN5OS/c1-2-3-7(8,13-10-4-9)5-11-12-6(15)14-5/h10,13H,2-4,9H2,1H3,(H,12,15)/t7-/m1/s1",C7H14N5OSF,235.090309288,0.2911000000000001,4.0,-0.91,20.8,-170,4.6591476343761835,1,CRAFT,7,4,89.0,6,7,1,5,0.4666666666666667,0.06666666666666667,0.3333333333333333,0.7142857142857143,0.14285714285714285,15,1,0,1,1,0,1,0,0
OCCCC[NH2+]C[C@H](c1nnc[nH]1)N,24/000000083,"InChI=1S/C8H17N5O/c9-7(8-11-6-12-13-8)5-10-3-1-2-4-14/h6-7,10,14H,1-5,9H2,(H,11,12,13)/p+1/t7-/m1/s1",C8H18N5O,200.15058661608998,-1.8595999999999968,4.0,5.39,2.22,-150,5.009351733534574,1,CRAFT,4,4,104.42999999999999,7,8,1,5,0.5714285714285714,0.07142857142857142,0.35714285714285715,0.75,0.125,14,1,0,1,1,0,1,0,0
Sc1cccc(c1C#C[C@H](CCN)S)N(=O)=O,1/000000011,"InChI=1S/C11H12N2O2S2/c12-7-6-8(16)4-5-9-10(13(14)15)2-1-3-11(9)17/h1-3,8,16-17H,6-7,12H2/t8-/m1/s1",C11H12N2O2S2,268.034019624,1.8822,4.0,-5.97,19.8,-190,3.984255605937172,1,CRAFT,5,3,69.16,3,11,2,2,0.6470588235294118,0.11764705882352941,0.11764705882352941,0.2727272727272727,0.09090909090909091,17,1,0,1,0,0,0,0,0
Oc1cc(c(cc1O)C=C)CC(=O)OCC[C@@H]1ON=CC1,28/000000441,"InChI=1S/C15H17NO5/c1-2-10-7-13(17)14(18)8-11(10)9-15(19)20-6-4-12-3-5-16-21-12/h2,5,7-8,12,17-18H,1,3-4,6,9H2/t12-/m1/s1",C15H17NO5,291.11067264400003,1.9912999999999998,5.64,-0.73,3.58,-170,3.783186847805245,1,LANAPDB,6,2,88.35000000000001,6,15,5,1,0.7142857142857143,0.23809523809523808,0.047619047619047616,0.3333333333333333,0.06666666666666667,21,2,1,1,1,1,0,0,0
OCc1ccc2c(c1)cncc2/C=C/CNCCCON,26/000000003,"InChI=1S/C16H21N3O2/c17-21-8-2-7-18-6-1-3-14-10-19-11-15-9-13(12-20)4-5-16(14)15/h1,3-5,9-11,18,20H,2,6-8,12,17H2/b3-1+",C16H21N3O2,287.16337691200005,1.6102999999999998,5.32,-1.54,15.4,-80,2.8448864955897992,1,LANAPDB,5,3,80.4,8,16,2,3,0.7619047619047619,0.09523809523809523,0.14285714285714285,0.3125,0.0,21,2,0,2,1,0,1,0,0
S[C@@H](CCSCc1cc(O)c(cc1C=C)O)C,28/000000227,"InChI=1S/C13H18O2S2/c1-3-10-6-12(14)13(15)7-11(10)8-17-5-4-9(2)16/h3,6-7,9,14-16H,1,4-5,8H2,2H3/t9-/m1/s1",C13H18O2S2,270.074821816,3.682400000000002,5.14,-0.45,15.0,-170,3.647468983863593,1,LANAPDB,4,3,40.46,6,13,2,0,0.7647058823529411,0.11764705882352941,0.0,0.38461538461538464,0.07692307692307693,17,1,0,1,0,0,0,0,0
Sc1nnc(s1)[C@H](/C=C\C)c1c(C=C)cc(c(c1)O)O,28/000000353,"InChI=1S/C14H14N2O2S2/c1-3-5-9(13-15-16-14(19)20-13)10-7-12(18)11(17)6-8(10)4-2/h3-7,9,17-18H,2H2,1H3,(H,16,19)/b5-3-/t9-/m1/s1",C14H14N2O2S2,306.04966968799994,3.589000000000002,5.09,-5.95,23.0,-190,4.216572712464643,1,LANAPDB,6,3,66.24000000000001,4,14,2,2,0.7,0.1,0.1,0.14285714285714285,0.07142857142857142,20,2,0,2,1,0,1,0,0
Oc1c(O)cc(c(c1)C=C)C/C=C\Cc1cnc2c(c1)cn[nH]2,28/000000155,"InChI=1S/C18H17N3O2/c1-2-13-8-16(22)17(23)9-14(13)6-4-3-5-12-7-15-11-20-21-18(15)19-10-12/h2-4,7-11,22-23H,1,5-6H2,(H,19,20,21)/b4-3-",C18H17N3O2,307.1320767840001,3.353500000000002,5.08,-5.08,5.09,-100,3.220322989757051,1,LANAPDB,4,3,82.03,5,18,2,3,0.782608695652174,0.08695652173913043,0.13043478260869565,0.1111111111111111,0.0,23,3,0,3,2,0,2,0,0
OC(=O)/C=C/Cc1c(Cl)nc([nH]1)c1cc(N)ccc1C(=O)O,10/000000002,"InChI=1S/C14H12ClN3O4/c15-12-10(2-1-3-11(19)20)17-13(18-12)9-6-7(16)4-5-8(9)14(21)22/h1,3-6H,2,16H2,(H,17,18)(H,19,20)(H,21,22)/b3-1+",C14H12N3O4Cl,321.05163354399997,2.1938,5.07,-5.73,23.0,-160,2.892614126417526,1,LANAPDB,4,4,129.29999999999998,5,14,4,3,0.6363636363636364,0.18181818181818182,0.13636363636363635,0.07142857142857142,0.0,22,2,0,2,1,0,1,0,0
Oc1c(O)cc(c(c1)C=C)CC(=O)OCCC/C=C\N,28/000000605,"InChI=1S/C15H19NO4/c1-2-11-8-13(17)14(18)9-12(11)10-15(19)20-7-5-3-4-6-16/h2,4,6,8-9,17-18H,1,3,5,7,10,16H2/b6-4-",C15H19NO4,277.13140808800006,2.0791,5.06,0.4,3.58,0,3.04774460658025,1,LANAPDB,5,3,92.78,7,15,4,1,0.75,0.2,0.05,0.26666666666666666,0.0,20,1,0,1,0,0,0,0,0
Oc1ccc(cc1O)C(=C)[C@H](c1nncs1)N,28/000000104,"InChI=1S/C11H11N3O2S/c1-6(10(12)11-14-13-5-17-11)7-2-3-8(15)9(16)4-7/h2-5,10,15-16H,1,12H2/t10-/m1/s1",C11H11N3O2S,249.057197592,1.6624999999999996,5.02,-7.37,2.22,-170,3.5628668704358564,1,LANAPDB,6,3,92.26,3,11,2,3,0.6470588235294118,0.11764705882352941,0.17647058823529413,0.09090909090909091,0.09090909090909091,17,2,0,2,1,0,1,0,0
Sc1nnc(s1)[C@H](/C=C\CBr)c1c(C=C)cc(c(c1)O)O,28/000000678,"InChI=1S/C14H13BrN2O2S2/c1-2-8-6-11(18)12(19)7-10(8)9(4-3-5-15)13-16-17-14(20)21-13/h2-4,6-7,9,18-19H,1,5H2,(H,17,20)/b4-3-/t9-/m1/s1",C14H13N2O2S2Br,383.960181756,3.9640000000000026,4.99,-5.13,24.7,-170,4.373582235118107,1,LANAPDB,6,3,66.24000000000001,5,14,2,2,0.6666666666666666,0.09523809523809523,0.09523809523809523,0.14285714285714285,0.07142857142857142,21,2,0,2,1,0,1,0,0
Oc1cc(c(cc1O)C(=C)CN)C(=O)CCCc1nnc[nH]1,28/000000636,"InChI=1S/C15H18N4O3/c1-9(7-16)10-5-13(21)14(22)6-11(10)12(20)3-2-4-15-17-8-18-19-15/h5-6,8,21-22H,1-4,7,16H2,(H,17,18,19)",C15H18N4O3,302.137890436,1.3934,4.98,-7.65,4.94,-20,3.4229215917390903,1,LANAPDB,6,4,125.12,7,15,3,4,0.6818181818181818,0.13636363636363635,0.18181818181818182,0.26666666666666666,0.0,22,2,0,2,1,0,1,0,0
Oc1cc(c(cc1O)C=C)CC(=O)OCCc1sncn1,28/000000620,"InChI=1S/C14H14N2O4S/c1-2-9-5-11(17)12(18)6-10(9)7-14(19)20-4-3-13-15-8-16-21-13/h2,5-6,8,17-18H,1,3-4,7H2",C14H14N2O4S,306.06742792800003,1.9206999999999994,4.98,0.48,3.58,-20,3.142483776885885,1,LANAPDB,7,2,92.54,6,14,4,2,0.6666666666666666,0.19047619047619047,0.09523809523809523,0.21428571428571427,0.0,21,2,0,2,1,0,1,0,0
Oc1c(O)cc(c(c1)C=C)COCC[C@H](CC)CO,28/000000343,"InChI=1S/C15H22O4/c1-3-11(9-16)5-6-19-10-13-8-15(18)14(17)7-12(13)4-2/h4,7-8,11,16-18H,2-3,5-6,9-10H2,1H3/t11-/m0/s1",C15H22O4,266.151809184,2.666000000000001,4.97,-5.96,3.72,-190,3.305902310301864,1,LANAPDB,4,3,69.92,8,15,4,0,0.7894736842105263,0.21052631578947367,0.0,0.4666666666666667,0.06666666666666667,19,1,0,1,0,0,0,0,0
Oc1cc(c(cc1O)C=C)[C@H](c1n[nH]c(=S)[nH]1)SCCNN,28/000000664,"InChI=1S/C13H17N5O2S2/c1-2-7-5-9(19)10(20)6-8(7)11(22-4-3-15-14)12-16-13(21)18-17-12/h2,5-6,11,15,19-20H,1,3-4,14H2,(H2,16,17,18,21)/t11-/m1/s1",C13H17N5O2S2,339.0823667840001,1.8073899999999998,4.91,-4.99,24.3,-170,4.339219870729066,1,LANAPDB,7,6,122.98,7,13,2,5,0.5909090909090909,0.09090909090909091,0.22727272727272727,0.23076923076923078,0.07692307692307693,22,2,0,2,1,0,1,0,0
Sc1nnc(s1)[C@H](NCCO)/C=C\Cc1c(C=C)cc(c(c1)O)O,28/000000479,"InChI=1S/C16H19N3O3S2/c1-2-10-8-13(21)14(22)9-11(10)4-3-5-12(17-6-7-20)15-18-19-16(23)24-15/h2-3,5,8-9,12,17,20-22H,1,4,6-7H2,(H,19,23)/b5-3-/t12-/m1/s1",C16H19N3O3S2,365.08678346799996,2.302900000000001,4.91,-6.82,5.09,-190,4.242131512107999,1,LANAPDB,8,5,98.50000000000001,8,16,3,3,0.6666666666666666,0.125,0.125,0.25,0.0625,24,2,0,2,1,0,1,0,0
Oc1c(O)cc(c(c1)C=C)CC(=O)OCCc1occc1,28/000000476,"InChI=1S/C16H16O5/c1-2-11-8-14(17)15(18)9-12(11)10-16(19)21-7-5-13-4-3-6-20-13/h2-4,6,8-9,17-18H,1,5,7,10H2",C16H16O5,288.09977361200004,2.6622000000000003,4.91,0.21,3.58,-20,2.6797828642392094,1,LANAPDB,5,2,79.9,6,16,5,0,0.7619047619047619,0.23809523809523808,0.0,0.1875,0.0,21,2,0,2,1,0,1,0,0
Oc1cc(c(cc1O)C=C)[C@H](CC)/C=C\Cc1n[nH]cn1,28/000000435,"InChI=1S/C16H19N3O2/c1-3-11(6-5-7-16-17-10-18-19-16)13-9-15(21)14(20)8-12(13)4-2/h4-6,8-11,20-21H,2-3,7H2,1H3,(H,17,18,19)/b6-5-/t11-/m1/s1",C16H19N3O2,285.14772684800005,3.1514000000000006,4.9,-4.43,19.7,-170,4.293835348457135,1,LANAPDB,4,3,82.03,6,16,2,3,0.7619047619047619,0.09523809523809523,0.14285714285714285,0.25,0.0625,21,2,0,2,1,0,1,0,0
c1nc(sc1CONCc1cc2cccc3c2c(c1)CC3)NCBr,19/000000074,"InChI=1S/C18H18BrN3OS/c19-11-21-18-20-9-16(24-18)10-23-22-8-12-6-14-3-1-2-13-4-5-15(7-12)17(13)14/h1-3,6-7,9,22H,4-5,8,10-11H2,(H,20,21)",C18H18N3OSBr,403.035395296,4.380600000000003,4.9,-1.47,21.3,-180,3.145640387955349,1,LANAPDB,5,2,46.18,7,18,1,3,0.75,0.041666666666666664,0.125,0.2777777777777778,0.0,24,4,1,3,1,0,1,0,0
Oc1cc(c(cc1O)C=C)C/C=C\Cc1n[nH]c(n1)CNC(=O)N,28/000000474,"InChI=1S/C16H19N5O3/c1-2-10-7-12(22)13(23)8-11(10)5-3-4-6-14-19-15(21-20-14)9-18-16(17)24/h2-4,7-8,22-23H,1,5-6,9H2,(H3,17,18,24)(H,19,20,21)/b4-3-",C16H19N5O3,329.148789468,1.3685999999999994,4.88,-8.87,5.09,-40,3.3732396926237733,1,LANAPDB,5,5,137.15,7,16,3,5,0.6666666666666666,0.125,0.20833333333333334,0.1875,0.0,24,2,0,2,1,0,1,0,0
Oc1cc(c(cc1O)C=C)C/C=C/[C@H]1C=CCOC1,28/000000316,"InChI=1S/C16H18O3/c1-2-13-9-15(17)16(18)10-14(13)7-3-5-12-6-4-8-19-11-12/h2-6,9-10,12,17-18H,1,7-8,11H2/b5-3+/t12-/m0/s1",C16H18O3,258.12559443600003,3.0421000000000014,4.87,-1.38,3.58,-150,4.122480219572081,1,LANAPDB,3,2,49.69,4,16,3,0,0.8421052631578947,0.15789473684210525,0.0,0.25,0.0625,19,2,1,1,1,1,0,0,0
Oc1cccc(c1C(=O)C/C=C\[C@H](C1=NN=CNC1)N)O,17/000000011,"InChI=1S/C14H16N4O3/c15-9(10-7-16-8-17-18-10)3-1-4-11(19)14-12(20)5-2-6-13(14)21/h1-3,5-6,8-9,20-21H,4,7,15H2,(H,16,17)/b3-1-/t9-/m1/s1",C14H16N4O3,288.12224037199996,0.5415999999999999,4.87,2.21,3.58,-150,4.30381631325505,1,LANAPDB,7,4,120.3,5,14,3,4,0.6666666666666666,0.14285714285714285,0.19047619047619047,0.21428571428571427,0.07142857142857142,21,2,1,1,1,1,0,0,0
Oc1cc(c(cc1O)C=C)[C@H](C(=O)OC)N(=O)=O,28/000000320,"InChI=1S/C11H11NO6/c1-3-6-4-8(13)9(14)5-7(6)10(12(16)17)11(15)18-2/h3-5,10,13-14H,1H2,2H3/t10-/m1/s1",C11H11NO6,253.058637072,1.2315999999999998,4.86,-3.21,17.4,-190,3.544436991182959,1,LANAPDB,6,2,109.9,4,11,6,1,0.6111111111111112,0.3333333333333333,0.05555555555555555,0.18181818181818182,0.09090909090909091,18,1,0,1,0,0,0,0,0
Oc1cc(c(cc1O)C=C)[C@](c1n[nH]c(=S)[nH]1)(SC)F,28/000000432,"InChI=1S/C12H12FN3O2S2/c1-3-6-4-8(17)9(18)5-7(6)12(13,20-2)10-14-11(19)16-15-10/h3-5,17-18H,1H2,2H3,(H2,14,15,16,19)/t12-/m1/s1",C12H12N3O2S2F,313.035496844,3.0550900000000007,4.82,-6.05,23.6,-190,4.31519578938772,1,LANAPDB,5,4,84.93,4,12,2,3,0.6,0.1,0.15,0.16666666666666666,0.08333333333333333,20,2,0,2,1,0,1,0,0
Oc1cc(c(cc1O)C=C)[C@@H](/C=C\CC[NH3+])c1nnc(s1)S,28/000000650,"InChI=1S/C15H17N3O2S2/c1-2-9-7-12(19)13(20)8-11(9)10(5-3-4-6-16)14-17-18-15(21)22-14/h2-3,5,7-8,10,19-20H,1,4,6,16H2,(H,18,21)/p+1/b5-3-/t10-/m1/s1",C15H18N3O2S2,336.08349523608996,2.2011,4.81,-5.58,25.0,-170,4.724951018270049,1,LANAPDB,6,4,93.88,6,15,2,3,0.6818181818181818,0.09090909090909091,0.13636363636363635,0.2,0.06666666666666667,22,2,0,2,1,0,1,0,0
ONC(=O)[C@@H](c1cc(O)c(cc1C=C)O)/C=C\Cc1n[nH]cn1,28/000000438,"InChI=1S/C15H16N4O4/c1-2-9-6-12(20)13(21)7-11(9)10(15(22)19-23)4-3-5-14-16-8-17-18-14/h2-4,6-8,10,20-21,23H,1,5H2,(H,19,22)(H,16,17,18)/b4-3-/t10-/m1/s1",C15H16N4O4,316.11715499200005,1.2467999999999997,4.81,-5.23,23.9,-170,4.375939478508577,1,LANAPDB,6,5,131.36,6,15,4,4,0.6521739130434783,0.17391304347826086,0.17391304347826086,0.13333333333333333,0.06666666666666667,23,2,0,2,1,0,1,0,0
Oc1cc(c(cc1O)C=C)[C@H](CCl)/C=C\Cc1cnc[nH]1,28/000000600,"InChI=1S/C16H17ClN2O2/c1-2-11-6-15(20)16(21)7-14(11)12(8-17)4-3-5-13-9-18-10-19-13/h2-4,6-7,9-10,12,20-21H,1,5,8H2,(H,18,19)/b4-3-/t12-/m0/s1",C16H17N2O2Cl,304.0978554640001,3.585200000000002,4.79,-3.65,5.09,-150,3.969541997740055,1,LANAPDB,3,3,69.14,6,16,2,2,0.7619047619047619,0.09523809523809523,0.09523809523809523,0.1875,0.0625,21,2,0,2,1,0,1,0,0
Oc1c(O)ccc(c1c1nnn[nH]1)C(=C)CN,28/000000218,"InChI=1S/C10H11N5O2/c1-5(4-11)6-2-3-7(16)9(17)8(6)10-12-14-15-13-10/h2-3,16-17H,1,4,11H2,(H,12,13,14,15)",C10H11N5O2,233.091274592,0.2497999999999997,4.79,-7.7,18.5,-180,3.41916412684874,1,LANAPDB,6,4,120.94000000000001,3,10,2,5,0.5882352941176471,0.11764705882352941,0.29411764705882354,0.1,0.0,17,2,0,2,1,0,1,0,0
S[C@@H](CCSCc1cc(O)c(cc1C=C)O)CNCC#C,28/000000673,"InChI=1S/C16H21NO2S2/c1-3-6-17-10-14(20)5-7-21-11-13-9-16(19)15(18)8-12(13)4-2/h1,4,8-9,14,17-20H,2,5-7,10-11H2/t14-/m0/s1",C16H21NO2S2,323.10137091200005,2.885300000000001,4.79,1.5,21.0,-180,4.018879582598212,1,LANAPDB,5,4,52.49,9,16,2,1,0.7619047619047619,0.09523809523809523,0.047619047619047616,0.375,0.0625,21,1,0,1,0,0,0,0,0
Oc1cc(cc(c1O)N=O)C(=C)CN,28/000000289,"InChI=1S/C9H10N2O3/c1-5(4-10)6-2-7(11-14)9(13)8(12)3-6/h2-3,12-13H,1,4,10H2",C9H10N2O3,194.06914218,1.4675999999999998,4.78,-6.28,13.2,-20,3.4275928518044037,1,LANAPDB,5,3,95.91,3,9,3,2,0.6428571428571429,0.21428571428571427,0.14285714285714285,0.1111111111111111,0.0,14,1,0,1,0,0,0,0,0
Oc1cc(c(cc1O)C=C)[C@H](S(=O)=O)/C=C\CN(=O)=O,28/000000515,"InChI=1S/C12H13NO6S/c1-2-8-6-10(14)11(15)7-9(8)12(20(18)19)4-3-5-13(16)17/h2-4,6-7,12,14-15,20H,1,5H2/b4-3-/t12-/m1/s1",C12H13NO6S,299.046358136,1.2262,4.77,-4.48,21.1,-150,4.579644991129374,1,LANAPDB,6,3,117.74000000000001,6,12,6,1,0.6,0.3,0.05,0.16666666666666666,0.08333333333333333,20,1,0,1,0,0,0,0,0
Oc1c(O)cc(c(c1)C=C)C/C=C/CN,28/000000380,"InChI=1S/C12H15NO2/c1-2-9-7-11(14)12(15)8-10(9)5-3-4-6-13/h2-4,7-8,14-15H,1,5-6,13H2/b4-3+",C12H15NO2,205.11027872,1.7981999999999998,4.77,-2.56,2.22,-20,3.1721237379408773,1,LANAPDB,3,3,66.48,4,12,2,1,0.8,0.13333333333333333,0.06666666666666667,0.16666666666666666,0.0,15,1,0,1,0,0,0,0,0
Oc1c(O)cc(c(c1)C=C)[C@@H](/C=C\C)C=S,28/000000157,"InChI=1S/C13H14O2S/c1-3-5-10(8-16)11-7-13(15)12(14)6-9(11)4-2/h3-8,10,14-15H,2H2,1H3/b5-3-/t10-/m0/s1",C13H14O2S,234.071450688,3.4002000000000026,4.76,-4.68,14.7,-170,4.123736340543182,1,LANAPDB,3,2,40.46,4,13,2,0,0.8125,0.125,0.0,0.15384615384615385,0.07692307692307693,16,1,0,1,0,0,0,0,0
Oc1cc(c(cc1O)C(=O)N)C(=C)CN,28/000000412,"InChI=1S/C10H12N2O3/c1-5(4-11)6-2-8(13)9(14)3-7(6)10(12)15/h2-3,13-14H,1,4,11H2,(H2,12,15)",C10H12N2O3,208.084792244,0.16859999999999997,4.75,-4.98,13.2,0,2.8873437696914905,1,LANAPDB,4,4,109.57,3,10,3,2,0.6666666666666666,0.2,0.13333333333333333,0.1,0.0,15,1,0,1,0,0,0,0,0
Sc1nnnn1[C@@H](CO)/C=C/CC=C,5/000000007,"InChI=1S/C8H12N4OS/c1-2-3-4-5-7(6-13)12-8(14)9-10-11-12/h2,4-5,7,13H,1,3,6H2,(H,9,11,14)/b5-4+/t7-/m1/s1",C8H12N4OS,212.073182004,0.6275,4.74,5.39,5.09,-150,4.441497266078953,1,LANAPDB,6,2,63.83,5,8,1,4,0.5714285714285714,0.07142857142857142,0.2857142857142857,0.375,0.125,14,1,0,1,1,0,1,0,0
O=N[C@@H](CCCC)c1cc(O)c(cc1C=C)O,28/000000135,"InChI=1S/C13H17NO3/c1-3-5-6-11(14-17)10-8-13(16)12(15)7-9(10)4-2/h4,7-8,11,15-16H,2-3,5-6H2,1H3/t11-/m0/s1",C13H17NO3,235.120843404,3.7385000000000033,4.73,-2.56,14.2,-170,3.5661168099505502,1,LANAPDB,4,2,69.89,6,13,3,1,0.7647058823529411,0.17647058823529413,0.058823529411764705,0.38461538461538464,0.07692307692307693,17,1,0,1,0,0,0,0,0
Oc1cc(c(cc1O)C=C)C/C=C/[C@H]1SCC=C1,28/000000099,"InChI=1S/C15H16O2S/c1-2-11-9-14(16)15(17)10-12(11)5-3-6-13-7-4-8-18-13/h2-4,6-7,9-10,13,16-17H,1,5,8H2/b6-3+/t13-/m1/s1",C15H16O2S,260.087100752,3.5111000000000026,4.72,-1.47,2.22,-170,4.280875962974623,1,LANAPDB,3,2,40.46,4,15,2,0,0.8333333333333334,0.1111111111111111,0.0,0.2,0.06666666666666667,18,2,1,1,1,1,0,0,0
Oc1c(O)cc(c(c1)CCCCCNCCCO)C=C,28/000000419,"InChI=1S/C16H25NO3/c1-2-13-11-15(19)16(20)12-14(13)7-4-3-5-8-17-9-6-10-18/h2,11-12,17-20H,1,3-10H2",C16H25NO3,279.18344366,2.4256,4.72,-0.79,3.58,-20,2.5852292569298996,1,LANAPDB,4,4,72.72,10,16,3,1,0.8,0.15,0.05,0.5,0.0,20,1,0,1,0,0,0,0,0
Oc1cc(c(cc1O)C=C)[C@@H](/C=C\Cc1nscc1)C(=O)O,28/000000523,"InChI=1S/C16H15NO4S/c1-2-10-8-14(18)15(19)9-13(10)12(16(20)21)5-3-4-11-6-7-22-17-11/h2-3,5-9,12,18-19H,1,4H2,(H,20,21)/b5-3-/t12-/m1/s1",C16H14NO4S,317.07217896,3.1644000000000014,4.72,-3.57,6.32,-150,4.095902090148991,1,LANAPDB,5,3,90.65,6,16,4,1,0.7272727272727273,0.18181818181818182,0.045454545454545456,0.125,0.0625,22,2,0,2,1,0,1,0,0
Oc1cc(c(cc1O)C=C)C/C=C\[C@@H](CF)c1nscc1,28/000000641,"InChI=1S/C16H16FNO2S/c1-2-11-8-15(19)16(20)9-12(11)4-3-5-13(10-17)14-6-7-21-18-14/h2-3,5-9,13,19-20H,1,4,10H2/b5-3-/t13-/m0/s1",C16H16NO2SF,305.088577972,4.049300000000002,4.72,-6.07,3.58,-170,4.280646300217238,1,LANAPDB,4,2,53.35,6,16,2,1,0.7619047619047619,0.09523809523809523,0.047619047619047616,0.1875,0.0625,21,2,0,2,1,0,1,0,0
Oc1cc(c(cc1O)C=C)[C@H](C[NH3+])/C=C\Cc1cnc[nH]1,28/000000629,"InChI=1S/C16H19N3O2/c1-2-11-6-15(20)16(21)7-14(11)12(8-17)4-3-5-13-9-18-10-19-13/h2-4,6-7,9-10,12,20-21H,1,5,8,17H2,(H,18,19)/p+1/b4-3-/t12-/m0/s1",C16H20N3O2,286.15500330009,1.5882999999999998,4.72,-4.0,19.1,-150,4.305020224597942,1,LANAPDB,3,4,96.78,6,16,2,3,0.7619047619047619,0.09523809523809523,0.14285714285714285,0.1875,0.0625,21,2,0,2,1,0,1,0,0
Oc1ccc(c(c1)C#CCCC1=CCC(=C1)CO)O,21/000000029,"InChI=1S/C16H16O3/c17-11-13-6-5-12(9-13)3-1-2-4-14-10-15(18)7-8-16(14)19/h5,7-10,17-19H,1,3,6,11H2",C16H16O3,256.10994437200003,2.4783000000000017,4.71,0.54,3.84,0,3.3751361230116963,1,LANAPDB,3,3,60.69,3,16,3,0,0.8421052631578947,0.15789473684210525,0.0,0.25,0.0,19,2,1,1,0,0,0,0,0
OC(=O)c1ccc(cc1c1cc(n(c1)CCCCO)C(=O)CN)N,10/000000030,"InChI=1S/C17H21N3O4/c18-9-16(22)15-7-11(10-20(15)5-1-2-6-21)14-8-12(19)3-4-13(14)17(23)24/h3-4,7-8,10,21H,1-2,5-6,9,18-19H2,(H,23,24)",C17H21N3O4,331.15320615200005,1.3493999999999997,4.71,-5.76,3.58,-160,2.6719188179760316,1,LANAPDB,6,4,131.57,8,17,4,3,0.7083333333333334,0.16666666666666666,0.125,0.29411764705882354,0.0,24,2,0,2,1,0,1,0,0
Oc1c(O)cc(c(c1)C=C)[C@@H](/C=C\CC1=CCCC=C1)N=O,28/000000482,"InChI=1S/C18H19NO3/c1-2-14-11-17(20)18(21)12-15(14)16(19-22)10-6-9-13-7-4-3-5-8-13/h2,4,6-8,10-12,16,20-21H,1,3,5,9H2/b10-6-/t16-/m1/s1",C18H19NO3,297.136493468,4.7710000000000035,4.7,-5.19,20.6,-190,4.3261363536644275,1,LANAPDB,4,2,69.89,6,18,3,1,0.8181818181818182,0.13636363636363635,0.045454545454545456,0.2222222222222222,0.05555555555555555,22,2,1,1,0,0,0,0,0
Oc1cc(c(cc1O)C=C)C/C=C\CCF,28/000000376,"InChI=1S/C13H15FO2/c1-2-10-8-12(15)13(16)9-11(10)6-4-3-5-7-14/h2-4,8-9,15-16H,1,5-7H2/b4-3-",C13H15O2F,222.10560794,3.1991000000000014,4.69,-2.29,2.22,0,3.195280992830849,1,LANAPDB,2,2,40.46,5,13,2,0,0.8125,0.125,0.0,0.23076923076923078,0.0,16,1,0,1,0,0,0,0,0
O=N[C@@H](c1cc(O)c(cc1C=C)O)/C=C\Cc1oncn1,28/000000496,"InChI=1S/C14H13N3O4/c1-2-9-6-12(18)13(19)7-10(9)11(17-20)4-3-5-14-15-8-16-21-14/h2-4,6-8,11,18-19H,1,5H2/b4-3-/t11-/m1/s1",C14H13N3O4,287.09060589600006,2.730200000000001,4.69,-5.72,23.4,-150,4.303703666579689,1,LANAPDB,7,2,108.81,6,14,4,3,0.6666666666666666,0.19047619047619047,0.14285714285714285,0.14285714285714285,0.07142857142857142,21,2,0,2,1,0,1,0,0
OC(=O)c1nc(n[nH]1)CNNC[C@H](C)O,21/000000005,"InChI=1S/C7H13N5O3/c1-4(13)2-8-9-3-5-10-6(7(14)15)12-11-5/h4,8-9,13H,2-3H2,1H3,(H,14,15)(H,10,11,12)/t4-/m0/s1",C7H13N5O3,215.101839276,-1.5221,4.68,8.52,19.0,-170,3.8630444448827506,1,LANAPDB,6,5,123.16000000000001,6,7,3,5,0.4666666666666667,0.2,0.3333333333333333,0.5714285714285714,0.14285714285714285,15,1,0,1,1,0,1,0,0
Oc1cc(C(=C)c2cc(S)ccc2F)c(cc1O)C=C,28/000000225,"InChI=1S/C16H13FO2S/c1-3-10-6-15(18)16(19)8-12(10)9(2)13-7-11(20)4-5-14(13)17/h3-8,18-20H,1-2H2",C16H13O2SF,288.062028876,4.230100000000001,4.67,-6.87,3.58,-20,3.131990154365796,1,LANAPDB,3,3,40.46,3,16,2,0,0.8,0.1,0.0,0.0,0.0,20,2,0,2,0,0,0,0,0
Oc1cc(c(cc1O)C=C)CC(=O)OCCc1snnc1,28/000000567,"InChI=1S/C14H14N2O4S/c1-2-9-5-12(17)13(18)6-10(9)7-14(19)20-4-3-11-8-15-16-21-11/h2,5-6,8,17-18H,1,3-4,7H2",C14H14N2O4S,306.06742792800003,1.9206999999999996,4.66,1.49,3.58,0,3.1566397090892746,1,LANAPDB,7,2,92.54,6,14,4,2,0.6666666666666666,0.19047619047619047,0.09523809523809523,0.21428571428571427,0.0,21,2,0,2,1,0,1,0,0
Oc1cc(c(cc1O)C=C)[C@@H](CBr)C=C,28/000000139,"InChI=1S/C12H13BrO2/c1-3-8-5-11(14)12(15)6-10(8)9(4-2)7-13/h3-6,9,14-15H,1-2,7H2/t9-/m1/s1",C12H13O2Br,268.009891756,3.4053000000000013,4.66,-5.12,3.58,-170,3.8732911897232754,1,LANAPDB,2,2,40.46,4,12,2,0,0.8,0.13333333333333333,0.0,0.16666666666666666,0.08333333333333333,15,1,0,1,0,0,0,0,0
SCC[C@H](C1=NN(CC1)C(=O)C1=CNC=NC1)N,19/000000007,"InChI=1S/C11H17N5OS/c12-9(2-4-18)10-1-3-16(15-10)11(17)8-5-13-7-14-6-8/h5,7,9,18H,1-4,6,12H2,(H,13,14)/t9-/m1/s1",C11H17N5OS,267.115381164,-0.2626999999999998,4.66,2.21,2.22,-150,4.770513972024396,1,LANAPDB,6,3,83.08,4,11,1,5,0.6111111111111112,0.05555555555555555,0.2777777777777778,0.5454545454545454,0.09090909090909091,18,2,2,0,2,2,0,0,0
Oc1c(O)cc(c(c1)C=C)[C@@H](/C=C\C)c1nocc1,28/000000367,"InChI=1S/C15H15NO3/c1-3-5-11(13-6-7-19-16-13)12-9-15(18)14(17)8-10(12)4-2/h3-9,11,17-18H,2H2,1H3/b5-3-/t11-/m1/s1",C15H15NO3,257.10519334,3.4368000000000025,4.65,-5.14,17.8,-170,3.9163235674192025,1,LANAPDB,4,2,66.49000000000001,4,15,3,1,0.7894736842105263,0.15789473684210525,0.05263157894736842,0.13333333333333333,0.06666666666666667,19,2,0,2,1,0,1,0,0
Oc1cc(c(cc1O)C=C)[C@@H](CCCl)C(=O)OC,28/000000217,"InChI=1S/C13H15ClO4/c1-3-8-6-11(15)12(16)7-10(8)9(4-5-14)13(17)18-2/h3,6-7,9,15-16H,1,4-5H2,2H3/t9-/m1/s1",C13H15O4Cl,270.06588664000003,2.6263000000000014,4.65,-2.9,4.69,-170,3.456410804603582,1,LANAPDB,4,2,66.76,5,13,4,0,0.7222222222222222,0.2222222222222222,0.0,0.3076923076923077,0.07692307692307693,18,1,0,1,0,0,0,0,0
Oc1cc(c(cc1O)C=C)CC(=O)OCCC=C,28/000000566,"InChI=1S/C14H16O4/c1-3-5-6-18-14(17)9-11-8-13(16)12(15)7-10(11)4-2/h3-4,7-8,15-16H,1-2,5-6,9H2",C14H16O4,248.104858992,2.4026000000000005,4.64,-1.37,2.22,0,2.780363306682654,1,LANAPDB,4,2,66.76,6,14,4,0,0.7777777777777778,0.2222222222222222,0.0,0.21428571428571427,0.0,18,1,0,1,0,0,0,0,0
O=NCCOC(=O)Cc1cc(O)c(cc1C=C)O,28/000000576,"InChI=1S/C12H13NO5/c1-2-8-5-10(14)11(15)6-9(8)7-12(16)18-4-3-13-17/h2,5-6,14-15H,1,3-4,7H2",C12H13NO5,251.079372516,1.5929,4.63,-1.51,2.22,-20,3.0668939189275504,1,LANAPDB,6,2,96.19,6,12,5,1,0.6666666666666666,0.2777777777777778,0.05555555555555555,0.25,0.0,18,1,0,1,0,0,0,0,0
Oc1c(O)cc(c(c1)C=C)CC(=O)OCCO,28/000000443,"InChI=1S/C12H14O5/c1-2-8-5-10(14)11(15)6-9(8)7-12(16)17-4-3-13/h2,5-6,13-15H,1,3-4,7H2",C12H14O5,238.084123548,0.8187999999999998,4.63,-2.26,2.22,-20,2.6668669162887166,1,LANAPDB,5,3,86.99000000000001,5,12,5,0,0.7058823529411765,0.29411764705882354,0.0,0.25,0.0,17,1,0,1,0,0,0,0,0
Oc1cc(c(cc1O)C=C)[C@H](c1n[nH]c(=S)[nH]1)SC,28/000000094,"InChI=1S/C12H13N3O2S2/c1-3-6-4-8(16)9(17)5-7(6)10(19-2)11-13-12(18)15-14-11/h3-5,10,16-17H,1H2,2H3,(H2,13,14,15,18)/t10-/m1/s1",C12H13N3O2S2,295.04491865600005,2.973890000000001,4.62,-6.26,20.9,-190,4.1841718369290835,1,LANAPDB,5,4,84.93,4,12,2,3,0.631578947368421,0.10526315789473684,0.15789473684210525,0.16666666666666666,0.08333333333333333,19,2,0,2,1,0,1,0,0
Oc1cc(c(cc1O)C=C)C/C=C\[C@H](c1nscc1)NN,28/000000465,"InChI=1S/C15H17N3O2S/c1-2-10-8-14(19)15(20)9-11(10)4-3-5-12(17-16)13-6-7-21-18-13/h2-3,5-9,12,17,19-20H,1,4,16H2/b5-3-/t12-/m1/s1",C15H17N3O2S,303.1041477840001,2.5006,4.62,-6.36,3.58,-170,4.310856730464957,1,LANAPDB,6,4,91.39999999999999,6,15,2,3,0.7142857142857143,0.09523809523809523,0.14285714285714285,0.13333333333333333,0.06666666666666667,21,2,0,2,1,0,1,0,0
Oc1c(O)cc(c(c1)C=C)C(=O)CCCc1nnc([nH]1)CO,28/000000456,"InChI=1S/C15H17N3O4/c1-2-9-6-12(21)13(22)7-10(9)11(20)4-3-5-14-16-15(8-19)18-17-14/h2,6-7,19,21-22H,1,3-5,8H2,(H,16,17,18)",C15H17N3O4,303.121906024,1.5568,4.62,-4.5,5.08,0,3.2526025501249656,1,LANAPDB,6,4,119.33,7,15,4,3,0.6818181818181818,0.18181818181818182,0.13636363636363635,0.26666666666666666,0.0,22,2,0,2,1,0,1,0,0
Oc1cc(c(cc1O)C=C)C/C=C\Cc1n[nH]c(n1)CCC,28/000000680,"InChI=1S/C17H21N3O2/c1-3-7-16-18-17(20-19-16)9-6-5-8-13-11-15(22)14(21)10-12(13)4-2/h4-6,10-11,21-22H,2-3,7-9H2,1H3,(H,18,19,20)/b6-5-",C17H21N3O2,299.163376912,3.152800000000001,4.62,-7.34,5.09,-80,3.3075516450279476,1,LANAPDB,4,3,82.03,7,17,2,3,0.7727272727272727,0.09090909090909091,0.13636363636363635,0.29411764705882354,0.0,22,2,0,2,1,0,1,0,0
Oc1cc(c(cc1O)C=C)[C@@H](CS(=O)(=O)N)C(=O)OCC,28/000000508,"InChI=1S/C13H17NO6S/c1-3-8-5-11(15)12(16)6-9(8)10(7-21(14,18)19)13(17)20-4-2/h3,5-6,10,15-16H,1,4,7H2,2H3,(H2,14,18,19)/t10-/m1/s1",C13H17NO6S,315.077658264,0.6760000000000003,4.61,-2.31,4.69,-200,3.4589760619808985,1,LANAPDB,6,3,126.92,6,13,6,1,0.6190476190476191,0.2857142857142857,0.047619047619047616,0.3076923076923077,0.07692307692307693,21,1,0,1,0,0,0,0,0
Oc1cc(c(cc1O)C=C)C(=O)CC[C@@H](CCl)c1n[nH]c(=O)[nH]1,28/000000608,"InChI=1S/C15H16ClN3O4/c1-2-8-5-12(21)13(22)6-10(8)11(20)4-3-9(7-16)14-17-15(23)19-18-14/h2,5-6,9,21-22H,1,3-4,7H2,(H2,17,18,19,23)/t9-/m0/s1",C15H16N3O4Cl,337.082933672,2.1377,4.61,-5.42,7.82,-170,3.9258582285085777,1,LANAPDB,5,4,119.07,7,15,4,3,0.6521739130434783,0.17391304347826086,0.13043478260869565,0.26666666666666666,0.06666666666666667,23,2,0,2,1,0,1,0,0
Oc1c(O)cc(c(c1)C=C)[C@@H](/C=C\C[NH2+]C)c1nocc1,28/000000570,"InChI=1S/C16H18N2O3/c1-3-11-9-15(19)16(20)10-13(11)12(5-4-7-17-2)14-6-8-21-18-14/h3-6,8-10,12,17,19-20H,1,7H2,2H3/p+1/b5-4-/t12-/m1/s1",C16H19N2O3,287.13901888809,1.6100999999999999,4.61,-3.64,19.8,-170,4.6619107069969,1,LANAPDB,4,3,83.10000000000001,6,16,3,2,0.7619047619047619,0.14285714285714285,0.09523809523809523,0.1875,0.0625,21,2,0,2,1,0,1,0,0
Oc1c(O)cc(c(c1)C=C)COCCCCO,28/000000051,"InChI=1S/C13H18O4/c1-2-10-7-12(15)13(16)8-11(10)9-17-6-4-3-5-14/h2,7-8,14-16H,1,3-6,9H2",C13H18O4,238.120509056,2.0299,4.6,-5.54,3.72,-20,2.6519487422333547,1,LANAPDB,4,3,69.92,7,13,4,0,0.7647058823529411,0.23529411764705882,0.0,0.38461538461538464,0.0,17,1,0,1,0,0,0,0,0
Oc1ccc(c(c1O)C1=CCNCN1)C(=C)CN,28/000000125,"InChI=1S/C13H17N3O2/c1-8(6-14)9-2-3-11(17)13(18)12(9)10-4-5-15-7-16-10/h2-4,15-18H,1,5-7,14H2",C13H17N3O2,247.132076784,0.5609,4.59,-8.73,3.58,-200,3.709183425991915,1,LANAPDB,5,5,90.53999999999999,3,13,2,3,0.7222222222222222,0.1111111111111111,0.16666666666666666,0.23076923076923078,0.0,18,2,1,1,1,1,0,0,0
Oc1ccc(cc1O)C(=C)[C@H](C/C=C/CCC)N,28/000000178,"InChI=1S/C15H21NO2/c1-3-4-5-6-7-13(16)11(2)12-8-9-14(17)15(18)10-12/h5-6,8-10,13,17-18H,2-4,7,16H2,1H3/b6-5+/t13-/m0/s1",C15H21NO2,247.157228912,3.1847000000000003,4.59,-8.87,2.22,-190,3.321032154682074,1,LANAPDB,3,3,66.48,6,15,2,1,0.8333333333333334,0.1111111111111111,0.05555555555555555,0.3333333333333333,0.06666666666666667,18,1,0,1,0,0,0,0,0
Oc1cc(c(cc1O)C=C)[C@H](C)/C=C\Cc1n[nH]nc1,28/000000635,"InChI=1S/C15H17N3O2/c1-3-11-7-14(19)15(20)8-13(11)10(2)5-4-6-12-9-16-18-17-12/h3-5,7-10,19-20H,1,6H2,2H3,(H,16,17,18)/b5-4-/t10-/m1/s1",C15H17N3O2,271.132076784,2.7613000000000003,4.58,-5.75,20.0,-170,3.9459521080690383,1,LANAPDB,4,3,82.03,5,15,2,3,0.75,0.1,0.15,0.2,0.06666666666666667,20,2,0,2,1,0,1,0,0
Oc1c(O)cc(c(c1)C(=O)CC[C@H](CC(=O)N)C=C)C=C,28/000000613,"InChI=1S/C16H19NO4/c1-3-10(7-16(17)21)5-6-13(18)12-9-15(20)14(19)8-11(12)4-2/h3-4,8-10,19-20H,1-2,5-7H2,(H2,17,21)/t10-/m1/s1",C16H19NO4,289.131408088,2.3813000000000004,4.58,-5.11,4.94,-180,3.590799988054826,1,LANAPDB,4,3,100.61999999999999,8,16,4,1,0.7619047619047619,0.19047619047619047,0.047619047619047616,0.25,0.0625,21,1,0,1,0,0,0,0,0
Oc1c(O)cc(c(c1)C=C)C/C=C\CCl,28/000000375,"InChI=1S/C12H13ClO2/c1-2-9-7-11(14)12(15)8-10(9)5-3-4-6-13/h2-4,7-8,14-15H,1,5-6H2/b4-3-",C12H13O2Cl,224.060407336,3.0783000000000014,4.58,-2.37,2.22,0,3.190579647884592,1,LANAPDB,2,2,40.46,4,12,2,0,0.8,0.13333333333333333,0.0,0.16666666666666666,0.0,15,1,0,1,0,0,0,0,0
Oc1cc(c(cc1O)C=C)[C@H](C(=O)OCC)C=S,28/000000611,"InChI=1S/C13H14O4S/c1-3-8-5-11(14)12(15)6-9(8)10(7-18)13(16)17-4-2/h3,5-7,10,14-15H,1,4H2,2H3/t10-/m1/s1",C13H14O4S,266.06127992800003,2.3872,4.58,-1.59,4.69,-170,3.6896723430651193,1,LANAPDB,5,2,66.76,5,13,4,0,0.7222222222222222,0.2222222222222222,0.0,0.23076923076923078,0.07692307692307693,18,1,0,1,0,0,0,0,0
Oc1cc(cc2c1SCCC2)CNNCNC/C=C/CS,17/000000038,"InChI=1S/C15H23N3OS2/c19-14-9-12(8-13-4-3-7-21-15(13)14)10-17-18-11-16-5-1-2-6-20/h1-2,8-9,16-20H,3-7,10-11H2/b2-1+",C15H23N3OS2,325.128254356,2.0578,4.57,-7.2,19.6,-140,3.853122561163569,1,LANAPDB,6,5,56.32,8,15,1,3,0.7142857142857143,0.047619047619047616,0.14285714285714285,0.4666666666666667,0.0,21,2,1,1,1,1,0,0,0
Oc1c(O)cc(c(c1)C=C)C(=O)[C@@H](CCc1nc(=O)o[nH]1)CO,28/000000573,"InChI=1S/C15H16N2O6/c1-2-8-5-11(19)12(20)6-10(8)14(21)9(7-18)3-4-13-16-15(22)23-17-13/h2,5-6,9,18-20H,1,3-4,7H2,(H,16,17,22)/t9-/m0/s1",C15H16N2O6,320.100836232,0.8411,4.57,-5.71,6.45,-170,3.812919766970115,1,LANAPDB,7,4,136.65,7,15,6,2,0.6521739130434783,0.2608695652173913,0.08695652173913043,0.26666666666666666,0.06666666666666667,23,2,0,2,1,0,1,0,0
OC(=O)C(=C)c1nc2ncc(c(c2c(=O)[nH]1)S)C(=C)C,23/000000029,"InChI=1S/C13H11N3O3S/c1-5(2)7-4-14-11-8(9(7)20)12(17)16-10(15-11)6(3)13(18)19/h4H,1,3H2,2H3,(H,18,19)(H2,14,15,16,17,20)",C13H11N3O3S,289.05211221200005,1.7377,4.57,-2.97,22.7,-160,3.523447580587373,1,LANAPDB,5,3,95.94,3,13,3,3,0.65,0.15,0.15,0.07692307692307693,0.0,20,2,0,2,2,0,2,0,0
Oc1cc(c(cc1O)C=C)[C@@H](NC)C=C,28/000000511,"InChI=1S/C12H15NO2/c1-4-8-6-11(14)12(15)7-9(8)10(5-2)13-3/h4-7,10,13-15H,1-2H2,3H3/t10-/m0/s1",C12H15NO2,205.11027872,2.1872999999999996,4.57,-3.75,11.8,-170,3.704579266646352,1,LANAPDB,3,3,52.49,4,12,2,1,0.8,0.13333333333333333,0.06666666666666667,0.16666666666666666,0.08333333333333333,15,1,0,1,0,0,0,0,0
Oc1c(O)cc(c(c1)C=C)[C@@H](/C=C\CO)C=S,28/000000526,"InChI=1S/C13H14O3S/c1-2-9-6-12(15)13(16)7-11(9)10(8-17)4-3-5-14/h2-4,6-8,10,14-16H,1,5H2/b4-3-/t10-/m0/s1",C13H14O3S,250.066365308,2.3726000000000003,4.56,-5.38,15.9,-150,4.150764636037506,1,LANAPDB,4,3,60.69,5,13,3,0,0.7647058823529411,0.17647058823529413,0.0,0.15384615384615385,0.07692307692307693,17,1,0,1,0,0,0,0,0
Oc1cc(c(cc1O)C=C)C(=O)CC[C@@H](CCCl)Br,28/000000609,"InChI=1S/C14H16BrClO3/c1-2-9-7-13(18)14(19)8-11(9)12(17)4-3-10(15)5-6-16/h2,7-8,10,18-19H,1,3-6H2/t10-/m0/s1",C14H16O3ClBr,345.997134152,4.0961000000000025,4.56,-8.02,3.58,-190,3.58738187869727,1,LANAPDB,3,2,57.53,7,14,3,0,0.7368421052631579,0.15789473684210525,0.0,0.35714285714285715,0.07142857142857142,19,1,0,1,0,0,0,0,0
Oc1ccc(cc1O)C(=C)[C@H](C1=CNCN=C1)N,28/000000199,"InChI=1S/C13H15N3O2/c1-8(9-2-3-11(17)12(18)4-9)13(14)10-5-15-7-16-6-10/h2-6,13,15,17-18H,1,7,14H2/t13-/m1/s1",C13H15N3O2,245.11642672,0.9536999999999998,4.56,-7.24,2.22,-170,4.208940958449736,1,LANAPDB,5,4,90.86999999999999,3,13,2,3,0.7222222222222222,0.1111111111111111,0.16666666666666666,0.15384615384615385,0.07692307692307693,18,2,1,1,1,1,0,0,0
Oc1c(O)cc(c(c1)C=C)[C@H](/C=C/CNc1sccn1)F,28/000000593,"InChI=1S/C15H15FN2O2S/c1-2-10-8-13(19)14(20)9-11(10)12(16)4-3-5-17-15-18-6-7-21-15/h2-4,6-9,12,19-20H,1,5H2,(H,17,18)/b4-3+/t12-/m0/s1",C15H15N2O2SF,306.08382694000005,3.8762000000000025,4.56,-5.65,22.3,-170,3.832448647022975,1,LANAPDB,5,3,65.38,6,15,2,2,0.7142857142857143,0.09523809523809523,0.09523809523809523,0.13333333333333333,0.06666666666666667,21,2,0,2,1,0,1,0,0
Sc1nnnn1[C@H](c1ccccc1)C(=O)N,5/000000005,"InChI=1S/C9H9N5OS/c10-8(15)7(6-4-2-1-3-5-6)14-9(16)11-12-13-14/h1-5,7H,(H2,10,15)(H,11,13,16)/t7-/m1/s1",C9H9N5OS,235.052780908,0.03650000000000009,4.56,6.83,19.2,-150,3.0739746231907663,1,LANAPDB,6,2,86.69,3,9,1,5,0.5625,0.0625,0.3125,0.1111111111111111,0.1111111111111111,16,2,0,2,1,0,1,0,0
Sc1ncn(n1)[C@@H](c1c(C=C)cc(c(c1)O)O)C=C,28/000000244,"InChI=1S/C13H13N3O2S/c1-3-8-5-11(17)12(18)6-9(8)10(4-2)16-7-14-13(19)15-16/h3-7,10,17-18H,1-2H2,(H,15,19)/t10-/m1/s1",C13H13N3O2S,275.072847656,2.3964000000000016,4.54,-4.79,19.5,-150,4.268332487816657,1,LANAPDB,6,3,71.17,4,13,2,3,0.6842105263157895,0.10526315789473684,0.15789473684210525,0.07692307692307693,0.07692307692307693,19,2,0,2,1,0,1,0,0
Oc1c(OCC[NH3+])cc(c(c1)C/C=C\CN(=O)=O)C=C,28/000000580,"InChI=1S/C14H18N2O4/c1-2-11-10-14(20-8-6-15)13(17)9-12(11)5-3-4-7-16(18)19/h2-4,9-10,17H,1,5-8,15H2/p+1/b4-3-",C14H19N2O4,279.13393350809,1.0312999999999999,4.54,-8.19,3.58,-40,3.913486704482347,1,LANAPDB,4,2,100.24000000000001,8,14,4,2,0.7,0.2,0.1,0.2857142857142857,0.0,20,1,0,1,0,0,0,0,0
Oc1cc(c(cc1O)C=C)[C@](CN)(C1=NCNC=N1)F,28/000000602,"InChI=1S/C13H15FN4O2/c1-2-8-3-10(19)11(20)4-9(8)13(14,5-15)12-17-6-16-7-18-12/h2-4,6,19-20H,1,5,7,15H2,(H,16,17,18)/t13-/m1/s1",C13H15N4O2F,278.11790394,0.8518000000000001,4.53,-5.9,21.0,-150,4.621401523653454,1,LANAPDB,6,4,103.23,4,13,2,4,0.65,0.1,0.2,0.23076923076923078,0.07692307692307693,20,2,1,1,1,1,0,0,0
Oc1c(O)cc(c(c1)C=C)C(=O)CC[C@@H](CCl)n1[nH]ccc1=O,28/000000440,"InChI=1S/C16H17ClN2O4/c1-2-10-7-14(21)15(22)8-12(10)13(20)4-3-11(9-17)19-16(23)5-6-18-19/h2,5-8,11,18,21-22H,1,3-4,9H2/t11-/m0/s1",C16H17N2O4Cl,336.087684704,2.6736000000000004,4.53,-5.69,6.45,-170,4.009871415321763,1,LANAPDB,5,3,95.32,7,16,4,2,0.6956521739130435,0.17391304347826086,0.08695652173913043,0.25,0.0625,23,2,0,2,1,0,1,0,0
Oc1cccc2c1C=C(C2)CNC[C@H](C1=NN=CNC1)S,17/000000008,"InChI=1S/C15H18N4OS/c20-14-3-1-2-11-4-10(5-12(11)14)6-16-8-15(21)13-7-17-9-18-19-13/h1-3,5,9,15-16,20-21H,4,6-8H2,(H,17,18)/t15-/m1/s1",C15H18N4OS,302.120132196,1.2072,4.53,4.84,21.2,-190,4.507542403835765,1,LANAPDB,6,4,69.00999999999999,5,15,1,4,0.7142857142857143,0.047619047619047616,0.19047619047619047,0.3333333333333333,0.06666666666666667,21,3,2,1,1,1,0,0,0
Oc1cc(c(cc1O)C=C)CSC[C@H]1C=CC(=O)C1,28/000000198,"InChI=1S/C15H16O3S/c1-2-11-6-14(17)15(18)7-12(11)9-19-8-10-3-4-13(16)5-10/h2-4,6-7,10,17-18H,1,5,8-9H2/t10-/m0/s1",C15H16O3S,276.082015372,3.119200000000002,4.53,-1.38,17.3,-150,3.8600141334569376,1,LANAPDB,4,2,57.53,5,15,3,0,0.7894736842105263,0.15789473684210525,0.0,0.26666666666666666,0.06666666666666667,19,2,1,1,0,0,0,0,0
Oc1cc(c(cc1O)C=C)CC(=O)OCC=C,28/000000182,"InChI=1S/C13H14O4/c1-3-5-17-13(16)8-10-7-12(15)11(14)6-9(10)4-2/h3-4,6-7,14-15H,1-2,5,8H2",C13H14O4,234.089208928,2.0124999999999997,4.53,-1.44,2.22,0,2.7601237724760086,1,LANAPDB,4,2,66.76,5,13,4,0,0.7647058823529411,0.23529411764705882,0.0,0.15384615384615385,0.0,17,1,0,1,0,0,0,0,0
O=Nc1c(ccc(c1O)O)C(=C)CN,28/000000318,"InChI=1S/C9H10N2O3/c1-5(4-10)6-2-3-7(12)9(13)8(6)11-14/h2-3,12-13H,1,4,10H2",C9H10N2O3,194.06914218,1.4675999999999998,4.52,-6.03,13.2,-20,3.3531903570019104,1,LANAPDB,5,3,95.91,3,9,3,2,0.6428571428571429,0.21428571428571427,0.14285714285714285,0.1111111111111111,0.0,14,1,0,1,0,0,0,0,0
c1ccc(cc1CNC(=O)Cc1sc(nc1)NCBr)Br,19/000000035,"InChI=1S/C13H13Br2N3OS/c14-8-18-13-17-7-11(20-13)5-12(19)16-6-9-2-1-3-10(15)4-9/h1-4,7H,5-6,8H2,(H,16,19)(H,17,18)",C13H13N3OSBr2,416.91460723600005,3.5288000000000013,4.52,0.99,3.85,0,2.5950688318286854,1,LANAPDB,4,2,54.02,6,13,1,3,0.65,0.05,0.15,0.23076923076923078,0.0,20,2,0,2,1,0,1,0,0
Oc1ccc(cc1O)C(=C)[C@H](c1nccnc1)N,28/000000188,"InChI=1S/C13H13N3O2/c1-8(9-2-3-11(17)12(18)6-9)13(14)10-7-15-4-5-16-10/h2-7,13,17-18H,1,14H2/t13-/m1/s1",C13H13N3O2,243.100776656,1.6009999999999993,4.52,-7.2,2.22,-170,3.2565748046035807,1,LANAPDB,5,3,92.26,3,13,2,3,0.7222222222222222,0.1111111111111111,0.16666666666666666,0.07692307692307693,0.07692307692307693,18,2,0,2,1,0,1,0,0
Oc1cc(c(cc1O)C=C)[C@H](COC)/C=C\Cc1cnc[nH]1,28/000000455,"InChI=1S/C17H20N2O3/c1-3-12-7-16(20)17(21)8-15(12)13(10-22-2)5-4-6-14-9-18-11-19-14/h3-5,7-9,11,13,20-21H,1,6,10H2,2H3,(H,18,19)/b5-4-/t13-/m0/s1",C17H20N2O3,300.1473925,2.992800000000001,4.51,-5.14,19.5,-170,3.8460321353021447,1,LANAPDB,4,3,78.37,7,17,3,2,0.7727272727272727,0.13636363636363635,0.09090909090909091,0.23529411764705882,0.058823529411764705,22,2,0,2,1,0,1,0,0
Oc1c(O)cc(c(c1)C=C)C/C=C\Cc1n[nH]c(n1)CN,28/000000541,"InChI=1S/C15H18N4O2/c1-2-10-7-12(20)13(21)8-11(10)5-3-4-6-14-17-15(9-16)19-18-14/h2-4,7-8,20-21H,1,5-6,9,16H2,(H,17,18,19)/b4-3-",C15H18N4O2,286.142975816,1.6589999999999996,4.51,-6.71,3.58,-40,3.4798863844478154,1,LANAPDB,5,4,108.05,6,15,2,4,0.7142857142857143,0.09523809523809523,0.19047619047619047,0.2,0.0,21,2,0,2,1,0,1,0,0
Oc1c(O)cc(c(c1)C=C)[C@@H](/C=C\C)OS(=O)=O,28/000000210,"InChI=1S/C12H14O5S/c1-3-5-12(17-18(15)16)9-7-11(14)10(13)6-8(9)4-2/h3-7,12-14,18H,2H2,1H3/b5-3-/t12-/m1/s1",C12H14O5S,270.056194548,1.9010000000000002,4.5,-4.06,17.1,-170,4.464425227680503,1,LANAPDB,5,3,83.82999999999998,5,12,5,0,0.6666666666666666,0.2777777777777778,0.0,0.16666666666666666,0.08333333333333333,18,1,0,1,0,0,0,0,0
Oc1c(O)cc(c(c1)C=C)[C@@H](/C=C\C)N=O,28/000000272,"InChI=1S/C12H13NO3/c1-3-5-10(13-16)9-7-12(15)11(14)6-8(9)4-2/h3-7,10,14-15H,2H2,1H3/b5-3-/t10-/m1/s1",C12H13NO3,219.089543276,3.1244000000000023,4.5,-4.28,14.6,-170,4.023696268986833,1,LANAPDB,4,2,69.89,4,12,3,1,0.75,0.1875,0.0625,0.16666666666666666,0.08333333333333333,16,1,0,1,0,0,0,0,0
Oc1c(O)cc(c(c1)C=C)C(=O)CCCC(CO)(F)F,28/000000310,"InChI=1S/C14H16F2O4/c1-2-9-6-12(19)13(20)7-10(9)11(18)4-3-5-14(15,16)8-17/h2,6-7,17,19-20H,1,3-5,8H2",C14H16O4F2,286.101665432,2.7214000000000014,4.5,-6.87,4.94,-150,3.1135439521403496,1,LANAPDB,4,3,77.76,7,14,4,0,0.7,0.2,0.0,0.35714285714285715,0.0,20,1,0,1,0,0,0,0,0
Oc1cc(c(cc1O)C=C)C(=O)CC[C@H](c1nc(=O)o[nH]1)C=C,28/000000461,"InChI=1S/C16H16N2O5/c1-3-9(15-17-16(22)23-18-15)5-6-12(19)11-8-14(21)13(20)7-10(11)4-2/h3-4,7-9,20-21H,1-2,5-6H2,(H,17,18,22)/t9-/m1/s1",C16H16N2O5,316.10592161200003,2.3498,4.49,-5.14,7.82,-170,4.027671415321764,1,LANAPDB,6,3,116.42000000000002,7,16,5,2,0.6956521739130435,0.21739130434782608,0.08695652173913043,0.1875,0.0625,23,2,0,2,1,0,1,0,0
Oc1ccc(cc1O)C(=C)CN,28/000000384,"InChI=1S/C9H11NO2/c1-6(5-10)7-2-3-8(11)9(12)4-7/h2-4,11-12H,1,5,10H2",C9H11NO2,165.078978592,1.0697,4.48,-5.26,2.22,0,2.574727138330914,1,LANAPDB,3,3,66.48,2,9,2,1,0.75,0.16666666666666666,0.08333333333333333,0.1111111111111111,0.0,12,1,0,1,0,0,0,0,0
OC(=O)CC[C@H](c1c(C=C)cc(c(c1)O)O)C(=O)OCC,28/000000450,"InChI=1S/C15H18O6/c1-3-9-7-12(16)13(17)8-11(9)10(5-6-14(18)19)15(20)21-4-2/h3,7-8,10,16-17H,1,4-6H2,2H3,(H,18,19)/t10-/m1/s1",C15H18O6,294.110338296,2.2523,4.48,-2.5,4.69,-200,3.1846057572855937,1,LANAPDB,5,3,104.06000000000002,7,15,6,0,0.7142857142857143,0.2857142857142857,0.0,0.3333333333333333,0.06666666666666667,21,1,0,1,0,0,0,0,0
C(=C\C[C@@H](CN)[NH3+])/c1n[nH]c(n1)C/C=C/C,29/000000032,"InChI=1S/C11H19N5/c1-2-3-6-10-14-11(16-15-10)7-4-5-9(13)8-12/h2-4,7,9H,5-6,8,12-13H2,1H3,(H,14,15,16)/p+1/b3-2+,7-4+/t9-/m0/s1",C11H20N5,222.17132206008998,-0.1041999999999994,4.48,-0.2,3.58,-190,4.9320577001138455,1,LANAPDB,3,3,95.23,6,11,0,5,0.6875,0.0,0.3125,0.45454545454545453,0.09090909090909091,16,1,0,1,1,0,1,0,0
O=N[C@@H](C1=CNC=NC1)/C=C/CC#CCc1cccc(c1)CO,19/000000017,"InChI=1S/C18H19N3O2/c22-13-16-8-5-7-15(10-16)6-3-1-2-4-9-18(21-23)17-11-19-14-20-12-17/h4-5,7-11,14,18,22H,2,6,12-13H2,(H,19,20)/b9-4+/t18-/m1/s1",C18H19N3O2,309.147726848,2.321500000000001,4.48,0.89,4.94,-190,4.379169365133147,1,LANAPDB,5,2,74.05,6,18,2,3,0.782608695652174,0.08695652173913043,0.13043478260869565,0.2777777777777778,0.05555555555555555,23,2,1,1,1,1,0,0,0
Oc1cc(c(cc1O)C=C)C/C=C\[C@@H](c1n[nH]cn1)OCC,28/000000619,"InChI=1S/C16H19N3O3/c1-3-11-8-13(20)14(21)9-12(11)6-5-7-15(22-4-2)16-17-10-18-19-16/h3,5,7-10,15,20-21H,1,4,6H2,2H3,(H,17,18,19)/b7-5-/t15-/m0/s1",C16H19N3O3,301.142641468,2.7354000000000003,4.48,-6.46,5.09,-190,4.2869160062698874,1,LANAPDB,5,3,91.26,7,16,3,3,0.7272727272727273,0.13636363636363635,0.13636363636363635,0.25,0.0625,22,2,0,2,1,0,1,0,0
ON[C@H]1C=CC(=C1)CC#CC[NH3+],10/000000018,"InChI=1S/C9H12N2O/c10-6-2-1-3-8-4-5-9(7-8)11-12/h4-5,7,9,11-12H,3,6,10H2/p+1/t9-/m0/s1",C9H13N2O,165.10223945609,-0.5346,4.47,-1.44,14.2,-150,5.488540559929006,1,LANAPDB,2,3,59.9,2,9,1,2,0.75,0.08333333333333333,0.16666666666666666,0.3333333333333333,0.1111111111111111,12,1,1,0,0,0,0,0,0
Oc1cc(c(cc1O)C=C)[C@@H](CF)C(=O)OC,28/000000121,"InChI=1S/C12H13FO4/c1-3-7-4-10(14)11(15)5-8(7)9(6-13)12(16)17-2/h3-5,9,14-15H,1,6H2,2H3/t9-/m1/s1",C12H13O4F,240.079787116,1.9668999999999999,4.47,-2.14,4.69,-170,3.522157345067608,1,LANAPDB,4,2,66.76,4,12,4,0,0.7058823529411765,0.23529411764705882,0.0,0.25,0.08333333333333333,17,1,0,1,0,0,0,0,0
S[C@H](CNCC1=Cc2c(C1)c(I)ccc2)C1=NN=CNC1,17/000000017,"InChI=1S/C15H17IN4S/c16-13-3-1-2-11-4-10(5-12(11)13)6-17-8-15(21)14-7-18-9-19-20-14/h1-4,9,15,17,21H,5-8H2,(H,18,19)/t15-/m1/s1",C15H17N4SI,412.0218655440001,2.1062,4.47,1.96,3.72,-190,4.614230424012311,1,LANAPDB,5,3,48.78,5,15,0,4,0.7142857142857143,0.0,0.19047619047619047,0.3333333333333333,0.06666666666666667,21,3,2,1,1,1,0,0,0
Oc1cc(c(cc1O)C=C)C/C=C\Cc1n[nH]c(n1)CC(=O)C,28/000000674,"InChI=1S/C17H19N3O3/c1-3-12-9-14(22)15(23)10-13(12)6-4-5-7-16-18-17(20-19-16)8-11(2)21/h3-5,9-10,22-23H,1,6-8H2,2H3,(H,18,19,20)/b5-4-",C17H19N3O3,313.14264146799997,2.3318000000000003,4.47,-7.32,5.09,-80,3.4335308787430643,1,LANAPDB,5,3,99.1,7,17,3,3,0.7391304347826086,0.13043478260869565,0.13043478260869565,0.23529411764705882,0.0,23,2,0,2,1,0,1,0,0
Oc1cc(c(cc1O)C=C)[C@@H](/C=C\Cc1cnc[nH]1)OC,28/000000531,"InChI=1S/C16H18N2O3/c1-3-11-7-14(19)15(20)8-13(11)16(21-2)6-4-5-12-9-17-10-18-12/h3-4,6-10,16,19-20H,1,5H2,2H3,(H,17,18)/b6-4-/t16-/m1/s1",C16H18N2O3,286.131742436,2.9503000000000004,4.46,-5.04,18.9,-170,3.9142324801390114,1,LANAPDB,4,3,78.37,6,16,3,2,0.7619047619047619,0.14285714285714285,0.09523809523809523,0.1875,0.0625,21,2,0,2,1,0,1,0,0
Oc1c(O)cc(c(c1)C=C)[C@@H](/C=C\CNCCO)Cl,28/000000626,"InChI=1S/C14H18ClNO3/c1-2-10-8-13(18)14(19)9-11(10)12(15)4-3-5-16-6-7-17/h2-4,8-9,12,16-19H,1,5-7H2/b4-3-/t12-/m1/s1",C14H18NO3Cl,283.097521116,2.1588000000000007,4.46,-5.19,15.9,-170,3.848767399059261,1,LANAPDB,4,4,72.72,7,14,3,1,0.7368421052631579,0.15789473684210525,0.05263157894736842,0.2857142857142857,0.07142857142857142,19,1,0,1,0,0,0,0,0
Oc1cc(c(cc1O)C=C)[C@H]([NH3+])/C=C\Cc1cnc[nH]1,28/000000624,"InChI=1S/C15H17N3O2/c1-2-10-6-14(19)15(20)7-12(10)13(16)5-3-4-11-8-17-9-18-11/h2-3,5-9,13,19-20H,1,4,16H2,(H,17,18)/p+1/b5-3-/t13-/m1/s1",C15H18N3O2,272.13935323609,1.5457999999999998,4.46,-4.82,18.5,-150,4.215761723453653,1,LANAPDB,3,4,96.78,5,15,2,3,0.75,0.1,0.15,0.13333333333333333,0.06666666666666667,20,2,0,2,1,0,1,0,0
S[C@H](CCc1n[nH]c(=O)[nH]1)C(=O)c1cc(O)c(cc1C=C)O,28/000000669,"InChI=1S/C14H15N3O4S/c1-2-7-5-9(18)10(19)6-8(7)13(20)11(22)3-4-12-15-14(21)17-16-12/h2,5-6,11,18-19,22H,1,3-4H2,(H2,15,16,17,21)/t11-/m1/s1",C14H15N3O4S,321.07832696,1.2660999999999996,4.46,-4.12,6.45,-150,4.0386118127215,1,LANAPDB,6,5,119.07000000000001,6,14,4,3,0.6363636363636364,0.18181818181818182,0.13636363636363635,0.21428571428571427,0.07142857142857142,22,2,0,2,1,0,1,0,0
Oc1c(O)cc(c(c1)C=C)Oc1ccc2c(c1)CCCO2,28/000000029,"InChI=1S/C17H16O4/c1-2-11-9-14(18)15(19)10-17(11)21-13-5-6-16-12(8-13)4-3-7-20-16/h2,5-6,8-10,18-19H,1,3-4,7H2",C17H16O4,284.104858992,3.858100000000003,4.45,-8.12,14.4,-140,2.511375928124478,1,LANAPDB,4,2,58.92,3,17,4,0,0.8095238095238095,0.19047619047619047,0.0,0.17647058823529413,0.0,21,3,1,2,1,1,0,0,0
Oc1cc(c(cc1O)C=C)C(=O)CCCCBr,28/000000296,"InChI=1S/C13H15BrO3/c1-2-9-7-12(16)13(17)8-10(9)11(15)5-3-4-6-14/h2,7-8,16-17H,1,3-6H2",C13H15O3Br,298.02045644000003,3.4887000000000024,4.45,-8.24,3.58,-20,2.781570260770323,1,LANAPDB,3,2,57.53,6,13,3,0,0.7647058823529411,0.17647058823529413,0.0,0.3076923076923077,0.0,17,1,0,1,0,0,0,0,0
Oc1c(OC/C=C\C)cc(c(c1)C(=O)CCCc1nnc[nH]1)C=C,28/000000436,"InChI=1S/C18H21N3O3/c1-3-5-9-24-17-10-13(4-2)14(11-16(17)23)15(22)7-6-8-18-19-12-20-21-18/h3-5,10-12,23H,2,6-9H2,1H3,(H,19,20,21)/b5-3-",C18H21N3O3,327.1582915320001,3.3138000000000014,4.45,-7.11,6.45,-60,3.3681945686959,1,LANAPDB,5,2,88.1,9,18,3,3,0.75,0.125,0.125,0.2777777777777778,0.0,24,2,0,2,1,0,1,0,0
Oc1cc(c(cc1O)C=C)[C@@H](CCF)SC,28/000000126,"InChI=1S/C12H15FO2S/c1-3-8-6-10(14)11(15)7-9(8)12(16-2)4-5-13/h3,6-7,12,14-15H,1,4-5H2,2H3/t12-/m1/s1",C12H15O2SF,242.07767894,3.504500000000002,4.44,-2.9,14.6,-170,3.864320598146045,1,LANAPDB,3,2,40.46,5,12,2,0,0.75,0.125,0.0,0.3333333333333333,0.08333333333333333,16,1,0,1,0,0,0,0,0
Oc1c(Cl)ccc(c1)OC(=O)COC(=O)Cc1sc(nc1)N,19/000000042,"InChI=1S/C13H11ClN2O5S/c14-9-2-1-7(3-10(9)17)21-12(19)6-20-11(18)4-8-5-16-13(15)22-8/h1-3,5,17H,4,6H2,(H2,15,16)",C13H11N2O5SCl,342.0077201320001,1.7755999999999994,4.43,0.13,3.58,0,2.572356900692432,1,LANAPDB,8,2,111.74000000000001,5,13,5,2,0.5909090909090909,0.22727272727272727,0.09090909090909091,0.15384615384615385,0.0,22,2,0,2,1,0,1,0,0
Oc1c(O)cc(c(c1)[C@@H](C=C)c1nnco1)C=C,28/000000341,"InChI=1S/C13H12N2O3/c1-3-8-5-11(16)12(17)6-10(8)9(4-2)13-15-14-7-18-13/h3-7,9,16-17H,1-2H2/t9-/m1/s1",C13H12N2O3,244.084792244,2.4417,4.42,-5.09,18.6,-150,3.9965492661420416,1,LANAPDB,5,2,79.38000000000001,4,13,3,2,0.7222222222222222,0.16666666666666666,0.1111111111111111,0.07692307692307693,0.07692307692307693,18,2,0,2,1,0,1,0,0
OC(=O)c1ccc(c(c1)C#CCCC1=CCC(=C1)CO)N,21/000000032,"InChI=1S/C17H17NO3/c18-16-8-7-15(17(20)21)10-14(16)4-2-1-3-12-5-6-13(9-12)11-19/h5,7-10,19H,1,3,6,11,18H2,(H,20,21)",C17H17NO3,283.120843404,2.3475000000000006,4.42,0.13,20.2,-20,3.206964611305702,1,LANAPDB,3,3,83.55,4,17,3,1,0.8095238095238095,0.14285714285714285,0.047619047619047616,0.23529411764705882,0.0,21,2,1,1,0,0,0,0,0
Oc1cc(c(cc1O)C=C)C(=O)CC[C@@H](CCCl)Cl,28/000000470,"InChI=1S/C14H16Cl2O3/c1-2-9-7-13(18)14(19)8-11(9)12(17)4-3-10(16)5-6-15/h2,7-8,10,18-19H,1,3-6H2/t10-/m0/s1",C14H16O3Cl2,302.04764973199997,3.940000000000002,4.42,-8.14,3.58,-190,3.5707963583352793,1,LANAPDB,3,2,57.53,7,14,3,0,0.7368421052631579,0.15789473684210525,0.0,0.35714285714285715,0.07142857142857142,19,1,0,1,0,0,0,0,0
Oc1cc(c(cc1O)C=C)C/C=C\Cc1nscc1,28/000000162,"InChI=1S/C15H15NO2S/c1-2-11-9-14(17)15(18)10-12(11)5-3-4-6-13-7-8-19-16-13/h2-4,7-10,17-18H,1,5-6H2/b4-3-",C15H15NO2S,273.08234972,3.538700000000002,4.42,-6.54,3.58,0,3.500730994806569,1,LANAPDB,4,2,53.35,5,15,2,1,0.7894736842105263,0.10526315789473684,0.05263157894736842,0.13333333333333333,0.0,19,2,0,2,1,0,1,0,0
O[C@H](C(=O)CSC)c1cc(O)c(cc1C=C)O,28/000000426,"InChI=1S/C12H14O4S/c1-3-7-4-9(13)10(14)5-8(7)12(16)11(15)6-17-2/h3-5,12-14,16H,1,6H2,2H3/t12-/m0/s1",C12H14O4S,254.061279928,1.7063,4.42,-6.83,15.3,-190,3.6445634989137616,1,LANAPDB,5,3,77.76,5,12,4,0,0.7058823529411765,0.23529411764705882,0.0,0.25,0.08333333333333333,17,1,0,1,0,0,0,0,0
OC(=O)C(=C)c1nc2ncc(c(c2c(=O)[nH]1)S)CC,23/000000004,"InChI=1S/C12H11N3O3S/c1-3-6-4-13-10-7(8(6)19)11(16)15-9(14-10)5(2)12(17)18/h4H,2-3H2,1H3,(H,17,18)(H2,13,14,15,16,19)",C12H11N3O3S,277.05211221200005,1.267,4.42,-3.71,21.1,-160,3.3964887625290423,1,LANAPDB,5,3,95.94,3,12,3,3,0.631578947368421,0.15789473684210525,0.15789473684210525,0.16666666666666666,0.0,19,2,0,2,2,0,2,0,0
Oc1c(O)cc(c(c1)C=C)C/C=C\C,28/000000394,"InChI=1S/C12H14O2/c1-3-5-6-10-8-12(14)11(13)7-9(10)4-2/h3-5,7-8,13-14H,2,6H2,1H3/b5-3-",C12H14O2,190.099379688,2.859400000000001,4.41,-3.36,2.22,-20,3.0376603427771585,1,LANAPDB,2,2,40.46,3,12,2,0,0.8571428571428571,0.14285714285714285,0.0,0.16666666666666666,0.0,14,1,0,1,0,0,0,0,0
Oc1cc(c(cc1O)C=C)C/C=C\Cc1nc(=O)cc[nH]1,28/000000050,"InChI=1S/C16H16N2O3/c1-2-11-9-13(19)14(20)10-12(11)5-3-4-6-15-17-8-7-16(21)18-15/h2-4,7-10,19-20H,1,5-6H2,(H,17,18,21)/b4-3-",C16H16N2O3,284.116092372,2.1654999999999993,4.41,-4.71,3.58,-40,3.378790686924999,1,LANAPDB,4,3,86.21000000000001,5,16,3,2,0.7619047619047619,0.14285714285714285,0.09523809523809523,0.125,0.0,21,2,0,2,1,0,1,0,0
Oc1cc(c(cc1O)C=C)C/C=C\[C@@H](c1cnc[nH]1)S=O,28/000000638,"InChI=1S/C15H16N2O3S/c1-2-10-6-13(18)14(19)7-11(10)4-3-5-15(21-20)12-8-16-9-17-12/h2-3,5-9,15,18-19,21H,1,4H2,(H,16,17)/b5-3-/t15-/m0/s1",C15H16N2O3S,304.088163372,2.2491999999999996,4.41,-7.25,3.58,-170,4.449998842590119,1,LANAPDB,4,4,86.21000000000001,6,15,3,2,0.7142857142857143,0.14285714285714285,0.09523809523809523,0.13333333333333333,0.06666666666666667,21,2,0,2,1,0,1,0,0
Oc1cc(c(cc1O)C=C)C(=O)CCCc1nnc[nH]1,28/000000235,"InChI=1S/C14H15N3O3/c1-2-9-6-12(19)13(20)7-10(9)11(18)4-3-5-14-15-8-16-17-14/h2,6-8,19-20H,1,3-5H2,(H,15,16,17)",C14H15N3O3,273.11134134,2.0645,4.41,-5.88,4.94,0,3.2713778833035256,1,LANAPDB,5,3,99.1,6,14,3,3,0.7,0.15,0.15,0.21428571428571427,0.0,20,2,0,2,1,0,1,0,0
O=N[C@@H](c1cc(O)c(cc1C=C)O)C=C,28/000000370,"InChI=1S/C11H11NO3/c1-3-7-5-10(13)11(14)6-8(7)9(4-2)12-15/h3-6,9,13-14H,1-2H2/t9-/m1/s1",C11H11NO3,205.073893212,2.7343,4.41,-4.01,14.0,-150,4.001136189723275,1,LANAPDB,4,2,69.89,4,11,3,1,0.7333333333333333,0.2,0.06666666666666667,0.09090909090909091,0.09090909090909091,15,1,0,1,0,0,0,0,0
Oc1cc(cc2c1SCCC2)COC(=O)Cc1nn[nH]c1,17/000000084,"InChI=1S/C14H15N3O3S/c18-12-5-9(4-10-2-1-3-21-14(10)12)8-20-13(19)6-11-7-15-17-16-11/h4-5,7,18H,1-3,6,8H2,(H,15,16,17)",C14H15N3O3S,305.08341234000005,1.8344999999999994,4.41,-1.19,22.5,-120,3.2945346670904296,1,LANAPDB,6,2,88.1,4,14,3,3,0.6666666666666666,0.14285714285714285,0.14285714285714285,0.35714285714285715,0.0,21,3,1,2,2,1,1,0,0
Oc1cc(c(cc1OCC)C=C)C(=O)CCCc1nnc[nH]1,28/000000591,"InChI=1S/C16H19N3O3/c1-3-11-8-15(22-4-2)14(21)9-12(11)13(20)6-5-7-16-17-10-18-19-16/h3,8-10,21H,1,4-7H2,2H3,(H,17,18,19)",C16H19N3O3,301.1426414680001,2.7576,4.4,-5.77,6.45,-20,3.1331973025961855,1,LANAPDB,5,2,88.1,8,16,3,3,0.7272727272727273,0.13636363636363635,0.13636363636363635,0.3125,0.0,22,2,0,2,1,0,1,0,0
Oc1cc(c(cc1O)C=C)C/C=C\Cc1n[nH]nc1,28/000000251,"InChI=1S/C14H15N3O2/c1-2-10-7-13(18)14(19)8-11(10)5-3-4-6-12-9-15-17-16-12/h2-4,7-9,18-19H,1,5-6H2,(H,15,16,17)/b4-3-",C14H15N3O2,257.11642672,2.2002999999999995,4.4,-5.96,3.58,0,3.418451507627081,1,LANAPDB,4,3,82.03,5,14,2,3,0.7368421052631579,0.10526315789473684,0.15789473684210525,0.14285714285714285,0.0,19,2,0,2,1,0,1,0,0
Oc1cc(c(cc1O)C=C)C/C=C\CN(=O)=O,28/000000151,"InChI=1S/C12H13NO4/c1-2-9-7-11(14)12(15)8-10(9)5-3-4-6-13(16)17/h2-4,7-8,14-15H,1,5-6H2/b4-3-",C12H13NO4,235.084457896,2.1162,4.4,-6.99,2.22,0,3.432459892877345,1,LANAPDB,4,2,83.6,5,12,4,1,0.7058823529411765,0.23529411764705882,0.058823529411764705,0.16666666666666666,0.0,17,1,0,1,0,0,0,0,0
Oc1c(O)cc(c(c1)C=C)C(=O)CCCC[C@@H](CC)O,28/000000179,"InChI=1S/C16H22O4/c1-3-11-9-15(19)16(20)10-13(11)14(18)8-6-5-7-12(17)4-2/h3,9-10,12,17,19-20H,1,4-8H2,2H3/t12-/m1/s1",C16H22O4,278.151809184,3.2548000000000026,4.4,-8.04,4.94,-190,3.1474214304133596,1,LANAPDB,4,3,77.76,8,16,4,0,0.8,0.2,0.0,0.4375,0.0625,20,1,0,1,0,0,0,0,0
Oc1cc(Oc2cc(c3nnco3)cc(c2)CN)ccc1,11/000000001,"InChI=1S/C15H13N3O3/c16-8-10-4-11(15-18-17-9-20-15)6-14(5-10)21-13-3-1-2-12(19)7-13/h1-7,9,19H,8,16H2",C15H13N3O3,283.095691276,2.6932,4.4,-5.26,18.4,-160,2.4465666973552462,1,LANAPDB,6,2,94.39999999999999,4,15,3,3,0.7142857142857143,0.14285714285714285,0.14285714285714285,0.06666666666666667,0.0,21,3,0,3,1,0,1,0,0
Oc1c(O)cc(c(c1)[C@H](c1nnc[nH]1)C=C)C=C,28/000000095,"InChI=1S/C13H13N3O2/c1-3-8-5-11(17)12(18)6-10(8)9(4-2)13-14-7-15-16-13/h3-7,9,17-18H,1-2H2,(H,14,15,16)/t9-/m1/s1",C13H13N3O2,243.100776656,2.1768,4.4,-5.24,17.0,-150,4.163835727680505,1,LANAPDB,4,3,82.03,4,13,2,3,0.7222222222222222,0.1111111111111111,0.16666666666666666,0.07692307692307693,0.07692307692307693,18,2,0,2,1,0,1,0,0
Oc1c(OC(F)F)cc(c(c1)C(=O)CCCn1[nH]ccc1=O)C=C,28/000000645,"InChI=1S/C16H16F2N2O4/c1-2-10-8-14(24-16(17)18)13(22)9-11(10)12(21)4-3-7-20-15(23)5-6-19-20/h2,5-6,8-9,16,19,22H,1,3-4,7H2",C16H16N2O4F2,338.107813432,2.7895000000000003,4.39,-6.8,6.45,-170,3.231859377416592,1,LANAPDB,5,2,84.32,8,16,4,2,0.6666666666666666,0.16666666666666666,0.08333333333333333,0.25,0.0,24,2,0,2,1,0,1,0,0
Oc1c(O)cc(c(c1)C=C)C/C=C\[C@@H](NCCO)C1=CCSS1,28/000000521,"InChI=1S/C17H21NO3S2/c1-2-12-10-15(20)16(21)11-13(12)4-3-5-14(18-7-8-19)17-6-9-22-23-17/h2-3,5-6,10-11,14,18-21H,1,4,7-9H2/b5-3-/t14-/m1/s1",C17H21NO3S2,351.096285532,3.068900000000001,4.38,-6.87,5.09,-190,4.4676733764375705,1,LANAPDB,6,4,72.72,8,17,3,1,0.7391304347826086,0.13043478260869565,0.043478260869565216,0.29411764705882354,0.058823529411764705,23,2,1,1,1,1,0,0,0
Oc1c(O)cc(c(c1)C=C)[C@H](C=C)Sc1ncc[nH]1,28/000000093,"InChI=1S/C14H14N2O2S/c1-3-9-7-11(17)12(18)8-10(9)13(4-2)19-14-15-5-6-16-14/h3-8,13,17-18H,1-2H2,(H,15,16)/t13-/m0/s1",C14H14N2O2S,274.077598688,3.4833000000000016,4.38,-5.75,19.0,-150,3.9776097793205096,1,LANAPDB,4,3,69.14,5,14,2,2,0.7368421052631579,0.10526315789473684,0.10526315789473684,0.07142857142857142,0.07142857142857142,19,2,0,2,1,0,1,0,0
Oc1cc(c(cc1O)C=C)C/C=C\COC,28/000000292,"InChI=1S/C13H16O3/c1-3-10-8-12(14)13(15)9-11(10)6-4-5-7-16-2/h3-5,8-9,14-15H,1,6-7H2,2H3/b5-4-",C13H16O3,220.109944372,2.4859,4.38,-2.46,2.22,-20,3.066798125697983,1,LANAPDB,3,2,49.69,5,13,3,0,0.8125,0.1875,0.0,0.23076923076923078,0.0,16,1,0,1,0,0,0,0,0
Oc1c(O)cc(c(c1)C(=O)CC[C@H](c1nnc[nH]1)C=C)C=C,28/000000584,"InChI=1S/C16H17N3O3/c1-3-10(16-17-9-18-19-16)5-6-13(20)12-8-15(22)14(21)7-11(12)4-2/h3-4,7-10,21-22H,1-2,5-6H2,(H,17,18,19)/t10-/m1/s1",C16H17N3O3,299.126991404,2.7916000000000007,4.38,-8.56,7.82,-170,4.090642821548739,1,LANAPDB,5,3,99.1,7,16,3,3,0.7272727272727273,0.13636363636363635,0.13636363636363635,0.1875,0.0625,22,2,0,2,1,0,1,0,0
Oc1c(O)cc(c(c1)C/C=C\CCC(=O)CNC)C=C,28/000000427,"InChI=1S/C16H21NO3/c1-3-12-9-15(19)16(20)10-13(12)7-5-4-6-8-14(18)11-17-2/h3-5,9-10,17,19-20H,1,6-8,11H2,2H3/b5-4-",C16H21NO3,275.152143532,2.4082,4.38,-6.2,5.09,-80,3.158992159027801,1,LANAPDB,4,3,69.56,8,16,3,1,0.8,0.15,0.05,0.3125,0.0,20,1,0,1,0,0,0,0,0
Oc1ccc(c(c1P(=O)(O)O)F)CC(=O)OCCC1=NN=CNC1,17/000000009,"InChI=1S/C13H15FN3O6P/c14-12-8(1-2-10(18)13(12)24(20,21)22)5-11(19)23-4-3-9-6-15-7-16-17-9/h1-2,7,18H,3-6H2,(H,15,16)(H2,20,21,22)",C13H15N3O6PF,359.0682500500001,-0.2024000000000003,4.37,-3.4,6.32,-60,3.797995041752255,1,LANAPDB,7,4,140.81000000000003,6,13,6,3,0.5416666666666666,0.25,0.125,0.3076923076923077,0.0,24,2,1,1,1,1,0,0,0
Oc1c(O)cc(c(c1)C/C=C\Cc1cc(S)ccc1F)C=C,28/000000079,"InChI=1S/C18H17FO2S/c1-2-12-10-17(20)18(21)11-13(12)5-3-4-6-14-9-15(22)7-8-16(14)19/h2-4,7-11,20-22H,1,5-6H2/b4-3-",C18H17O2SF,316.093329004,4.5100000000000025,4.37,-5.96,3.58,-40,3.200979094891675,1,LANAPDB,3,3,40.46,5,18,2,0,0.8181818181818182,0.09090909090909091,0.0,0.1111111111111111,0.0,22,2,0,2,0,0,0,0,0
Oc1cc(c(cc1O)C=C)[C@H](c1nnn[nH]1)SC,28/000000230,"InChI=1S/C11H12N4O2S/c1-3-6-4-8(16)9(17)5-7(6)10(18-2)11-12-14-15-13-11/h3-5,10,16-17H,1H2,2H3,(H,12,13,14,15)/t10-/m1/s1",C11H12N4O2S,264.068096624,1.7062999999999995,4.37,-5.13,20.2,-170,4.007091727680504,1,LANAPDB,6,3,94.92000000000002,4,11,2,4,0.6111111111111112,0.1111111111111111,0.2222222222222222,0.18181818181818182,0.09090909090909091,18,2,0,2,1,0,1,0,0
Oc1cc(c(cc1O)C=C)C(=O)CC[C@H](c1nnc[nH]1)NN,28/000000471,"InChI=1S/C14H17N5O3/c1-2-8-5-12(21)13(22)6-9(8)11(20)4-3-10(18-15)14-16-7-17-19-14/h2,5-7,10,18,21-22H,1,3-4,15H2,(H,16,17,19)/t10-/m1/s1",C14H17N5O3,303.1331394040001,1.0263999999999998,4.37,-7.35,5.08,-170,4.018007260388587,1,LANAPDB,7,5,137.15,7,14,3,5,0.6363636363636364,0.13636363636363635,0.22727272727272727,0.21428571428571427,0.07142857142857142,22,2,0,2,1,0,1,0,0
SCc1cnc2c(c1S)c(=O)[nH]c(n2)C(=C)C(=O)O,23/000000010,"InChI=1S/C11H9N3O3S2/c1-4(11(16)17)8-13-9-6(10(15)14-8)7(19)5(3-18)2-12-9/h2,18H,1,3H2,(H,16,17)(H2,12,13,14,15,19)",C11H9N3O3S2,295.00853314799997,1.1343999999999996,4.37,-3.17,23.0,-140,3.654855278366147,1,LANAPDB,6,4,95.94000000000001,3,11,3,3,0.5789473684210527,0.15789473684210525,0.15789473684210525,0.09090909090909091,0.0,19,2,0,2,2,0,2,0,0
OC(=O)C(=C)c1nc2ncc(c(c2c(=O)[nH]1)S)S,23/000000015,"InChI=1S/C10H7N3O3S2/c1-3(10(15)16)7-12-8-5(9(14)13-7)6(18)4(17)2-11-8/h2,17H,1H2,(H,15,16)(H2,11,12,13,14,18)",C10H7N3O3S2,280.992883084,0.9932999999999998,4.37,-3.99,22.4,-140,3.7076192721457617,1,LANAPDB,6,4,95.94,2,10,3,3,0.5555555555555556,0.16666666666666666,0.16666666666666666,0.0,0.0,18,2,0,2,2,0,2,0,0
Oc1cc(c(cc1O)C=C)CC(=O)OCC,28/000000132,"InChI=1S/C12H14O4/c1-3-8-5-10(13)11(14)6-9(8)7-12(15)16-4-2/h3,5-6,13-14H,1,4,7H2,2H3",C12H14O4,222.089208928,1.8463999999999998,4.36,-2.12,2.22,-20,2.512108761573735,1,LANAPDB,4,2,66.76,4,12,4,0,0.75,0.25,0.0,0.25,0.0,16,1,0,1,0,0,0,0,0
Oc1c(cc(cc1C)O)Cc1cc(O)c(cc1C=C)O,28/000000008,"InChI=1S/C16H16O4/c1-3-10-7-14(18)15(19)8-11(10)5-12-6-13(17)4-9(2)16(12)20/h3-4,6-8,17-20H,1,5H2,2H3",C16H16O4,272.104858992,3.051220000000001,4.36,-7.15,3.72,-60,2.767715795391437,1,LANAPDB,4,4,80.92,3,16,4,0,0.8,0.2,0.0,0.125,0.0,20,2,0,2,0,0,0,0,0
O[C@H](c1cc(O)c(cc1C=C)O)/C=C\Cc1cnc[nH]1,28/000000469,"InChI=1S/C15H16N2O3/c1-2-10-6-14(19)15(20)7-12(10)13(18)5-3-4-11-8-16-9-17-11/h2-3,5-9,13,18-20H,1,4H2,(H,16,17)/b5-3-/t13-/m0/s1",C15H16N2O3,272.116092372,2.2961999999999994,4.36,-6.23,6.77,-150,3.8417449652118942,1,LANAPDB,4,4,89.37,5,15,3,2,0.75,0.15,0.1,0.13333333333333333,0.06666666666666667,20,2,0,2,1,0,1,0,0
Oc1cc(c(cc1O)C=C)C/C=C/CC(=O)C,28/000000062,"InChI=1S/C14H16O3/c1-3-11-8-13(16)14(17)9-12(11)7-5-4-6-10(2)15/h3-5,8-9,16-17H,1,6-7H2,2H3/b5-4+",C14H16O3,232.109944372,2.818600000000001,4.35,-2.38,2.22,-20,3.1215144079275134,1,LANAPDB,3,2,57.53,5,14,3,0,0.8235294117647058,0.17647058823529413,0.0,0.21428571428571427,0.0,17,1,0,1,0,0,0,0,0
O[C@@H](C1=NN=CNC1)C#CCc1ccccc1,17/000000014,"InChI=1S/C13H13N3O/c17-13(12-9-14-10-15-16-12)8-4-7-11-5-2-1-3-6-11/h1-3,5-6,10,13,17H,7,9H2,(H,14,15)/t13-/m1/s1",C13H13N3O,227.105862036,0.5808999999999995,4.35,1.81,3.58,-150,3.975373960452222,1,LANAPDB,4,2,56.980000000000004,2,13,1,3,0.7647058823529411,0.058823529411764705,0.17647058823529413,0.23076923076923078,0.07692307692307693,17,2,1,1,1,1,0,0,0
Oc1c(O)cc(c(c1)C=C)C/C=C\[C@@H](NCCO)c1n[nH]c(=S)o1,28/000000621,"InChI=1S/C16H19N3O4S/c1-2-10-8-13(21)14(22)9-11(10)4-3-5-12(17-6-7-20)15-18-19-16(24)23-15/h2-3,5,8-9,12,17,20-22H,1,4,6-7H2,(H,19,24)/b5-3-/t12-/m1/s1",C16H19N3O4S,349.109627088,2.2082900000000003,4.35,-7.48,5.09,-190,4.168166184897896,1,LANAPDB,7,5,114.54,8,16,4,3,0.6666666666666666,0.16666666666666666,0.125,0.25,0.0625,24,2,0,2,1,0,1,0,0
Oc1c(O)cc(c(c1)C=C)[C@@H](C(=O)CCO)C(=O)OC,28/000000350,"InChI=1S/C14H16O6/c1-3-8-6-11(17)12(18)7-9(8)13(14(19)20-2)10(16)4-5-15/h3,6-7,13,15,17-18H,1,4-5H2,2H3/t13-/m0/s1",C14H16O6,280.094688232,0.9488999999999999,4.35,-4.65,4.69,-190,3.4827840332193603,1,LANAPDB,6,3,104.06000000000002,6,14,6,0,0.7,0.3,0.0,0.2857142857142857,0.07142857142857142,20,1,0,1,0,0,0,0,0
Oc1c(O)cc(c(c1)C=C)C/C=C\C[C@H]1OCCCC1,28/000000143,"InChI=1S/C17H22O3/c1-2-13-11-16(18)17(19)12-14(13)7-3-4-8-15-9-5-6-10-20-15/h2-4,11-12,15,18-19H,1,5-10H2/b4-3-/t15-/m1/s1",C17H22O3,274.156894564,3.798700000000003,4.34,-5.34,3.58,-150,3.454878785339136,1,LANAPDB,3,2,49.69,5,17,3,0,0.85,0.15,0.0,0.4117647058823529,0.058823529411764705,20,2,1,1,1,1,0,0,0
Oc1c(O)cc(c(c1)C(=C)CN)NC(=O)CCl,28/000000123,"InChI=1S/C11H13ClN2O3/c1-6(5-13)7-2-9(15)10(16)3-8(7)14-11(17)4-12/h2-3,15-16H,1,4-5,13H2,(H,14,17)",C11H13N2O3Cl,256.061469956,1.247,4.34,-6.65,3.58,-20,2.855220427994402,1,LANAPDB,4,4,95.58000000000001,4,11,3,2,0.6470588235294118,0.17647058823529413,0.11764705882352941,0.18181818181818182,0.0,17,1,0,1,0,0,0,0,0
Oc1cc(c(cc1O)C=C)[C@H](c1nnco1)F,28/000000232,"InChI=1S/C11H9FN2O3/c1-2-6-3-8(15)9(16)4-7(6)10(12)11-14-13-5-17-11/h2-5,10,15-16H,1H2/t10-/m1/s1",C11H9N2O3F,236.059720368,2.1826999999999996,4.34,-6.16,19.1,-150,3.8902783270643337,1,LANAPDB,5,2,79.38000000000001,3,11,3,2,0.6470588235294118,0.17647058823529413,0.11764705882352941,0.09090909090909091,0.09090909090909091,17,2,0,2,1,0,1,0,0
c1nc(n[nH]1)/C(=C/C[C@@H](CN)[NH3+])/CCC,29/000000028,"InChI=1S/C10H19N5/c1-2-3-8(4-5-9(12)6-11)10-13-7-14-15-10/h4,7,9H,2-3,5-6,11-12H2,1H3,(H,13,14,15)/p+1/b8-4+/t9-/m0/s1",C10H20N5,210.17132206008998,-0.052499999999999325,4.34,0.47,2.22,-170,5.000736189723275,1,LANAPDB,3,3,95.23,6,10,0,5,0.6666666666666666,0.0,0.3333333333333333,0.6,0.1,15,1,0,1,1,0,1,0,0
Oc1c(O)cc(c(c1)C=C)[C@@H](/C=C\COP(O)(O)O)N=O,28/000000590,"InChI=1S/C12H16NO7P/c1-2-8-6-11(14)12(15)7-9(8)10(13-16)4-3-5-20-21(17,18)19/h2-4,6-7,10,14-15,17-19,21H,1,5H2/b4-3-/t10-/m1/s1",C12H13NO7P,317.06643848199997,1.5079000000000011,4.34,-6.27,22.0,-200,5.010933229813066,1,LANAPDB,8,5,139.81,7,12,7,1,0.5714285714285714,0.3333333333333333,0.047619047619047616,0.16666666666666666,0.08333333333333333,21,1,0,1,0,0,0,0,0
O[C@H](C(=O)CC(=O)C=C)c1cc(O)c(cc1C=C)O,28/000000596,"InChI=1S/C14H14O5/c1-3-8-5-11(16)12(17)7-10(8)14(19)13(18)6-9(15)4-2/h3-5,7,14,16-17,19H,1-2,6H2/t14-/m0/s1",C14H14O5,262.08412354800004,1.4885,4.33,-7.7,17.2,-190,3.737449860597722,1,LANAPDB,5,3,94.83,6,14,5,0,0.7368421052631579,0.2631578947368421,0.0,0.14285714285714285,0.07142857142857142,19,1,0,1,0,0,0,0,0
Oc1cc(c(cc1O)C=C)C/C=C\C[C@@H](CN)N,28/000000159,"InChI=1S/C14H20N2O2/c1-2-10-7-13(17)14(18)8-11(10)5-3-4-6-12(16)9-15/h2-4,7-8,12,17-18H,1,5-6,9,15-16H2/b4-3-/t12-/m0/s1",C14H20N2O2,248.15247788,1.5155999999999998,4.33,-6.77,2.22,-150,3.7443006005219495,1,LANAPDB,4,4,92.5,6,14,2,2,0.7777777777777778,0.1111111111111111,0.1111111111111111,0.2857142857142857,0.07142857142857142,18,1,0,1,0,0,0,0,0
Oc1c(O)cc(c(c1)C=C)C/C=C\Cc1cccc2c1C(=O)CC2,28/000000221,"InChI=1S/C21H20O3/c1-2-14-12-19(23)20(24)13-17(14)7-4-3-6-15-8-5-9-16-10-11-18(22)21(15)16/h2-5,8-9,12-13,23-24H,1,6-7,10-11H2/b4-3-",C21H20O3,320.14124449999997,4.211100000000004,4.33,-6.7,3.58,-100,3.0572954736732756,1,LANAPDB,3,2,57.53,5,21,3,0,0.875,0.125,0.0,0.19047619047619047,0.0,24,3,1,2,0,0,0,0,0
Oc1cc(c(cc1O)C=C)CCCCC,28/000000057,"InChI=1S/C13H18O2/c1-3-5-6-7-11-9-13(15)12(14)8-10(11)4-2/h4,8-9,14-15H,2-3,5-7H2,1H3",C13H18O2,206.130679816,3.4735000000000023,4.33,-2.73,2.22,-20,2.4340359330628285,1,LANAPDB,2,2,40.46,5,13,2,0,0.8666666666666667,0.13333333333333333,0.0,0.38461538461538464,0.0,15,1,0,1,0,0,0,0,0
OC(=O)c1nc(n[nH]1)C[N@H+](CCOC(=O)C)C,21/000000016,"InChI=1S/C9H14N4O4/c1-6(14)17-4-3-13(2)5-7-10-8(9(15)16)12-11-7/h3-5H2,1-2H3,(H,15,16)(H,10,11,12)/p+1",C9H15N4O4,243.10878138009,-1.9192999999999973,4.33,11.76,3.58,-80,4.531037211288342,1,LANAPDB,5,3,109.61000000000001,6,9,4,4,0.5294117647058824,0.23529411764705882,0.23529411764705882,0.5555555555555556,0.0,17,1,0,1,1,0,1,0,0
c1nc(sc1CONCc1ccc2c(c1)occc2=O)NCBr,19/000000049,"InChI=1S/C15H14BrN3O3S/c16-9-18-15-17-7-11(23-15)8-22-19-6-10-1-2-12-13(20)3-4-21-14(12)5-10/h1-5,7,19H,6,8-9H2,(H,17,18)",C15H14N3O3SBr,394.99392440800005,3.2352000000000016,4.33,-2.44,24.3,-120,3.1868189922620083,1,LANAPDB,7,2,76.39,7,15,3,3,0.6521739130434783,0.13043478260869565,0.13043478260869565,0.2,0.0,23,3,0,3,2,0,2,0,0
Oc1c(O)cc(c(c1)C=C)C/C=C\CBr,28/000000223,"InChI=1S/C12H13BrO2/c1-2-9-7-11(14)12(15)8-10(9)5-3-4-6-13/h2-4,7-8,14-15H,1,5-6H2/b4-3-",C12H13O2Br,268.009891756,3.2344000000000017,4.33,-6.48,2.22,0,3.2303383720872194,1,LANAPDB,2,2,40.46,4,12,2,0,0.8,0.13333333333333333,0.0,0.16666666666666666,0.0,15,1,0,1,0,0,0,0,0
Oc1cc(c(cc1O)C=C)C(=S)[C@@H]1ON=C(C1)C(=O)OC,28/000000618,"InChI=1S/C14H13NO5S/c1-3-7-4-10(16)11(17)5-8(7)13(21)12-6-9(15-20-12)14(18)19-2/h3-5,12,16-17H,1,6H2,2H3/t12-/m1/s1",C14H13NO5S,307.051443516,1.7767,4.33,-6.25,22.3,-170,3.8125288775863457,1,LANAPDB,7,2,88.35000000000001,4,14,5,1,0.6666666666666666,0.23809523809523808,0.047619047619047616,0.21428571428571427,0.07142857142857142,21,2,1,1,1,1,0,0,0
Oc1cc(c(cc1O)C=C)C/C=C\Cc1cnc[nH]1,28/000000283,"InChI=1S/C15H16N2O2/c1-2-11-7-14(18)15(19)8-12(11)5-3-4-6-13-9-16-10-17-13/h2-4,7-10,18-19H,1,5-6H2,(H,16,17)/b4-3-",C15H16N2O2,256.121177752,2.8053,4.33,-6.87,3.58,0,3.2208002255758004,1,LANAPDB,3,3,69.14,5,15,2,2,0.7894736842105263,0.10526315789473684,0.10526315789473684,0.13333333333333333,0.0,19,2,0,2,1,0,1,0,0
Oc1cc(c(cc1O)C=C)C/C=C\[C@H](NC)c1cnc[nH]1,28/000000606,"InChI=1S/C16H19N3O2/c1-3-11-7-15(20)16(21)8-12(11)5-4-6-13(17-2)14-9-18-10-19-14/h3-4,6-10,13,17,20-21H,1,5H2,2H3,(H,18,19)/b6-4-/t13-/m0/s1",C16H19N3O2,285.14772684800005,2.5233,4.32,-6.36,3.58,-170,3.9579346965666513,1,LANAPDB,4,4,81.16999999999999,6,16,2,3,0.7619047619047619,0.09523809523809523,0.14285714285714285,0.1875,0.0625,21,2,0,2,1,0,1,0,0
SCCC/C=C\Cc1cc(O)c(cc1C=C)O,28/000000116,"InChI=1S/C14H18O2S/c1-2-11-9-13(15)14(16)10-12(11)7-5-3-4-6-8-17/h2-3,5,9-10,15-17H,1,4,6-8H2/b5-3-",C14H18O2S,250.102750816,3.5495000000000023,4.32,-8.19,2.22,-20,3.2065873674379377,1,LANAPDB,3,3,40.46,6,14,2,0,0.8235294117647058,0.11764705882352941,0.0,0.2857142857142857,0.0,17,1,0,1,0,0,0,0,0
Oc1cc(c(cc1O)C=C)C(=O)CCCCCCl,28/000000069,"InChI=1S/C14H17ClO3/c1-2-10-8-13(17)14(18)9-11(10)12(16)6-4-3-5-7-15/h2,8-9,17-18H,1,3-7H2",C14H17O3Cl,268.086622084,3.7227000000000023,4.32,-7.8,3.58,-20,2.69552594404529,1,LANAPDB,3,2,57.53,7,14,3,0,0.7777777777777778,0.16666666666666666,0.0,0.35714285714285715,0.0,18,1,0,1,0,0,0,0,0
Oc1c(C(=O)N)c(ccc1O)C(=C)C[NH3+],28/000000582,"InChI=1S/C10H12N2O3/c1-5(4-11)6-2-3-7(13)9(14)8(6)10(12)15/h2-3,13-14H,1,4,11H2,(H2,12,15)/p+1",C10H13N2O3,209.09206869609,-0.5482,4.32,-6.59,3.58,-20,3.4532857815258104,1,LANAPDB,3,4,111.19,3,10,3,2,0.6666666666666666,0.2,0.13333333333333333,0.1,0.0,15,1,0,1,0,0,0,0,0
Sc1nnnn1[C@@H](CNNC)c1n[nH]cn1,5/000000013,"InChI=1S/C6H11N9S/c1-7-9-2-4(5-8-3-10-11-5)15-6(16)12-13-14-15/h3-4,7,9H,2H2,1H3,(H,8,10,11)(H,12,14,16)/t4-/m0/s1",C6H11N9S,241.08581235199998,-1.6066999999999996,4.32,8.84,24.3,-170,4.807754890749296,1,LANAPDB,9,4,109.23,5,6,0,9,0.375,0.0,0.5625,0.5,0.16666666666666666,16,2,0,2,2,0,2,0,0
Oc1cc(c(cc1O)C=C)[C@H](c1nncs1)F,28/000000202,"InChI=1S/C11H9FN2O2S/c1-2-6-3-8(15)9(16)4-7(6)10(12)11-14-13-5-17-11/h2-5,10,15-16H,1H2/t10-/m1/s1",C11H9N2O2SF,252.036876748,2.6512000000000002,4.31,-6.25,20.4,-150,3.857250831155987,1,LANAPDB,5,2,66.24000000000001,3,11,2,2,0.6470588235294118,0.11764705882352941,0.11764705882352941,0.09090909090909091,0.09090909090909091,17,2,0,2,1,0,1,0,0
Oc1cc(c(cc1O)C=C)C(=O)CCCCCl,28/000000313,"InChI=1S/C13H15ClO3/c1-2-9-7-12(16)13(17)8-10(9)11(15)5-3-4-6-14/h2,7-8,16-17H,1,3-6H2",C13H15O3Cl,254.07097202,3.332600000000002,4.31,-7.11,3.58,0,2.7336204279944027,1,LANAPDB,3,2,57.53,6,13,3,0,0.7647058823529411,0.17647058823529413,0.0,0.3076923076923077,0.0,17,1,0,1,0,0,0,0,0
C(=C)C/C(=C\C[C@@H](CN)[NH3+])/c1n[nH]cn1,29/000000037,"InChI=1S/C10H17N5/c1-2-3-8(4-5-9(12)6-11)10-13-7-14-15-10/h2,4,7,9H,1,3,5-6,11-12H2,(H,13,14,15)/p+1/b8-4+/t9-/m0/s1",C10H18N5,208.15567199608998,-0.2764999999999986,4.31,1.5,2.22,-150,5.308628497415583,1,LANAPDB,3,3,95.23,6,10,0,5,0.6666666666666666,0.0,0.3333333333333333,0.4,0.1,15,1,0,1,1,0,1,0,0
Oc1c(O)cc(c(c1)C(=C)CN)OC(=S)N,28/000000245,"InChI=1S/C10H12N2O3S/c1-5(4-11)6-2-7(13)8(14)3-9(6)15-10(12)16/h2-3,13-14H,1,4,11H2,(H2,12,16)",C10H12N2O3S,240.056863244,0.6921000000000002,4.31,-7.35,15.9,-20,3.3041352885351465,1,LANAPDB,5,4,101.73,3,10,3,2,0.625,0.1875,0.125,0.1,0.0,16,1,0,1,0,0,0,0,0
Oc1c(O)cc(c(c1)[C@H](C=C)OCC)C=C,28/000000302,"InChI=1S/C13H16O3/c1-4-9-7-11(14)12(15)8-10(9)13(5-2)16-6-3/h4-5,7-8,13-15H,1-2,6H2,3H3/t13-/m0/s1",C13H16O3,220.109944372,3.0044000000000013,4.3,-3.97,12.2,-170,3.6620765909904094,1,LANAPDB,3,2,49.69,5,13,3,0,0.8125,0.1875,0.0,0.23076923076923078,0.07692307692307693,16,1,0,1,0,0,0,0,0
Oc1cc(cc2c1SCCC2)CNNCBr,17/000000065,"InChI=1S/C11H15BrN2OS/c12-7-14-13-6-8-4-9-2-1-3-16-11(9)10(15)5-8/h4-5,13-15H,1-3,6-7H2",C11H15N2OSBr,302.00884620000005,2.3770999999999995,4.3,-5.72,14.0,-120,3.486573558960372,1,LANAPDB,4,3,44.29,4,11,1,2,0.6875,0.0625,0.125,0.45454545454545453,0.0,16,2,1,1,1,1,0,0,0
Oc1cc(c(cc1O)C=C)CSCCl,28/000000420,"InChI=1S/C10H11ClO2S/c1-2-7-3-9(12)10(13)4-8(7)5-14-6-11/h2-4,12-13H,1,5-6H2",C10H11O2SCl,230.016828272,3.170300000000001,4.3,-3.59,12.4,0,3.248562771926956,1,LANAPDB,3,2,40.46,4,10,2,0,0.7142857142857143,0.14285714285714285,0.0,0.2,0.0,14,1,0,1,0,0,0,0,0
Oc1ccc(c(c1O)C1=NCCC1)C(=C)C[NH3+],28/000000489,"InChI=1S/C13H16N2O2/c1-8(7-14)9-4-5-11(16)13(17)12(9)10-3-2-6-15-10/h4-5,16-17H,1-3,6-7,14H2/p+1",C13H17N2O2,233.12845420409,0.9357999999999997,4.3,-7.25,14.8,-180,3.751784094115515,1,LANAPDB,3,3,80.46000000000001,3,13,2,2,0.7647058823529411,0.11764705882352941,0.11764705882352941,0.3076923076923077,0.0,17,2,1,1,1,1,0,0,0
O=C(Cc1sc(nc1)NCBr)NCc1ccccc1,19/000000041,"InChI=1S/C13H14BrN3OS/c14-9-17-13-16-8-11(19-13)6-12(18)15-7-10-4-2-1-3-5-10/h1-5,8H,6-7,9H2,(H,15,18)(H,16,17)",C13H14N3OSBr,339.004095168,2.766300000000001,4.3,2.4,3.85,0,2.411507684783258,1,LANAPDB,4,2,54.02,6,13,1,3,0.6842105263157895,0.05263157894736842,0.15789473684210525,0.23076923076923078,0.0,19,2,0,2,1,0,1,0,0
O=NNC(=O)NCCCc1ccc2c(c1O)cccc2,20/000000001,"InChI=1S/C14H15N3O3/c18-13-11(5-3-9-15-14(19)16-17-20)8-7-10-4-1-2-6-12(10)13/h1-2,4,6-8,18H,3,5,9H2,(H2,15,16,19,20)",C14H15N3O3,273.11134134,2.4586000000000006,4.3,0.75,3.58,-100,2.364987050452166,1,LANAPDB,4,3,90.79,5,14,3,3,0.7,0.15,0.15,0.21428571428571427,0.0,20,2,0,2,0,0,0,0,0
Oc1c(O)cc(c(c1)C=C)C/C=C/[C@H]1C=CN=CC1,28/000000369,"InChI=1S/C16H17NO2/c1-2-13-10-15(18)16(19)11-14(13)5-3-4-12-6-8-17-9-7-12/h2-4,6,8-12,18-19H,1,5,7H2/b4-3+/t12-/m0/s1",C16H17NO2,255.125928784,3.443900000000002,4.29,-2.33,3.58,-170,4.203908424700286,1,LANAPDB,3,2,52.82,4,16,2,1,0.8421052631578947,0.10526315789473684,0.05263157894736842,0.1875,0.0625,19,2,1,1,1,1,0,0,0
Oc1cc(c(cc1O)C=C)CC(=O)OCCCC[NH3+],28/000000653,"InChI=1S/C14H19NO4/c1-2-10-7-12(16)13(17)8-11(10)9-14(18)19-6-4-3-5-15/h2,7-8,16-17H,1,3-6,9,15H2/p+1",C14H20NO4,266.13868454009,0.8485999999999998,4.29,-1.25,3.58,-20,3.2767252748854645,1,LANAPDB,4,3,94.4,7,14,4,1,0.7368421052631579,0.21052631578947367,0.05263157894736842,0.35714285714285715,0.0,19,1,0,1,0,0,0,0,0
NC(=O)[C@@H](NCC)c1cc(O)c(cc1C=C)O,28/000000487,"InChI=1S/C12H16N2O3/c1-3-7-5-9(15)10(16)6-8(7)11(12(13)17)14-4-2/h3,5-6,11,14-16H,1,4H2,2H3,(H2,13,17)/t11-/m0/s1",C12H15N2O3,236.116092372,0.8766999999999998,4.29,-4.66,14.4,-170,3.325978883529146,1,LANAPDB,4,4,95.58000000000001,5,12,3,2,0.7058823529411765,0.17647058823529413,0.11764705882352941,0.25,0.08333333333333333,17,1,0,1,0,0,0,0,0
C(=C)Cn1nc(nc1)/C=C/C[C@@H](CN)[NH3+],29/000000009,"InChI=1S/C10H17N5/c1-2-6-15-8-13-10(14-15)5-3-4-9(12)7-11/h2-3,5,8-9H,1,4,6-7,11-12H2/p+1/b5-3+/t9-/m0/s1",C10H18N5,208.15567199608998,-0.5633999999999977,4.29,-0.43,2.22,-150,4.721732893019978,1,LANAPDB,4,2,84.37,6,10,0,5,0.6666666666666666,0.0,0.3333333333333333,0.4,0.1,15,1,0,1,1,0,1,0,0
Oc1c(O)cc(c(c1)C=C)C/C=C/[C@H]1OC=CC=C1,28/000000064,"InChI=1S/C16H16O3/c1-2-12-10-15(17)16(18)11-13(12)6-5-8-14-7-3-4-9-19-14/h2-5,7-11,14,17-18H,1,6H2/b8-5+/t14-/m0/s1",C16H16O3,256.10994437200003,3.308200000000002,4.28,-2.19,3.58,-170,4.168349450341312,1,LANAPDB,3,2,49.69,4,16,3,0,0.8421052631578947,0.15789473684210525,0.0,0.125,0.0625,19,2,1,1,1,1,0,0,0
Oc1c(O)cc(c(c1)C=C)C(=S)c1cc[nH]c1,28/000000084,"InChI=1S/C13H11NO2S/c1-2-8-5-11(15)12(16)6-10(8)13(17)9-3-4-14-7-9/h2-7,14-16H,1H2",C13H11NO2S,245.051049592,2.8352000000000013,4.28,-6.04,17.5,0,3.277789004099149,1,LANAPDB,3,3,56.25,3,13,2,1,0.7647058823529411,0.11764705882352941,0.058823529411764705,0.0,0.0,17,2,0,2,1,0,1,0,0
Oc1c(O)cc(c(c1)C=C)C(=O)CC[C@H](CC(=O)N)CO,28/000000568,"InChI=1S/C15H19NO5/c1-2-10-6-13(19)14(20)7-11(10)12(18)4-3-9(8-17)5-15(16)21/h2,6-7,9,17,19-20H,1,3-5,8H2,(H2,16,21)/t9-/m1/s1",C15H19NO5,293.126322708,1.1875999999999998,4.27,-5.16,4.94,-180,3.424843944098781,1,LANAPDB,5,4,120.85,8,15,5,1,0.7142857142857143,0.23809523809523808,0.047619047619047616,0.3333333333333333,0.06666666666666667,21,1,0,1,0,0,0,0,0
Oc1c(c(ccc1O)C(=C)CN)C(=O)C,28/000000108,"InChI=1S/C11H13NO3/c1-6(5-12)8-3-4-9(14)11(15)10(8)7(2)13/h3-4,14-15H,1,5,12H2,2H3",C11H13NO3,207.089543276,1.2723,4.27,-6.98,3.58,-60,2.864852645431135,1,LANAPDB,4,3,83.55000000000001,3,11,3,1,0.7333333333333333,0.2,0.06666666666666667,0.18181818181818182,0.0,15,1,0,1,0,0,0,0,0
Oc1ccc(cc1O)C(=C)C[NH3+],28/000000037,"InChI=1S/C9H11NO2/c1-6(5-10)7-2-3-8(11)9(12)4-7/h2-4,11-12H,1,5,10H2/p+1",C9H12NO2,166.08625504409,0.35289999999999994,4.27,-5.55,2.22,-20,3.3031603114078374,1,LANAPDB,2,3,68.1,2,9,2,1,0.75,0.16666666666666666,0.08333333333333333,0.1111111111111111,0.0,12,1,0,1,0,0,0,0,0
C1=NN=C(CN1)CCOC(=O)[C@@H](C1=NN=CCN1)c1snnc1,17/000000013,"InChI=1S/C12H14N8O2S/c21-12(22-4-1-8-5-13-7-17-18-8)10(9-6-16-20-23-9)11-14-2-3-15-19-11/h3,6-7,10H,1-2,4-5H2,(H,13,17)(H,14,19)/t10-/m1/s1",C12H14N8O2S,334.09604268800007,-0.47,4.27,-0.06,3.58,-150,5.063653251133012,1,LANAPDB,11,2,125.58,6,12,2,8,0.5217391304347826,0.08695652173913043,0.34782608695652173,0.4166666666666667,0.08333333333333333,23,3,2,1,3,2,1,0,0
Oc1c(N)c(SCCN)cc2c1SCCC2,17/000000047,"InChI=1S/C11H16N2OS2/c12-3-5-15-8-6-7-2-1-4-16-11(7)10(14)9(8)13/h6,14H,1-5,12-13H2",C11H16N2OS2,256.070405132,2.0635000000000003,4.27,-6.93,14.8,-120,3.370868475348332,1,LANAPDB,5,3,72.27,3,11,1,2,0.6875,0.0625,0.125,0.45454545454545453,0.0,16,2,1,1,1,1,0,0,0
Oc1c(cc(c2c1SCCC2)N=O)NS(=O)(=O)OC,17/000000026,"InChI=1S/C10H12N2O5S2/c1-17-19(15,16)12-8-5-7(11-14)6-3-2-4-18-10(6)9(8)13/h5,12-13H,2-4H2,1H3",C10H12N2O5S2,304.018763484,2.1315,4.27,-4.55,21.2,-140,3.719155156542268,1,LANAPDB,7,2,105.06000000000002,4,10,5,2,0.5263157894736842,0.2631578947368421,0.10526315789473684,0.4,0.0,19,2,1,1,1,1,0,0,0
OC(=O)c1nc(n[nH]1)CN/C=C/[C@@H](C)O,21/000000020,"InChI=1S/C8H12N4O3/c1-5(13)2-3-9-4-6-10-7(8(14)15)12-11-6/h2-3,5,9,13H,4H2,1H3,(H,14,15)(H,10,11,12)/b3-2+/t5-/m1/s1",C8H12N4O3,212.090940244,-0.5130000000000003,4.27,8.36,2.22,-170,4.0181618932880045,1,LANAPDB,5,4,111.13000000000001,5,8,3,4,0.5333333333333333,0.2,0.26666666666666666,0.375,0.125,15,1,0,1,1,0,1,0,0
Oc1c(N)c(cc2c1SCCC2)C(=O)CN,17/000000024,"InChI=1S/C11H14N2O2S/c12-5-8(14)7-4-6-2-1-3-16-11(6)10(15)9(7)13/h4,15H,1-3,5,12-13H2",C11H14N2O2S,238.077598688,1.1541,4.26,-5.81,14.5,-120,3.294545328495184,1,LANAPDB,5,3,89.34,2,11,2,2,0.6875,0.125,0.125,0.36363636363636365,0.0,16,2,1,1,1,1,0,0,0
O[C@H](CCC(=O)c1cc(O)c(cc1C=C)O)c1n[nH]c(=O)[nH]1,28/000000502,"InChI=1S/C14H15N3O5/c1-2-7-5-11(20)12(21)6-8(7)9(18)3-4-10(19)13-15-14(22)17-16-13/h2,5-6,10,19-21H,1,3-4H2,(H2,15,16,17,22)/t10-/m1/s1",C14H15N3O5,305.10117058000003,0.8486999999999996,4.25,-4.9,5.08,-150,3.755571043490731,1,LANAPDB,6,5,139.29999999999998,6,14,5,3,0.6363636363636364,0.22727272727272727,0.13636363636363635,0.21428571428571427,0.07142857142857142,22,2,0,2,1,0,1,0,0
Oc1cc(c(cc1O)C=C)C(=O)CCCc1n[nH]c(=O)[nH]1,28/000000239,"InChI=1S/C14H15N3O4/c1-2-8-6-11(19)12(20)7-9(8)10(18)4-3-5-13-15-14(21)17-16-13/h2,6-7,19-20H,1,3-5H2,(H2,15,16,17,21)",C14H15N3O4,289.10625596000006,1.3577999999999997,4.25,-5.5,4.94,-20,3.1643513127398606,1,LANAPDB,5,4,119.07,6,14,4,3,0.6666666666666666,0.19047619047619047,0.14285714285714285,0.21428571428571427,0.0,21,2,0,2,1,0,1,0,0
Oc1c(O)cc(c(c1)[C@@H](CP(=O)(O)O)C=C)C=C,28/000000305,"InChI=1S/C12H15O5P/c1-3-8-5-11(13)12(14)6-10(8)9(4-2)7-18(15,16)17/h3-6,9,13-14H,1-2,7H2,(H2,15,16,17)/t9-/m1/s1",C12H15O5P,270.06571021,2.1881000000000004,4.25,-5.44,16.6,-170,3.930694601657591,1,LANAPDB,3,4,97.99000000000001,5,12,5,0,0.6666666666666666,0.2777777777777778,0.0,0.16666666666666666,0.08333333333333333,18,1,0,1,0,0,0,0,0
S[C@H](CNOCc1sc(nc1)NCBr)C(=O)O,19/000000062,"InChI=1S/C8H12BrN3O3S2/c9-4-11-8-10-1-5(17-8)3-15-12-2-6(16)7(13)14/h1,6,12,16H,2-4H2,(H,10,11)(H,13,14)/t6-/m1/s1",C8H12N3O3S2Br,340.95034534399997,1.3115999999999999,4.25,3.02,3.58,-150,4.169596494003778,1,LANAPDB,7,4,83.48,8,8,3,3,0.47058823529411764,0.17647058823529413,0.17647058823529413,0.5,0.125,17,1,0,1,1,0,1,0,0
C#C[C@@H](c1cc(O)c(cc1C=C)O)N,28/000000004,"InChI=1S/C11H11NO2/c1-3-7-5-10(13)11(14)6-8(7)9(12)4-2/h2-3,5-6,9,13-14H,1,12H2/t9-/m0/s1",C11H11NO2,189.078978592,1.3737999999999997,4.25,-2.78,13.0,-150,3.8154052782331185,1,LANAPDB,3,3,66.48,2,11,2,1,0.7857142857142857,0.14285714285714285,0.07142857142857142,0.09090909090909091,0.09090909090909091,14,1,0,1,0,0,0,0,0
N1C(=NO[C@@H]1CBr)CC/C=C/C[NH3+],10/000000024,"InChI=1S/C8H14BrN3O/c9-6-8-11-7(12-13-8)4-2-1-3-5-10/h1,3,8H,2,4-6,10H2,(H,11,12)/p+1/b3-1+/t8-/m1/s1",C8H15N3OBr,248.03930062009,0.2189999999999998,4.25,-0.03,3.58,-150,5.427923694109058,1,LANAPDB,3,2,61.260000000000005,5,8,1,3,0.6153846153846154,0.07692307692307693,0.23076923076923078,0.625,0.125,13,1,1,0,1,1,0,0,0
Oc1c(O)cc(c(c1)C=C)C(=C)CC,28/000000176,"InChI=1S/C12H14O2/c1-4-8(3)10-7-12(14)11(13)6-9(10)5-2/h5-7,13-14H,2-4H2,1H3",C12H14O2,190.099379688,3.1640000000000015,4.25,-5.61,3.58,-20,3.0460527270642785,1,LANAPDB,2,2,40.46,3,12,2,0,0.8571428571428571,0.14285714285714285,0.0,0.16666666666666666,0.0,14,1,0,1,0,0,0,0,0
Oc1cc(C(=O)O)ccc1NCC,21/000000026,"InChI=1S/C9H11NO3/c1-2-10-7-4-3-6(9(12)13)5-8(7)11/h3-5,10-11H,2H2,1H3,(H,12,13)",C9H11NO3,181.073893212,1.5222,4.24,6.05,2.22,-20,1.9189856840747588,1,LANAPDB,3,3,69.56,3,9,3,1,0.6923076923076923,0.23076923076923078,0.07692307692307693,0.2222222222222222,0.0,13,1,0,1,0,0,0,0,0
ON[C@H](CCc1n[nH]c(=O)[nH]1)C(=O)c1cc(O)c(cc1C=C)O,28/000000442,"InChI=1S/C14H16N4O5/c1-2-7-5-10(19)11(20)6-8(7)13(21)9(18-23)3-4-12-15-14(22)17-16-12/h2,5-6,9,18-20,23H,1,3-4H2,(H2,15,16,17,22)/t9-/m1/s1",C14H16N4O5,320.11206961199997,0.3150999999999991,4.24,-4.22,6.45,-170,3.9370802065305552,1,LANAPDB,7,6,151.32999999999996,7,14,5,4,0.6086956521739131,0.21739130434782608,0.17391304347826086,0.21428571428571427,0.07142857142857142,23,2,0,2,1,0,1,0,0
OC(=O)/C=C/C[C@@](CO)(I)Cl,5/000000003,"InChI=1S/C6H8ClIO3/c7-6(8,4-9)3-1-2-5(10)11/h1-2,9H,3-4H2,(H,10,11)/b2-1+/t6-/m0/s1",C6H8O3ClI,289.92066979599997,1.3797000000000001,4.24,3.54,2.22,-150,4.049899561062743,1,LANAPDB,2,2,57.53,4,6,3,0,0.5454545454545454,0.2727272727272727,0.0,0.5,0.16666666666666666,11,0,0,0,0,0,0,0,0
SCc1nc[nH]c1C/C=C\Cc1cc(O)c(cc1C=C)O,28/000000553,"InChI=1S/C16H18N2O2S/c1-2-11-7-15(19)16(20)8-12(11)5-3-4-6-13-14(9-21)18-10-17-13/h2-4,7-8,10,19-21H,1,5-6,9H2,(H,17,18)/b4-3-",C16H18N2O2S,302.10889881599996,3.2351000000000014,4.24,-7.71,3.58,-40,3.664014415738558,1,LANAPDB,4,4,69.14,6,16,2,2,0.7619047619047619,0.09523809523809523,0.09523809523809523,0.1875,0.0,21,2,0,2,1,0,1,0,0
Oc1cc(c(cc1O)C=C)C(=O)CCCc1nc(=O)o[nH]1,28/000000211,"InChI=1S/C14H14N2O5/c1-2-8-6-11(18)12(19)7-9(8)10(17)4-3-5-13-15-14(20)21-16-13/h2,6-7,18-19H,1,3-5H2,(H,15,16,20)",C14H14N2O5,290.09027154800003,1.6226999999999998,4.24,-4.64,4.94,0,3.132201975869835,1,LANAPDB,6,3,116.42000000000002,6,14,5,2,0.6666666666666666,0.23809523809523808,0.09523809523809523,0.21428571428571427,0.0,21,2,0,2,1,0,1,0,0
Oc1cc(cc2c1ccc(=O)o2)COS(=O)(=O)N,17/000000044,"InChI=1S/C10H9NO6S/c11-18(14,15)16-5-6-3-8(12)7-1-2-10(13)17-9(7)4-6/h1-4,12H,5H2,(H2,11,14,15)",C10H9NO6S,271.01505800800004,0.2187,4.24,-3.33,3.85,-140,2.651444311392229,1,LANAPDB,6,2,119.83,3,10,6,1,0.5555555555555556,0.3333333333333333,0.05555555555555555,0.1,0.0,18,2,0,2,1,0,1,0,0
O[C@@H](C1=NN=CNC1)c1nc(n[nH]1)S,17/000000015,"InChI=1S/C6H8N6OS/c13-4(3-1-7-2-8-10-3)5-9-6(14)12-11-5/h2,4,13H,1H2,(H,7,8)(H2,9,11,12,14)/t4-/m0/s1",C6H8N6OS,212.048029876,-0.8857000000000004,4.24,3.66,19.8,-150,5.079226348919188,1,LANAPDB,7,4,98.55000000000001,2,6,1,6,0.42857142857142855,0.07142857142857142,0.42857142857142855,0.3333333333333333,0.16666666666666666,14,2,1,1,2,1,1,0,0
OC(=O)/C=C/C[C@@](NO)(I)Cl,5/000000004,"InChI=1S/C5H7ClINO3/c6-5(7,8-11)3-1-2-4(9)10/h1-2,8,11H,3H2,(H,9,10)/b2-1+/t5-/m0/s1",C5H7NO3ClI,290.915918764,1.3236999999999999,4.24,2.93,2.22,-150,4.25840285776604,1,LANAPDB,3,3,69.56,4,5,3,1,0.45454545454545453,0.2727272727272727,0.09090909090909091,0.4,0.2,11,0,0,0,0,0,0,0,0
Oc1cc(c(cc1O)C=C)C/C=C\Cc1n[nH]cn1,28/000000325,"InChI=1S/C14H15N3O2/c1-2-10-7-12(18)13(19)8-11(10)5-3-4-6-14-15-9-16-17-14/h2-4,7-9,18-19H,1,5-6H2,(H,15,16,17)/b4-3-",C14H15N3O2,257.11642672,2.2002999999999995,4.24,-7.06,3.58,-20,3.722889969165542,1,LANAPDB,4,3,82.03,5,14,2,3,0.7368421052631579,0.10526315789473684,0.15789473684210525,0.14285714285714285,0.0,19,2,0,2,1,0,1,0,0
Oc1c(/C=C/CC)c(F)ccc1P(=O)(O)O,23/000000031,"InChI=1S/C10H12FO4P/c1-2-3-4-7-8(11)5-6-9(10(7)12)16(13,14)15/h3-6,12H,2H2,1H3,(H2,13,14,15)/b4-3+",C10H12O4PF,246.045723714,1.7575000000000003,4.24,-4.66,4.81,-60,3.1789495742494314,1,LANAPDB,2,3,77.76,3,10,4,0,0.625,0.25,0.0,0.2,0.0,16,1,0,1,0,0,0,0,0
OCC(=O)OCc1cc(O)c2c3c1cccc3[nH]c2=O,17/000000072,"InChI=1S/C14H11NO5/c16-5-11(18)20-6-7-4-10(17)13-12-8(7)2-1-3-9(12)15-14(13)19/h1-4,16-17H,5-6H2,(H,15,19)",C14H11NO5,273.06372245200004,1.1465999999999998,4.24,-5.28,16.6,-200,2.686852608578251,1,LANAPDB,5,3,95.86000000000001,3,14,5,1,0.7,0.25,0.05,0.14285714285714285,0.0,20,3,1,2,1,1,0,0,0
Oc1cc(C(=S)C(=O)OCC=C)c(cc1O)C=C,28/000000080,"InChI=1S/C13H12O4S/c1-3-5-17-13(16)12(18)9-7-11(15)10(14)6-8(9)4-2/h3-4,6-7,14-15H,1-2,5H2",C13H12O4S,264.04562986400003,2.1879999999999997,4.23,-6.67,18.1,0,3.1966644644534536,1,LANAPDB,5,2,66.76,5,13,4,0,0.7222222222222222,0.2222222222222222,0.0,0.07692307692307693,0.0,18,1,0,1,0,0,0,0,0
Oc1ccc(cc1O)C(=C)[C@H](C1=NCC=C1)F,28/000000357,"InChI=1S/C13H12FNO2/c1-8(13(14)10-3-2-6-15-10)9-4-5-11(16)12(17)7-9/h2-5,7,13,16-17H,1,6H2/t13-/m1/s1",C13H12NO2F,233.085206844,2.4599,4.23,-6.41,2.22,-150,3.9414678524325826,1,LANAPDB,3,2,52.82,3,13,2,1,0.7647058823529411,0.11764705882352941,0.058823529411764705,0.15384615384615385,0.07692307692307693,17,2,1,1,1,1,0,0,0
Oc1c(N)c(cc2c1SCCC2)CN(C)C(=O)N,17/000000059,"InChI=1S/C12H17N3O2S/c1-15(12(14)17)6-8-5-7-3-2-4-18-11(7)10(16)9(8)13/h5,16H,2-4,6,13H2,1H3,(H2,14,17)",C12H17N3O2S,267.104147784,1.5231999999999999,4.22,-7.28,16.5,-140,3.199805692867896,1,LANAPDB,4,3,92.58,2,12,2,3,0.6666666666666666,0.1111111111111111,0.16666666666666666,0.4166666666666667,0.0,18,2,1,1,1,1,0,0,0
OC(=O)[C@H](c1c(C=C)cc(c(c1)O)O)N,28/000000016,"InChI=1S/C10H11NO4/c1-2-5-3-7(12)8(13)4-6(5)9(11)10(14)15/h2-4,9,12-13H,1,11H2,(H,14,15)/t9-/m0/s1",C10H11NO4,209.068807832,0.8251999999999999,4.22,-5.82,3.58,-150,3.272368734101974,1,LANAPDB,4,4,103.78,3,10,4,1,0.6666666666666666,0.26666666666666666,0.06666666666666667,0.1,0.1,15,1,0,1,0,0,0,0,0
OC(=O)COCCNC/C=C\Cc1c(C=C)cc(c(c1)O)O,28/000000431,"InChI=1S/C16H21NO5/c1-2-12-9-14(18)15(19)10-13(12)5-3-4-6-17-7-8-22-11-16(20)21/h2-4,9-10,17-19H,1,5-8,11H2,(H,20,21)/b4-3-",C16H21NO5,307.141972772,1.5303,4.22,-5.54,3.58,-120,3.0635094858122303,1,LANAPDB,5,4,99.02000000000001,10,16,5,1,0.7272727272727273,0.22727272727272727,0.045454545454545456,0.3125,0.0,22,1,0,1,0,0,0,0,0
O=C(Cc1sc(nc1)NCBr)NCC1=NN=CCN1,19/000000059,"InChI=1S/C10H13BrN6OS/c11-6-15-10-14-4-7(19-10)3-9(18)13-5-8-12-1-2-16-17-8/h2,4H,1,3,5-6H2,(H,12,17)(H,13,18)(H,14,15)",C10H13N6OSBr,344.0054921360001,0.5536,4.22,1.75,3.85,0,3.82894600646158,1,LANAPDB,7,3,90.77,6,10,1,6,0.5263157894736842,0.05263157894736842,0.3157894736842105,0.4,0.0,19,2,1,1,2,1,1,0,0
Oc1cc(c(cc1O)C=C)C(=O)CCC[C@H]1OCC1,28/000000299,"InChI=1S/C15H18O4/c1-2-10-8-14(17)15(18)9-12(10)13(16)5-3-4-11-6-7-19-11/h2,8-9,11,17-18H,1,3-7H2/t11-/m1/s1",C15H18O4,262.120509056,2.8827000000000016,4.21,-7.25,3.58,-150,3.1877280499468332,1,LANAPDB,4,2,66.76,6,15,4,0,0.7894736842105263,0.21052631578947367,0.0,0.4,0.06666666666666667,19,2,1,1,1,1,0,0,0
Oc1cc(C(=S)c2ccc(cc2N)Cl)c(cc1O)C=C,28/000000156,"InChI=1S/C15H12ClNO2S/c1-2-8-5-13(18)14(19)7-11(8)15(20)10-4-3-9(16)6-12(10)17/h2-7,18-19H,1,17H2",C15H12NO2SCl,305.027727304,3.742700000000001,4.21,-7.05,17.2,-20,2.833074769750411,1,LANAPDB,4,3,66.48,3,15,2,1,0.75,0.1,0.05,0.0,0.0,20,2,0,2,0,0,0,0,0
Oc1cc(OC(=O)/C=C/CS(=O)(=O)C)c(cc1O)C=C,28/000000065,"InChI=1S/C13H14O6S/c1-3-9-7-10(14)11(15)8-12(9)19-13(16)5-4-6-20(2,17)18/h3-5,7-8,14-15H,1,6H2,2H3/b5-4+",C13H14O6S,298.051109168,1.2469999999999999,4.21,-7.09,5.09,-80,3.035028422387084,1,LANAPDB,6,2,100.9,5,13,6,0,0.65,0.3,0.0,0.15384615384615385,0.0,20,1,0,1,0,0,0,0,0
Oc1c(O)cc(c(c1)C=C)COC[C@H](CCO)Cl,28/000000342,"InChI=1S/C13H17ClO4/c1-2-9-5-12(16)13(17)6-10(9)7-18-8-11(14)3-4-15/h2,5-6,11,15-17H,1,3-4,7-8H2/t11-/m0/s1",C13H17O4Cl,272.08153670400003,2.2472,4.21,-6.07,3.72,-170,3.5492704592346644,1,LANAPDB,4,3,69.92,7,13,4,0,0.7222222222222222,0.2222222222222222,0.0,0.38461538461538464,0.07692307692307693,18,1,0,1,0,0,0,0,0
OC(=O)C(=C)c1nc2ncc(c(c2c(=O)[nH]1)S)CO,23/000000019,"InChI=1S/C11H9N3O4S/c1-4(11(17)18)8-13-9-6(10(16)14-8)7(19)5(3-15)2-12-9/h2,15H,1,3H2,(H,17,18)(H2,12,13,14,16,19)",C11H9N3O4S,279.03137676800003,0.19690000000000007,4.21,-3.75,21.7,-140,3.4610254141127523,1,LANAPDB,6,4,116.17,3,11,4,3,0.5789473684210527,0.21052631578947367,0.15789473684210525,0.09090909090909091,0.0,19,2,0,2,2,0,2,0,0
O=N[C@@H](C1=CNC=NC1)/C=C/CC#CCc1nc(N)ccc1,19/000000027,"InChI=1S/C16H17N5O/c17-16-9-5-7-14(20-16)6-3-1-2-4-8-15(21-22)13-10-18-12-19-11-13/h4-5,7-10,12,15H,2,6,11H2,(H2,17,20)(H,18,19)/b8-4+/t15-/m1/s1",C16H17N5O,295.143310164,1.8064000000000002,4.21,1.57,23.9,-190,4.679611283875346,1,LANAPDB,6,2,92.73,5,16,1,5,0.7272727272727273,0.045454545454545456,0.22727272727272727,0.25,0.0625,22,2,1,1,2,1,1,0,0
Oc1c(O)cc(c(c1)C=C)[C@H](/C=C/C)F,28/000000263,"InChI=1S/C12H13FO2/c1-3-5-10(13)9-7-12(15)11(14)6-8(9)4-2/h3-7,10,14-15H,2H2,1H3/b5-3+/t10-/m0/s1",C12H13O2F,208.089957876,3.3275000000000023,4.21,-6.3,13.1,-170,3.817993112800198,1,LANAPDB,2,2,40.46,3,12,2,0,0.8,0.13333333333333333,0.0,0.16666666666666666,0.08333333333333333,15,1,0,1,0,0,0,0,0
Oc1cc(c(cc1O)C=C)[C@H](CSC)/C=C\Cc1cnc[nH]1,28/000000430,"InChI=1S/C17H20N2O2S/c1-3-12-7-16(20)17(21)8-15(12)13(10-22-2)5-4-6-14-9-18-11-19-14/h3-5,7-9,11,13,20-21H,1,6,10H2,2H3,(H,18,19)/b5-4-/t13-/m0/s1",C17H20N2O2S,316.12454888,3.7094000000000023,4.21,-4.59,20.8,-170,3.9742832519274542,1,LANAPDB,4,3,69.14,7,17,2,2,0.7727272727272727,0.09090909090909091,0.09090909090909091,0.23529411764705882,0.058823529411764705,22,2,0,2,1,0,1,0,0
Oc1ccc(cc1O)C(=C)[C@H](n1nc[nH]c1=S)F,28/000000312,"InChI=1S/C11H10FN3O2S/c1-6(7-2-3-8(16)9(17)4-7)10(12)15-11(18)13-5-14-15/h2-5,10,16-17H,1H2,(H,13,14,18)/t10-/m0/s1",C11H10N3O2SF,267.04777578,2.53339,4.21,-7.25,2.22,-190,3.969066063630269,1,LANAPDB,5,3,74.07,3,11,2,3,0.6111111111111112,0.1111111111111111,0.16666666666666666,0.09090909090909091,0.09090909090909091,18,2,0,2,1,0,1,0,0
c1nc(ncc1[C@H]([NH3+])Br)N,10/000000007,"InChI=1S/C5H7BrN4/c6-4(7)3-1-9-5(8)10-2-3/h1-2,4H,7H2,(H2,8,9,10)/p+1/t4-/m0/s1",C5H8N4Br,202.99268477609,-0.30580000000000024,4.2,5.43,1.0,-150,4.116131411953846,1,LANAPDB,3,2,79.44,1,5,0,4,0.5,0.0,0.4,0.2,0.2,10,1,0,1,1,0,1,0,0
Oc1cc(C(=O)N)cc(c1C(=O)C)CC#CC[NH3+],10/000000021,"InChI=1S/C13H14N2O3/c1-8(16)12-9(4-2-3-5-14)6-10(13(15)18)7-11(12)17/h6-7,17H,4-5,14H2,1H3,(H2,15,18)/p+1",C13H15N2O3,247.10771876009,-0.5185000000000002,4.2,-1.52,3.58,-20,3.505722156761145,1,LANAPDB,3,3,108.02999999999999,3,13,3,2,0.7222222222222222,0.16666666666666666,0.1111111111111111,0.23076923076923078,0.0,18,1,0,1,0,0,0,0,0
OC(=O)CC1=NC(=NCN1)[C@@H](c1c(C=C)cc(c(c1)O)O)F,28/000000631,"InChI=1S/C14H14FN3O4/c1-2-7-3-9(19)10(20)4-8(7)13(15)14-17-6-16-11(18-14)5-12(21)22/h2-4,13,19-20H,1,5-6H2,(H,21,22)(H,16,17,18)/t13-/m1/s1",C14H14N3O4F,307.09683414799997,1.5838,4.2,-5.62,23.6,-170,4.2822718127215005,1,LANAPDB,6,4,114.51,5,14,4,3,0.6363636363636364,0.18181818181818182,0.13636363636363635,0.21428571428571427,0.07142857142857142,22,2,1,1,1,1,0,0,0
Oc1cc(c(cc1O)C=C)C(=O)CCCCC(=O)N,28/000000311,"InChI=1S/C14H17NO4/c1-2-9-7-12(17)13(18)8-10(9)11(16)5-3-4-6-14(15)19/h2,7-8,17-18H,1,3-6H2,(H2,15,19)",C14H17NO4,263.115758024,1.9691999999999998,4.2,-5.67,3.58,0,2.6174824276874133,1,LANAPDB,4,3,100.61999999999999,7,14,4,1,0.7368421052631579,0.21052631578947367,0.05263157894736842,0.2857142857142857,0.0,19,1,0,1,0,0,0,0,0
NCC(=O)c1ccc(c2c1nn[nH]c2=O)Sc1nncs1,13/000000002,"InChI=1S/C11H8N6O2S2/c12-3-6(18)5-1-2-7(21-11-16-13-4-20-11)8-9(5)14-17-15-10(8)19/h1-2,4H,3,12H2,(H,14,15,19)",C11H8N6O2S2,320.01501549600005,0.46219999999999983,4.2,-8.38,3.58,-120,3.380464389662939,1,LANAPDB,9,2,127.50999999999999,4,11,2,6,0.5238095238095238,0.09523809523809523,0.2857142857142857,0.09090909090909091,0.0,21,3,0,3,2,0,2,0,0
Oc1c(O)cc(c(c1)C=C)CNNCCO,28/000000006,"InChI=1S/C11H16N2O3/c1-2-8-5-10(15)11(16)6-9(8)7-13-12-3-4-14/h2,5-6,12-16H,1,3-4,7H2",C11H16N2O3,224.116092372,0.32729999999999987,4.2,-2.98,12.8,-20,3.1267928809427383,1,LANAPDB,5,5,84.75,6,11,3,2,0.6875,0.1875,0.125,0.2727272727272727,0.0,16,1,0,1,0,0,0,0,0
Oc1cc(c(cc1O)C=C)C/C=C/CC1=CCOC1,28/000000122,"InChI=1S/C16H18O3/c1-2-13-9-15(17)16(18)10-14(13)6-4-3-5-12-7-8-19-11-12/h2-4,7,9-10,17-18H,1,5-6,8,11H2/b4-3+",C16H18O3,258.12559443600003,3.186200000000002,4.2,-1.44,3.58,-20,3.583507917883491,1,LANAPDB,3,2,49.69,5,16,3,0,0.8421052631578947,0.15789473684210525,0.0,0.25,0.0,19,2,1,1,1,1,0,0,0
Oc1c(F)ccc(c1)C(=O)c1c(=O)nc([nH]c1)S,17/000000031,"InChI=1S/C11H7FN2O3S/c12-7-2-1-5(3-8(7)15)9(16)6-4-13-11(18)14-10(6)17/h1-4,15H,(H2,13,14,17,18)",C11H7N2O3SF,266.01614130400003,1.1342999999999999,4.2,-6.64,21.1,-60,2.957147608095525,1,LANAPDB,5,3,83.04999999999998,2,11,3,2,0.6111111111111112,0.16666666666666666,0.1111111111111111,0.0,0.0,18,2,0,2,1,0,1,0,0
OC(=O)c1nc(n[nH]1)CNNCC=C,21/000000011,"InChI=1S/C7H11N5O2/c1-2-3-8-9-4-5-10-6(7(13)14)12-11-5/h2,8-9H,1,3-4H2,(H,13,14)(H,10,11,12)",C7H11N5O2,197.091274592,-0.7169000000000005,4.19,7.11,18.8,0,3.57258827799983,1,LANAPDB,5,4,102.93,6,7,2,5,0.5,0.14285714285714285,0.35714285714285715,0.2857142857142857,0.0,14,1,0,1,1,0,1,0,0
Oc1cc(c(cc1O)C=C)C/C=C(\Cc1nscc1)/C,28/000000464,"InChI=1S/C16H17NO2S/c1-3-12-9-15(18)16(19)10-13(12)5-4-11(2)8-14-6-7-20-17-14/h3-4,6-7,9-10,18-19H,1,5,8H2,2H3/b11-4-",C16H17NO2S,287.097999784,3.9288000000000025,4.19,-5.17,3.58,-60,3.4572773338529768,1,LANAPDB,4,2,53.35,5,16,2,1,0.8,0.1,0.05,0.1875,0.0,20,2,0,2,1,0,1,0,0
Oc1cc(cc2c1SCCC2)CNNCCCl,17/000000028,"InChI=1S/C12H17ClN2OS/c13-3-4-14-15-8-9-6-10-2-1-5-17-12(10)11(16)7-9/h6-7,14-16H,1-5,8H2",C12H17N2OSCl,272.075011844,2.2634999999999996,4.19,-7.48,14.6,-120,3.2810973510713257,1,LANAPDB,4,3,44.29,5,12,1,2,0.7058823529411765,0.058823529411764705,0.11764705882352941,0.5,0.0,17,2,1,1,1,1,0,0,0
c1nc(sc1CONCc1ccc2c(c1)COC2)NCBr,19/000000070,"InChI=1S/C14H16BrN3O2S/c15-9-17-14-16-5-13(21-14)8-20-18-4-10-1-2-11-6-19-7-12(11)3-10/h1-3,5,18H,4,6-9H2,(H,16,17)",C14H16N3O2SBr,369.014659852,3.1590000000000016,4.19,-1.16,20.5,-40,3.2518858040549974,1,LANAPDB,6,2,55.41,7,14,2,3,0.6666666666666666,0.09523809523809523,0.14285714285714285,0.35714285714285715,0.0,21,3,1,2,2,1,1,0,0
Oc1ccc(cc1O)C(=C)[C@H](N)O,28/000000028,"InChI=1S/C9H11NO3/c1-5(9(10)13)6-2-3-7(11)8(12)4-6/h2-4,9,11-13H,1,10H2/t9-/m1/s1",C9H11NO3,181.073893212,0.38810000000000006,4.19,-6.34,2.22,-170,3.1988799250005826,1,LANAPDB,4,4,86.71000000000001,2,9,3,1,0.6923076923076923,0.23076923076923078,0.07692307692307693,0.1111111111111111,0.1111111111111111,13,1,0,1,0,0,0,0,0
Oc1ncc(cc1)N(c1ccc(c(c1)O)F)C(=O)N,17/000000075,"InChI=1S/C12H10FN3O3/c13-9-3-1-7(5-10(9)17)16(12(14)19)8-2-4-11(18)15-6-8/h1-6,17H,(H2,14,19)(H,15,18)",C12H10N3O3F,263.0706194,1.8486999999999993,4.18,-6.12,16.5,-40,2.8327084109801373,1,LANAPDB,4,3,99.67999999999999,2,12,3,3,0.631578947368421,0.15789473684210525,0.15789473684210525,0.0,0.0,19,2,0,2,1,0,1,0,0
N1C(=NO[C@@H]1CF)CC/C=C/C[NH3+],10/000000012,"InChI=1S/C8H14FN3O/c9-6-8-11-7(12-13-8)4-2-1-3-5-10/h1,3,8H,2,4-6,10H2,(H,11,12)/p+1/b3-1+/t8-/m1/s1",C8H15N3OF,188.11936674009,-0.2063999999999998,4.18,0.19,3.58,-150,5.424944899930264,1,LANAPDB,3,2,61.260000000000005,5,8,1,3,0.6153846153846154,0.07692307692307693,0.23076923076923078,0.625,0.125,13,1,1,0,1,1,0,0,0
OC(=O)C(=C)c1nc2nccc(c2c(=O)[nH]1)S,23/000000003,"InChI=1S/C10H7N3O3S/c1-4(10(15)16)7-12-8-6(9(14)13-7)5(17)2-3-11-8/h2-3H,1H2,(H,15,16)(H2,11,12,13,14,17)",C10H7N3O3S,249.020812084,0.7045999999999999,4.18,-4.19,19.9,-140,3.392938153746911,1,LANAPDB,5,3,95.94,2,10,3,3,0.5882352941176471,0.17647058823529413,0.17647058823529413,0.0,0.0,17,2,0,2,2,0,2,0,0
Oc1c(c2nnc(o2)S)c(C=C)ccc1O,28/000000012,"InChI=1S/C10H8N2O3S/c1-2-5-3-4-6(13)8(14)7(5)9-11-12-10(16)15-9/h2-4,13-14H,1H2,(H,12,16)",C10H8N2O3S,236.025563116,2.0795,4.18,-8.41,18.3,-180,3.210212811012667,1,LANAPDB,6,3,79.38000000000001,2,10,3,2,0.625,0.1875,0.125,0.0,0.0,16,2,0,2,1,0,1,0,0
Oc1c(O)cc(c(c1)C(=C)CO)OC(=O)C=C,28/000000177,"InChI=1S/C12H12O5/c1-3-12(16)17-11-5-10(15)9(14)4-8(11)7(2)6-13/h3-5,13-15H,1-2,6H2",C12H12O5,236.068473484,1.1946999999999999,4.18,-6.22,3.58,0,2.9678235049174795,1,LANAPDB,5,3,86.99000000000001,4,12,5,0,0.7058823529411765,0.29411764705882354,0.0,0.08333333333333333,0.0,17,1,0,1,0,0,0,0,0
c1oc(cc1)/C(=C\C[C@@H](CN)[NH3+])/c1nc[nH]n1,29/000000023,"InChI=1S/C11H15N5O/c12-6-8(13)3-4-9(10-2-1-5-17-10)11-14-7-15-16-11/h1-2,4-5,7-8H,3,6,12-13H2,(H,14,15,16)/p+1/b9-4+/t8-/m0/s1",C11H16N5O,234.13493655208998,-0.21129999999999888,4.18,0.09,20.5,-150,4.699575618223022,1,LANAPDB,4,3,108.36999999999999,5,11,1,5,0.6470588235294118,0.058823529411764705,0.29411764705882354,0.2727272727272727,0.09090909090909091,17,2,0,2,2,0,2,0,0
Oc1c(O)cc(c(c1)C=C)C(=O)/C=C/CS,28/000000134,"InChI=1S/C12H12O3S/c1-2-8-6-11(14)12(15)7-9(8)10(13)4-3-5-16/h2-4,6-7,14-16H,1,5H2/b4-3+",C12H12O3S,236.050715244,2.409500000000001,4.18,-3.01,3.58,-20,3.3154883680138063,1,LANAPDB,4,3,57.53,4,12,3,0,0.75,0.1875,0.0,0.08333333333333333,0.0,16,1,0,1,0,0,0,0,0
O[C@H](C[NH3+])CC#CCc1nncs1,10/000000032,"InChI=1S/C8H11N3OS/c9-5-7(12)3-1-2-4-8-11-10-6-13-8/h6-7,12H,3-5,9H2/p+1/t7-/m0/s1",C8H12N3OS,198.06955942409,-0.9231,4.18,-0.91,2.22,-150,4.845625565210929,1,LANAPDB,4,2,73.65,3,8,1,3,0.6153846153846154,0.07692307692307693,0.23076923076923078,0.5,0.125,13,1,0,1,1,0,1,0,0
Oc1c(OCC[NH3+])cc(c(c1)C/C=C\CNC)C=C,28/000000533,"InChI=1S/C15H22N2O2/c1-3-12-11-15(19-9-7-16)14(18)10-13(12)6-4-5-8-17-2/h3-5,10-11,17-18H,1,6-9,16H2,2H3/p+1/b5-4-",C15H23N2O2,263.17540439609,0.9740000000000002,4.18,-8.58,3.58,-60,3.728340090113777,1,LANAPDB,3,3,69.13,8,15,2,2,0.7894736842105263,0.10526315789473684,0.10526315789473684,0.3333333333333333,0.0,19,1,0,1,0,0,0,0,0
c1nc(sc1[C@@H](CCCCNCC)N)N,19/000000013,"InChI=1S/C10H20N4S/c1-2-13-6-4-3-5-8(11)9-7-14-10(12)15-9/h7-8,13H,2-6,11H2,1H3,(H2,12,14)/t8-/m1/s1",C10H20N4S,228.14086763999998,1.5048999999999995,4.17,6.48,2.22,-170,3.250453772140858,1,LANAPDB,5,3,76.96,7,10,0,4,0.6666666666666666,0.0,0.26666666666666666,0.7,0.1,15,1,0,1,1,0,1,0,0
Oc1c(O)cc(c(c1)C=C)C(=O)CCCn1[nH]ccc1=O,28/000000072,"InChI=1S/C15H16N2O4/c1-2-10-8-13(19)14(20)9-11(10)12(18)4-3-7-17-15(21)5-6-16-17/h2,5-6,8-9,16,19-20H,1,3-4,7H2",C15H16N2O4,288.111006992,1.8936999999999995,4.17,-6.02,4.94,0,3.1712696151271302,1,LANAPDB,5,3,95.32,6,15,4,2,0.7142857142857143,0.19047619047619047,0.09523809523809523,0.2,0.0,21,2,0,2,1,0,1,0,0
Oc1cc(c(cc1O)C=C)C/C=C\CC1COC1,28/000000214,"InChI=1S/C15H18O3/c1-2-12-7-14(16)15(17)8-13(12)6-4-3-5-11-9-18-10-11/h2-4,7-8,11,16-17H,1,5-6,9-10H2/b4-3-",C15H18O3,246.125594436,2.8760000000000012,4.17,-1.81,2.22,-170,3.158397272145761,1,LANAPDB,3,2,49.69,5,15,3,0,0.8333333333333334,0.16666666666666666,0.0,0.3333333333333333,0.0,18,2,1,1,1,1,0,0,0
Oc1cc(c(cc1O)C=C)C(=S)[C@@H]1ON=CC1,28/000000339,"InChI=1S/C12H11NO3S/c1-2-7-5-9(14)10(15)6-8(7)12(17)11-3-4-13-16-11/h2,4-6,11,14-15H,1,3H2/t11-/m1/s1",C12H11NO3S,249.045964212,2.2335000000000003,4.17,-5.73,17.7,-150,4.240833482547148,1,LANAPDB,5,2,62.05,3,12,3,1,0.7058823529411765,0.17647058823529413,0.058823529411764705,0.16666666666666666,0.08333333333333333,17,2,1,1,1,1,0,0,0
Oc1cc(c(cc1O)C=C)C/C=C/CC=S,28/000000362,"InChI=1S/C13H14O2S/c1-2-10-8-12(14)13(15)9-11(10)6-4-3-5-7-16/h2-4,7-9,14-15H,1,5-6H2/b4-3+",C13H14O2S,234.071450688,3.229300000000002,4.17,-7.51,2.22,0,3.5121879858378424,1,LANAPDB,3,2,40.46,5,13,2,0,0.8125,0.125,0.0,0.15384615384615385,0.0,16,1,0,1,0,0,0,0,0
Oc1c(OCF)cc(c(c1)C/C=C\CO)C=C,28/000000575,"InChI=1S/C13H15FO3/c1-2-10-8-13(17-9-14)12(16)7-11(10)5-3-4-6-15/h2-4,7-8,15-16H,1,5-6,9H2/b4-3-",C13H15O3F,238.10052256,2.4320000000000004,4.16,-7.18,5.09,0,3.236238758599967,1,LANAPDB,3,2,49.69,6,13,3,0,0.7647058823529411,0.17647058823529413,0.0,0.23076923076923078,0.0,17,1,0,1,0,0,0,0,0
Oc1c(O)cc(c(c1)C=C)[C@H](CO)C=C,28/000000048,"InChI=1S/C12H14O3/c1-3-8-5-11(14)12(15)6-10(8)9(4-2)7-13/h3-6,9,13-15H,1-2,7H2/t9-/m0/s1",C12H14O3,206.094294308,2.0027,4.16,-4.44,11.6,-150,3.731018497415583,1,LANAPDB,3,3,60.69,4,12,3,0,0.8,0.2,0.0,0.16666666666666666,0.08333333333333333,15,1,0,1,0,0,0,0,0
Oc1cc(Oc2cccc(c2)N)c(cc1O)C=C,28/000000017,"InChI=1S/C14H13NO3/c1-2-9-6-12(16)13(17)8-14(9)18-11-5-3-4-10(15)7-11/h2-8,16-17H,1,15H2",C14H13NO3,243.089543276,3.1153000000000004,4.16,-7.33,12.4,-20,2.401007118299608,1,LANAPDB,4,3,75.71000000000001,3,14,3,1,0.7777777777777778,0.16666666666666666,0.05555555555555555,0.0,0.0,18,2,0,2,0,0,0,0,0
c1nc(n[nH]1)/C=C/C[C@@H](CNC/C=C/CC)[NH3+],29/000000024,"InChI=1S/C12H21N5/c1-2-3-4-8-14-9-11(13)6-5-7-12-15-10-16-17-12/h3-5,7,10-11,14H,2,6,8-9,13H2,1H3,(H,15,16,17)/p+1/b4-3+,7-5+/t11-/m0/s1",C12H22N5,236.18697212408998,0.3743000000000007,4.16,4.0,3.58,-170,4.9138434361194125,1,LANAPDB,3,3,81.24000000000001,8,12,0,5,0.7058823529411765,0.0,0.29411764705882354,0.5,0.08333333333333333,17,1,0,1,1,0,1,0,0
Oc1cc(c(cc1O)C=C)[C@@](C1=NCNC=N1)(OC)F,28/000000550,"InChI=1S/C13H14FN3O3/c1-3-8-4-10(18)11(19)5-9(8)13(14,20-2)12-16-6-15-7-17-12/h3-6,18-19H,1,7H2,2H3,(H,15,16,17)/t13-/m0/s1",C13H14N3O3F,279.101919528,1.4969999999999999,4.16,-5.39,20.8,-170,4.587032852324782,1,LANAPDB,6,3,86.44,4,13,3,3,0.65,0.15,0.15,0.23076923076923078,0.07692307692307693,20,2,1,1,1,1,0,0,0
OC(=O)CNCC(=O)CC/C=C\Cc1c(C=C)cc(c(c1)O)O,28/000000459,"InChI=1S/C17H21NO5/c1-2-12-8-15(20)16(21)9-13(12)6-4-3-5-7-14(19)10-18-11-17(22)23/h2-4,8-9,18,20-21H,1,5-7,10-11H2,(H,22,23)/b4-3-",C17H21NO5,319.141972772,1.8630000000000004,4.16,-4.45,5.09,-130,3.111025487259548,1,LANAPDB,5,4,106.86000000000001,10,17,5,1,0.7391304347826086,0.21739130434782608,0.043478260869565216,0.29411764705882354,0.0,23,1,0,1,0,0,0,0,0
O=C(/C=C\c1cccc2c1cc1n2CCNC1)OCCCN,20/000000005,"InChI=1S/C17H21N3O2/c18-7-2-10-22-17(21)6-5-13-3-1-4-16-15(13)11-14-12-19-8-9-20(14)16/h1,3-6,11,19H,2,7-10,12,18H2/b6-5-",C17H21N3O2,299.16337691200005,1.6496999999999997,4.16,-3.69,3.58,-200,2.8009149437252177,1,LANAPDB,5,2,69.28,5,17,2,3,0.7727272727272727,0.09090909090909091,0.13636363636363635,0.35294117647058826,0.0,22,3,1,2,2,1,1,0,0
Oc1cc(c(cc1O)C=C)CSC,28/000000010,"InChI=1S/C10H12O2S/c1-3-7-4-9(11)10(12)5-8(7)6-13-2/h3-5,11-12H,1,6H2,2H3",C10H12O2S,196.055800624,2.6038000000000006,4.15,-3.79,10.7,-20,2.9148327170417936,1,LANAPDB,3,2,40.46,3,10,2,0,0.7692307692307693,0.15384615384615385,0.0,0.2,0.0,13,1,0,1,0,0,0,0,0
Oc1c(O)cc(c(c1)C/C=C\CNC[C@@H]1N=CNC1=O)C=C,28/000000599,"InChI=1S/C16H19N3O3/c1-2-11-7-14(20)15(21)8-12(11)5-3-4-6-17-9-13-16(22)19-10-18-13/h2-4,7-8,10,13,17,20-21H,1,5-6,9H2,(H,18,19,22)/b4-3-/t13-/m0/s1",C16H19N3O3,301.142641468,0.9557999999999996,4.15,-6.56,3.58,-190,4.167600125376587,1,LANAPDB,5,4,93.94999999999999,7,16,3,3,0.7272727272727273,0.13636363636363635,0.13636363636363635,0.25,0.0625,22,2,1,1,1,1,0,0,0
Oc1c(O)cc(c(c1)C=C)C/C=C\CNCCO,28/000000096,"InChI=1S/C14H19NO3/c1-2-11-9-13(17)14(18)10-12(11)5-3-4-6-15-7-8-16/h2-4,9-10,15-18H,1,5-8H2/b4-3-",C14H19NO3,249.136493468,1.4213999999999998,4.15,-6.22,2.22,-20,3.121311733684223,1,LANAPDB,4,4,72.72,7,14,3,1,0.7777777777777778,0.16666666666666666,0.05555555555555555,0.2857142857142857,0.0,18,1,0,1,0,0,0,0,0
OCCCCCCc1cc(O)c2c(c1N=O)CCCS2,17/000000025,"InChI=1S/C15H21NO3S/c17-8-4-2-1-3-6-11-10-13(18)15-12(14(11)16-19)7-5-9-20-15/h10,17-18H,1-9H2",C15H21NO3S,295.124214532,3.923600000000003,4.15,-7.87,17.3,-140,3.1615441354724094,1,LANAPDB,5,2,69.89,7,15,3,1,0.75,0.15,0.05,0.6,0.0,20,2,1,1,1,1,0,0,0
Oc1c(O)cc(c(c1)C=C)C/C=C\CO,28/000000207,"InChI=1S/C12H14O3/c1-2-9-7-11(14)12(15)8-10(9)5-3-4-6-13/h2-4,7-8,13-15H,1,5-6H2/b4-3-",C12H14O3,206.094294308,1.8317999999999999,4.15,-6.35,2.22,0,3.099769141317987,1,LANAPDB,3,3,60.69,4,12,3,0,0.8,0.2,0.0,0.16666666666666666,0.0,15,1,0,1,0,0,0,0,0
Oc1c(O)cc(c(c1)C=C)[C@@H](CC)CO,28/000000015,"InChI=1S/C12H16O3/c1-3-8-5-11(14)12(15)6-10(8)9(4-2)7-13/h3,5-6,9,13-15H,1,4,7H2,2H3/t9-/m0/s1",C12H16O3,208.109944372,2.2267000000000006,4.15,-4.79,10.6,-170,3.3441846512617364,1,LANAPDB,3,3,60.69,4,12,3,0,0.8,0.2,0.0,0.3333333333333333,0.08333333333333333,15,1,0,1,0,0,0,0,0
Oc1cc(c(cc1O)C=C)C/C=C\CNC[C@@H]1C=CCCC1,28/000000594,"InChI=1S/C19H25NO2/c1-2-16-12-18(21)19(22)13-17(16)10-6-7-11-20-14-15-8-4-3-5-9-15/h2,4,6-8,12-13,15,20-22H,1,3,5,9-11,14H2/b7-6-/t15-/m1/s1",C19H25NO2,299.18852904000005,3.785400000000002,4.15,-7.48,3.58,-190,3.836850603930291,1,LANAPDB,3,3,52.49,7,19,2,1,0.8636363636363636,0.09090909090909091,0.045454545454545456,0.3684210526315789,0.05263157894736842,22,2,1,1,0,0,0,0,0
Oc1cc(c(c2c1SCCC2)CO)CN(CCCN)C,17/000000034,"InChI=1S/C15H24N2O2S/c1-17(6-3-5-16)9-11-8-14(19)15-12(13(11)10-18)4-2-7-20-15/h8,18-19H,2-7,9-10,16H2,1H3",C15H24N2O2S,296.155849008,1.7033999999999996,4.14,-4.29,15.9,-160,3.141364971215614,1,LANAPDB,5,3,69.72,6,15,2,2,0.75,0.1,0.1,0.6,0.0,20,2,1,1,1,1,0,0,0
Oc1c(O)cc(c(c1)C=C)OC(=O)/C=C\[C@@H]1NCSCC1,28/000000222,"InChI=1S/C15H17NO4S/c1-2-10-7-12(17)13(18)8-14(10)20-15(19)4-3-11-5-6-21-9-16-11/h2-4,7-8,11,16-18H,1,5-6,9H2/b4-3-/t11-/m0/s1",C15H17NO4S,307.08782902400003,2.255,4.14,-9.81,5.09,-190,3.894263510125974,1,LANAPDB,6,3,78.78999999999999,4,15,4,1,0.7142857142857143,0.19047619047619047,0.047619047619047616,0.26666666666666666,0.06666666666666667,21,2,1,1,1,1,0,0,0
Oc1cc(c(cc1O)C=C)C/C=C\CCC,28/000000078,"InChI=1S/C14H18O2/c1-3-5-6-7-8-12-10-14(16)13(15)9-11(12)4-2/h4,6-7,9-10,15-16H,2-3,5,8H2,1H3/b7-6-",C14H18O2,218.130679816,3.6396000000000024,4.14,-2.98,2.22,-40,2.941222950872808,1,LANAPDB,2,2,40.46,5,14,2,0,0.875,0.125,0.0,0.2857142857142857,0.0,16,1,0,1,0,0,0,0,0
C(=C\C/C=C(/[C@H]1OC=NC1)\c1nc(n[nH]1)C(=O)O)\C,19/000000025,"InChI=1S/C12H14N4O3/c1-2-3-4-5-8(9-6-13-7-19-9)10-14-11(12(17)18)16-15-10/h2-3,5,7,9H,4,6H2,1H3,(H,17,18)(H,14,15,16)/b3-2-,8-5-/t9-/m0/s1",C12H13N4O3,262.106590308,1.2795999999999998,4.13,-4.56,24.6,-170,4.6872699631618255,1,LANAPDB,5,2,100.46000000000001,5,12,3,4,0.631578947368421,0.15789473684210525,0.21052631578947367,0.3333333333333333,0.08333333333333333,19,2,1,1,2,1,1,0,0
SCCCCc1cnc2c(c1C#CCN)c(=O)[nH]c(n2)CF,23/000000012,"InChI=1S/C15H17FN4OS/c16-8-12-19-14-13(15(21)20-12)11(5-3-6-17)10(9-18-14)4-1-2-7-22/h9,22H,1-2,4,6-8,17H2,(H,18,19,20,21)",C15H17N4OSF,320.110710384,1.3502999999999998,4.13,-9.36,24.5,-120,3.4544973025961863,1,LANAPDB,5,3,84.66,5,15,1,4,0.6818181818181818,0.045454545454545456,0.18181818181818182,0.4,0.0,22,2,0,2,2,0,2,0,0
Oc1cc(O)c(cc1C(=C)C[NH3+])O,28/000000492,"InChI=1S/C9H11NO3/c1-5(4-10)6-2-8(12)9(13)3-7(6)11/h2-3,11-13H,1,4,10H2/p+1",C9H12NO3,182.08116966409,0.058499999999999774,4.13,-5.1,2.22,0,3.5699560396015864,1,LANAPDB,3,4,88.33,2,9,3,1,0.6923076923076923,0.23076923076923078,0.07692307692307693,0.1111111111111111,0.0,13,1,0,1,0,0,0,0,0
Oc1cc(C=C)c(cc1O)[C@H](C)F,28/000000007,"InChI=1S/C10H11FO2/c1-3-7-4-9(12)10(13)5-8(7)6(2)11/h3-6,12-13H,1H2,2H3/t6-/m0/s1",C10H11O2F,182.074307812,2.771300000000001,4.13,-4.52,10.9,-170,3.426991237217778,1,LANAPDB,2,2,40.46,2,10,2,0,0.7692307692307693,0.15384615384615385,0.0,0.2,0.1,13,1,0,1,0,0,0,0,0
Oc1cc(c(cc1O)C=C)/C(=C\CSC)/CS(=O)(=O)C,28/000000579,"InChI=1S/C14H18O4S2/c1-4-10-7-13(15)14(16)8-12(10)11(5-6-19-2)9-20(3,17)18/h4-5,7-8,15-16H,1,6,9H2,2-3H3/b11-5-",C14H18O4S2,314.06465105599995,2.5318000000000005,4.12,-4.03,3.58,-100,3.4583236328370113,1,LANAPDB,5,2,74.6,6,14,4,0,0.7,0.2,0.0,0.2857142857142857,0.0,20,1,0,1,0,0,0,0,0
c1n[nH]c(=O)cc1COC(=O)[C@H](CN)c1cccc(c1)Br,19/000000051,"InChI=1S/C14H14BrN3O3/c15-11-3-1-2-10(5-11)12(6-16)14(20)21-8-9-4-13(19)18-17-7-9/h1-5,7,12H,6,8,16H2,(H,18,19)/t12-/m1/s1",C14H14N3O3Br,351.021853408,1.3181000000000005,4.11,1.46,2.22,-150,3.0439242663189328,1,LANAPDB,5,2,98.07000000000001,5,14,3,3,0.6666666666666666,0.14285714285714285,0.14285714285714285,0.21428571428571427,0.07142857142857142,21,2,0,2,1,0,1,0,0
OCC/C=C/C(=O)O[C@H](c1nncs1)C(=O)O,19/000000072,"InChI=1S/C9H10N2O5S/c12-4-2-1-3-6(13)16-7(9(14)15)8-11-10-5-17-8/h1,3,5,7,12H,2,4H2,(H,14,15)/b3-1+/t7-/m1/s1",C9H9N2O5S,258.03104242,0.1455999999999999,4.11,1.09,2.22,-150,3.6144541044784098,1,LANAPDB,7,2,109.61,6,9,5,2,0.5294117647058824,0.29411764705882354,0.11764705882352941,0.3333333333333333,0.1111111111111111,17,1,0,1,1,0,1,0,0
Oc1c(O)cc(c(c1)C=C)[C@H](c1cc[nH]c1)F,28/000000348,"InChI=1S/C13H12FNO2/c1-2-8-5-11(16)12(17)6-10(8)13(14)9-3-4-15-7-9/h2-7,13,15-17H,1H2/t13-/m0/s1",C13H12NO2F,233.085206844,3.1278000000000006,4.11,-6.21,16.5,-150,3.8009411748548416,1,LANAPDB,2,3,56.25,3,13,2,1,0.7647058823529411,0.11764705882352941,0.058823529411764705,0.07692307692307693,0.07692307692307693,17,2,0,2,1,0,1,0,0
Oc1cc(OC(=O)/C=C/CC(=O)C)c(cc1O)C=C,28/000000127,"InChI=1S/C14H14O5/c1-3-10-7-11(16)12(17)8-13(10)19-14(18)6-4-5-9(2)15/h3-4,6-8,16-17H,1,5H2,2H3/b6-4+",C14H14O5,262.08412354800004,2.1814999999999998,4.11,-6.28,5.09,-40,2.9379991697688617,1,LANAPDB,5,2,83.83,5,14,5,0,0.7368421052631579,0.2631578947368421,0.0,0.14285714285714285,0.0,19,1,0,1,0,0,0,0,0
Oc1ccc(cc1O)C(=C)[C@H](c1cnc[nH]1)N,28/000000368,"InChI=1S/C12H13N3O2/c1-7(12(13)9-5-14-6-15-9)8-2-3-10(16)11(17)4-8/h2-6,12,16-17H,1,13H2,(H,14,15)/t12-/m1/s1",C12H13N3O2,231.100776656,1.5340999999999994,4.11,-8.35,2.22,-170,3.4363807820561503,1,LANAPDB,4,4,95.16,3,12,2,3,0.7058823529411765,0.11764705882352941,0.17647058823529413,0.08333333333333333,0.08333333333333333,17,2,0,2,1,0,1,0,0
Oc1c(N)c(cc2c1SCCC2)COC,17/000000042,"InChI=1S/C11H15NO2S/c1-14-6-8-5-7-3-2-4-15-11(7)10(13)9(8)12/h5,13H,2-4,6,12H2,1H3",C11H15NO2S,225.08234972,2.1591000000000005,4.11,-5.5,12.1,-140,3.179048503419301,1,LANAPDB,4,2,55.480000000000004,2,11,2,1,0.7333333333333333,0.13333333333333333,0.06666666666666667,0.45454545454545453,0.0,15,2,1,1,1,1,0,0,0
OC(=O)COCc1cc(O)cc2c1sc(=C)[nH]2,17/000000051,"InChI=1S/C11H11NO4S/c1-6-12-9-3-8(13)2-7(11(9)17-6)4-16-5-10(14)15/h2-3,12-13H,1,4-5H2,(H,14,15)",C11H11NO4S,253.04087883199998,1.9821999999999997,4.11,-3.53,16.5,-80,3.3092786931335194,1,LANAPDB,5,3,78.79,4,11,4,1,0.6470588235294118,0.23529411764705882,0.058823529411764705,0.18181818181818182,0.0,17,2,1,1,1,1,0,0,0
Oc1c(O)cc(c(c1)C=C)C(=O)CCCCCNC(=O)N,28/000000075,"InChI=1S/C15H20N2O4/c1-2-10-8-13(19)14(20)9-11(10)12(18)6-4-3-5-7-17-15(16)21/h2,8-9,19-20H,1,3-7H2,(H3,16,17,21)",C15H20N2O4,292.14230712,2.1521999999999997,4.11,-9.03,4.94,-50,2.6323334989746794,1,LANAPDB,4,4,112.64999999999999,8,15,4,2,0.7142857142857143,0.19047619047619047,0.09523809523809523,0.3333333333333333,0.0,21,1,0,1,0,0,0,0,0
Oc1c(O)cc(c(c1)C=C)C/C=C\C[C@@H]1CNC(=O)C1,28/000000098,"InChI=1S/C16H19NO3/c1-2-12-8-14(18)15(19)9-13(12)6-4-3-5-11-7-16(20)17-10-11/h2-4,8-9,11,18-19H,1,5-7,10H2,(H,17,20)/b4-3-/t11-/m0/s1",C16H19NO3,273.136493468,2.3657000000000004,4.1,-9.11,3.58,-170,3.712639470706401,1,LANAPDB,3,3,69.56,5,16,3,1,0.8,0.15,0.05,0.3125,0.0625,20,2,1,1,1,1,0,0,0
OC[C@@H](c1cc(O)c(cc1C=C)O)/C=C\CCC(=O)C,28/000000657,"InChI=1S/C16H20O4/c1-3-12-8-15(19)16(20)9-14(12)13(10-17)7-5-4-6-11(2)18/h3,5,7-9,13,17,19-20H,1,4,6,10H2,2H3/b7-5-/t13-/m0/s1",C16H20O4,276.13615912,2.7421000000000006,4.1,-3.46,5.53,-170,3.693775276567206,1,LANAPDB,4,3,77.75999999999999,7,16,4,0,0.8,0.2,0.0,0.3125,0.0625,20,1,0,1,0,0,0,0,0
OC/C(=C/Cc1cc(O)c2c(c1N=O)CCCS2)/C,17/000000050,"InChI=1S/C14H17NO3S/c1-9(8-16)4-5-10-7-12(17)14-11(13(10)15-18)3-2-6-19-14/h4,7,16-17H,2-3,5-6,8H2,1H3/b9-4+",C14H17NO3S,279.092914404,3.3095000000000017,4.1,-7.62,17.7,-140,3.5932878404766218,1,LANAPDB,5,2,69.89,4,14,3,1,0.7368421052631579,0.15789473684210525,0.05263157894736842,0.42857142857142855,0.0,19,2,1,1,1,1,0,0,0
Oc1cc(c(cc1O)C=C)CC=C,28/000000002,"InChI=1S/C11H12O2/c1-3-5-9-7-11(13)10(12)6-8(9)4-2/h3-4,6-7,12-13H,1-2,5H2",C11H12O2,176.083729624,2.4693000000000005,4.1,-4.45,2.22,0,2.891001508250584,1,LANAPDB,2,2,40.46,3,11,2,0,0.8461538461538461,0.15384615384615385,0.0,0.09090909090909091,0.0,13,1,0,1,0,0,0,0,0
Oc1cc(OC(=O)/C=C\CNS(=O)(=O)C)c(cc1O)C=C,28/000000111,"InChI=1S/C13H15NO6S/c1-3-9-7-10(15)11(16)8-12(9)20-13(17)5-4-6-14-21(2,18)19/h3-5,7-8,14-16H,1,6H2,2H3/b5-4-",C13H15NO6S,313.06200820000004,0.7515999999999998,4.1,-10.21,5.09,-90,2.986324389662938,1,LANAPDB,6,3,112.92999999999999,6,13,6,1,0.6190476190476191,0.2857142857142857,0.047619047619047616,0.15384615384615385,0.0,21,1,0,1,0,0,0,0,0
Oc1c(O)cc(c(c1)C/C=C/CC(=O)CC[NH2+]C)C=C,28/000000452,"InChI=1S/C16H21NO3/c1-3-12-10-15(19)16(20)11-13(12)6-4-5-7-14(18)8-9-17-2/h3-5,10-11,17,19-20H,1,6-9H2,2H3/p+1/b5-4+",C16H22NO3,276.15941998409,1.382,4.1,-8.49,5.09,-60,3.973045305880948,1,LANAPDB,3,3,74.14,8,16,3,1,0.8,0.15,0.05,0.3125,0.0,20,1,0,1,0,0,0,0,0
Oc1ccc(cc1O)C(=C)[C@H](CC(=O)NC)N,28/000000269,"InChI=1S/C12H16N2O3/c1-7(9(13)6-12(17)14-2)8-3-4-10(15)11(16)5-8/h3-5,9,15-16H,1,6,13H2,2H3,(H,14,17)/t9-/m0/s1",C12H16N2O3,236.116092372,0.5743999999999998,4.1,-6.51,2.22,-190,3.1366804219906843,1,LANAPDB,4,4,95.58,4,12,3,2,0.7058823529411765,0.17647058823529413,0.11764705882352941,0.25,0.08333333333333333,17,1,0,1,0,0,0,0,0
Oc1c(O)cc(c(c1)C=C)C/C=C\Cc1nsc(c1)[C@H]1NC1,28/000000551,"InChI=1S/C17H18N2O2S/c1-2-11-7-15(20)16(21)8-12(11)5-3-4-6-13-9-17(22-19-13)14-10-18-14/h2-4,7-9,14,18,20-21H,1,5-6,10H2/b4-3-/t14-/m0/s1",C17H18N2O2S,314.108898816,3.1830000000000007,4.1,-4.81,5.09,-190,4.1545825075105824,1,LANAPDB,5,3,75.29,6,17,2,2,0.7727272727272727,0.09090909090909091,0.09090909090909091,0.23529411764705882,0.058823529411764705,22,3,1,2,2,1,1,0,0
NN[C@@H](c1cn[nH]c(=O)c1)C#CCC1=COC=CC1,19/000000061,"InChI=1S/C13H14N4O2/c14-16-12(11-7-13(18)17-15-8-11)5-1-3-10-4-2-6-19-9-10/h2,6-9,12,16H,3-4,14H2,(H,17,18)/t12-/m1/s1",C13H14N4O2,258.111675688,0.48569999999999963,4.1,6.86,24.6,-150,4.707664461996324,1,LANAPDB,5,3,93.02999999999999,3,13,2,4,0.6842105263157895,0.10526315789473684,0.21052631578947367,0.23076923076923078,0.07692307692307693,19,2,1,1,2,1,1,0,0
Oc1cc(c(cc1O)C=C)C(=O)CCC,28/000000014,"InChI=1S/C12H14O3/c1-3-5-10(13)9-7-12(15)11(14)6-8(9)4-2/h4,6-7,14-15H,2-3,5H2,1H3",C12H14O3,206.094294308,2.723600000000001,4.1,-6.7,3.58,-20,2.6454177341885323,1,LANAPDB,3,2,57.53,4,12,3,0,0.8,0.2,0.0,0.25,0.0,15,1,0,1,0,0,0,0,0
Oc1cc(c(cc1O)C=C)[C@H](C[NH3+])/C=C\CCC(=O)C,28/000000610,"InChI=1S/C16H21NO3/c1-3-12-8-15(19)16(20)9-14(12)13(10-17)7-5-4-6-11(2)18/h3,5,7-9,13,19-20H,1,4,6,10,17H2,2H3/p+1/b7-5-/t13-/m0/s1",C16H22NO3,276.15941998409,1.9917,4.1,-4.34,16.4,-190,4.142941943233873,1,LANAPDB,3,3,85.16999999999999,7,16,3,1,0.8,0.15,0.05,0.3125,0.0625,20,1,0,1,0,0,0,0,0
Oc1cc(c(cc1O)C=C)[C@H](CCCl)F,28/000000301,"InChI=1S/C11H12ClFO2/c1-2-7-5-10(14)11(15)6-8(7)9(13)3-4-12/h2,5-6,9,14-15H,1,3-4H2/t9-/m0/s1",C11H12O2FCl,230.050985524,3.380300000000002,4.1,-6.76,13.2,-150,3.585512728184814,1,LANAPDB,2,2,40.46,4,11,2,0,0.7333333333333333,0.13333333333333333,0.0,0.2727272727272727,0.09090909090909091,15,1,0,1,0,0,0,0,0
Oc1cc(c(cc1O)C=C)CNC(=O)N,28/000000043,"InChI=1S/C10H12N2O3/c1-2-6-3-8(13)9(14)4-7(6)5-12-10(11)15/h2-4,13-14H,1,5H2,(H3,11,12,15)",C10H12N2O3,208.084792244,0.9091,4.1,-3.68,5.09,0,2.7151919649577643,1,LANAPDB,3,4,95.58,3,10,3,2,0.6666666666666666,0.2,0.13333333333333333,0.1,0.0,15,1,0,1,0,0,0,0,0
OC(=O)Cc1nc([nH]n1)/C(=C\CCC[NH3+])/C,19/000000011,"InChI=1S/C10H16N4O2/c1-7(4-2-3-5-11)10-12-8(13-14-10)6-9(15)16/h4H,2-3,5-6,11H2,1H3,(H,15,16)(H,12,13,14)/p+1/b7-4-",C10H17N4O2,225.13460220409,-0.14279999999999982,4.09,-0.28,3.85,-20,3.978494978844834,1,LANAPDB,3,3,106.50999999999999,6,10,2,4,0.625,0.125,0.25,0.5,0.0,16,1,0,1,1,0,1,0,0
OC(=O)c1ccc(cc1C(=O)Nc1ccccc1N(=O)=O)N,10/000000005,"InChI=1S/C14H11N3O5/c15-8-5-6-9(14(19)20)10(7-8)13(18)16-11-3-1-2-4-12(11)17(21)22/h1-7H,15H2,(H,16,18)(H,19,20)",C14H11N3O5,301.06987045200003,2.1275,4.09,-7.62,3.58,-60,1.9360387418021432,1,LANAPDB,5,3,135.56,4,14,5,3,0.6363636363636364,0.22727272727272727,0.13636363636363635,0.0,0.0,22,2,0,2,0,0,0,0,0
Oc1c(O)cc(c(c1)N)/C(=C/CCO)/CC,17/000000060,"InChI=1S/C12H17NO3/c1-2-8(4-3-5-14)9-6-11(15)12(16)7-10(9)13/h4,6-7,14-16H,2-3,5,13H2,1H3/b8-4+",C12H17NO3,223.120843404,1.8558,4.09,-5.78,3.58,-40,2.9957130549547735,1,LANAPDB,4,4,86.71000000000001,4,12,3,1,0.75,0.1875,0.0625,0.3333333333333333,0.0,16,1,0,1,0,0,0,0,0
S[C@H](CNCC1=Cc2c(C1)cccc2)C1=NN=CNC1,17/000000003,"InChI=1S/C15H18N4S/c20-15(14-8-17-10-18-19-14)9-16-7-11-5-12-3-1-2-4-13(12)6-11/h1-5,10,15-16,20H,6-9H2,(H,17,18)/t15-/m1/s1",C15H18N4S,286.125217576,1.5015999999999998,4.09,3.16,3.58,-190,4.298736728110015,1,LANAPDB,5,3,48.78,5,15,0,4,0.75,0.0,0.2,0.3333333333333333,0.06666666666666667,20,3,2,1,1,1,0,0,0
c1cc(c2c(c1)c(=O)[nH]nn2)CCCC[NH3+],13/000000001,"InChI=1S/C11H14N4O/c12-7-2-1-4-8-5-3-6-9-10(8)13-15-14-11(9)16/h3,5-6H,1-2,4,7,12H2,(H,13,14,16)/p+1",C11H15N4O,219.12403752008998,-0.1172999999999994,4.09,-6.59,3.58,-100,3.354225398425255,1,LANAPDB,3,2,86.28,4,11,1,4,0.6875,0.0625,0.25,0.36363636363636365,0.0,16,2,0,2,1,0,1,0,0
Oc1c(O)cc(c(c1)C=C)CC/C=C/CC,28/000000013,"InChI=1S/C14H18O2/c1-3-5-6-7-8-12-10-14(16)13(15)9-11(12)4-2/h4-6,9-10,15-16H,2-3,7-8H2,1H3/b6-5+",C14H18O2,218.130679816,3.6396000000000024,4.09,-5.59,2.22,-40,2.8724579159077717,1,LANAPDB,2,2,40.46,5,14,2,0,0.875,0.125,0.0,0.2857142857142857,0.0,16,1,0,1,0,0,0,0,0
Oc1cc(C(=S)C2=CC(=O)C2=O)c(cc1O)C=C,28/000000101,"InChI=1S/C13H8O4S/c1-2-6-3-9(14)10(15)4-7(6)13(18)8-5-11(16)12(8)17/h2-5,14-15H,1H2",C13H8O4S,260.01432973600004,1.1030999999999997,4.08,-6.64,19.5,0,3.28244427214576,1,LANAPDB,5,2,74.6,3,13,4,0,0.7222222222222222,0.2222222222222222,0.0,0.0,0.0,18,2,0,2,0,0,0,0,0
OC(=O)CNCCOC(=O)Cc1c(C=C)cc(c(c1)O)O,28/000000595,"InChI=1S/C14H17NO6/c1-2-9-5-11(16)12(17)6-10(9)7-14(20)21-4-3-15-8-13(18)19/h2,5-6,15-17H,1,3-4,7-8H2,(H,18,19)",C14H17NO6,295.105587264,0.5007000000000006,4.08,0.01,3.58,-30,2.707413660918,1,LANAPDB,6,4,116.09,8,14,6,1,0.6666666666666666,0.2857142857142857,0.047619047619047616,0.2857142857142857,0.0,21,1,0,1,0,0,0,0,0
O=N[C@@H](C1=CNC=NC1)/C=C/CC#CCc1nn[nH]n1,19/000000023,"InChI=1S/C12H13N7O/c20-17-11(10-7-13-9-14-8-10)5-3-1-2-4-6-12-15-18-19-16-12/h3,5,7,9,11H,1,6,8H2,(H,13,14)(H,15,16,18,19)/b5-3+/t11-/m1/s1",C12H13N7O,271.118158036,0.3422999999999999,4.08,2.54,4.94,-150,5.044558631630223,1,LANAPDB,7,2,108.28000000000002,5,12,1,7,0.6,0.05,0.35,0.3333333333333333,0.08333333333333333,20,2,1,1,2,1,1,0,0
Oc1cc(c(cc1O)C=C)C/C=C\[C@@H](C)NC(=O)N,28/000000660,"InChI=1S/C14H18N2O3/c1-3-10-7-12(17)13(18)8-11(10)6-4-5-9(2)16-14(15)19/h3-5,7-9,17-18H,1,6H2,2H3,(H3,15,16,19)/b5-4-/t9-/m1/s1",C14H18N2O3,262.131742436,1.8962999999999997,4.08,-6.59,3.58,-190,3.667741154715369,1,LANAPDB,3,4,95.58,5,14,3,2,0.7368421052631579,0.15789473684210525,0.10526315789473684,0.21428571428571427,0.07142857142857142,19,1,0,1,0,0,0,0,0
Oc1cc(cc(c1F)NC(=O)N)/C(=C\CC)/CC,11/000000005,"InChI=1S/C13H17FN2O2/c1-3-5-8(4-2)9-6-10(16-13(15)18)12(14)11(17)7-9/h5-7,17H,3-4H2,1-2H3,(H3,15,16,18)/b8-5-",C13H17N2O2F,252.127406004,3.2253000000000016,4.08,-6.0,3.58,-140,2.920260618299608,1,LANAPDB,2,3,75.35,4,13,2,2,0.7222222222222222,0.1111111111111111,0.1111111111111111,0.3076923076923077,0.0,18,1,0,1,0,0,0,0,0
C(=C\C[C@@H](CN)[NH3+])/c1n[nH]c(n1)CC,29/000000038,"InChI=1S/C9H17N5/c1-2-8-12-9(14-13-8)5-3-4-7(11)6-10/h3,5,7H,2,4,6,10-11H2,1H3,(H,12,13,14)/p+1/b5-3+/t7-/m0/s1",C9H18N5,196.15567199608998,-0.6603999999999994,4.08,-0.78,2.22,-170,4.722435727617414,1,LANAPDB,3,3,95.23,5,9,0,5,0.6428571428571429,0.0,0.35714285714285715,0.5555555555555556,0.1111111111111111,14,1,0,1,1,0,1,0,0
OC(=O)C[C@H]([NH3+])C#CCC1=CCC=C1,10/000000027,"InChI=1S/C11H13NO2/c12-10(8-11(13)14)7-3-6-9-4-1-2-5-9/h1,4-5,10H,2,6,8,12H2,(H,13,14)/p+1/t10-/m1/s1",C11H14NO2,192.10190510809,0.35139999999999993,4.07,-0.64,16.2,-150,4.720731585605579,1,LANAPDB,1,2,64.94,3,11,2,1,0.7857142857142857,0.14285714285714285,0.07142857142857142,0.36363636363636365,0.09090909090909091,14,1,1,0,0,0,0,0,0
Oc1c(O)cc(c(c1)C=C)[C@@H](CCO)S,28/000000005,"InChI=1S/C11H14O3S/c1-2-7-5-9(13)10(14)6-8(7)11(15)3-4-12/h2,5-6,11-15H,1,3-4H2/t11-/m1/s1",C11H14O3S,226.066365308,2.094100000000001,4.07,-5.34,12.5,-150,3.64310580510789,1,LANAPDB,4,4,60.69,4,11,3,0,0.7333333333333333,0.2,0.0,0.2727272727272727,0.09090909090909091,15,1,0,1,0,0,0,0,0
Oc1cc(c(cc1O)C=C)C/C=C/CCC(=O)C,28/000000308,"InChI=1S/C15H18O3/c1-3-12-9-14(17)15(18)10-13(12)8-6-4-5-7-11(2)16/h3-4,6,9-10,17-18H,1,5,7-8H2,2H3/b6-4+",C15H18O3,246.125594436,3.208700000000002,4.07,-9.73,2.22,-80,2.9856650335272352,1,LANAPDB,3,2,57.53,6,15,3,0,0.8333333333333334,0.16666666666666666,0.0,0.26666666666666666,0.0,18,1,0,1,0,0,0,0,0
Oc1c(O)cc(c(c1)C=C)C(=O)CCCC(=C)N(=O)=O,28/000000114,"InChI=1S/C14H15NO5/c1-3-10-7-13(17)14(18)8-11(10)12(16)6-4-5-9(2)15(19)20/h3,7-8,17-18H,1-2,4-6H2",C14H15NO5,277.09502258000003,2.8842000000000017,4.06,-8.48,4.94,-60,3.195654256929899,1,LANAPDB,5,2,100.66999999999999,7,14,5,1,0.7,0.25,0.05,0.21428571428571427,0.0,20,1,0,1,0,0,0,0,0
Sc1c(N(=O)=O)cnc2c1c(=O)[nH]c(n2)CCC,23/000000009,"InChI=1S/C10H10N4O3S/c1-2-3-6-12-9-7(10(15)13-6)8(18)5(4-11-9)14(16)17/h4H,2-3H2,1H3,(H2,11,12,13,15,18)",C10H10N4O3S,266.04736118,1.4674999999999998,4.06,-4.34,19.8,-140,3.026141014688932,1,LANAPDB,6,2,101.77999999999999,3,10,3,4,0.5555555555555556,0.16666666666666666,0.2222222222222222,0.3,0.0,18,2,0,2,2,0,2,0,0
Oc1cc(c(cc1O)C=C)C/C=C\CNCC1=CC=NCN1,28/000000581,"InChI=1S/C17H21N3O2/c1-2-13-9-16(21)17(22)10-14(13)5-3-4-7-18-11-15-6-8-19-12-20-15/h2-4,6,8-10,18,20-22H,1,5,7,11-12H2/b4-3-",C17H21N3O2,299.16337691200005,1.9445,4.06,-8.63,3.58,-40,3.83616071982412,1,LANAPDB,5,4,76.88,7,17,2,3,0.7727272727272727,0.09090909090909091,0.13636363636363635,0.23529411764705882,0.0,22,2,1,1,1,1,0,0,0
OC(=O)Cc1cc2cc([nH]c2cc1CCCCCC)C(=O)O,20/000000004,"InChI=1S/C17H21NO4/c1-2-3-4-5-6-11-8-14-13(7-12(11)10-16(19)20)9-15(18-14)17(21)22/h7-9,18H,2-6,10H2,1H3,(H,19,20)(H,21,22)",C17H21NO4,303.147058152,3.6160000000000023,4.06,-6.56,5.39,-120,2.360256522382217,1,LANAPDB,2,3,90.39,8,17,4,1,0.7727272727272727,0.18181818181818182,0.045454545454545456,0.4117647058823529,0.0,22,2,0,2,1,0,1,0,0
Oc1c(O)cc(c(c1)C=C)C/C=C\Cc1[nH]cnc1CNC,28/000000460,"InChI=1S/C17H21N3O2/c1-3-12-8-16(21)17(22)9-13(12)6-4-5-7-14-15(10-18-2)20-11-19-14/h3-5,8-9,11,18,21-22H,1,6-7,10H2,2H3,(H,19,20)/b5-4-",C17H21N3O2,299.16337691200005,2.5247,4.06,-7.41,5.09,-60,3.4688548708344005,1,LANAPDB,4,4,81.17,7,17,2,3,0.7727272727272727,0.09090909090909091,0.13636363636363635,0.23529411764705882,0.0,22,2,0,2,1,0,1,0,0
Oc1cc(c(cc1O)C=C)C/C=C/CCC(=O)CC,28/000000112,"InChI=1S/C16H20O3/c1-3-12-10-15(18)16(19)11-13(12)8-6-5-7-9-14(17)4-2/h3,5-6,10-11,18-19H,1,4,7-9H2,2H3/b6-5+",C16H20O3,260.1412445,3.5988000000000024,4.06,-6.42,3.58,-40,3.0281974642345766,1,LANAPDB,3,2,57.53,7,16,3,0,0.8421052631578947,0.15789473684210525,0.0,0.3125,0.0,19,1,0,1,0,0,0,0,0
Oc1c(O)cc(cc1)Br,17/000000019,"InChI=1S/C6H5BrO2/c7-4-1-2-5(8)6(9)3-4/h1-3,8-9H",C6H5O2Br,187.9472915,1.8602999999999998,4.06,-4.92,1.0,-20,1.8680106995332508,1,LANAPDB,2,2,40.46,0,6,2,0,0.6666666666666666,0.2222222222222222,0.0,0.0,0.0,9,1,0,1,0,0,0,0,0
Oc1cc(c(cc1O)C=C)C/C=C\CNCC(=O)NCC,28/000000517,"InChI=1S/C16H22N2O3/c1-3-12-9-14(19)15(20)10-13(12)7-5-6-8-17-11-16(21)18-4-2/h3,5-6,9-10,17,19-20H,1,4,7-8,11H2,2H3,(H,18,21)/b6-5-",C16H22N2O3,290.163042564,1.5651999999999997,4.05,-6.37,3.58,-90,3.0198499864799144,1,LANAPDB,4,4,81.59,8,16,3,2,0.7619047619047619,0.14285714285714285,0.09523809523809523,0.3125,0.0,21,1,0,1,0,0,0,0,0
Sc1nnc(n1N)/C(=C\CNC/C=C/CCN)/C,26/000000004,"InChI=1S/C11H20N6S/c1-9(10-15-16-11(18)17(10)13)5-8-14-7-4-2-3-6-12/h2,4-5,14H,3,6-8,12-13H2,1H3,(H,16,18)/b4-2+,9-5-",C11H20N6S,268.14701564,0.17849999999999955,4.05,1.2,5.09,-80,3.842352964453453,1,LANAPDB,7,4,94.78,7,11,0,6,0.6111111111111112,0.0,0.3333333333333333,0.45454545454545453,0.0,18,1,0,1,1,0,1,0,0
Oc1cc(C(=S)C2=NOCC2)c(cc1O)C=C,28/000000265,"InChI=1S/C12H11NO3S/c1-2-7-5-10(14)11(15)6-8(7)12(17)9-3-4-16-13-9/h2,5-6,14-15H,1,3-4H2",C12H11NO3S,249.045964212,2.2351,4.05,-5.85,17.7,0,3.6437310662922746,1,LANAPDB,5,2,62.05000000000001,3,12,3,1,0.7058823529411765,0.17647058823529413,0.058823529411764705,0.16666666666666666,0.0,17,2,1,1,1,1,0,0,0
ON[C@@H](CC(=O)c1c(C=C)cc(c(c1)O)O)C,28/000000189,"InChI=1S/C12H15NO4/c1-3-8-5-11(15)12(16)6-9(8)10(14)4-7(2)13-17/h3,5-7,13,15-17H,1,4H2,2H3/t7-/m1/s1",C12H15NO4,237.10010796,1.6809,4.05,-5.92,3.58,-170,3.60971426814453,1,LANAPDB,5,4,89.79,5,12,4,1,0.7058823529411765,0.23529411764705882,0.058823529411764705,0.25,0.08333333333333333,17,1,0,1,0,0,0,0,0
O[C@@](CCF)(c1n[nH]nc1)c1ncsc1,30/000000001,"InChI=1S/C8H9FN4OS/c9-2-1-8(14,6-3-11-13-12-6)7-4-15-5-10-7/h3-5,14H,1-2H2,(H,11,12,13)/t8-/m0/s1",C8H9N4OSF,228.048110128,0.8567,4.05,-0.7,2.22,-150,4.379170000098946,1,LANAPDB,5,2,74.69,4,8,1,4,0.5333333333333333,0.06666666666666667,0.26666666666666666,0.375,0.125,15,2,0,2,2,0,2,0,0
Oc1c(O)cc(c(c1)C=C)CC(=O)OCCC/C=C/C,28/000000449,"InChI=1S/C16H20O4/c1-3-5-6-7-8-20-16(19)11-13-10-15(18)14(17)9-12(13)4-2/h3-5,9-10,17-18H,2,6-8,11H2,1H3/b5-3+",C16H20O4,276.13615912,3.182800000000002,4.04,-0.89,3.58,-40,2.825201669517313,1,LANAPDB,4,2,66.76,7,16,4,0,0.8,0.2,0.0,0.3125,0.0,20,1,0,1,0,0,0,0,0
c1nnc(s1)Sc1ccc(c2c1c(=O)[nH]nn2)CCCN,13/000000006,"InChI=1S/C12H12N6OS2/c13-5-1-2-7-3-4-8(21-12-17-14-6-20-12)9-10(7)15-18-16-11(9)19/h3-4,6H,1-2,5,13H2,(H,15,16,19)",C12H12N6OS2,320.051401004,1.2121,4.04,-8.72,3.58,-140,3.28078838714087,1,LANAPDB,8,2,110.44,5,12,1,6,0.5714285714285714,0.047619047619047616,0.2857142857142857,0.25,0.0,21,3,0,3,2,0,2,0,0
Oc1c(O)cc(c(c1)C=C)C/C=C/C=S,28/000000355,"InChI=1S/C12H12O2S/c1-2-9-7-11(13)12(14)8-10(9)5-3-4-6-15/h2-4,6-8,13-14H,1,5H2/b4-3+",C12H12O2S,220.055800624,2.839200000000001,4.04,-2.52,2.22,0,3.5663710174905967,1,LANAPDB,3,2,40.46,4,12,2,0,0.8,0.13333333333333333,0.0,0.08333333333333333,0.0,15,1,0,1,0,0,0,0,0
Oc1cc(C(=O)N)cc(c1Cl)Cl,17/000000020,"InChI=1S/C7H5Cl2NO2/c8-4-1-3(7(10)12)2-5(11)6(4)9/h1-2,11H,(H2,10,12)",C7H5NO2Cl2,204.96973376,1.7978999999999998,4.04,-4.89,1.11,-20,2.2549638939140415,1,LANAPDB,2,2,63.31999999999999,1,7,2,1,0.5833333333333334,0.16666666666666666,0.08333333333333333,0.0,0.0,12,1,0,1,0,0,0,0,0
O[C@@H](CCC)Cc1cc(O)c(cc1C=C)O,28/000000026,"InChI=1S/C13H18O3/c1-3-5-11(14)6-10-8-13(16)12(15)7-9(10)4-2/h4,7-8,11,14-16H,2-3,5-6H2,1H3/t11-/m0/s1",C13H18O3,222.125594436,2.4443000000000006,4.04,-2.83,2.22,-190,3.1639853566433613,1,LANAPDB,3,3,60.69,5,13,3,0,0.8125,0.1875,0.0,0.38461538461538464,0.07692307692307693,16,1,0,1,0,0,0,0,0
Oc1c(O)cc(c(c1)C=C)C(=S)c1ccnc2c1ncnc2,28/000000100,"InChI=1S/C16H11N3O2S/c1-2-9-5-13(20)14(21)6-11(9)16(22)10-3-4-18-12-7-17-8-19-15(10)12/h2-8,20-21H,1H2",C16H11N3O2S,309.0571975920001,2.8453000000000017,4.04,-7.1,17.9,-140,3.105125342298419,1,LANAPDB,6,2,79.13000000000001,3,16,2,3,0.7272727272727273,0.09090909090909091,0.13636363636363635,0.0,0.0,22,3,0,3,2,0,2,0,0
Oc1c(O)cc(c(c1)C=C)OC(=O)/C=C\c1sccc1,28/000000130,"InChI=1S/C15H12O4S/c1-2-10-8-12(16)13(17)9-14(10)19-15(18)6-5-11-4-3-7-20-11/h2-9,16-17H,1H2/b6-5-",C15H12O4S,288.04562986400003,3.421100000000002,4.04,-7.87,5.09,-60,2.7105567294573714,1,LANAPDB,5,2,66.75999999999999,4,15,4,0,0.75,0.2,0.0,0.0,0.0,20,2,0,2,1,0,1,0,0
Oc1cc(OC(=O)/C=C\C2=CSCN2)c(cc1O)C=C,28/000000203,"InChI=1S/C14H13NO4S/c1-2-9-5-11(16)12(17)6-13(9)19-14(18)4-3-10-7-20-8-15-10/h2-7,15-17H,1,8H2/b4-3-",C14H13NO4S,291.05652889600003,2.3377000000000008,4.04,-8.36,5.09,-40,3.612670740446383,1,LANAPDB,6,3,78.79,4,14,4,1,0.7,0.2,0.05,0.07142857142857142,0.0,20,2,1,1,1,1,0,0,0
Oc1c(O)cc(c(c1)C=C)C(CO)(F)F,28/000000001,"InChI=1S/C10H10F2O3/c1-2-6-3-8(14)9(15)4-7(6)10(11,12)5-13/h2-4,13-15H,1,5H2",C10H10O3F2,216.05980062,1.8249,4.04,-3.11,14.8,-150,3.121002941289123,1,LANAPDB,3,3,60.69,3,10,3,0,0.6666666666666666,0.2,0.0,0.2,0.0,15,1,0,1,0,0,0,0,0
Oc1cc(c(cc1O)C=C)C/C=C\CCCC,28/000000209,"InChI=1S/C15H20O2/c1-3-5-6-7-8-9-13-11-15(17)14(16)10-12(13)4-2/h4,7-8,10-11,16-17H,2-3,5-6,9H2,1H3/b8-7-",C15H20O2,232.14632988,4.029700000000003,4.04,-6.66,2.22,-60,2.853416172675253,1,LANAPDB,2,2,40.46,6,15,2,0,0.8823529411764706,0.11764705882352941,0.0,0.3333333333333333,0.0,17,1,0,1,0,0,0,0,0
OC(=O)c1nc(n[nH]1)CN/C=C/CC(=O)OC,21/000000017,"InChI=1S/C9H12N4O4/c1-17-7(14)3-2-4-10-5-6-11-8(9(15)16)13-12-6/h2,4,10H,3,5H2,1H3,(H,15,16)(H,11,12,13)/b4-2+",C9H12N4O4,240.085854864,-0.3307,4.04,10.93,2.22,-20,3.3916220646556123,1,LANAPDB,6,3,117.2,6,9,4,4,0.5294117647058824,0.23529411764705882,0.23529411764705882,0.3333333333333333,0.0,17,1,0,1,1,0,1,0,0
Oc1cc(C(=O)NC/C=C/C)c(cc1Cl)Cl,17/000000070,"InChI=1S/C11H11Cl2NO2/c1-2-3-4-14-11(16)7-5-10(15)9(13)6-8(7)12/h2-3,5-6,15H,4H2,1H3,(H,14,16)/b3-2+",C11H11NO2Cl2,259.016683952,3.004900000000002,4.03,-6.4,3.85,-40,2.430055809874272,1,LANAPDB,2,2,49.33,3,11,2,1,0.6875,0.125,0.0625,0.18181818181818182,0.0,16,1,0,1,0,0,0,0,0
Oc1cc(c(cc1O)C=C)C(=S)[C@@H](CCN)N,28/000000141,"InChI=1S/C12H16N2O2S/c1-2-7-5-10(15)11(16)6-8(7)12(17)9(14)3-4-13/h2,5-6,9,15-16H,1,3-4,13-14H2/t9-/m1/s1",C12H16N2O2S,252.093248752,1.1349000000000002,4.03,-6.27,15.9,-150,3.7082311912214543,1,LANAPDB,5,4,92.5,5,12,2,2,0.7058823529411765,0.11764705882352941,0.11764705882352941,0.25,0.08333333333333333,17,1,0,1,0,0,0,0,0
ONC(=O)C[C@H](c1c(C=C)cc(c(c1)O)O)C=C,28/000000197,"InChI=1S/C13H15NO4/c1-3-8-5-11(15)12(16)7-10(8)9(4-2)6-13(17)14-18/h3-5,7,9,15-16,18H,1-2,6H2,(H,14,17)/t9-/m1/s1",C13H15NO4,249.10010796,1.9058999999999997,4.03,-6.11,15.8,-170,3.731871381526658,1,LANAPDB,4,4,89.79,5,13,4,1,0.7222222222222222,0.2222222222222222,0.05555555555555555,0.15384615384615385,0.07692307692307693,18,1,0,1,0,0,0,0,0
Oc1cc(/C(=C/C)/c2cnoc2C(=O)N)cc2c1SCCC2,17/000000045,"InChI=1S/C16H16N2O3S/c1-2-11(12-8-18-21-14(12)16(17)20)10-6-9-4-3-5-22-15(9)13(19)7-10/h2,6-8,19H,3-5H2,1H3,(H2,17,20)/b11-2-",C16H16N2O3S,316.088163372,2.969000000000001,4.03,-6.84,22.7,-160,3.434777699618518,1,LANAPDB,5,2,89.35000000000001,3,16,3,2,0.7272727272727273,0.13636363636363635,0.09090909090909091,0.25,0.0,22,3,1,2,2,1,1,0,0
NC[C@](C/C=C/c1n[nH]cn1)([NH3+])C=C,29/000000041,"InChI=1S/C9H15N5/c1-2-9(11,6-10)5-3-4-8-12-7-13-14-8/h2-4,7H,1,5-6,10-11H2,(H,12,13,14)/p+1/b4-3+/t9-/m0/s1",C9H16N5,194.14002193208998,-0.666599999999999,4.03,0.55,2.22,-150,5.3695055501026205,1,LANAPDB,3,3,95.23,5,9,0,5,0.6428571428571429,0.0,0.35714285714285715,0.3333333333333333,0.1111111111111111,14,1,0,1,1,0,1,0,0
Oc1cc(c(cc1O)C=C)C/C=C/C[C@H]1C[NH2+]CC[NH2+]1,28/000000113,"InChI=1S/C16H22N2O2/c1-2-12-9-15(19)16(20)10-13(12)5-3-4-6-14-11-17-7-8-18-14/h2-4,9-10,14,17-20H,1,5-8,11H2/p+2/b4-3+/t14-/m0/s1",C16H24N2O2,276.18268084818,-0.2613999999999991,4.03,-7.23,3.58,-170,5.244892550521322,1,LANAPDB,2,4,73.68,5,16,2,2,0.8,0.1,0.1,0.375,0.0625,20,2,1,1,1,1,0,0,0
Oc1cc(c(cc1O)C=C)C(=S)[C@@H]1ON=C(C1)CC#CC,28/000000530,"InChI=1S/C16H15NO3S/c1-3-5-6-11-8-15(20-17-11)16(21)12-9-14(19)13(18)7-10(12)4-2/h4,7,9,15,18-19H,2,6,8H2,1H3/t15-/m1/s1",C16H15NO3S,301.07726434,3.017100000000002,4.03,-6.6,22.9,-190,4.245679582598212,1,LANAPDB,5,2,62.05,4,16,3,1,0.7619047619047619,0.14285714285714285,0.047619047619047616,0.25,0.0625,21,2,1,1,1,1,0,0,0
OCc1cc(O)c2c(c1N=O)CCCS2,17/000000052,"InChI=1S/C10H11NO3S/c12-5-6-4-8(13)10-7(9(6)11-14)2-1-3-15-10/h4,12-13H,1-3,5H2",C10H11NO3S,225.045964212,2.3207000000000004,4.03,-6.49,14.3,-120,3.4570528990236964,1,LANAPDB,5,2,69.89,2,10,3,1,0.6666666666666666,0.2,0.06666666666666667,0.4,0.0,15,2,1,1,1,1,0,0,0
Oc1c(O)cc(c(c1)C/C=C/CC(=O)CCCBr)C=C,28/000000625,"InChI=1S/C16H19BrO3/c1-2-12-10-15(19)16(20)11-13(12)6-3-4-7-14(18)8-5-9-17/h2-4,10-11,19-20H,1,5-9H2/b4-3+",C16H19O3Br,338.05175656800003,3.9738000000000033,4.02,-8.88,3.58,-40,3.2418299212655644,1,LANAPDB,3,2,57.53,8,16,3,0,0.8,0.15,0.0,0.3125,0.0,20,1,0,1,0,0,0,0,0
Oc1c(Cl)cc(cc1Cl)CC(=O)OCc1cn[nH]c(=O)c1,19/000000012,"InChI=1S/C13H10Cl2N2O4/c14-9-1-7(2-10(15)13(9)20)4-12(19)21-6-8-3-11(18)17-16-5-8/h1-3,5,20H,4,6H2,(H,17,18)",C13H10N2O4Cl2,328.00176216,2.068199999999999,4.02,-0.39,4.81,0,2.542324787540922,1,LANAPDB,5,2,92.28,4,13,4,2,0.6190476190476191,0.19047619047619047,0.09523809523809523,0.15384615384615385,0.0,21,2,0,2,1,0,1,0,0
N(CC1CCCC1)OCc1sc(nc1)NCBr,19/000000056,"InChI=1S/C11H18BrN3OS/c12-8-14-11-13-6-10(17-11)7-16-15-5-9-3-1-2-4-9/h6,9,15H,1-5,7-8H2,(H,13,14)",C11H18N3OSBr,319.035395296,3.118800000000001,4.02,2.28,3.58,-150,3.2619785818405553,1,LANAPDB,5,2,46.18,7,11,1,3,0.6470588235294118,0.058823529411764705,0.17647058823529413,0.7272727272727273,0.0,17,2,1,1,1,0,1,0,0
Oc1ccc(cc1O)C(=C)[C@H](C1=NCON1)F,28/000000364,"InChI=1S/C11H11FN2O3/c1-6(10(12)11-13-5-17-14-11)7-2-3-8(15)9(16)4-7/h2-4,10,15-16H,1,5H2,(H,13,14)/t10-/m1/s1",C11H11N2O3F,238.075370432,1.3398999999999999,4.02,-6.93,2.22,-170,4.144888474363842,1,LANAPDB,5,3,74.08,3,11,3,2,0.6470588235294118,0.17647058823529413,0.11764705882352941,0.18181818181818182,0.09090909090909091,17,2,1,1,1,1,0,0,0
Oc1ccc(c(c1O)c1snnc1)C=C,28/000000027,"InChI=1S/C10H8N2O2S/c1-2-6-3-4-7(13)10(14)9(6)8-5-11-12-15-8/h2-5,13-14H,1H2",C10H8N2O2S,220.030648496,2.2592999999999996,4.02,-7.75,3.58,-160,3.1727649869357855,1,LANAPDB,5,2,66.24000000000001,2,10,2,2,0.6666666666666666,0.13333333333333333,0.13333333333333333,0.0,0.0,15,2,0,2,1,0,1,0,0
Oc1cc(c(cc1O)C=C)[C@H](/C=C/CC(=O)C)F,28/000000437,"InChI=1S/C14H15FO3/c1-3-10-7-13(17)14(18)8-11(10)12(15)6-4-5-9(2)16/h3-4,6-8,12,17-18H,1,5H2,2H3/b6-4+/t12-/m0/s1",C14H15O3F,250.10052256,3.2867000000000024,4.02,-7.85,16.5,-190,3.842845419988196,1,LANAPDB,3,2,57.53,5,14,3,0,0.7777777777777778,0.16666666666666666,0.0,0.21428571428571427,0.07142857142857142,18,1,0,1,0,0,0,0,0
Oc1cc(c(cc1O)C=C)C/C=C\CCNC,28/000000297,"InChI=1S/C14H19NO2/c1-3-11-9-13(16)14(17)10-12(11)7-5-4-6-8-15-2/h3-5,9-10,15-17H,1,6-8H2,2H3/b5-4-",C14H19NO2,233.141578848,2.4490000000000007,4.02,-7.88,2.22,-60,3.08528622177509,1,LANAPDB,3,3,52.49,6,14,2,1,0.8235294117647058,0.11764705882352941,0.058823529411764705,0.2857142857142857,0.0,17,1,0,1,0,0,0,0,0
OC(=O)[C@H](CN)c1nncs1,5/000000002,"InChI=1S/C5H7N3O2S/c6-1-3(5(9)10)4-8-7-2-11-4/h2-3H,1,6H2,(H,9,10)/t3-/m1/s1",C5H7N3O2S,173.025897464,-0.3349999999999999,4.01,5.85,2.22,-150,3.6067418687550497,1,LANAPDB,5,2,89.1,3,5,2,3,0.45454545454545453,0.18181818181818182,0.2727272727272727,0.4,0.2,11,1,0,1,1,0,1,0,0
Oc1c(O)cc(c(c1)C=C)[C@H](CNCO)F,28/000000063,"InChI=1S/C11H14FNO3/c1-2-7-3-10(15)11(16)4-8(7)9(12)5-13-6-14/h2-4,9,13-16H,1,5-6H2/t9-/m0/s1",C11H14NO3F,227.095771528,1.2908,4.01,-6.06,14.1,-150,3.8124393816880833,1,LANAPDB,4,4,72.72,5,11,3,1,0.6875,0.1875,0.0625,0.2727272727272727,0.09090909090909091,16,1,0,1,0,0,0,0,0
Oc1cc(C(=O)N)cc(c1)CC#CC[NH3+],10/000000006,"InChI=1S/C11H12N2O2/c12-4-2-1-3-8-5-9(11(13)15)7-10(14)6-8/h5-7,14H,3-4,12H2,(H2,13,15)/p+1",C11H13N2O2,205.09715407609,-0.7211000000000003,4.01,-1.58,2.22,0,3.3931927810928473,1,LANAPDB,2,3,90.96,2,11,2,2,0.7333333333333333,0.13333333333333333,0.13333333333333333,0.18181818181818182,0.0,15,1,0,1,0,0,0,0,0
O[C@H](C[NH3+])C/C=C/C#CCC1=CCCC1=O,10/000000017,"InChI=1S/C13H17NO2/c14-10-12(15)8-4-2-1-3-6-11-7-5-9-13(11)16/h2,4,7,12,15H,5-6,8-10,14H2/p+1/b4-2+/t12-/m0/s1",C13H18NO2,220.13320523609,0.21829999999999994,4.01,-0.44,2.35,-150,4.777506930883076,1,LANAPDB,2,2,64.94,4,13,2,1,0.8125,0.125,0.0625,0.46153846153846156,0.07692307692307693,16,1,1,0,0,0,0,0,0
Oc1cc(c(cc1O)C=C)[C@H](C1=C(C)COC1)F,28/000000158,"InChI=1S/C14H15FO3/c1-3-9-4-12(16)13(17)5-10(9)14(15)11-7-18-6-8(11)2/h3-5,14,16-17H,1,6-7H2,2H3/t14-/m1/s1",C14H15O3F,250.10052256,3.0981000000000014,4.01,-5.53,15.9,-170,4.020878936471713,1,LANAPDB,3,2,49.69,3,14,3,0,0.7777777777777778,0.16666666666666666,0.0,0.2857142857142857,0.07142857142857142,18,2,1,1,1,1,0,0,0
Oc1cc(C=C)c(c2c1SCCC2)CO,17/000000033,"InChI=1S/C12H14O2S/c1-2-8-6-11(14)12-9(10(8)7-13)4-3-5-15-12/h2,6,13-14H,1,3-5,7H2",C12H14O2S,222.071450688,2.5658000000000007,4.01,-5.58,12.3,-140,3.3663605913313894,1,LANAPDB,3,2,40.46,2,12,2,0,0.8,0.13333333333333333,0.0,0.3333333333333333,0.0,15,2,1,1,1,1,0,0,0
Oc1c(F)ccc(c1)C(=O)c1n[nH]c(=S)[nH]1,17/000000069,"InChI=1S/C9H6FN3O2S/c10-5-2-1-4(3-6(5)14)7(15)8-11-9(16)13-12-8/h1-3,14H,(H2,11,12,13,16)",C9H6N3O2SF,239.016475652,1.5429899999999996,4.0,-6.59,2.22,-60,3.0118855382853944,1,LANAPDB,4,3,81.76999999999998,2,9,2,3,0.5625,0.125,0.1875,0.0,0.0,16,2,0,2,1,0,1,0,0
Sc1cnc2c(c1NC(=S)NN)c(=O)[nH]c(n2)CF,23/000000007,"InChI=1S/C9H9FN6OS2/c10-1-4-13-7-5(8(17)14-4)6(3(18)2-12-7)15-9(19)16-11/h2,18H,1,11H2,(H3,12,13,14,15,16,17,19)",C9H9N6OS2F,300.02632912800004,0.2363999999999999,4.0,-3.05,24.6,-100,3.576324091453511,1,LANAPDB,6,5,108.71999999999998,2,9,1,6,0.47368421052631576,0.05263157894736842,0.3157894736842105,0.1111111111111111,0.0,19,2,0,2,2,0,2,0,0
Oc1cc(C(=O)NCC=C)c(cc1Cl)Cl,17/000000048,"InChI=1S/C10H9Cl2NO2/c1-2-3-13-10(15)6-4-9(14)8(12)5-7(6)11/h2,4-5,14H,1,3H2,(H,13,15)",C10H9NO2Cl2,245.001033888,2.6148000000000007,4.0,-6.13,3.85,0,2.219471964957762,1,LANAPDB,2,2,49.33,3,10,2,1,0.6666666666666666,0.13333333333333333,0.06666666666666667,0.1,0.0,15,1,0,1,0,0,0,0,0
Sc1nnc(o1)[C@@H](C(=O)OCc1noc(c1)CC(=O)C)N,30/000000101,"InChI=1S/C11H12N4O5S/c1-5(16)2-7-3-6(15-20-7)4-18-10(17)8(12)9-13-14-11(21)19-9/h3,8H,2,4,12H2,1H3,(H,14,21)/t8-/m0/s1",C11H12N4O5S,312.052840484,0.2210000000000002,5.96,2.64,3.7,-170,3.7723368770279215,1,MAYBRIDGE,10,2,134.34,6,11,5,4,0.5238095238095238,0.23809523809523808,0.19047619047619047,0.36363636363636365,0.09090909090909091,21,2,0,2,2,0,2,0,0
O[C@H](CNCc1cc(Cl)cc(c1)Cl)c1nnc(o1)S,30/000000132,"InChI=1S/C11H11Cl2N3O2S/c12-7-1-6(2-8(13)3-7)4-14-5-9(17)10-15-16-11(19)18-10/h1-3,9,14,17H,4-5H2,(H,16,19)/t9-/m1/s1",C11H11N3O2SCl2,318.994902952,2.488300000000001,5.67,-1.7,2.22,-150,3.347763915750116,1,MAYBRIDGE,6,3,71.18,5,11,2,3,0.5789473684210527,0.10526315789473684,0.15789473684210525,0.2727272727272727,0.09090909090909091,19,2,0,2,1,0,1,0,0
N(C[C@@H]([NH3+])F)NCCCOC(=O)c1ccc(cc1)Cl,28/000000002,"InChI=1S/C12H17ClFN3O2/c13-10-4-2-9(3-5-10)12(18)19-7-1-6-16-17-8-11(14)15/h2-5,11,16-17H,1,6-8,15H2/p+1/t11-/m1/s1",C12H18N3O2FCl,290.10660913608996,0.5186,5.57,-0.75,2.22,-170,3.2732689955759513,1,MAYBRIDGE,4,3,78.0,8,12,2,3,0.631578947368421,0.10526315789473684,0.15789473684210525,0.4166666666666667,0.08333333333333333,19,1,0,1,0,0,0,0,0
Sc1nnc(o1)[C@@H](C(=O)OCc1nocc1C/C=C\C)N,30/000000195,"InChI=1S/C12H14N4O4S/c1-2-3-4-7-5-19-16-8(7)6-18-11(17)9(13)10-14-15-12(21)20-10/h2-3,5,9H,4,6,13H2,1H3,(H,15,21)/b3-2-/t9-/m0/s1",C12H14N4O4S,310.073575928,1.2081000000000002,5.55,2.03,3.7,-170,4.252350863450616,1,MAYBRIDGE,9,2,117.27,6,12,4,4,0.5714285714285714,0.19047619047619047,0.19047619047619047,0.3333333333333333,0.08333333333333333,21,2,0,2,2,0,2,0,0
OC/C=C\c1onc(c1)COC(=O)[C@H](c1nnc(o1)S)N,30/000000165,"InChI=1S/C11H12N4O5S/c12-8(9-13-14-11(21)19-9)10(17)18-5-6-4-7(20-15-6)2-1-3-16/h1-2,4,8,16H,3,5,12H2,(H,14,21)/b2-1-/t8-/m0/s1",C11H12N4O5S,312.052840484,0.09500000000000014,5.49,1.43,3.7,-170,4.009700537505375,1,MAYBRIDGE,10,3,137.5,6,11,5,4,0.5238095238095238,0.23809523809523808,0.19047619047619047,0.2727272727272727,0.09090909090909091,21,2,0,2,2,0,2,0,0
Sc1nnc(o1)[C@@H](C(=O)OCc1nocc1COCNCC)N,30/000000125,"InChI=1S/C12H17N5O5S/c1-2-14-6-19-3-7-4-21-17-8(7)5-20-11(18)9(13)10-15-16-12(23)22-10/h4,9,14H,2-3,5-6,13H2,1H3,(H,16,23)/t9-/m0/s1",C12H17N5O5S,343.09503964400005,0.17310000000000014,5.44,-0.04,5.21,-170,4.200425565786683,1,MAYBRIDGE,11,3,138.53,9,12,5,5,0.5217391304347826,0.21739130434782608,0.21739130434782608,0.5,0.08333333333333333,23,2,0,2,2,0,2,0,0
Sc1nnc(o1)[C@@H](C(=O)OCc1nocc1CNCC=C)N,30/000000153,"InChI=1S/C12H15N5O4S/c1-2-3-14-4-7-5-20-17-8(7)6-19-11(18)9(13)10-15-16-12(22)21-10/h2,5,9,14H,1,3-4,6,13H2,(H,16,22)/t9-/m0/s1",C12H15N5O4S,325.0844749600001,0.3651000000000001,5.42,-1.33,3.7,-190,4.150991440513064,1,MAYBRIDGE,10,3,129.3,8,12,4,5,0.5454545454545454,0.18181818181818182,0.22727272727272727,0.3333333333333333,0.08333333333333333,22,2,0,2,2,0,2,0,0
Oc1noc(c1)[C@@H](C/C=C/NCC1=CCOC1=O)c1ccccc1,3/000000103,"InChI=1S/C18H18N2O4/c21-17-11-16(24-20-17)15(13-5-2-1-3-6-13)7-4-9-19-12-14-8-10-23-18(14)22/h1-6,8-9,11,15,19H,7,10,12H2,(H,20,21)/b9-4+/t15-/m0/s1",C18H18N2O4,326.126657056,2.4887000000000006,5.4,2.07,4.94,-150,3.9334389518324535,1,MAYBRIDGE,6,2,84.59,7,18,4,2,0.75,0.16666666666666666,0.08333333333333333,0.2222222222222222,0.05555555555555555,24,3,1,2,2,1,1,0,0
Oc1c(O)c(S)cc(c1)N(=O)=O,12/000000041,"InChI=1S/C6H5NO4S/c8-4-1-3(7(10)11)2-5(12)6(4)9/h1-2,8-9,12H",C6H5NO4S,186.99392864,1.2946999999999997,5.26,8.41,1.11,0,2.856003099869376,1,MAYBRIDGE,5,3,83.6,1,6,4,1,0.5,0.3333333333333333,0.08333333333333333,0.0,0.0,12,1,0,1,0,0,0,0,0
Oc1noc(c1)[C@@H](C/C=C/NCC1=CCOC1=O)C(=C)N(=O)=O,3/000000088,"InChI=1S/C14H15N3O6/c1-9(17(20)21)11(12-7-13(18)16-23-12)3-2-5-15-8-10-4-6-22-14(10)19/h2,4-5,7,11,15H,1,3,6,8H2,(H,16,18)/b5-2+/t11-/m0/s1",C14H15N3O6,321.0960852,1.2308,5.2,3.04,6.17,-150,4.673417603508577,1,MAYBRIDGE,8,2,127.73000000000002,8,14,6,3,0.6086956521739131,0.2608695652173913,0.13043478260869565,0.2857142857142857,0.07142857142857142,23,2,1,1,2,1,1,0,0
Oc1c(I)nc(cc1)[C@H]([NH3+])c1cnc([nH]1)S,30/000000274,"InChI=1S/C9H9IN4OS/c10-8-6(15)2-1-4(13-8)7(11)5-3-12-9(16)14-5/h1-3,7,15H,11H2,(H2,12,14,16)/p+1/t7-/m0/s1",C9H10N4OSI,348.96145636009004,0.7348999999999997,5.16,7.51,17.1,-150,4.868690007806151,1,MAYBRIDGE,4,4,89.44,2,9,1,4,0.5625,0.0625,0.25,0.1111111111111111,0.1111111111111111,16,2,0,2,2,0,2,0,0
C#Cc1cc(c(cc1[C@H](c1cccc(c1)Cl)O)O)CCCO,17/000000251,"InChI=1S/C18H17ClO3/c1-2-12-9-13(6-4-8-20)17(21)11-16(12)18(22)14-5-3-7-15(19)10-14/h1,3,5,7,9-11,18,20-22H,4,6,8H2/t18-/m0/s1",C18H17O3Cl,316.086622084,3.033500000000003,5.15,-6.46,16.9,-170,3.141636516378499,1,MAYBRIDGE,3,3,60.69,5,18,3,0,0.8181818181818182,0.13636363636363635,0.0,0.2222222222222222,0.05555555555555555,22,2,0,2,0,0,0,0,0
Sc1nnc(o1)[C@@H](C(=O)OCc1nocc1)N,30/000000023,"InChI=1S/C8H8N4O4S/c9-5(6-10-11-8(17)16-6)7(13)14-3-4-1-2-15-12-4/h1-2,5H,3,9H2,(H,11,17)/t5-/m0/s1",C8H8N4O4S,256.026625736,0.08950000000000002,5.1,3.75,2.35,-150,3.955512921990685,1,MAYBRIDGE,9,2,117.27,4,8,4,4,0.47058823529411764,0.23529411764705882,0.23529411764705882,0.25,0.125,17,2,0,2,2,0,2,0,0
Sc1nnc(o1)[C@@H](C(=O)OCCS)N,30/000000039,"InChI=1S/C6H9N3O3S2/c7-3(5(10)11-1-2-13)4-8-9-6(14)12-4/h3,13H,1-2,7H2,(H,9,14)/t3-/m0/s1",C6H9N3O3S2,235.008533148,-0.16889999999999994,5.09,4.67,2.35,-150,4.107360984546719,1,MAYBRIDGE,8,3,91.24,4,6,3,3,0.42857142857142855,0.21428571428571427,0.21428571428571427,0.5,0.16666666666666666,14,1,0,1,1,0,1,0,0
OCc1nnc([nH]1)[C@@H](CNCCNCCO)Oc1cccc(c1)Br,17/000000037,"InChI=1S/C15H22BrN5O3/c16-11-2-1-3-12(8-11)24-13(9-18-5-4-17-6-7-22)15-19-14(10-23)20-21-15/h1-3,8,13,17-18,22-23H,4-7,9-10H2,(H,19,20,21)/t13-/m1/s1",C15H22N5O3Br,399.09060166399996,0.3511000000000005,5.09,-1.4,3.58,-190,3.507997413370914,1,MAYBRIDGE,7,5,115.32000000000001,11,15,3,5,0.625,0.125,0.20833333333333334,0.4666666666666667,0.06666666666666667,24,2,0,2,1,0,1,0,0
Sc1nnc(o1)[C@@H](COc1ncccc1N)O,30/000000143,"InChI=1S/C9H10N4O3S/c10-5-2-1-3-11-7(5)15-4-6(14)8-12-13-9(17)16-8/h1-3,6,14H,4,10H2,(H,13,17)/t6-/m1/s1",C9H10N4O3S,254.04736118,0.4479,5.03,4.29,2.22,-150,3.5913475373752997,1,MAYBRIDGE,8,3,107.29,4,9,3,4,0.5294117647058824,0.17647058823529413,0.23529411764705882,0.2222222222222222,0.1111111111111111,17,2,0,2,2,0,2,0,0
S[C@@H](/C=C/1\NC(=O)N(C1=O)CC=C)C(=O)O,17/000000002,"InChI=1S/C9H10N2O4S/c1-2-3-11-7(12)5(10-9(11)15)4-6(16)8(13)14/h2,4,6,16H,1,3H2,(H,10,15)(H,13,14)/b5-4-/t6-/m0/s1",C9H10N2O4S,242.0361278,-0.008899999999999963,5.03,-0.08,3.58,-150,3.849276820992965,1,MAYBRIDGE,4,3,86.71000000000001,4,9,4,2,0.5625,0.25,0.125,0.2222222222222222,0.1111111111111111,16,1,1,0,1,1,0,0,0
[nH]1c(nnc1CNCCCN)CC#Cc1ccc([nH]1)C[NH3+],17/000000032,"InChI=1S/C14H21N7/c15-7-2-8-17-10-14-19-13(20-21-14)4-1-3-11-5-6-12(9-16)18-11/h5-6,17-18H,2,4,7-10,15-16H2,(H,19,20,21)/p+1",C14H22N7,288.19312012409,-1.0926999999999976,5.02,-0.15,24.8,-40,4.164216129889924,1,MAYBRIDGE,4,5,123.05,7,14,0,7,0.6666666666666666,0.0,0.3333333333333333,0.42857142857142855,0.0,21,2,0,2,2,0,2,0,0
Oc1noc(c1)[C@@H](C/C=C/NCC1=CCOC1=O)c1[nH]ccc1,3/000000082,"InChI=1S/C16H17N3O4/c20-15-9-14(23-19-15)12(13-4-2-7-18-13)3-1-6-17-10-11-5-8-22-16(11)21/h1-2,4-7,9,12,17-18H,3,8,10H2,(H,19,20)/b6-1+/t12-/m0/s1",C16H17N3O4,315.12190602400005,1.8168,5.01,3.49,6.17,-150,4.43737487604015,1,MAYBRIDGE,6,3,100.38,7,16,4,3,0.6956521739130435,0.17391304347826086,0.13043478260869565,0.25,0.0625,23,3,1,2,3,1,2,0,0
Oc1noc(c1)[C@@H](C/C=C/NCC1=CCOC1=O)C1=CCNCN1,3/000000080,"InChI=1S/C16H20N4O4/c21-15-8-14(24-20-15)12(13-3-6-18-10-19-13)2-1-5-17-9-11-4-7-23-16(11)22/h1,3-5,8,12,17-19H,2,6-7,9-10H2,(H,20,21)/b5-1+/t12-/m0/s1",C16H20N4O4,332.14845512000005,0.4746,4.99,2.94,6.17,-150,4.866248402381904,1,MAYBRIDGE,8,4,108.65,7,16,4,4,0.6666666666666666,0.16666666666666666,0.16666666666666666,0.375,0.0625,24,3,2,1,3,2,1,0,0
N(Cc1nnc[nH]1)OCc1oc(nc1)[C@H](C)N(=O)=O,17/000000182,"InChI=1S/C9H12N6O4/c1-6(15(16)17)9-10-2-7(19-9)4-18-13-3-8-11-5-12-14-8/h2,5-6,13H,3-4H2,1H3,(H,11,12,14)/t6-/m0/s1",C9H12N6O4,268.092002864,0.35179999999999945,4.97,4.06,2.35,-170,4.494072527264388,1,MAYBRIDGE,8,2,132.0,7,9,4,6,0.47368421052631576,0.21052631578947367,0.3157894736842105,0.4444444444444444,0.1111111111111111,19,2,0,2,2,0,2,0,0
Oc1noc(c1)[C@@H](C/C=C/NCC1=CCOC1=O)c1nocn1,3/000000047,"InChI=1S/C14H14N4O5/c19-12-6-11(23-17-12)10(13-16-8-22-18-13)2-1-4-15-7-9-3-5-21-14(9)20/h1,3-4,6,8,10,15H,2,5,7H2,(H,17,19)/b4-1+/t10-/m1/s1",C14H14N4O5,318.09641954800003,0.8716999999999999,4.94,2.67,6.17,-150,4.635641466166442,1,MAYBRIDGE,9,2,123.51,7,14,5,4,0.6086956521739131,0.21739130434782608,0.17391304347826086,0.2857142857142857,0.07142857142857142,23,3,1,2,3,1,2,0,0
Oc1c(I)nc(cc1)[C@@H](c1nonc1)N,30/000000252,"InChI=1S/C8H7IN4O2/c9-8-6(14)2-1-4(12-8)7(10)5-3-11-15-13-5/h1-3,7,14H,10H2/t7-/m0/s1",C8H7N4O2I,317.9613734640001,0.8228999999999997,4.92,7.89,16.7,-150,4.256093332580418,1,MAYBRIDGE,6,2,98.06,2,8,2,4,0.5333333333333333,0.13333333333333333,0.26666666666666666,0.125,0.125,15,2,0,2,2,0,2,0,0
Oc1cc(ccc1CCCO)[C@H](c1cccc(c1)Cl)O,17/000000056,"InChI=1S/C16H17ClO3/c17-14-5-1-3-12(9-14)16(20)13-7-6-11(4-2-8-18)15(19)10-13/h1,3,5-7,9-10,16,18-20H,2,4,8H2/t16-/m0/s1",C16H17O3Cl,292.086622084,3.0522000000000014,4.9,-6.78,12.9,-170,2.5889598003767293,1,MAYBRIDGE,3,3,60.69,5,16,3,0,0.8,0.15,0.0,0.25,0.0625,20,2,0,2,0,0,0,0,0
SCNc1c(OCC[NH3+])cncc1Br,3/000000034,"InChI=1S/C8H12BrN3OS/c9-6-3-11-4-7(13-2-1-10)8(6)12-5-14/h3-4,14H,1-2,5,10H2,(H,11,12)/p+1",C8H13N3OSBr,277.99572155609,0.7639999999999998,4.9,1.54,2.35,0,4.011965792792731,1,MAYBRIDGE,4,3,61.79,5,8,1,3,0.5714285714285714,0.07142857142857142,0.21428571428571427,0.375,0.0,14,1,0,1,1,0,1,0,0
Oc1c(I)nc(cc1)[C@@H](c1noc(=O)[nH]1)N,30/000000224,"InChI=1S/C8H7IN4O3/c9-6-4(14)2-1-3(11-6)5(10)7-12-8(15)16-13-7/h1-2,5,14H,10H2,(H,12,13,15)/t5-/m0/s1",C8H7N4O3I,333.95628808400005,0.1161999999999998,4.86,7.26,16.4,-150,4.2642424553586,1,MAYBRIDGE,6,3,118.02999999999999,2,8,3,4,0.5,0.1875,0.25,0.125,0.125,16,2,0,2,2,0,2,0,0
N(Cc1nnc([nH]1)CBr)OCc1oc(nc1)COC(=O)C,17/000000187,"InChI=1S/C11H14BrN5O4/c1-7(18)19-6-11-13-3-8(21-11)5-20-14-4-10-15-9(2-12)16-17-10/h3,14H,2,4-6H2,1H3,(H,15,16,17)",C11H14N5O4Br,359.02291602799994,0.9720999999999997,4.82,3.12,3.58,-20,3.608406697355247,1,MAYBRIDGE,8,2,115.16,8,11,4,5,0.5238095238095238,0.19047619047619047,0.23809523809523808,0.45454545454545453,0.0,21,2,0,2,2,0,2,0,0
Oc1c(I)nc(cc1)[C@H]([NH3+])c1n[nH]cn1,30/000000232,"InChI=1S/C8H8IN5O/c9-7-5(15)2-1-4(13-7)6(10)8-11-3-12-14-8/h1-3,6,15H,10H2,(H,11,12,14)/p+1/t6-/m0/s1",C8H9N5OI,317.98463432809007,-0.15880000000000039,4.82,8.37,16.0,-150,4.904218607305692,1,MAYBRIDGE,4,3,102.33,2,8,1,5,0.5333333333333333,0.06666666666666667,0.3333333333333333,0.125,0.125,15,2,0,2,2,0,2,0,0
OCc1ccc(cc1OCC[C@@H](C1=NCON1)NC1=NCC(=O)N1)Cl,9/000000022,"InChI=1S/C15H18ClN5O4/c16-10-2-1-9(7-22)12(5-10)24-4-3-11(14-18-8-25-21-14)19-15-17-6-13(23)20-15/h1-2,5,11,22H,3-4,6-8H2,(H,18,21)(H2,17,19,20,23)/t11-/m0/s1",C15H18N5O4Cl,367.104731736,-0.06399999999999978,4.81,-2.2,3.58,-190,4.0344369994036935,1,MAYBRIDGE,8,4,116.57,7,15,4,5,0.6,0.16,0.2,0.4,0.06666666666666667,25,3,2,1,2,2,0,0,0
Oc1noc(c1)[C@H](CCCl)C/C=C/NCC1=CCOC1=O,3/000000105,"InChI=1S/C14H17ClN2O4/c15-5-3-10(12-8-13(18)17-21-12)2-1-6-16-9-11-4-7-20-14(11)19/h1,4,6,8,10,16H,2-3,5,7,9H2,(H,17,18)/b6-1+/t10-/m0/s1",C14H17N2O4Cl,312.08768470399997,2.0692999999999997,4.81,3.69,5.09,-150,4.487621306736143,1,MAYBRIDGE,6,2,84.59,8,14,4,2,0.6666666666666666,0.19047619047619047,0.09523809523809523,0.42857142857142855,0.07142857142857142,21,2,1,1,2,1,1,0,0
Oc1noc(c1)[C@@H](C/C=C/NCC1=CCOC1=O)c1n[nH]nc1,3/000000024,"InChI=1S/C14H15N5O4/c20-13-6-12(23-18-13)10(11-8-16-19-17-11)2-1-4-15-7-9-3-5-22-14(9)21/h1,3-4,6,8,10,15H,2,5,7H2,(H,18,20)(H,16,17,19)/b4-1+/t10-/m0/s1",C14H15N5O4,317.1124039600001,0.6067999999999997,4.8,3.12,6.17,-150,4.5723108117462345,1,MAYBRIDGE,8,3,126.16000000000001,7,14,4,5,0.6086956521739131,0.17391304347826086,0.21739130434782608,0.2857142857142857,0.07142857142857142,23,3,1,2,3,1,2,0,0
Oc1c(I)nc(cc1)[C@@H](COCC=C)N,30/000000303,"InChI=1S/C10H13IN2O2/c1-2-5-15-6-7(12)8-3-4-9(14)10(11)13-8/h2-4,7,14H,1,5-6,12H2/t7-/m1/s1",C10H13N2O2I,320.002175656,1.5941999999999996,4.8,7.99,12.5,-150,3.692412549948416,1,MAYBRIDGE,4,2,68.37,5,10,2,2,0.6666666666666666,0.13333333333333333,0.13333333333333333,0.3,0.1,15,1,0,1,1,0,1,0,0
O[C@H](C(=O)NCCc1ccccc1Br)c1c(=O)[nH][nH]c1,30/000000009,"InChI=1S/C13H14BrN3O3/c14-10-4-2-1-3-8(10)5-6-15-13(20)11(18)9-7-16-17-12(9)19/h1-4,7,11,18H,5-6H2,(H,15,20)(H2,16,17,19)/t11-/m0/s1",C13H14N3O3Br,339.021853408,0.8577999999999995,4.78,0.35,4.81,-150,3.2091661190580485,1,MAYBRIDGE,3,4,97.97999999999999,5,13,3,3,0.65,0.15,0.15,0.23076923076923078,0.07692307692307693,20,2,0,2,1,0,1,0,0
S[C@@H](C[NH2+]CCn1ccnc1CO)c1nccn2c1nnc2,3/000000051,"InChI=1S/C13H17N7OS/c21-8-11-15-2-5-19(11)4-1-14-7-10(22)12-13-18-17-9-20(13)6-3-16-12/h2-3,5-6,9-10,14,21-22H,1,4,7-8H2/p+1/t10-/m0/s1",C13H18N7OS,320.12880561609,-0.9524000000000001,4.77,0.36,4.94,-190,4.552525226183039,1,MAYBRIDGE,8,3,97.74,7,13,1,7,0.5909090909090909,0.045454545454545456,0.3181818181818182,0.38461538461538464,0.07692307692307693,22,3,0,3,3,0,3,0,0
N[C@@H](COc1cncc(c1C=C1NCCN1)Br)C(=O)N,3/000000002,"InChI=1S/C12H16BrN5O2/c13-8-4-16-5-10(20-6-9(14)12(15)19)7(8)3-11-17-1-2-18-11/h3-5,9,17-18H,1-2,6,14H2,(H2,15,19)/t9-/m0/s1",C12H16N5O2Br,341.048736852,-0.47329999999999955,4.76,1.24,3.58,-150,4.049147987189917,1,MAYBRIDGE,6,4,115.29,5,12,2,5,0.6,0.1,0.25,0.3333333333333333,0.08333333333333333,20,2,1,1,2,1,1,0,0
Oc1c(O)cc(cc1S)I,12/000000053,"InChI=1S/C6H5IO2S/c7-3-1-4(8)6(9)5(10)2-3/h1-2,8-10H",C6H5O2SI,267.90549840000006,1.9910999999999999,4.73,7.76,1.0,0,3.2785569406400104,1,MAYBRIDGE,3,3,40.46,0,6,2,0,0.6,0.2,0.0,0.0,0.0,10,1,0,1,0,0,0,0,0
Oc1noc(c1)[C@@H](C/C=C/NCC1=CCOC1=O)CSC,3/000000062,"InChI=1S/C14H18N2O4S/c1-21-9-11(12-7-13(17)16-20-12)3-2-5-15-8-10-4-6-19-14(10)18/h2,4-5,7,11,15H,3,6,8-9H2,1H3,(H,16,17)/b5-2+/t11-/m0/s1",C14H18N2O4S,310.09872805599997,1.8034000000000001,4.72,2.92,5.09,-170,4.522940537505374,1,MAYBRIDGE,7,2,84.59,8,14,4,2,0.6666666666666666,0.19047619047619047,0.09523809523809523,0.42857142857142855,0.07142857142857142,21,2,1,1,2,1,1,0,0
O=C(CON[C@H](c1nnc([nH]1)CC)C=C)N,17/000000147,"InChI=1S/C9H15N5O2/c1-3-6(14-16-5-7(10)15)9-11-8(4-2)12-13-9/h3,6,14H,1,4-5H2,2H3,(H2,10,15)(H,11,12,13)/t6-/m0/s1",C9H15N5O2,225.12257472,-0.39929999999999927,4.72,-1.69,18.2,-170,4.31060189591804,1,MAYBRIDGE,5,3,105.92,7,9,2,5,0.5625,0.125,0.3125,0.4444444444444444,0.1111111111111111,16,1,0,1,1,0,1,0,0
OCCNCCOc1cnc(c(c1S)Br)C,3/000000013,"InChI=1S/C10H15BrN2O2S/c1-7-9(11)10(16)8(6-13-7)15-5-3-12-2-4-14/h6,12,14H,2-5H2,1H3,(H,13,16)",C10H15N2O2SBr,306.00376082,1.4019199999999994,4.71,0.27,3.58,-20,2.939564559264417,1,MAYBRIDGE,5,3,54.379999999999995,6,10,2,2,0.625,0.125,0.125,0.5,0.0,16,1,0,1,1,0,1,0,0
Sc1nc2ccccc2c(c1)N(C(=O)/C=C\c1nnco1)O,14/000000011,"InChI=1S/C14H10N4O3S/c19-14(6-5-12-17-15-8-21-12)18(20)11-7-13(22)16-10-4-2-1-3-9(10)11/h1-8,20H,(H,16,22)/b6-5-",C14H10N4O3S,314.04736117999994,2.3420999999999994,4.7,-4.65,23.9,-80,3.449415664879064,1,MAYBRIDGE,7,2,92.35000000000001,3,14,3,4,0.6363636363636364,0.13636363636363635,0.18181818181818182,0.0,0.0,22,3,0,3,2,0,2,0,0
Oc1c(O)c(S)cc(c1)CO,12/000000022,"InChI=1S/C7H8O3S/c8-3-4-1-5(9)7(10)6(11)2-4/h1-2,8-11H,3H2",C7H8O3S,172.019415116,0.8787999999999991,4.69,6.99,9.1,0,2.86985656971898,1,MAYBRIDGE,4,4,60.69,1,7,3,0,0.6363636363636364,0.2727272727272727,0.0,0.14285714285714285,0.0,11,1,0,1,0,0,0,0,0
O=C(CONCc1nnc([nH]1)CCc1nncs1)N,17/000000193,"InChI=1S/C9H13N7O2S/c10-6(17)4-18-12-3-8-13-7(14-15-8)1-2-9-16-11-5-19-9/h5,12H,1-4H2,(H2,10,17)(H,13,14,15)",C9H13N7O2S,283.085143656,-1.0520999999999996,4.67,-3.05,3.58,-60,3.762522230237805,1,MAYBRIDGE,8,3,131.70000000000002,8,9,2,7,0.47368421052631576,0.10526315789473684,0.3684210526315789,0.4444444444444444,0.0,19,2,0,2,2,0,2,0,0
Oc1c(O)c(S)cc(c1)CC,12/000000052,"InChI=1S/C8H10O2S/c1-2-5-3-6(9)8(10)7(11)4-5/h3-4,9-11H,2H2,1H3",C8H10O2S,170.04015056,1.9488999999999994,4.67,7.98,2.22,-20,2.770493704997495,1,MAYBRIDGE,3,3,40.46,1,8,2,0,0.7272727272727273,0.18181818181818182,0.0,0.25,0.0,11,1,0,1,0,0,0,0,0
Sc1c(OC[C@@H](C)O)cnc(c1Br)CCN,3/000000109,"InChI=1S/C10H15BrN2O2S/c1-6(14)5-15-8-4-13-7(2-3-12)9(11)10(8)16/h4,6,14H,2-3,5,12H2,1H3,(H,13,16)/t6-/m1/s1",C10H15N2O2SBr,306.00376082,1.3935999999999997,4.67,-3.73,3.72,-190,3.713255839648729,1,MAYBRIDGE,5,3,68.37,5,10,2,2,0.625,0.125,0.125,0.5,0.1,16,1,0,1,1,0,1,0,0
Oc1cc(O)c(nc1[C@@H](CO)O)I,30/000000301,"InChI=1S/C7H8INO4/c8-7-4(12)1-3(11)6(9-7)5(13)2-10/h1,5,10-13H,2H2/t5-/m1/s1",C7H8NO4I,296.94980573600003,0.12309999999999988,4.67,7.42,2.22,-150,3.871371327715515,1,MAYBRIDGE,5,4,93.81,2,7,4,1,0.5384615384615384,0.3076923076923077,0.07692307692307693,0.2857142857142857,0.14285714285714285,13,1,0,1,1,0,1,0,0
Oc1c(O)c(S)cc(c1)CON,12/000000024,"InChI=1S/C7H9NO3S/c8-11-3-4-1-5(9)7(10)6(12)2-4/h1-2,9-10,12H,3,8H2",C7H9NO3S,187.030314148,0.7767999999999995,4.66,7.42,2.35,0,3.18638098448476,1,MAYBRIDGE,5,4,75.71,2,7,3,1,0.5833333333333334,0.25,0.08333333333333333,0.14285714285714285,0.0,12,1,0,1,0,0,0,0,0
OC(=O)c1c(C#CCCCO)cc(c(c1)O)CC,17/000000285,"InChI=1S/C14H16O4/c1-2-10-8-11(6-4-3-5-7-15)12(14(17)18)9-13(10)16/h8-9,15-16H,2-3,5,7H2,1H3,(H,17,18)",C14H16O4,248.104858992,1.7768,4.65,-7.5,15.8,-60,2.6522524746575353,1,MAYBRIDGE,3,3,77.76,4,14,4,0,0.7777777777777778,0.2222222222222222,0.0,0.35714285714285715,0.0,18,1,0,1,0,0,0,0,0
OC(=O)[C@H](/C=C/CNC)c1nnc(o1)S,30/000000170,"InChI=1S/C8H11N3O3S/c1-9-4-2-3-5(7(12)13)6-10-11-8(15)14-6/h2-3,5,9H,4H2,1H3,(H,11,15)(H,12,13)/b3-2+/t5-/m1/s1",C8H11N3O3S,229.052112212,0.30209999999999965,4.64,5.92,3.85,-170,4.291714613738286,1,MAYBRIDGE,6,3,88.25,5,8,3,3,0.5333333333333333,0.2,0.2,0.375,0.125,15,1,0,1,1,0,1,0,0
Oc1ccc(cc1N(=O)=O)[C@@H](C)NC(=O)NC1=NCC(=O)N1,9/000000002,"InChI=1S/C12H13N5O5/c1-6(7-2-3-9(18)8(4-7)17(21)22)14-12(20)16-11-13-5-10(19)15-11/h2-4,6,18H,5H2,1H3,(H3,13,14,15,16,19,20)/t6-/m1/s1",C12H13N5O5,307.091668516,0.1464000000000002,4.63,-4.35,2.22,-170,3.216399505029192,1,MAYBRIDGE,6,4,145.96,3,12,5,5,0.5454545454545454,0.22727272727272727,0.22727272727272727,0.25,0.08333333333333333,22,2,1,1,1,1,0,0,0
Oc1c(cc(cc1)c1cc[nH]c1)/C=C/CCO,17/000000112,"InChI=1S/C14H15NO2/c16-8-2-1-3-12-9-11(4-5-14(12)17)13-6-7-15-10-13/h1,3-7,9-10,15-17H,2,8H2/b3-1+",C14H15NO2,229.11027872,2.782900000000001,4.62,-7.14,3.58,-180,2.7817089680258,1,MAYBRIDGE,2,3,56.25,4,14,2,1,0.8235294117647058,0.11764705882352941,0.058823529411764705,0.14285714285714285,0.0,17,2,0,2,1,0,1,0,0
Sc1nnc(o1)[C@@H](C(=O)OCc1noc(c1)CF)N,30/000000183,"InChI=1S/C9H9FN4O4S/c10-2-5-1-4(14-18-5)3-16-8(15)6(11)7-12-13-9(19)17-7/h1,6H,2-3,11H2,(H,13,19)/t6-/m0/s1",C9H9N4O4SF,288.03285398800006,0.5590000000000003,4.61,5.37,2.35,-150,3.95340252242646,1,MAYBRIDGE,9,2,117.27,5,9,4,4,0.47368421052631576,0.21052631578947367,0.21052631578947367,0.3333333333333333,0.1111111111111111,19,2,0,2,2,0,2,0,0
OCCNCCNC[C@H](c1nnc[nH]1)Oc1cccc(c1)Br,17/000000015,"InChI=1S/C14H20BrN5O2/c15-11-2-1-3-12(8-11)22-13(14-18-10-19-20-14)9-17-5-4-16-6-7-21/h1-3,8,10,13,16-17,21H,4-7,9H2,(H,18,19,20)/t13-/m1/s1",C14H20N5O2Br,369.08003698000005,0.8588000000000001,4.6,-1.22,3.58,-190,3.450825706952269,1,MAYBRIDGE,6,4,95.08999999999999,10,14,2,5,0.6363636363636364,0.09090909090909091,0.22727272727272727,0.42857142857142855,0.07142857142857142,22,2,0,2,1,0,1,0,0
Sc1c(OCC(=O)O)cnc(c1Br)CC(=O)O,3/000000043,"InChI=1S/C9H8BrNO5S/c10-8-4(1-6(12)13)11-2-5(9(8)17)16-3-7(14)15/h2H,1,3H2,(H,11,17)(H,12,13)(H,14,15)",C9H8NO5SBr,320.93065545599995,1.2232999999999998,4.6,-3.6,2.48,0,2.949654274148248,1,MAYBRIDGE,5,3,96.72000000000001,5,9,5,1,0.5294117647058824,0.29411764705882354,0.058823529411764705,0.2222222222222222,0.0,17,1,0,1,1,0,1,0,0
S[C@H](C(=C)c1csc(=N)[nH]1)NC1=NCC(=O)N1,9/000000004,"InChI=1S/C9H11N5OS2/c1-4(5-3-17-8(10)12-5)7(16)14-9-11-2-6(15)13-9/h3,7,16H,1-2H2,(H2,10,12)(H2,11,13,14,15)/t7-/m1/s1",C9H11N5OS2,269.040501972,-0.09983000000000003,4.59,-0.46,23.4,-150,4.950416461270554,1,MAYBRIDGE,6,5,93.13,3,9,1,5,0.5294117647058824,0.058823529411764705,0.29411764705882354,0.2222222222222222,0.1111111111111111,17,2,1,1,2,1,1,0,0
Sc1nc2ccccc2c(c1)Oc1noc(c1)CCON,14/000000008,"InChI=1S/C14H13N3O3S/c15-18-6-5-9-7-13(17-20-9)19-12-8-14(21)16-11-4-2-1-3-10(11)12/h1-4,7-8H,5-6,15H2,(H,16,21)",C14H13N3O3S,303.06776227600005,2.7366,4.59,-4.35,19.9,-80,3.1314496733955997,1,MAYBRIDGE,7,2,83.4,5,14,3,3,0.6666666666666666,0.14285714285714285,0.14285714285714285,0.14285714285714285,0.0,21,3,0,3,2,0,2,0,0
OC(=O)C[C@@H]([NH3+])c1nc(I)c(cc1)O,30/000000324,"InChI=1S/C8H9IN2O3/c9-8-6(12)2-1-5(11-8)4(10)3-7(13)14/h1-2,4,12H,3,10H2,(H,13,14)/p+1/t4-/m1/s1",C8H10N2O3I,308.97306660008996,0.14949999999999974,4.57,8.98,12.5,-150,4.222729186757027,1,MAYBRIDGE,3,3,98.06,3,8,3,2,0.5714285714285714,0.21428571428571427,0.14285714285714285,0.25,0.125,14,1,0,1,1,0,1,0,0
Sc1nnc(o1)[C@@H](C(=O)OCCCC)N,30/000000068,"InChI=1S/C8H13N3O3S/c1-2-3-4-13-7(12)5(9)6-10-11-8(15)14-6/h5H,2-4,9H2,1H3,(H,11,15)/t5-/m0/s1",C8H13N3O3S,231.067762276,0.7014000000000001,4.57,2.54,2.35,-170,3.5649063585788108,1,MAYBRIDGE,7,2,91.24,5,8,3,3,0.5333333333333333,0.2,0.2,0.625,0.125,15,1,0,1,1,0,1,0,0
Sc1nnc(o1)[C@@H](C#CCOC(=O)c1ccn(c1)C(=O)C=C)O,30/000000089,"InChI=1S/C14H11N3O5S/c1-2-11(19)17-6-5-9(8-17)13(20)21-7-3-4-10(18)12-15-16-14(23)22-12/h2,5-6,8,10,18H,1,7H2,(H,16,23)/t10-/m1/s1",C14H11N3O5S,333.041941452,0.8798000000000001,4.56,-0.49,4.94,-190,4.253879141970116,1,MAYBRIDGE,9,2,107.45,4,14,5,3,0.6086956521739131,0.21739130434782608,0.13043478260869565,0.14285714285714285,0.07142857142857142,23,2,0,2,2,0,2,0,0
OC(=O)CCCCCC[C@@H](c1nnc(o1)S)S,30/000000189,"InChI=1S/C10H16N2O3S2/c13-8(14)6-4-2-1-3-5-7(16)9-11-12-10(17)15-9/h7,16H,1-6H2,(H,12,17)(H,13,14)/t7-/m0/s1",C10H16N2O3S2,276.06023437199997,2.754400000000002,4.56,5.44,3.58,-150,3.5887974760005044,1,MAYBRIDGE,6,3,76.22,8,10,3,2,0.5882352941176471,0.17647058823529413,0.11764705882352941,0.7,0.1,17,1,0,1,1,0,1,0,0
Oc1c(cc(c(c1)Oc1ccccc1)c1cc[nH]c1)/C=C/C,17/000000116,"InChI=1S/C19H17NO2/c1-2-6-14-11-17(15-9-10-20-13-15)19(12-18(14)21)22-16-7-4-3-5-8-16/h2-13,20-21H,1H3/b6-2+",C19H17NO2,291.12592878400005,5.212700000000003,4.56,-8.11,16.6,-200,2.615677203340603,1,MAYBRIDGE,2,2,45.25,4,19,2,1,0.8636363636363636,0.09090909090909091,0.045454545454545456,0.05263157894736842,0.0,22,3,0,3,1,0,1,0,0
Sc1nnc(s1)C#CCN1C(=O)N/C(=C\[C@H]2N=COC2)/C1=O,17/000000005,"InChI=1S/C12H9N5O3S2/c18-10-8(4-7-5-20-6-13-7)14-11(19)17(10)3-1-2-9-15-16-12(21)22-9/h4,6-7H,3,5H2,(H,14,19)(H,16,21)/b8-4-/t7-/m1/s1",C12H9N5O3S2,335.01468114799997,0.041100000000000136,4.56,1.61,3.58,-170,4.840901153380841,1,MAYBRIDGE,8,2,96.78,2,12,3,5,0.5454545454545454,0.13636363636363635,0.22727272727272727,0.25,0.08333333333333333,22,3,2,1,3,2,1,0,0
Oc1c(O)cc(cc1S)Cl,12/000000044,"InChI=1S/C6H5ClO2S/c7-3-1-4(8)6(9)5(10)2-3/h1-2,8-10H",C6H5O2SCl,175.96987808,2.0399,4.55,7.3,1.0,0,2.842440372592673,1,MAYBRIDGE,3,3,40.46,0,6,2,0,0.6,0.2,0.0,0.0,0.0,10,1,0,1,0,0,0,0,0
N(CC)NC[C@@]1(C=NNC1=O)[NH3+],18/000000007,"InChI=1S/C6H13N5O/c1-2-8-9-3-6(7)4-10-11-5(6)12/h4,8-9H,2-3,7H2,1H3,(H,11,12)/p+1/t6-/m0/s1",C6H14N5O,172.11928648808998,-2.8031999999999986,4.55,6.31,2.22,-170,5.180285191767755,1,MAYBRIDGE,4,4,93.16000000000001,4,6,1,5,0.5,0.08333333333333333,0.4166666666666667,0.6666666666666666,0.16666666666666666,12,1,1,0,1,1,0,0,0
O[C@@H](c1nnc(o1)S)C#CCOC(=O)c1cc[nH]c1CC(=C)C,30/000000191,"InChI=1S/C15H15N3O4S/c1-9(2)8-11-10(5-6-16-11)14(20)21-7-3-4-12(19)13-17-18-15(23)22-13/h5-6,12,16,19H,1,7-8H2,2H3,(H,18,23)/t12-/m1/s1",C15H15N3O4S,333.07832696,1.6988,4.53,0.2,5.21,-190,4.299149574662423,1,MAYBRIDGE,7,3,101.24000000000001,5,15,4,3,0.6521739130434783,0.17391304347826086,0.13043478260869565,0.26666666666666666,0.06666666666666667,23,2,0,2,2,0,2,0,0
OC(=O)CCONCc1nnc([nH]1)CCCC(=O)C,17/000000180,"InChI=1S/C11H18N4O4/c1-8(16)3-2-4-9-13-10(15-14-9)7-12-19-6-5-11(17)18/h12H,2-7H2,1H3,(H,17,18)(H,13,14,15)",C11H18N4O4,270.132805056,0.2122999999999997,4.53,-1.25,3.58,-150,3.232005111884459,1,MAYBRIDGE,6,3,117.19999999999999,10,11,4,4,0.5789473684210527,0.21052631578947367,0.21052631578947367,0.6363636363636364,0.0,19,1,0,1,1,0,1,0,0
Oc1c(O)cc(cc1S)S,12/000000058,"InChI=1S/C6H6O2S2/c7-4-1-3(9)2-5(10)6(4)8/h1-2,7-10H",C6H6O2S2,173.980921432,1.6752000000000002,4.53,7.67,1.0,0,3.4412332720009564,1,MAYBRIDGE,4,4,40.46,0,6,2,0,0.6,0.2,0.0,0.0,0.0,10,1,0,1,0,0,0,0,0
Sc1nnc(o1)CC/C=C\CC(=O)CC(=O)Nc1ccc(cc1Br)F,30/000000052,"InChI=1S/C16H15BrFN3O3S/c17-12-8-10(18)6-7-13(12)19-14(23)9-11(22)4-2-1-3-5-15-20-21-16(25)24-15/h1-2,6-8H,3-5,9H2,(H,19,23)(H,21,25)/b2-1-",C16H15N3O3SFBr,427.0001526600001,3.7367000000000026,4.53,-0.91,3.58,-60,3.0461962911216975,1,MAYBRIDGE,6,2,85.09,8,16,3,3,0.64,0.12,0.12,0.25,0.0,25,2,0,2,1,0,1,0,0
OC(=O)Cc1ncc(c(c1Br)S)O[C@@H]1C=NOC1,3/000000099,"InChI=1S/C10H9BrN2O4S/c11-9-6(1-8(14)15)12-3-7(10(9)18)17-5-2-13-16-4-5/h2-3,5H,1,4H2,(H,12,18)(H,14,15)/t5-/m1/s1",C10H9N2O4SBr,331.94663986800003,1.5232999999999999,4.52,-3.06,2.48,-150,4.400364035372812,1,MAYBRIDGE,6,2,81.01,4,10,4,2,0.5555555555555556,0.2222222222222222,0.1111111111111111,0.3,0.1,18,2,1,1,2,1,1,0,0
SCn1nnc(c1)[C@@H](COCC=C)[NH3+],10/000000019,"InChI=1S/C8H14N4OS/c1-2-3-13-5-7(9)8-4-12(6-14)11-10-8/h2,4,7,14H,1,3,5-6,9H2/p+1/t7-/m1/s1",C8H15N4OS,215.09610852008998,-0.34900000000000037,4.52,4.7,3.58,-150,4.693781289747593,1,MAYBRIDGE,5,2,67.58,6,8,1,4,0.5714285714285714,0.07142857142857142,0.2857142857142857,0.5,0.125,14,1,0,1,1,0,1,0,0
Oc1cc(C=C)cc(c1O)S,12/000000045,"InChI=1S/C8H8O2S/c1-2-5-3-6(9)8(10)7(11)4-5/h2-4,9-11H,1H2",C8H8O2S,168.024500496,2.0295000000000005,4.52,8.13,2.22,0,3.186078850886089,1,MAYBRIDGE,3,3,40.46,1,8,2,0,0.7272727272727273,0.18181818181818182,0.0,0.0,0.0,11,1,0,1,0,0,0,0,0
Sc1nnc(o1)[C@@H](C#CCOC(=O)c1cc[nH]c1)O,30/000000064,"InChI=1S/C11H9N3O4S/c15-8(9-13-14-11(19)18-9)2-1-5-17-10(16)7-3-4-12-6-7/h3-4,6,8,12,15H,5H2,(H,14,19)/t8-/m1/s1",C11H9N3O4S,279.03137676800003,0.5802,4.52,2.32,3.58,-150,4.138326373418235,1,MAYBRIDGE,7,3,101.24,3,11,4,3,0.5789473684210527,0.21052631578947367,0.15789473684210525,0.18181818181818182,0.09090909090909091,19,2,0,2,2,0,2,0,0
O[C@H](/C=C/CC=C)c1nnc(o1)S,30/000000034,"InChI=1S/C8H10N2O2S/c1-2-3-4-5-6(11)7-9-10-8(13)12-7/h2,4-6,11H,1,3H2,(H,10,13)/b5-4+/t6-/m1/s1",C8H10N2O2S,198.04629856,1.524,4.52,4.14,2.22,-150,4.453485128620493,1,MAYBRIDGE,5,2,59.150000000000006,4,8,2,2,0.6153846153846154,0.15384615384615385,0.15384615384615385,0.25,0.125,13,1,0,1,1,0,1,0,0
Sc1nnc(o1)[C@@H](C(=O)OCC(=O)OC)N,30/000000008,"InChI=1S/C7H9N3O5S/c1-13-3(11)2-14-6(12)4(8)5-9-10-7(16)15-5/h4H,2,8H2,1H3,(H,10,16)/t4-/m0/s1",C7H9N3O5S,247.026291388,-0.9257,4.51,4.16,2.35,-170,3.609686608879498,1,MAYBRIDGE,9,2,117.53999999999999,4,7,5,3,0.4375,0.3125,0.1875,0.42857142857142855,0.14285714285714285,16,1,0,1,1,0,1,0,0
Oc1ccc(cc1CCO)c1cc[nH]c1C=C,17/000000121,"InChI=1S/C14H15NO2/c1-2-13-12(5-7-15-13)10-3-4-14(17)11(9-10)6-8-16/h2-5,7,9,15-17H,1,6,8H2",C14H15NO2,229.11027872,2.5651,4.51,-6.76,3.58,-160,2.818289658763632,1,MAYBRIDGE,2,3,56.25,4,14,2,1,0.8235294117647058,0.11764705882352941,0.058823529411764705,0.14285714285714285,0.0,17,2,0,2,1,0,1,0,0
Oc1c(O)c(S)cc(c1)CC=C,12/000000049,"InChI=1S/C9H10O2S/c1-2-3-6-4-7(10)9(11)8(12)5-6/h2,4-5,10-12H,1,3H2",C9H10O2S,182.04015056,2.1149999999999993,4.51,7.43,2.22,0,3.063466080638606,1,MAYBRIDGE,3,3,40.46,2,9,2,0,0.75,0.16666666666666666,0.0,0.1111111111111111,0.0,12,1,0,1,0,0,0,0,0
Oc1c(I)nc(cc1)[C@@H](C[NH3+])N,30/000000205,"InChI=1S/C7H10IN3O/c8-7-6(12)2-1-5(11-7)4(10)3-9/h1-2,4,12H,3,9-10H2/p+1/t4-/m1/s1",C7H11N3OI,279.99413639209,-0.36650000000000044,4.51,6.09,9.9,-150,4.507869151557964,1,MAYBRIDGE,3,3,86.78,2,7,1,3,0.5833333333333334,0.08333333333333333,0.25,0.2857142857142857,0.14285714285714285,12,1,0,1,1,0,1,0,0
Oc1cc(Cl)c(c(c1)[C@@H](C)NNCCc1ncc(s1)CCO)F,25/000000056,"InChI=1S/C15H19ClFN3O2S/c1-9(12-6-10(22)7-13(16)15(12)17)20-19-4-2-14-18-8-11(23-14)3-5-21/h6-9,19-22H,2-5H2,1H3/t9-/m1/s1",C15H19N3O2SFCl,359.087053748,2.5739000000000014,4.51,1.85,24.3,-170,3.644851738123961,1,MAYBRIDGE,6,4,77.41,8,15,2,3,0.6521739130434783,0.08695652173913043,0.13043478260869565,0.4,0.06666666666666667,23,2,0,2,1,0,1,0,0
Oc1noc(c1)[C@@H](C/C=C/NCC1=CCOC1=O)n1oc(=O)nc1,3/000000022,"InChI=1S/C14H14N4O6/c19-12-6-11(23-17-12)10(18-8-16-14(21)24-18)2-1-4-15-7-9-3-5-22-13(9)20/h1,3-4,6,8,10,15H,2,5,7H2,(H,17,19)/b4-1+/t10-/m1/s1",C14H14N4O6,334.091334168,0.09589999999999987,4.51,2.88,4.94,-150,4.8728368782538585,1,MAYBRIDGE,10,2,132.62,7,14,6,4,0.5833333333333334,0.25,0.16666666666666666,0.2857142857142857,0.07142857142857142,24,3,1,2,3,1,2,0,0
OC(=O)[C@H](/C=C/CNCCC)c1nnc(o1)S,30/000000190,"InChI=1S/C10H15N3O3S/c1-2-5-11-6-3-4-7(9(14)15)8-12-13-10(17)16-8/h3-4,7,11H,2,5-6H2,1H3,(H,13,17)(H,14,15)/b4-3+/t7-/m1/s1",C10H15N3O3S,257.08341234,1.0823,4.5,6.71,3.85,-170,4.010442320517689,1,MAYBRIDGE,6,3,88.25,7,10,3,3,0.5882352941176471,0.17647058823529413,0.17647058823529413,0.5,0.1,17,1,0,1,1,0,1,0,0
Oc1c(O)c(S)cc(c1)CF,12/000000038,"InChI=1S/C7H7FO2S/c8-3-4-1-5(9)7(10)6(11)2-4/h1-2,9-11H,3H2",C7H7O2SF,174.015078684,1.8559999999999994,4.5,7.22,10.6,0,3.1400141294006776,1,MAYBRIDGE,3,3,40.46,1,7,2,0,0.6363636363636364,0.18181818181818182,0.0,0.14285714285714285,0.0,11,1,0,1,0,0,0,0,0
Sc1c(OCCC2=NCC(=O)N2)cncc1Br,3/000000101,"InChI=1S/C10H10BrN3O2S/c11-6-3-12-4-7(10(6)17)16-2-1-8-13-5-9(15)14-8/h3-4H,1-2,5H2,(H,12,17)(H,13,14,15)",C10H10N3O2SBr,314.96770966,1.4300000000000002,4.5,1.69,3.58,0,3.5593935049174794,1,MAYBRIDGE,5,2,63.58,4,10,2,3,0.5882352941176471,0.11764705882352941,0.17647058823529413,0.3,0.0,17,2,1,1,2,1,1,0,0
c1cnc(nc1C(=O)N)CCNC(=O)c1c(Cl)cccc1Cl,25/000000023,"InChI=1S/C14H12Cl2N4O2/c15-8-2-1-3-9(16)12(8)14(22)19-7-5-11-18-6-4-10(20-11)13(17)21/h1-4,6H,5,7H2,(H2,17,21)(H,19,22)",C14H12N4O2Cl2,338.033730984,1.8547999999999998,4.5,-3.43,3.58,0,2.319328653529757,1,MAYBRIDGE,4,2,97.97,5,14,2,4,0.6363636363636364,0.09090909090909091,0.18181818181818182,0.14285714285714285,0.0,22,2,0,2,1,0,1,0,0
Oc1cc(OCc2occc2)c(cc1)c1c[nH]cc1,17/000000124,"InChI=1S/C15H13NO3/c17-12-3-4-14(11-5-6-16-9-11)15(8-12)19-10-13-2-1-7-18-13/h1-9,16-17H,10H2",C15H13NO3,255.089543276,3.559300000000002,4.49,-3.84,3.58,-160,2.4780060863816615,1,MAYBRIDGE,3,2,58.39,4,15,3,1,0.7894736842105263,0.15789473684210525,0.05263157894736842,0.06666666666666667,0.0,19,3,0,3,2,0,2,0,0
OC(=O)[C@H](/C=C/C=C\CNC)c1nnc(o1)S,30/000000110,"InChI=1S/C10H13N3O3S/c1-11-6-4-2-3-5-7(9(14)15)8-12-13-10(17)16-8/h2-5,7,11H,6H2,1H3,(H,13,17)(H,14,15)/b4-2-,5-3+/t7-/m1/s1",C10H13N3O3S,255.067762276,0.8582999999999998,4.47,5.5,3.85,-170,4.325292075018508,1,MAYBRIDGE,6,3,88.25,6,10,3,3,0.5882352941176471,0.17647058823529413,0.17647058823529413,0.3,0.1,17,1,0,1,1,0,1,0,0
N(C(=O)/C=C/1\NC(=O)N(C1=O)c1cccc(c1Cl)OC)N,17/000000046,"InChI=1S/C12H11ClN4O4/c1-21-8-4-2-3-7(10(8)13)17-11(19)6(15-12(17)20)5-9(18)16-14/h2-5H,14H2,1H3,(H,15,20)(H,16,18)/b6-5-",C12H11N4O4Cl,310.046882512,0.2785999999999994,4.47,-2.99,22.5,-160,2.7093496933066614,1,MAYBRIDGE,5,3,113.76,3,12,4,4,0.5714285714285714,0.19047619047619047,0.19047619047619047,0.08333333333333333,0.0,21,2,1,1,1,1,0,0,0
Oc1cc(O)c(nc1C[NH3+])I,30/000000201,"InChI=1S/C6H7IN2O2/c7-6-5(11)1-4(10)3(2-8)9-6/h1,10-11H,2,8H2/p+1",C6H8N2O2I,266.96250191609,-0.16069999999999995,4.47,7.57,9.1,0,4.272457630726938,1,MAYBRIDGE,3,3,80.99000000000001,1,6,2,2,0.5454545454545454,0.18181818181818182,0.18181818181818182,0.16666666666666666,0.0,11,1,0,1,1,0,1,0,0
Oc1cc(ccc1S(=O)=O)[C@@H](N(CCO)C)/C=C/CS,17/000000104,"InChI=1S/C13H19NO4S2/c1-14(6-7-15)11(3-2-8-19)10-4-5-13(20(17)18)12(16)9-10/h2-5,9,11,15-16,19-20H,6-8H2,1H3/b3-2+/t11-/m0/s1",C13H19NO4S2,317.07555008800006,0.8137000000000001,4.46,-2.83,19.4,-170,4.567165020156951,1,MAYBRIDGE,6,4,77.84,7,13,4,1,0.65,0.2,0.05,0.38461538461538464,0.07692307692307693,20,1,0,1,0,0,0,0,0
Oc1cc(O)c(nc1CO)I,30/000000325,"InChI=1S/C6H6INO3/c7-6-5(11)1-4(10)3(2-9)8-6/h1,9-11H,2H2",C6H6NO3I,266.939241052,0.5896999999999999,4.45,6.92,2.22,0,3.283512803140731,1,MAYBRIDGE,4,3,73.58,1,6,3,1,0.5454545454545454,0.2727272727272727,0.09090909090909091,0.16666666666666666,0.0,11,1,0,1,1,0,1,0,0
Oc1cc(c(cc1Br)CCl)[C@@](C1=CCNC1)(N)OC,17/000000266,"InChI=1S/C13H16BrClN2O2/c1-19-13(16,9-2-3-17-7-9)10-5-12(18)11(14)4-8(10)6-15/h2,4-5,17-18H,3,6-7,16H2,1H3/t13-/m0/s1",C13H16N2O2ClBr,346.008367532,2.181,4.45,-6.76,16.6,-170,4.259497576574054,1,MAYBRIDGE,4,3,67.51,4,13,2,2,0.6842105263157895,0.10526315789473684,0.10526315789473684,0.38461538461538464,0.07692307692307693,19,2,1,1,1,1,0,0,0
OC(=O)Cc1oc(cn1)CONCc1nnc([nH]1)CBr,17/000000216,"InChI=1S/C10H12BrN5O4/c11-2-7-14-8(16-15-7)4-13-19-5-6-3-12-9(20-6)1-10(17)18/h3,13H,1-2,4-5H2,(H,17,18)(H,14,15,16)",C10H12N5O4Br,345.007265964,0.5361000000000001,4.45,1.73,2.35,0,3.699134418873219,1,MAYBRIDGE,7,3,126.16,8,10,4,5,0.5,0.2,0.25,0.4,0.0,20,2,0,2,2,0,2,0,0
OC(=O)c1c(C#CCCCCS)cc(c(c1)O)CC,17/000000295,"InChI=1S/C15H18O3S/c1-2-11-9-12(7-5-3-4-6-8-19)13(15(17)18)10-14(11)16/h9-10,16,19H,2-4,6,8H2,1H3,(H,17,18)",C15H18O3S,278.097665436,3.104400000000002,4.45,-8.63,17.7,-60,2.8263391802109084,1,MAYBRIDGE,3,3,57.53,5,15,3,0,0.7894736842105263,0.15789473684210525,0.0,0.4,0.0,19,1,0,1,0,0,0,0,0
Sc1c(Br)c(ncc1O)[C@@H](CN)C=C,3/000000111,"InChI=1S/C9H11BrN2OS/c1-2-5(3-11)8-7(10)9(14)6(13)4-12-8/h2,4-5,13H,1,3,11H2,(H,12,14)/t5-/m1/s1",C9H11N2OSBr,273.97754607200005,2.0667,4.45,-6.83,3.98,-190,4.334381577609419,1,MAYBRIDGE,4,3,59.14,3,9,1,2,0.6428571428571429,0.07142857142857142,0.14285714285714285,0.2222222222222222,0.1111111111111111,14,1,0,1,1,0,1,0,0
Sc1nnc(o1)[C@@H](C(=O)OCc1noc(c1)CCCNC)N,30/000000187,"InChI=1S/C12H17N5O4S/c1-14-4-2-3-8-5-7(17-21-8)6-19-11(18)9(13)10-15-16-12(22)20-10/h5,9,14H,2-4,6,13H2,1H3,(H,16,22)/t9-/m0/s1",C12H17N5O4S,327.1001250240001,0.24150000000000016,4.44,3.07,5.21,-190,3.723428909495695,1,MAYBRIDGE,10,3,129.3,8,12,4,5,0.5454545454545454,0.18181818181818182,0.22727272727272727,0.5,0.08333333333333333,22,2,0,2,2,0,2,0,0
Oc1c(I)nc(cc1)[C@@H](NCC(=O)NCC)N,30/000000281,"InChI=1S/C10H15IN4O2/c1-2-13-8(17)5-14-10(12)6-3-4-7(16)9(11)15-6/h3-4,10,14,16H,2,5,12H2,1H3,(H,13,17)/t10-/m1/s1",C10H15N4O2I,350.0239737200001,0.07479999999999942,4.44,8.67,15.3,-170,3.614575338378643,1,MAYBRIDGE,5,4,100.27,5,10,2,4,0.5882352941176471,0.11764705882352941,0.23529411764705882,0.4,0.1,17,1,0,1,1,0,1,0,0
c1nc(oc1CONCc1nnc[nH]1)CCCC(=O)C,17/000000179,"InChI=1S/C12H17N5O3/c1-9(18)3-2-4-12-13-5-10(20-12)7-19-16-6-11-14-8-15-17-11/h5,8,16H,2-4,6-7H2,1H3,(H,14,15,17)",C12H17N5O3,279.133139404,0.9257999999999995,4.44,4.46,3.58,-20,3.510616060643427,1,MAYBRIDGE,7,2,105.93,9,12,3,5,0.6,0.15,0.25,0.5,0.0,20,2,0,2,2,0,2,0,0
OC(=O)[C@H]([NH3+])/C=C/Cc1csc(=N)[nH]1,12/000000010,"InChI=1S/C8H11N3O2S/c9-6(7(12)13)3-1-2-5-4-14-8(10)11-5/h1,3-4,6H,2,9H2,(H2,10,11)(H,12,13)/p+1/b3-1+/t6-/m1/s1",C8H12N3O2S,214.06447404409,-0.65053,4.44,9.66,2.22,-150,5.05924033677344,1,MAYBRIDGE,3,4,104.57999999999998,4,8,2,3,0.5714285714285714,0.14285714285714285,0.21428571428571427,0.25,0.125,14,1,0,1,1,0,1,0,0
OC(=O)c1cc(O)c(cc1C#CCCc1n[nH]c(=S)[nH]1)CC,17/000000269,"InChI=1S/C15H15N3O3S/c1-2-9-7-10(11(14(20)21)8-12(9)19)5-3-4-6-13-16-15(22)18-17-13/h7-8,19H,2,4,6H2,1H3,(H,20,21)(H2,16,17,18,22)",C15H15N3O3S,317.08341234000005,2.41779,4.44,-9.02,24.2,-80,3.343160936001385,1,MAYBRIDGE,4,4,102.0,4,15,3,3,0.6818181818181818,0.13636363636363635,0.13636363636363635,0.26666666666666666,0.0,22,2,0,2,1,0,1,0,0
Oc1c(I)nc(cc1)[C@H]([NH3+])S,30/000000215,"InChI=1S/C6H7IN2OS/c7-5-4(10)2-1-3(9-5)6(8)11/h1-2,6,10-11H,8H2/p+1/t6-/m1/s1",C6H8N2OSI,282.93965829609,0.5620999999999996,4.43,7.24,10.4,-150,4.674362293158232,1,MAYBRIDGE,3,3,60.760000000000005,1,6,1,2,0.5454545454545454,0.09090909090909091,0.18181818181818182,0.16666666666666666,0.16666666666666666,11,1,0,1,1,0,1,0,0
c1oc(cc1)[C@@H]([NH3+])c1c(=O)[nH][nH]c1C=C,30/000000113,"InChI=1S/C10H11N3O2/c1-2-6-8(10(14)13-12-6)9(11)7-4-3-5-15-7/h2-5,9H,1,11H2,(H2,12,13,14)/p+1/t9-/m1/s1",C10H12N3O2,206.09240304409,0.2703000000000003,4.43,6.34,18.0,-150,4.421887838074923,1,MAYBRIDGE,2,3,89.43,3,10,2,3,0.6666666666666666,0.13333333333333333,0.2,0.1,0.1,15,2,0,2,2,0,2,0,0
OC(=O)[C@@H](CC#CCc1csc(=N)[nH]1)[NH3+],12/000000011,"InChI=1S/C9H11N3O2S/c10-7(8(13)14)4-2-1-3-6-5-15-9(11)12-6/h5,7H,3-4,10H2,(H2,11,12)(H,13,14)/p+1/t7-/m1/s1",C9H12N3O2S,226.06447404409,-0.8132299999999992,4.43,11.2,2.47,-150,5.106783656890255,1,MAYBRIDGE,3,4,104.58,3,9,2,3,0.6,0.13333333333333333,0.2,0.3333333333333333,0.1111111111111111,15,1,0,1,1,0,1,0,0
Oc1c(I)nc(cc1)[C@@H](c1[nH]ccc1)O,30/000000218,"InChI=1S/C10H9IN2O2/c11-10-8(14)4-3-7(13-10)9(15)6-2-1-5-12-6/h1-5,9,12,14-15H/t9-/m1/s1",C10H9N2O2I,315.970875528,1.8015999999999992,4.43,8.08,2.22,-150,3.7674592666463527,1,MAYBRIDGE,3,3,69.14,2,10,2,2,0.6666666666666666,0.13333333333333333,0.13333333333333333,0.1,0.1,15,2,0,2,2,0,2,0,0
Oc1noc(c1/C=C\CNCC)CC/C=C/NCC1=CCOC1=O,3/000000016,"InChI=1S/C17H23N3O4/c1-2-18-10-5-6-14-15(24-20-16(14)21)7-3-4-9-19-12-13-8-11-23-17(13)22/h4-6,8-9,18-19H,2-3,7,10-12H2,1H3,(H,20,21)/b6-5-,9-4+",C17H23N3O4,333.16885621599994,1.5219999999999996,4.43,-0.54,5.09,-60,3.98373982740139,1,MAYBRIDGE,7,3,96.62,10,17,4,3,0.7083333333333334,0.16666666666666666,0.125,0.4117647058823529,0.0,24,2,1,1,2,1,1,0,0
Oc1c(I)nc(cc1)[C@@H](NCCC)N,30/000000342,"InChI=1S/C9H14IN3O/c1-2-5-12-9(11)6-3-4-7(14)8(10)13-6/h3-4,9,12,14H,2,5,11H2,1H3/t9-/m1/s1",C9H14N3OI,307.01816006800004,1.3486999999999996,4.42,7.78,11.1,-170,3.734436693048744,1,MAYBRIDGE,4,3,71.17,4,9,1,3,0.6428571428571429,0.07142857142857142,0.21428571428571427,0.4444444444444444,0.1111111111111111,14,1,0,1,1,0,1,0,0
Oc1nocc1C#CCC(=O)N,25/000000008,"InChI=1S/C7H6N2O3/c8-6(10)3-1-2-5-4-12-9-7(5)11/h4H,3H2,(H2,8,10)(H,9,11)",C7H6N2O3,166.037842052,-0.3929000000000002,4.42,-0.27,17.0,0,3.865203099869376,1,MAYBRIDGE,4,2,89.35000000000001,1,7,3,2,0.5833333333333334,0.25,0.16666666666666666,0.14285714285714285,0.0,12,1,0,1,1,0,1,0,0
C=C(C1=CCc2c(N1)nc(nc2)C(=O)N)N(=O)=O,25/000000006,"InChI=1S/C10H9N5O3/c1-5(15(17)18)7-3-2-6-4-12-10(8(11)16)14-9(6)13-7/h3-4H,1-2H2,(H2,11,16)(H,12,13,14)",C10H9N5O3,247.070539148,0.21780000000000016,4.41,-1.56,19.8,-80,3.776334107310597,1,MAYBRIDGE,6,2,124.04000000000002,3,10,3,5,0.5555555555555556,0.16666666666666666,0.2777777777777778,0.1,0.0,18,2,1,1,2,1,1,0,0
Sc1nnc(o1)[C@@H](/C=C/CCNC(=O)C)O,30/000000168,"InChI=1S/C9H13N3O3S/c1-6(13)10-5-3-2-4-7(14)8-11-12-9(16)15-8/h2,4,7,14H,3,5H2,1H3,(H,10,13)(H,12,16)/b4-2+/t7-/m1/s1",C9H13N3O3S,243.067762276,0.4741,4.41,2.87,3.58,-170,3.9506239238900687,1,MAYBRIDGE,6,3,88.25000000000001,5,9,3,3,0.5625,0.1875,0.1875,0.4444444444444444,0.1111111111111111,16,1,0,1,1,0,1,0,0
O[C@@H](c1nnc(o1)S)C#C/C=C\C(=O)N,30/000000006,"InChI=1S/C8H7N3O3S/c9-6(13)4-2-1-3-5(12)7-10-11-8(15)14-7/h2,4-5,12H,(H2,9,13)(H,11,15)/b4-2-/t5-/m1/s1",C8H7N3O3S,225.020812084,-0.5634000000000001,4.41,4.12,3.58,-150,4.546129247884625,1,MAYBRIDGE,6,3,102.24,2,8,3,3,0.5333333333333333,0.2,0.2,0.125,0.125,15,1,0,1,1,0,1,0,0
OC(=O)Cc1nnc([nH]1)[C@@H](C)c1nnc(o1)S,30/000000055,"InChI=1S/C8H9N5O3S/c1-3(7-12-13-8(17)16-7)6-9-4(10-11-6)2-5(14)15/h3H,2H2,1H3,(H,13,17)(H,14,15)(H,9,10,11)/t3-/m1/s1",C8H9N5O3S,255.042610148,0.2552999999999996,4.41,5.17,23.9,-170,4.185024644576608,1,MAYBRIDGE,7,3,117.79,4,8,3,5,0.47058823529411764,0.17647058823529413,0.29411764705882354,0.375,0.125,17,2,0,2,2,0,2,0,0
OC(=O)c1cc(O)c(cc1C#CCCCC)CC,17/000000241,"InChI=1S/C15H18O3/c1-3-5-6-7-8-12-9-11(4-2)14(16)10-13(12)15(17)18/h9-10,16H,3-6H2,1-2H3,(H,17,18)",C15H18O3,246.125594436,3.1945000000000023,4.41,-8.12,15.2,-120,2.536786854563344,1,MAYBRIDGE,2,2,57.53,4,15,3,0,0.8333333333333334,0.16666666666666666,0.0,0.4,0.0,18,1,0,1,0,0,0,0,0
O[C@@H](c1nc(I)c(cc1)O)c1oc(=S)[nH]n1,30/000000329,"InChI=1S/C8H6IN3O3S/c9-6-4(13)2-1-3(10-6)5(14)7-11-12-8(16)15-7/h1-2,5,13-14H,(H,12,16)/t5-/m0/s1",C8H6N3O3SI,350.91746005199997,1.5190899999999996,4.4,6.15,2.22,-150,4.119830217596362,1,MAYBRIDGE,6,3,95.17,2,8,3,3,0.5,0.1875,0.1875,0.125,0.125,16,2,0,2,2,0,2,0,0
OC/C=C(/CCc1ncc(cc1Br)OC[C@@H](c1ncsc1)S)\C,3/000000023,"InChI=1S/C16H19BrN2O2S2/c1-11(4-5-20)2-3-14-13(17)6-12(7-18-14)21-8-16(22)15-9-23-10-19-15/h4,6-7,9-10,16,20,22H,2-3,5,8H2,1H3/b11-4+/t16-/m0/s1",C16H19N2O2S2Br,414.0071319480001,4.221700000000003,4.4,0.5,3.58,-190,3.944708406023371,1,MAYBRIDGE,6,2,55.24000000000001,8,16,2,2,0.6956521739130435,0.08695652173913043,0.08695652173913043,0.375,0.0625,23,2,0,2,2,0,2,0,0
Oc1cc(c(cc1Br)CCl)[C@@](c1ncncn1)(N)OC,17/000000279,"InChI=1S/C12H12BrClN4O2/c1-20-12(15,11-17-5-16-6-18-11)8-3-10(19)9(13)2-7(8)4-14/h2-3,5-6,19H,4,15H2,1H3/t12-/m1/s1",C12H12N4O2ClBr,357.983215404,1.8847,4.4,-6.85,16.0,-170,3.969134390786321,1,MAYBRIDGE,6,2,94.15,4,12,2,4,0.6,0.1,0.2,0.25,0.08333333333333333,20,2,0,2,1,0,1,0,0
Oc1cc(O)cc(c1)[C@](CF)(c1nnc[nH]1)O,17/000000136,"InChI=1S/C10H10FN3O3/c11-4-10(17,9-12-5-13-14-9)6-1-7(15)3-8(16)2-6/h1-3,5,15-17H,4H2,(H,12,13,14)/t10-/m1/s1",C10H10N3O3F,239.0706194,0.42130000000000006,4.39,-4.69,17.1,-150,4.042812860615889,1,MAYBRIDGE,5,4,102.26,3,10,3,3,0.5882352941176471,0.17647058823529413,0.17647058823529413,0.2,0.1,17,2,0,2,1,0,1,0,0
OC(=O)c1cc(O)c(cc1C(=O)NC)CCCCC(=O)O,17/000000298,"InChI=1S/C14H17NO6/c1-15-13(19)9-6-8(4-2-3-5-12(17)18)11(16)7-10(9)14(20)21/h6-7,16H,2-5H2,1H3,(H,15,19)(H,17,18)(H,20,21)",C14H17NO6,295.105587264,1.2473999999999998,4.39,-5.47,3.58,-90,2.2317386753772244,1,MAYBRIDGE,4,4,123.92999999999999,7,14,6,1,0.6666666666666666,0.2857142857142857,0.047619047619047616,0.35714285714285715,0.0,21,1,0,1,0,0,0,0,0
OCc1nccn1CC[NH2+]C[C@@H](c1nonc1)S,3/000000064,"InChI=1S/C10H15N5O2S/c16-7-10-12-2-4-15(10)3-1-11-6-9(18)8-5-13-17-14-8/h2,4-5,9,11,16,18H,1,3,6-7H2/p+1/t9-/m0/s1",C10H16N5O2S,270.10192217209,-1.0070999999999997,4.38,2.68,2.22,-150,4.950458733597665,1,MAYBRIDGE,7,3,93.58000000000001,7,10,2,5,0.5555555555555556,0.1111111111111111,0.2777777777777778,0.5,0.1,18,2,0,2,2,0,2,0,0
Oc1c(I)nc(cc1)[C@@H](NCCCl)N,30/000000309,"InChI=1S/C8H11ClIN3O/c9-3-4-12-8(11)5-1-2-6(14)7(10)13-5/h1-2,8,12,14H,3-4,11H2/t8-/m1/s1",C8H11N3OClI,326.96353765200007,1.1774999999999998,4.38,8.27,12.2,-150,4.0452792031702005,1,MAYBRIDGE,4,3,71.17,4,8,1,3,0.5714285714285714,0.07142857142857142,0.21428571428571427,0.375,0.125,14,1,0,1,1,0,1,0,0
OCC#CCn1cnnc1CNOCc1oc(nc1)[C@H](C)Cl,17/000000181,"InChI=1S/C13H16ClN5O3/c1-10(14)13-15-6-11(22-13)8-21-17-7-12-18-16-9-19(12)4-2-3-5-20/h6,9-10,17,20H,4-5,7-8H2,1H3/t10-/m0/s1",C13H16N5O3Cl,325.094167052,0.7829999999999997,4.38,-1.18,3.58,-190,4.125160494040182,1,MAYBRIDGE,8,2,98.23,7,13,3,5,0.5909090909090909,0.13636363636363635,0.22727272727272727,0.46153846153846156,0.07692307692307693,22,2,0,2,2,0,2,0,0
C=C[C@H](c1cn([nH]c1=O)CBr)N,30/000000029,"InChI=1S/C7H10BrN3O/c1-2-6(9)5-3-11(4-8)10-7(5)12/h2-3,6H,1,4,9H2,(H,10,12)/t6-/m1/s1",C7H10N3OBr,231.00072404,0.7146000000000001,4.37,6.15,2.35,-150,4.5018677092502735,1,MAYBRIDGE,3,2,63.81,3,7,1,3,0.5833333333333334,0.08333333333333333,0.25,0.2857142857142857,0.14285714285714285,12,1,0,1,1,0,1,0,0
Oc1c(I)nc(cc1)[C@H]([NH3+])C#CCO,30/000000283,"InChI=1S/C9H9IN2O2/c10-9-8(14)4-3-7(12-9)6(11)2-1-5-13/h3-4,6,13-14H,5,11H2/p+1/t6-/m1/s1",C9H10N2O2I,304.97815198008993,-0.32950000000000046,4.37,8.43,13.7,-150,4.639778393453602,1,MAYBRIDGE,3,3,80.99000000000001,1,9,2,2,0.6428571428571429,0.14285714285714285,0.14285714285714285,0.2222222222222222,0.1111111111111111,14,1,0,1,1,0,1,0,0
Oc1c(OC)cc(cc1S(=O)=O)c1c[nH]cc1,17/000000114,"InChI=1S/C11H11NO4S/c1-16-9-4-8(7-2-3-12-6-7)5-10(11(9)13)17(14)15/h2-6,12-13,17H,1H3",C11H11NO4S,253.040878832,1.3661999999999999,4.37,-7.24,17.1,-200,3.4049880221024225,1,MAYBRIDGE,4,3,79.39,3,11,4,1,0.6470588235294118,0.23529411764705882,0.058823529411764705,0.09090909090909091,0.0,17,2,0,2,1,0,1,0,0
OC(=O)c1cc(O)c(cc1C#CCCc1cnn[nH]1)CC,17/000000235,"InChI=1S/C15H15N3O3/c1-2-10-7-11(13(15(20)21)8-14(10)19)5-3-4-6-12-9-16-18-17-12/h7-9,19H,2,4,6H2,1H3,(H,20,21)(H,16,17,18)",C15H15N3O3,285.11134134,1.7551999999999999,4.36,-7.86,23.0,-60,3.364836580014959,1,MAYBRIDGE,4,3,99.1,4,15,3,3,0.7142857142857143,0.14285714285714285,0.14285714285714285,0.26666666666666666,0.0,21,2,0,2,1,0,1,0,0
O[C@H](/C=C/CNC)c1nnc(o1)S,30/000000161,"InChI=1S/C7H11N3O2S/c1-8-4-2-3-5(11)6-9-10-7(13)12-6/h2-3,5,8,11H,4H2,1H3,(H,10,13)/b3-2+/t5-/m1/s1",C7H11N3O2S,201.057197592,0.1672999999999999,4.36,4.34,2.22,-170,4.407158205543569,1,MAYBRIDGE,6,3,71.18,4,7,2,3,0.5384615384615384,0.15384615384615385,0.23076923076923078,0.42857142857142855,0.14285714285714285,13,1,0,1,1,0,1,0,0
SCc1oc(cc1)[C@@H]([NH3+])c1c(=O)[nH][nH]c1,30/000000084,"InChI=1S/C9H11N3O2S/c10-8(6-3-11-12-9(6)13)7-2-1-5(4-15)14-7/h1-3,8,15H,4,10H2,(H2,11,12,13)/p+1/t8-/m0/s1",C9H12N3O2S,226.06447404409,0.05709999999999943,4.36,3.78,18.9,-150,4.727950475437561,1,MAYBRIDGE,3,4,89.43,3,9,2,3,0.6,0.13333333333333333,0.2,0.2222222222222222,0.1111111111111111,15,2,0,2,2,0,2,0,0
S[C@@H](CSc1nnc(o1)C(=O)N)C(=O)OC,25/000000052,"InChI=1S/C7H9N3O4S2/c1-13-6(12)3(15)2-16-7-10-9-5(14-7)4(8)11/h3,15H,2H2,1H3,(H2,8,11)/t3-/m0/s1",C7H9N3O4S2,263.003447768,-0.26800000000000024,4.36,-2.17,23.4,-190,3.6604858933159914,1,MAYBRIDGE,8,2,108.31000000000002,5,7,4,3,0.4375,0.25,0.1875,0.42857142857142855,0.14285714285714285,16,1,0,1,1,0,1,0,0
O[C@H](/C=C/C=C)c1nnc(o1)S,30/000000177,"InChI=1S/C7H8N2O2S/c1-2-3-4-5(10)6-8-9-7(12)11-6/h2-5,10H,1H2,(H,9,12)/b4-3+/t5-/m1/s1",C7H8N2O2S,184.030648496,1.1339,4.36,5.19,2.22,-150,4.4941663106488745,1,MAYBRIDGE,5,2,59.150000000000006,3,7,2,2,0.5833333333333334,0.16666666666666666,0.16666666666666666,0.14285714285714285,0.14285714285714285,12,1,0,1,1,0,1,0,0
C#CCc1[nH]cc(c1)C(=O)OCC#C[C@H](c1nnc(o1)S)O,30/000000119,"InChI=1S/C14H11N3O4S/c1-2-4-10-7-9(8-15-10)13(19)20-6-3-5-11(18)12-16-17-14(22)21-12/h1,7-8,11,15,18H,4,6H2,(H,17,22)/t11-/m1/s1",C14H11N3O4S,317.04702683200003,0.7558999999999998,4.35,1.18,3.7,-150,4.378785237039118,1,MAYBRIDGE,7,3,101.24000000000001,4,14,4,3,0.6363636363636364,0.18181818181818182,0.13636363636363635,0.21428571428571427,0.07142857142857142,22,2,0,2,2,0,2,0,0
SCNC/C=C/[C@@H](c1csc(=N)[nH]1)N,12/000000048,"InChI=1S/C8H14N4S2/c9-6(2-1-3-11-5-13)7-4-14-8(10)12-7/h1-2,4,6,11,13H,3,5,9H2,(H2,10,12)/b2-1+/t6-/m0/s1",C8H14N4S2,230.06598844799998,0.58857,4.34,10.57,3.58,-150,5.033633360753507,1,MAYBRIDGE,5,5,77.69,5,8,0,4,0.5714285714285714,0.0,0.2857142857142857,0.375,0.125,14,1,0,1,1,0,1,0,0
OC(=O)c1c(Br)nc(cc1)c1c(C#CCC(=O)N)occ1,25/000000022,"InChI=1S/C14H9BrN2O4/c15-13-9(14(19)20)4-5-10(17-13)8-6-7-21-11(8)2-1-3-12(16)18/h4-7H,3H2,(H2,16,18)(H,19,20)",C14H9N2O4Br,347.974568868,2.0292000000000003,4.34,-3.09,23.5,-140,3.387990570034291,1,MAYBRIDGE,4,2,106.41999999999999,3,14,4,2,0.6666666666666666,0.19047619047619047,0.09523809523809523,0.07142857142857142,0.0,21,2,0,2,2,0,2,0,0
Oc1c(Br)ccc(c1)CNCC/C=C\c1csc(=N)[nH]1,17/000000245,"InChI=1S/C14H16BrN3OS/c15-12-5-4-10(7-13(12)19)8-17-6-2-1-3-11-9-20-14(16)18-11/h1,3-5,7,9,17,19H,2,6,8H2,(H2,16,18)/b3-1-",C14H16N3OSBr,353.0197452320001,3.216870000000001,4.34,-8.08,3.58,-60,3.3752485889137045,1,MAYBRIDGE,4,4,71.9,6,14,1,3,0.7,0.05,0.15,0.21428571428571427,0.0,20,2,0,2,1,0,1,0,0
N=C1NC[C@@H](C1)Oc1cnc(c(c1S)Br)CC(=O)O,3/000000078,"InChI=1S/C11H12BrN3O3S/c12-10-6(2-9(16)17)14-4-7(11(10)19)18-5-1-8(13)15-3-5/h4-5H,1-3H2,(H2,13,15)(H,14,19)(H,16,17)/t5-/m1/s1",C11H12N3O3SBr,344.97827434399994,1.4778700000000002,4.34,-2.14,2.48,-150,4.2839839671065985,1,MAYBRIDGE,5,4,95.3,4,11,3,3,0.5789473684210527,0.15789473684210525,0.15789473684210525,0.36363636363636365,0.09090909090909091,19,2,1,1,2,1,1,0,0
OC(=O)c1cc(O)c(cc1C#CCC)CC,17/000000082,"InChI=1S/C13H14O3/c1-3-5-6-10-7-9(4-2)12(14)8-11(10)13(15)16/h7-8,14H,3-4H2,1-2H3,(H,15,16)",C13H14O3,218.094294308,2.414300000000001,4.34,-8.04,14.0,-120,2.654559924364431,1,MAYBRIDGE,2,2,57.53,2,13,3,0,0.8125,0.1875,0.0,0.3076923076923077,0.0,16,1,0,1,0,0,0,0,0
O=C(CC#Cc1occc1CNC(=O)[C@@H](c1nnco1)F)N,25/000000039,"InChI=1S/C13H11FN4O4/c14-11(13-18-17-7-22-13)12(20)16-6-8-4-5-21-9(8)2-1-3-10(15)19/h4-5,7,11H,3,6H2,(H2,15,19)(H,16,20)/t11-/m0/s1",C13H11N4O4F,306.076433052,0.21650000000000008,4.33,-5.04,5.09,-170,4.206867371034154,1,MAYBRIDGE,6,2,124.25,5,13,4,4,0.5909090909090909,0.18181818181818182,0.18181818181818182,0.23076923076923078,0.07692307692307693,22,2,0,2,2,0,2,0,0
OC(=O)c1cc(O)c(cc1N1C=NCNC1)CCF,17/000000067,"InChI=1S/C12H14FN3O3/c13-2-1-8-3-10(16-6-14-5-15-7-16)9(12(18)19)4-11(8)17/h3-4,6,15,17H,1-2,5,7H2,(H,18,19)",C12H14N3O3F,267.101919528,0.9553,4.33,-6.48,18.6,-200,3.60890525702234,1,MAYBRIDGE,5,3,85.16,4,12,3,3,0.631578947368421,0.15789473684210525,0.15789473684210525,0.3333333333333333,0.0,19,2,1,1,1,1,0,0,0
Oc1cc(cc(c1Br)CN(=O)=O)CNCCC=C,17/000000273,"InChI=1S/C12H15BrN2O3/c1-2-3-4-14-7-9-5-10(8-15(17)18)12(13)11(16)6-9/h2,5-6,14,16H,1,3-4,7-8H2",C12H15N2O3Br,314.02660444,2.597100000000001,4.33,-6.75,2.48,-40,3.0782364620986655,1,MAYBRIDGE,4,2,75.39999999999999,7,12,3,2,0.6666666666666666,0.16666666666666666,0.1111111111111111,0.3333333333333333,0.0,18,1,0,1,0,0,0,0,0
Oc1[nH]ncc1C#CCC(=O)N,25/000000010,"InChI=1S/C7H7N3O2/c8-6(11)3-1-2-5-4-9-10-7(5)12/h4H,3H2,(H2,8,11)(H2,9,10,12)",C7H7N3O2,165.053826464,-0.6578000000000002,4.33,0.13,17.2,0,3.656524778191055,1,MAYBRIDGE,3,3,91.99999999999999,1,7,2,3,0.5833333333333334,0.16666666666666666,0.25,0.14285714285714285,0.0,12,1,0,1,1,0,1,0,0
ONC(=O)[C@@H](CCOC(=O)C)c1ccc(c(c1)O)CCl,17/000000230,"InChI=1S/C13H16ClNO5/c1-8(16)20-5-4-11(13(18)15-19)9-2-3-10(7-14)12(17)6-9/h2-3,6,11,17,19H,4-5,7H2,1H3,(H,15,18)/t11-/m0/s1",C13H16NO5Cl,301.071700292,1.6731999999999998,4.32,-3.31,3.58,-170,3.160859891951823,1,MAYBRIDGE,5,3,95.86,6,13,5,1,0.65,0.25,0.05,0.38461538461538464,0.07692307692307693,20,1,0,1,0,0,0,0,0
OC(=O)c1nc(I)c(cc1O)O,30/000000209,"InChI=1S/C6H4INO4/c7-5-3(10)1-2(9)4(8-5)6(11)12/h1,9-10H,(H,11,12)",C6H4NO4I,280.918505608,0.7955999999999999,4.32,8.35,2.47,0,3.0152472686038667,1,MAYBRIDGE,4,3,90.65,1,6,4,1,0.5,0.3333333333333333,0.08333333333333333,0.0,0.0,12,1,0,1,1,0,1,0,0
Sc1nnc(o1)[C@H](C)c1nnc([nH]1)C[NH3+],30/000000074,"InChI=1S/C7H10N6OS/c1-3(6-12-13-7(15)14-6)5-9-4(2-8)10-11-5/h3H,2,8H2,1H3,(H,13,15)(H,9,10,11)/p+1/t3-/m1/s1",C7H11N6OS,227.07095639208998,-0.6299000000000003,4.32,4.89,21.3,-170,5.0054735523606375,1,MAYBRIDGE,6,3,108.13000000000001,3,7,1,6,0.4666666666666667,0.06666666666666667,0.4,0.42857142857142855,0.14285714285714285,15,2,0,2,2,0,2,0,0
OC(=O)[C@H](/C=C/Cc1csc(=N)[nH]1)ON,12/000000034,"InChI=1S/C8H11N3O3S/c9-8-11-5(4-15-8)2-1-3-6(14-10)7(12)13/h1,3-4,6H,2,10H2,(H2,9,11)(H,12,13)/b3-1+/t6-/m0/s1",C8H11N3O3S,229.052112212,-0.0021299999999997987,4.32,11.01,2.22,-150,4.6637573904737435,1,MAYBRIDGE,5,4,112.19,5,8,3,3,0.5333333333333333,0.2,0.2,0.25,0.125,15,1,0,1,1,0,1,0,0
c1[nH]nnc1C(=O)NCc1nc(nc(c1)/C(=C/C)/C)CC,3/000000119,"InChI=1S/C14H18N6O/c1-4-9(3)11-6-10(17-13(5-2)18-11)7-15-14(21)12-8-16-20-19-12/h4,6,8H,5,7H2,1-3H3,(H,15,21)(H,16,19,20)/b9-4+",C14H18N6O,286.15420919599995,1.5103,4.31,-4.27,22.0,-180,3.4045234118272143,1,MAYBRIDGE,5,2,96.45,5,14,1,6,0.6666666666666666,0.047619047619047616,0.2857142857142857,0.35714285714285715,0.0,21,2,0,2,2,0,2,0,0
OCC(=O)Nc1ccc(cc1CS)OC,15/000000001,"InChI=1S/C10H13NO3S/c1-14-8-2-3-9(7(4-8)6-15)11-10(13)5-12/h2-4,12,15H,5-6H2,1H3,(H,11,13)",C10H13NO3S,227.061614276,1.0558,4.3,-7.31,3.58,-80,2.257875707922116,1,MAYBRIDGE,4,3,58.56,4,10,3,1,0.6666666666666666,0.2,0.06666666666666667,0.3,0.0,15,1,0,1,0,0,0,0,0
C=C(CC)c1nnc([nH]1)CNOCc1oc(nc1)CC,17/000000164,"InChI=1S/C13H19N5O2/c1-4-9(3)13-16-11(17-18-13)7-15-19-8-10-6-14-12(5-2)20-10/h6,15H,3-5,7-8H2,1-2H3,(H,16,17,18)",C13H19N5O2,277.15387484800004,1.9997,4.3,0.14,23.5,-80,3.858561949237591,1,MAYBRIDGE,6,2,88.86,8,13,2,5,0.65,0.1,0.25,0.46153846153846156,0.0,20,2,0,2,2,0,2,0,0
Sc1nnc(o1)[C@@H](C(=O)OCc1nocc1CCC)N,30/000000138,"InChI=1S/C11H14N4O4S/c1-2-3-6-4-18-15-7(6)5-17-10(16)8(12)9-13-14-11(20)19-9/h4,8H,2-3,5,12H2,1H3,(H,14,20)/t8-/m0/s1",C11H14N4O4S,298.073575928,1.042,4.3,0.02,2.35,-170,4.019663097080027,1,MAYBRIDGE,9,2,117.27,6,11,4,4,0.55,0.2,0.2,0.45454545454545453,0.09090909090909091,20,2,0,2,2,0,2,0,0
c1ccc(cc1)c1nc(c[nH]1)C(=O)N,25/000000004,"InChI=1S/C10H9N3O/c11-9(14)8-6-12-10(13-8)7-4-2-1-3-5-7/h1-6H,(H2,11,14)(H,12,13)",C10H9N3O,187.074561908,1.1755999999999998,4.3,-1.37,13.3,-120,2.40546827799983,1,MAYBRIDGE,2,2,71.77,2,10,1,3,0.7142857142857143,0.07142857142857142,0.21428571428571427,0.0,0.0,14,2,0,2,1,0,1,0,0
Sc1nnc(o1)[C@@H](C#CCOC(=O)c1c[nH]c(c1)C)O,30/000000108,"InChI=1S/C12H11N3O4S/c1-7-5-8(6-13-7)11(17)18-4-2-3-9(16)10-14-15-12(20)19-10/h5-6,9,13,16H,4H2,1H3,(H,15,20)/t9-/m1/s1",C12H11N3O4S,293.04702683200003,0.8886200000000002,4.3,2.47,3.58,-170,4.105215020156951,1,MAYBRIDGE,7,3,101.24,3,12,4,3,0.6,0.2,0.15,0.25,0.08333333333333333,20,2,0,2,2,0,2,0,0
Oc1c(I)nc(cc1)[C@@H](C1=CCN=C1)N,30/000000245,"InChI=1S/C10H10IN3O/c11-10-8(15)2-1-7(14-10)9(12)6-3-4-13-5-6/h1-3,5,9,15H,4,12H2/t9-/m1/s1",C10H10N3OI,314.98685994000004,1.4023999999999996,4.29,8.4,14.7,-150,4.448544980932065,1,MAYBRIDGE,4,2,71.5,2,10,1,3,0.6666666666666666,0.06666666666666667,0.2,0.2,0.1,15,2,1,1,2,1,1,0,0
OC(=O)N1CC[C@H](C1)CCCNCN,13/000000001,"InChI=1S/C9H19N3O2/c10-7-11-4-1-2-8-3-5-12(6-8)9(13)14/h8,11H,1-7,10H2,(H,13,14)/t8-/m1/s1",C9H19N3O2,201.147726848,0.27230000000000015,4.29,0.57,3.58,-150,2.9942901654872376,1,MAYBRIDGE,3,3,78.59,5,9,2,3,0.6428571428571429,0.14285714285714285,0.21428571428571427,0.8888888888888888,0.1111111111111111,14,1,1,0,1,1,0,0,0
O[C@H](C/C=C\C=C\N(=O)=O)c1nn[nH]c1,10/000000008,"InChI=1S/C8H10N4O3/c13-8(7-6-9-11-10-7)4-2-1-3-5-12(14)15/h1-3,5-6,8,13H,4H2,(H,9,10,11)/b2-1-,5-3+/t8-/m1/s1",C8H10N4O3,210.07529018,0.5748,4.28,0.22,2.22,-150,4.600569156756243,1,MAYBRIDGE,5,2,104.94,5,8,3,4,0.5333333333333333,0.2,0.26666666666666666,0.25,0.125,15,1,0,1,1,0,1,0,0
OC(=O)[C@H](/C=C\CS)c1nnc(o1)S,30/000000112,"InChI=1S/C7H8N2O3S2/c10-6(11)4(2-1-3-13)5-8-9-7(14)12-5/h1-2,4,13H,3H2,(H,9,14)(H,10,11)/b2-1-/t4-/m1/s1",C7H8N2O3S2,231.997634116,1.0125,4.28,7.43,3.85,-150,4.586335883332144,1,MAYBRIDGE,6,3,76.22,4,7,3,2,0.5,0.21428571428571427,0.14285714285714285,0.2857142857142857,0.14285714285714285,14,1,0,1,1,0,1,0,0
C=C[C@H](c1nnc([nH]1)CBr)NOCc1ocnc1,17/000000208,"InChI=1S/C10H12BrN5O2/c1-2-8(10-13-9(3-11)14-15-10)16-18-5-7-4-12-6-17-7/h2,4,6,8,16H,1,3,5H2,(H,13,14,15)/t8-/m1/s1",C10H12N5O2Br,313.017436724,1.6360999999999999,4.28,-0.85,22.5,-150,4.588818496911274,1,MAYBRIDGE,6,2,88.86,7,10,2,5,0.5555555555555556,0.1111111111111111,0.2777777777777778,0.3,0.1,18,2,0,2,2,0,2,0,0
Sc1nnc(o1)[C@@H](CCOCC(=C)CON)C,18/000000003,"InChI=1S/C10H17N3O3S/c1-7(6-15-11)5-14-4-3-8(2)9-12-13-10(17)16-9/h8H,1,3-6,11H2,2H3,(H,13,17)/t8-/m1/s1",C10H17N3O3S,259.099062404,1.315,4.27,1.19,3.58,-170,4.15455426814453,1,MAYBRIDGE,7,2,83.4,8,10,3,3,0.5882352941176471,0.17647058823529413,0.17647058823529413,0.6,0.1,17,1,0,1,1,0,1,0,0
Oc1c(I)nc(cc1)CC#C[C@H]1C=C(CO)CCC1,30/000000296,"InChI=1S/C15H16INO2/c16-15-14(19)8-7-13(17-15)6-2-4-11-3-1-5-12(9-11)10-18/h7-9,11,18-19H,1,3,5-6,10H2/t11-/m0/s1",C15H16NO2I,369.02257675199996,2.6565000000000003,4.27,6.75,17.3,-150,4.275813552905415,1,MAYBRIDGE,3,2,53.35000000000001,2,15,2,1,0.7894736842105263,0.10526315789473684,0.05263157894736842,0.4,0.06666666666666667,19,2,1,1,1,0,1,0,0
Sc1nnc(o1)[C@@H](C(=O)OCCCN)N,30/000000003,"InChI=1S/C7H12N4O3S/c8-2-1-3-13-6(12)4(9)5-10-11-7(15)14-5/h4H,1-3,8-9H2,(H,11,15)/t4-/m0/s1",C7H12N4O3S,232.063011244,-0.7498999999999993,4.27,3.78,2.35,-150,3.742886846383688,1,MAYBRIDGE,8,3,117.25999999999999,5,7,3,4,0.4666666666666667,0.2,0.26666666666666666,0.5714285714285714,0.14285714285714285,15,1,0,1,1,0,1,0,0
OC(=O)[C@H](C[NH3+])c1nnc(o1)S,30/000000012,"InChI=1S/C5H7N3O3S/c6-1-2(4(9)10)3-7-8-5(12)11-3/h2H,1,6H2,(H,8,12)(H,9,10)/p+1/t2-/m1/s1",C5H8N3O3S,190.02808853609,-1.2316000000000005,4.27,7.75,2.35,-150,4.683819151557966,1,MAYBRIDGE,5,3,103.86,3,5,3,3,0.4166666666666667,0.25,0.25,0.4,0.2,12,1,0,1,1,0,1,0,0
O[C@@H](c1nnc(o1)S)C#CCOC(=O)n1cccc1,30/000000038,"InChI=1S/C11H9N3O4S/c15-8(9-12-13-10(19)18-9)4-3-7-17-11(16)14-5-1-2-6-14/h1-2,5-6,8,15H,7H2,(H,13,19)/t8-/m1/s1",C11H9N3O4S,279.03137676800003,0.8815000000000001,4.27,2.0,3.58,-150,4.1461699631618245,1,MAYBRIDGE,8,2,90.38000000000002,2,11,4,3,0.5789473684210527,0.21052631578947367,0.15789473684210525,0.18181818181818182,0.09090909090909091,19,2,0,2,2,0,2,0,0
Oc1c(I)nc(cc1)CC#C[C@H]1C=C(C(=O)O)CCC1,30/000000200,"InChI=1S/C15H14INO3/c16-14-13(18)8-7-12(17-14)6-2-4-10-3-1-5-11(9-10)15(19)20/h7-10,18H,1,3,5-6H2,(H,19,20)/t10-/m0/s1",C15H13NO3I,383.00184130799994,2.748800000000001,4.27,6.46,19.5,-150,4.1840565036734345,1,MAYBRIDGE,3,2,70.42,2,15,3,1,0.75,0.15,0.05,0.3333333333333333,0.06666666666666667,20,2,1,1,1,0,1,0,0
O[C@@H](c1nnc(o1)S)C#CCOC(=O)c1c(C=S)[nH]cc1,30/000000105,"InChI=1S/C12H9N3O4S2/c16-9(10-14-15-12(21)19-10)2-1-5-18-11(17)7-3-4-13-8(7)6-20/h3-4,6,9,13,16H,5H2,(H,15,21)/t9-/m1/s1",C12H9N3O4S2,323.00344776800006,0.9280000000000002,4.27,-0.24,3.58,-150,4.466799624858698,1,MAYBRIDGE,8,3,101.24000000000001,4,12,4,3,0.5714285714285714,0.19047619047619047,0.14285714285714285,0.16666666666666666,0.08333333333333333,21,2,0,2,2,0,2,0,0
C(=C\CCC)/c1nnc([nH]1)CNOCc1oc(nc1)CC,17/000000139,"InChI=1S/C14H21N5O2/c1-3-5-6-7-12-17-13(19-18-12)9-16-20-10-11-8-15-14(4-2)21-11/h6-8,16H,3-5,9-10H2,1-2H3,(H,17,18,19)/b7-6+",C14H21N5O2,291.16952491200004,2.3898,4.27,-2.05,3.58,-140,3.7045283619201888,1,MAYBRIDGE,6,2,88.86,9,14,2,5,0.6666666666666666,0.09523809523809523,0.23809523809523808,0.5,0.0,21,2,0,2,2,0,2,0,0
N(C(=O)N[C@@H](CSc1ccc(cc1)Br)CBr)C1=NCC(=O)N1,9/000000023,"InChI=1S/C13H14Br2N4O2S/c14-5-9(7-22-10-3-1-8(15)2-4-10)17-13(21)19-12-16-6-11(20)18-12/h1-4,9H,5-7H2,(H3,16,17,18,19,20,21)/t9-/m1/s1",C13H14N4O2SBr2,447.9204208880001,2.0897,4.27,-5.11,3.58,-150,3.5031678673120714,1,MAYBRIDGE,4,3,82.59,5,13,2,4,0.5909090909090909,0.09090909090909091,0.18181818181818182,0.3076923076923077,0.07692307692307693,22,2,1,1,1,1,0,0,0
OC(=O)c1cc(O)c(cc1C#CCCC=C)CC,17/000000255,"InChI=1S/C15H16O3/c1-3-5-6-7-8-12-9-11(4-2)14(16)10-13(12)15(17)18/h3,9-10,16H,1,4-6H2,2H3,(H,17,18)",C15H16O3,244.109944372,2.9705000000000013,4.27,-7.85,16.2,-60,2.809168958174018,1,MAYBRIDGE,2,2,57.53,4,15,3,0,0.8333333333333334,0.16666666666666666,0.0,0.26666666666666666,0.0,18,1,0,1,0,0,0,0,0
c1ccccc1C[C@H](NC1=NCC(=O)N1)c1oncc1,9/000000020,"InChI=1S/C14H14N4O2/c19-13-9-15-14(18-13)17-11(12-6-7-16-20-12)8-10-4-2-1-3-5-10/h1-7,11H,8-9H2,(H2,15,17,18,19)/t11-/m0/s1",C14H14N4O2,270.111675688,1.0337999999999998,4.27,-0.27,3.58,-150,3.38523320790141,1,MAYBRIDGE,5,2,79.52,4,14,2,4,0.7,0.1,0.2,0.21428571428571427,0.07142857142857142,20,3,1,2,2,1,1,0,0
Oc1c(I)nc(cc1)C(N)N,30/000000197,"InChI=1S/C6H8IN3O/c7-5-4(11)2-1-3(10-5)6(8)9/h1-2,6,11H,8-9H2",C6H8N3OI,264.971209876,0.30779999999999985,4.26,7.2,9.3,-150,3.4748332275439147,1,MAYBRIDGE,4,3,85.16,1,6,1,3,0.5454545454545454,0.09090909090909091,0.2727272727272727,0.16666666666666666,0.0,11,1,0,1,1,0,1,0,0
O[C@H](c1nn[nH]c1)c1nnc(o1)S,30/000000051,"InChI=1S/C5H5N5O2S/c11-3(2-1-6-10-7-2)4-8-9-5(13)12-4/h1,3,11H,(H,9,13)(H,6,7,10)/t3-/m1/s1",C5H5N5O2S,199.0163954,-0.44190000000000007,4.26,5.23,2.22,-150,4.6253369997223635,1,MAYBRIDGE,7,3,100.72,2,5,2,5,0.38461538461538464,0.15384615384615385,0.38461538461538464,0.2,0.2,13,2,0,2,2,0,2,0,0
OC(=O)c1ccc(c(c1)O)CCCC(=O)O,17/000000052,"InChI=1S/C11H12O5/c12-9-6-8(11(15)16)5-4-7(9)2-1-3-10(13)14/h4-6,12H,1-3H2,(H,13,14)(H,15,16)",C11H12O5,224.068473484,1.4977,4.26,-5.78,2.22,-40,1.8907062571014617,1,MAYBRIDGE,3,3,94.83,5,11,5,0,0.6875,0.3125,0.0,0.2727272727272727,0.0,16,1,0,1,0,0,0,0,0
Oc1cc(O)c(nc1CCN)I,30/000000277,"InChI=1S/C7H9IN2O2/c8-7-6(12)3-5(11)4(10-7)1-2-9/h3,11-12H,1-2,9H2",C7H9N2O2I,279.970875528,0.5986000000000001,4.26,6.37,9.7,0,3.283464157561684,1,MAYBRIDGE,4,3,79.37,2,7,2,2,0.5833333333333334,0.16666666666666666,0.16666666666666666,0.2857142857142857,0.0,12,1,0,1,1,0,1,0,0
OC(=O)c1ccc(c(c1)S)O,12/000000043,"InChI=1S/C7H6O3S/c8-5-2-1-4(7(9)10)3-6(5)11/h1-3,8,11H,(H,9,10)",C7H6O3S,170.003765052,1.3791,4.25,7.52,1.11,0,2.3336380020797236,1,MAYBRIDGE,3,3,57.53,1,7,3,0,0.6363636363636364,0.2727272727272727,0.0,0.0,0.0,11,1,0,1,0,0,0,0,0
S[C@H](COC(=O)CCCN)c1nc(I)c(cc1)O,30/000000288,"InChI=1S/C11H15IN2O3S/c12-11-8(15)4-3-7(14-11)9(18)6-17-10(16)2-1-5-13/h3-4,9,15,18H,1-2,5-6,13H2/t9-/m1/s1",C11H15N2O3SI,381.98481133999996,1.6448,4.25,4.21,4.94,-150,3.6958503650431416,1,MAYBRIDGE,6,3,85.44000000000001,6,11,3,2,0.6111111111111112,0.16666666666666666,0.1111111111111111,0.45454545454545453,0.09090909090909091,18,1,0,1,1,0,1,0,0
Sc1c(Br)c(ncc1O)[C@H](C=C)ON,3/000000044,"InChI=1S/C8H9BrN2O2S/c1-2-5(13-10)7-6(9)8(14)4(12)3-11-7/h2-3,5,12H,1,10H2,(H,11,14)/t5-/m0/s1",C8H9N2O2SBr,275.956810628,1.9558,4.25,-7.18,3.98,-190,4.490345402973243,1,MAYBRIDGE,5,3,68.37,3,8,2,2,0.5714285714285714,0.14285714285714285,0.14285714285714285,0.125,0.125,14,1,0,1,1,0,1,0,0
Oc1c(I)nc(cc1)CCC[C@H]1N(C1)CC#CCO,30/000000333,"InChI=1S/C14H17IN2O2/c15-14-13(19)7-6-11(16-14)4-3-5-12-10-17(12)8-1-2-9-18/h6-7,12,18-19H,3-5,8-10H2/t12-,17-/m1/s1",C14H17N2O2I,372.033475784,1.3943999999999994,4.25,8.99,3.58,-150,4.04972965518764,1,MAYBRIDGE,4,2,56.36,5,14,2,2,0.7368421052631579,0.10526315789473684,0.10526315789473684,0.5,0.07142857142857142,19,2,1,1,2,1,1,0,0
Oc1ccc(cc1N=O)[C@H](CNNC)Br,17/000000232,"InChI=1S/C9H12BrN3O2/c1-11-12-5-7(10)6-2-3-9(14)8(4-6)13-15/h2-4,7,11-12,14H,5H2,1H3/t7-/m0/s1",C9H12N3O2Br,273.011288724,1.9501,4.25,-8.19,14.1,-170,3.891479716927779,1,MAYBRIDGE,5,3,73.72,5,9,2,3,0.6,0.13333333333333333,0.2,0.3333333333333333,0.1111111111111111,15,1,0,1,0,0,0,0,0
O=C(COCc1nnc([nH]1)C/C=C\C=C\[C@@H]1NCC1)N,17/000000185,"InChI=1S/C13H19N5O2/c14-11(19)8-20-9-13-16-12(17-18-13)5-3-1-2-4-10-6-7-15-10/h1-4,10,15H,5-9H2,(H2,14,19)(H,16,17,18)/b3-1-,4-2+/t10-/m0/s1",C13H19N5O2,277.15387484800004,-0.1765999999999991,4.24,1.03,3.58,-150,4.163097408820918,1,MAYBRIDGE,5,3,105.92,8,13,2,5,0.65,0.1,0.25,0.46153846153846156,0.07692307692307693,20,2,1,1,2,1,1,0,0
Sc1nnc(o1)c1ccc(c(c1)CCl)O,17/000000062,"InChI=1S/C9H7ClN2O2S/c10-4-6-3-5(1-2-7(6)13)8-11-12-9(15)14-8/h1-3,13H,4H2,(H,12,15)",C9H7N2O2SCl,241.991676144,2.469700000000001,4.24,-7.97,17.2,-180,2.7980649869357848,1,MAYBRIDGE,5,2,59.150000000000006,2,9,2,2,0.6,0.13333333333333333,0.13333333333333333,0.1111111111111111,0.0,15,2,0,2,1,0,1,0,0
SC(c1oc(cc1)C(=O)N)(F)F,25/000000048,"InChI=1S/C6H5F2NO2S/c7-6(8,12)4-2-1-3(11-4)5(9)10/h1-2,12H,(H2,9,10)",C6H5NO2SF2,193.00090584,1.3576,4.24,1.28,18.3,-150,3.2412388318793006,1,MAYBRIDGE,3,2,56.230000000000004,2,6,2,1,0.5,0.16666666666666666,0.08333333333333333,0.16666666666666666,0.0,12,1,0,1,1,0,1,0,0
Oc1cc(ccc1CS(=O)(=O)C)[C@H](c1nnn[nH]1)S,17/000000107,"InChI=1S/C10H12N4O3S2/c1-19(16,17)5-7-3-2-6(4-8(7)15)9(18)10-11-13-14-12-10/h2-4,9,15,18H,5H2,1H3,(H,11,12,13,14)/t9-/m1/s1",C10H12N4O3S2,300.035082244,0.46910000000000013,4.24,-0.32,22.9,-190,3.6631783458048215,1,MAYBRIDGE,7,3,108.82999999999998,4,10,3,4,0.5263157894736842,0.15789473684210525,0.21052631578947367,0.3,0.1,19,2,0,2,1,0,1,0,0
O[C@@H](c1nc(I)c(cc1)O)c1nncs1,30/000000293,"InChI=1S/C8H6IN3O2S/c9-7-5(13)2-1-4(11-7)6(14)8-12-10-3-15-8/h1-3,6,13-14H/t6-/m0/s1",C8H6N3O2SI,334.92254543200005,1.3249999999999997,4.24,8.15,2.22,-150,3.966438387525474,1,MAYBRIDGE,6,2,79.13000000000001,2,8,2,3,0.5333333333333333,0.13333333333333333,0.2,0.125,0.125,15,2,0,2,2,0,2,0,0
Sc1nnc(o1)c1ccc(c(c1)Br)O,17/000000021,"InChI=1S/C8H5BrN2O2S/c9-5-3-4(1-2-6(5)12)7-10-11-8(14)13-7/h1-3,12H,(H,11,14)",C8H5N2O2SBr,271.92551050000003,2.4934000000000007,4.23,-7.38,16.6,-180,2.7244936034436176,1,MAYBRIDGE,5,2,59.150000000000006,1,8,2,2,0.5714285714285714,0.14285714285714285,0.14285714285714285,0.0,0.0,14,2,0,2,1,0,1,0,0
S[C@H](Cc1ccccc1C(=O)O)NC1=NCC(=O)N1,9/000000014,"InChI=1S/C12H13N3O3S/c16-9-6-13-12(14-9)15-10(19)5-7-3-1-2-4-8(7)11(17)18/h1-4,10,19H,5-6H2,(H,17,18)(H2,13,14,15,16)/t10-/m1/s1",C12H12N3O3S,279.06776227600005,0.2586,4.23,-2.25,3.58,-150,3.4871920724990293,1,MAYBRIDGE,5,4,90.78999999999999,4,12,3,3,0.631578947368421,0.15789473684210525,0.15789473684210525,0.25,0.08333333333333333,19,2,1,1,1,1,0,0,0
S[C@H](n1nncc1)c1nc(I)c(cc1)O,30/000000230,"InChI=1S/C8H7IN4OS/c9-7-6(14)2-1-5(11-7)8(15)13-4-3-10-12-13/h1-4,8,14-15H/t8-/m0/s1",C8H7N4OSI,333.93852984399996,1.4599999999999997,4.23,9.03,18.0,-150,4.243582343569431,1,MAYBRIDGE,6,2,63.83,2,8,1,4,0.5333333333333333,0.06666666666666667,0.26666666666666666,0.125,0.125,15,2,0,2,2,0,2,0,0
C=C[C@@H](c1nnc([nH]1)CBr)NOCc1ocnc1,17/000000204,"InChI=1S/C10H12BrN5O2/c1-2-8(10-13-9(3-11)14-15-10)16-18-5-7-4-12-6-17-7/h2,4,6,8,16H,1,3,5H2,(H,13,14,15)/t8-/m0/s1",C10H12N5O2Br,313.017436724,1.6360999999999999,4.22,-0.31,22.5,-150,4.588818496911274,1,MAYBRIDGE,6,2,88.86,7,10,2,5,0.5555555555555556,0.1111111111111111,0.2777777777777778,0.3,0.1,18,2,0,2,2,0,2,0,0
N(Cc1nnc([nH]1)/C=C/C=C)OCc1oc(nc1)CC,17/000000168,"InChI=1S/C13H17N5O2/c1-3-5-6-11-16-12(18-17-11)8-15-19-9-10-7-14-13(4-2)20-10/h3,5-7,15H,1,4,8-9H2,2H3,(H,16,17,18)/b6-5+",C13H17N5O2,275.13822478400004,1.7757,4.22,0.2,3.58,-40,3.93187574234104,1,MAYBRIDGE,6,2,88.86,8,13,2,5,0.65,0.1,0.25,0.3076923076923077,0.0,20,2,0,2,2,0,2,0,0
C=C[C@H]1N=C(NC1=O)Nc1cccc(c1)SCC(=O)OC,9/000000010,"InChI=1S/C14H15N3O3S/c1-3-11-13(19)17-14(16-11)15-9-5-4-6-10(7-9)21-8-12(18)20-2/h3-7,11H,1,8H2,2H3,(H2,15,16,17,19)/t11-/m1/s1",C14H15N3O3S,305.08341234,1.4039999999999997,4.22,-0.33,21.6,-170,3.3474929755757783,1,MAYBRIDGE,6,2,79.79,5,14,3,3,0.6666666666666666,0.14285714285714285,0.14285714285714285,0.21428571428571427,0.07142857142857142,21,2,1,1,1,1,0,0,0
OC(=O)c1c(c2coccc2=O)cc(c(c1)O)CC,17/000000227,"InChI=1S/C14H12O5/c1-2-8-5-9(10(14(17)18)6-13(8)16)11-7-19-4-3-12(11)15/h3-7,16H,2H2,1H3,(H,17,18)",C14H12O5,260.06847348400004,2.2730000000000006,4.22,-7.12,3.58,-200,2.6432264583174163,1,MAYBRIDGE,4,2,87.74,3,14,5,0,0.7368421052631579,0.2631578947368421,0.0,0.14285714285714285,0.0,19,2,0,2,1,0,1,0,0
OC(=O)CCCSc1nnc(o1)C(N)N,30/000000053,"InChI=1S/C7H12N4O3S/c8-5(9)6-10-11-7(14-6)15-3-1-2-4(12)13/h5H,1-3,8-9H2,(H,12,13)",C7H12N4O3S,232.063011244,-0.05749999999999972,4.21,9.37,20.1,-150,2.839944375839563,1,MAYBRIDGE,7,3,128.26,6,7,3,4,0.4666666666666667,0.2,0.26666666666666666,0.5714285714285714,0.0,15,1,0,1,1,0,1,0,0
S[C@@H](c1nc(I)c(cc1)O)c1nscn1,30/000000319,"InChI=1S/C8H6IN3OS2/c9-7-5(13)2-1-4(11-7)6(14)8-10-3-15-12-8/h1-3,6,13-14H/t6-/m0/s1",C8H6N3OS2I,350.899701812,2.2625,4.21,8.96,19.1,-150,4.529653772140858,1,MAYBRIDGE,6,2,58.900000000000006,2,8,1,3,0.5333333333333333,0.06666666666666667,0.2,0.125,0.125,15,2,0,2,2,0,2,0,0
OC(=O)[C@H](/C=C\CCCCC)c1nnc(o1)S,30/000000158,"InChI=1S/C11H16N2O3S/c1-2-3-4-5-6-7-8(10(14)15)9-12-13-11(17)16-9/h6-8H,2-5H2,1H3,(H,13,17)(H,14,15)/b7-6-/t8-/m1/s1",C11H16N2O3S,256.088163372,2.6630000000000016,4.21,6.08,3.85,-170,3.7564243172443663,1,MAYBRIDGE,5,2,76.22,7,11,3,2,0.6470588235294118,0.17647058823529413,0.11764705882352941,0.5454545454545454,0.09090909090909091,17,1,0,1,1,0,1,0,0
OCc1cccc(c1)c1scc(c1)C(=O)N,25/000000030,"InChI=1S/C12H11NO2S/c13-12(15)10-5-11(16-7-10)9-3-1-2-8(4-9)6-14/h1-5,7,14H,6H2,(H2,13,15)",C12H11NO2S,233.051049592,2.0063,4.21,-0.49,2.22,-120,2.197588475348333,1,MAYBRIDGE,3,2,63.31999999999999,3,12,2,1,0.75,0.125,0.0625,0.08333333333333333,0.0,16,2,0,2,1,0,1,0,0
O[C@H](c1nonc1)c1nc(I)c(cc1)O,30/000000299,"InChI=1S/C8H6IN3O3/c9-8-6(13)2-1-4(11-8)7(14)5-3-10-15-12-5/h1-3,7,13-14H/t7-/m0/s1",C8H6N3O3I,318.945389052,0.8564999999999998,4.21,7.82,2.22,-150,4.201855969943056,1,MAYBRIDGE,6,2,92.27000000000001,2,8,3,3,0.5333333333333333,0.2,0.2,0.125,0.125,15,2,0,2,2,0,2,0,0
OC(=O)c1cc(O)c(cc1C1=CC=CCC1)CC,17/000000095,"InChI=1S/C15H16O3/c1-2-10-8-12(11-6-4-3-5-7-11)13(15(17)18)9-14(10)16/h3-4,6,8-9,16H,2,5,7H2,1H3,(H,17,18)",C15H16O3,244.109944372,3.3862000000000023,4.21,-7.31,3.58,-200,2.70062127214576,1,MAYBRIDGE,2,2,57.53,3,15,3,0,0.8333333333333334,0.16666666666666666,0.0,0.26666666666666666,0.0,18,2,1,1,0,0,0,0,0
S[C@H](c1cnc[nH]1)c1nc(I)c(cc1)O,30/000000203,"InChI=1S/C9H8IN3OS/c10-9-7(14)2-1-5(13-9)8(15)6-3-11-4-12-6/h1-4,8,14-15H,(H,11,12)/t8-/m0/s1",C9H8N3OSI,332.94328087599996,2.1340999999999997,4.21,8.67,15.7,-150,4.077398827085912,1,MAYBRIDGE,4,3,61.8,2,9,1,3,0.6,0.06666666666666667,0.2,0.1111111111111111,0.1111111111111111,15,2,0,2,2,0,2,0,0
Oc1c(F)cc(c(c1)CN)[C@@H](c1cccc(c1)N(=O)=O)C#CC,17/000000009,"InChI=1S/C17H15FN2O3/c1-2-4-14(11-5-3-6-13(7-11)20(22)23)15-9-16(18)17(21)8-12(15)10-19/h3,5-9,14,21H,10,19H2,1H3/t14-/m1/s1",C17H15N2O3F,314.10667056,3.0534000000000017,4.21,-7.82,21.5,-178,3.4449263603767077,1,MAYBRIDGE,4,2,89.38999999999999,4,17,3,2,0.7391304347826086,0.13043478260869565,0.08695652173913043,0.17647058823529413,0.058823529411764705,23,2,0,2,0,0,0,0,0
OC(=O)CCC#Cc1c(C(=O)O)cc(c(c1)CC)O,17/000000246,"InChI=1S/C14H14O5/c1-2-9-7-10(5-3-4-6-13(16)17)11(14(18)19)8-12(9)15/h7-8,15H,2,4,6H2,1H3,(H,16,17)(H,18,19)",C14H14O5,262.08412354800004,1.8691,4.2,-8.52,18.0,-60,2.6180824276874137,1,MAYBRIDGE,3,3,94.83,4,14,5,0,0.7368421052631579,0.2631578947368421,0.0,0.2857142857142857,0.0,19,1,0,1,0,0,0,0,0
S[C@H](Cc1ccccc1CN(=O)=O)NC1=NCC(=O)N1,9/000000026,"InChI=1S/C12H14N4O3S/c17-10-6-13-12(14-10)15-11(20)5-8-3-1-2-4-9(8)7-16(18)19/h1-4,11,20H,5-7H2,(H2,13,14,15,17)/t11-/m1/s1",C12H14N4O3S,294.078661308,0.33709999999999984,4.2,-3.26,2.35,-190,3.8984474377393674,1,MAYBRIDGE,6,3,96.63,5,12,3,4,0.6,0.15,0.2,0.3333333333333333,0.08333333333333333,20,2,1,1,1,1,0,0,0
NNCCC/C=C/Cc1cnc(c(c1)Br)c1n[nH]c(=O)[nH]1,2/000000003,"InChI=1S/C13H17BrN6O/c14-10-7-9(5-3-1-2-4-6-17-15)8-16-11(10)12-18-13(21)20-19-12/h1,3,7-8,17H,2,4-6,15H2,(H2,18,19,20,21)/b3-1+",C13H17N6OBr,352.06472126400007,1.2646999999999995,4.2,-0.65,20.8,-160,3.4776643896629382,1,MAYBRIDGE,5,4,112.47999999999999,7,13,1,6,0.6190476190476191,0.047619047619047616,0.2857142857142857,0.3076923076923077,0.0,21,2,0,2,2,0,2,0,0
c1ncc(o1)CON[C@H](CC#CC)c1nnc[nH]1,17/000000134,"InChI=1S/C11H13N5O2/c1-2-3-4-10(11-13-7-14-15-11)16-18-6-9-5-12-8-17-9/h5,7-8,10,16H,4,6H2,1H3,(H,13,14,15)/t10-/m1/s1",C11H13N5O2,247.106924656,0.9685999999999999,4.2,-0.78,3.58,-190,4.482894113747267,1,MAYBRIDGE,6,2,88.86000000000001,6,11,2,5,0.6111111111111112,0.1111111111111111,0.2777777777777778,0.36363636363636365,0.09090909090909091,18,2,0,2,2,0,2,0,0
OC(=O)c1cc(Br)nc(c1)[C@H](c1nscc1)N,20/000000001,"InChI=1S/C10H8BrN3O2S/c11-8-4-5(10(15)16)3-7(13-8)9(12)6-1-2-17-14-6/h1-4,9H,12H2,(H,15,16)/t9-/m0/s1",C10H8N3O2SBr,312.952059596,2.0468999999999995,4.2,-3.26,19.4,-170,3.8488400291919938,1,MAYBRIDGE,5,2,89.1,3,10,2,3,0.5882352941176471,0.11764705882352941,0.17647058823529413,0.1,0.1,17,2,0,2,2,0,2,0,0
Oc1c(I)cc(c(c1)S(=O)(=O)O)C(=C)N(=O)=O,17/000000228,"InChI=1S/C8H6INO6S/c1-4(10(12)13)5-2-6(9)7(11)3-8(5)17(14,15)16/h2-3,11H,1H2,(H,14,15,16)",C8H6NO6SI,370.8960559119999,1.4908999999999997,4.2,-6.74,2.35,0,3.246697708853078,1,MAYBRIDGE,5,2,117.74000000000001,3,8,6,1,0.47058823529411764,0.35294117647058826,0.058823529411764705,0.0,0.0,17,1,0,1,0,0,0,0,0
Sc1nnc(o1)[C@@H](CC#CCS)O,30/000000104,"InChI=1S/C7H8N2O2S2/c10-5(3-1-2-4-12)6-8-9-7(13)11-6/h5,10,12H,3-4H2,(H,9,13)/t5-/m1/s1",C7H8N2O2S2,216.002719496,0.7150000000000001,4.19,2.65,2.22,-150,4.667535128620492,1,MAYBRIDGE,6,3,59.150000000000006,2,7,2,2,0.5384615384615384,0.15384615384615385,0.15384615384615385,0.42857142857142855,0.14285714285714285,13,1,0,1,1,0,1,0,0
Sc1c(O[C@@H]2C=CCC2)cnc(c1Br)CC[NH3+],3/000000054,"InChI=1S/C12H15BrN2OS/c13-11-9(5-6-14)15-7-10(12(11)17)16-8-3-1-2-4-8/h1,3,7-8H,2,4-6,14H2,(H,15,17)/p+1/t8-/m1/s1",C12H16N2OSBr,315.01612265209,2.0145999999999997,4.19,-3.12,3.72,-170,4.631744652759915,1,MAYBRIDGE,3,2,49.760000000000005,4,12,1,2,0.7058823529411765,0.058823529411764705,0.11764705882352941,0.4166666666666667,0.08333333333333333,17,2,1,1,1,0,1,0,0
ONC/C=C/CC[C@H](CO)c1c(Br)ccc(c1)O,6/000000001,"InChI=1S/C13H18BrNO3/c14-13-6-5-11(17)8-12(13)10(9-16)4-2-1-3-7-15-18/h1,3,5-6,8,10,15-18H,2,4,7,9H2/b3-1+/t10-/m1/s1",C13H18NO3Br,315.047005536,2.545800000000001,4.19,-2.72,3.72,-150,3.589192650757427,1,MAYBRIDGE,4,4,72.72,7,13,3,1,0.7222222222222222,0.16666666666666666,0.05555555555555555,0.38461538461538464,0.07692307692307693,18,1,0,1,0,0,0,0,0
O[C@@H](c1nnc(o1)S)C#CCOC(=O)c1cc[nH]c1CNC,30/000000140,"InChI=1S/C13H14N4O4S/c1-14-7-9-8(4-5-15-9)12(19)20-6-2-3-10(18)11-16-17-13(22)21-11/h4-5,10,14-15,18H,6-7H2,1H3,(H,17,22)/t10-/m1/s1",C13H14N4O4S,322.073575928,0.2995999999999999,4.19,0.23,4.94,-190,4.221383500066414,1,MAYBRIDGE,8,4,113.27000000000001,5,13,4,4,0.5909090909090909,0.18181818181818182,0.18181818181818182,0.3076923076923077,0.07692307692307693,22,2,0,2,2,0,2,0,0
SCCc1ccccc1C[C@H](NC1=NCC(=O)N1)S,9/000000027,"InChI=1S/C13H17N3OS2/c17-11-8-14-13(15-11)16-12(19)7-10-4-2-1-3-9(10)5-6-18/h1-4,12,18-19H,5-8H2,(H2,14,15,16,17)/t12-/m1/s1",C13H17N3OS2,295.081304164,1.0326999999999995,4.19,-1.68,3.58,-150,3.856057142649005,1,MAYBRIDGE,5,4,53.49,5,13,1,3,0.6842105263157895,0.05263157894736842,0.15789473684210525,0.38461538461538464,0.07692307692307693,19,2,1,1,1,1,0,0,0
C1=CNc2c(C1)cnc(n2)C(=O)N,25/000000001,"InChI=1S/C8H8N4O/c9-6(13)8-11-4-5-2-1-3-10-7(5)12-8/h1,3-4H,2H2,(H2,9,13)(H,10,11,12)",C8H8N4O,176.069810876,0.05719999999999981,4.19,0.79,12.4,-80,3.5464518082208834,1,MAYBRIDGE,4,2,80.9,1,8,1,4,0.6153846153846154,0.07692307692307693,0.3076923076923077,0.125,0.0,13,2,1,1,2,1,1,0,0
Sc1nc2ccccc2c(c1)N(CCCNCN)c1nncs1,14/000000001,"InChI=1S/C15H18N6S2/c16-9-17-6-3-7-21(15-20-18-10-23-15)13-8-14(22)19-12-5-2-1-4-11(12)13/h1-2,4-5,8,10,17H,3,6-7,9,16H2,(H,19,22)",C15H18N6S2,346.103436576,2.409,4.18,-7.22,23.3,-80,3.3347992448452457,1,MAYBRIDGE,8,3,79.96000000000001,7,15,0,6,0.6521739130434783,0.0,0.2608695652173913,0.26666666666666666,0.0,23,3,0,3,2,0,2,0,0
Oc1c(O)cc(cc1S)F,12/000000009,"InChI=1S/C6H5FO2S/c7-3-1-4(8)6(9)5(10)2-3/h1-2,8-10H",C6H5O2SF,159.99942862,1.5255999999999998,4.18,6.13,1.0,0,2.893782976142969,1,MAYBRIDGE,3,3,40.46,0,6,2,0,0.6,0.2,0.0,0.0,0.0,10,1,0,1,0,0,0,0,0
OC(=O)c1cc(O)c(c(c1)c1nnco1)CCF,17/000000048,"InChI=1S/C11H9FN2O4/c12-2-1-7-8(10-14-13-5-18-10)3-6(11(16)17)4-9(7)15/h3-5,15H,1-2H2,(H,16,17)",C11H9N2O4F,252.054634988,1.6523999999999999,4.18,-6.07,20.3,-180,2.996314195222684,1,MAYBRIDGE,5,2,96.45,4,11,4,2,0.6111111111111112,0.2222222222222222,0.1111111111111111,0.18181818181818182,0.0,18,2,0,2,1,0,1,0,0
OC(=O)c1c(O)ccc(c1)NC(=O)CNCCc1nn[nH]c1,10/000000015,"InChI=1S/C13H15N5O4/c19-11-2-1-8(5-10(11)13(21)22)16-12(20)7-14-4-3-9-6-15-18-17-9/h1-2,5-6,14,19H,3-4,7H2,(H,16,20)(H,21,22)(H,15,17,18)",C13H15N5O4,305.11240396000005,-0.02070000000000033,4.18,-1.47,3.58,-60,2.6614119427946967,1,MAYBRIDGE,6,5,140.23,7,13,4,5,0.5909090909090909,0.18181818181818182,0.22727272727272727,0.23076923076923078,0.0,22,2,0,2,1,0,1,0,0
ON[C@H](c1nc(I)c(cc1)O)S,30/000000308,"InChI=1S/C6H7IN2O2S/c7-5-4(10)2-1-3(8-5)6(12)9-11/h1-2,6,9-12H/t6-/m0/s1",C6H7N2O2SI,297.927296464,1.2989999999999997,4.18,8.17,11.6,-150,4.347123959250274,1,MAYBRIDGE,5,4,65.38,2,6,2,2,0.5,0.16666666666666666,0.16666666666666666,0.16666666666666666,0.16666666666666666,12,1,0,1,1,0,1,0,0
Oc1c(I)nc(cc1)[C@@H](C1=CC=CCC1)N,30/000000322,"InChI=1S/C12H13IN2O/c13-12-10(16)7-6-9(15-12)11(14)8-4-2-1-3-5-8/h1-2,4,6-7,11,16H,3,5,14H2/t11-/m1/s1",C12H13N2OI,328.00726103600005,2.6679999999999993,4.18,8.43,13.9,-150,3.9589592385753822,1,MAYBRIDGE,3,2,59.14,2,12,1,2,0.75,0.0625,0.125,0.25,0.08333333333333333,16,2,1,1,1,0,1,0,0
N(Cc1nnc[nH]1)OCc1oc(nc1)[C@H](C)Cl,17/000000127,"InChI=1S/C9H12ClN5O2/c1-6(10)9-11-2-7(17-9)4-16-14-3-8-12-5-13-15-8/h2,5-6,14H,3-4H2,1H3,(H,12,13,15)/t6-/m0/s1",C9H12N5O2Cl,257.067952304,1.3138999999999994,4.17,4.15,2.22,-170,4.317978443968707,1,MAYBRIDGE,6,2,88.86,6,9,2,5,0.5294117647058824,0.11764705882352941,0.29411764705882354,0.4444444444444444,0.1111111111111111,17,2,0,2,2,0,2,0,0
C=CC(=O)OC[C@@H](c1nnc[nH]1)NOCc1oc(nc1)CC,17/000000137,"InChI=1S/C13H17N5O4/c1-3-11-14-5-9(22-11)6-21-18-10(7-20-12(19)4-2)13-15-8-16-17-13/h4-5,8,10,18H,2-3,6-7H2,1H3,(H,15,16,17)/t10-/m0/s1",C13H17N5O4,307.128054024,0.8467999999999994,4.17,-1.28,3.58,-190,4.168303351183038,1,MAYBRIDGE,8,2,115.16000000000001,9,13,4,5,0.5909090909090909,0.18181818181818182,0.22727272727272727,0.38461538461538464,0.07692307692307693,22,2,0,2,2,0,2,0,0
O[C@@H](c1nc(I)c(cc1)O)c1nscn1,30/000000213,"InChI=1S/C8H6IN3O2S/c9-7-5(13)2-1-4(11-7)6(14)8-10-3-15-12-8/h1-3,6,13-14H/t6-/m0/s1",C8H6N3O2SI,334.922545432,1.3249999999999995,4.17,7.83,2.22,-150,4.277149376536462,1,MAYBRIDGE,6,2,79.13000000000001,2,8,2,3,0.5333333333333333,0.13333333333333333,0.2,0.125,0.125,15,2,0,2,2,0,2,0,0
Sc1nc2ccccc2c(c1)N(CCNCC)c1nncs1,14/000000004,"InChI=1S/C15H17N5S2/c1-2-16-7-8-20(15-19-17-10-22-15)13-9-14(21)18-12-6-4-3-5-11(12)13/h3-6,9-10,16H,2,7-8H2,1H3,(H,18,21)",C15H17N5S2,331.09253754400004,3.122600000000001,4.17,-8.06,21.9,-100,3.185301482186757,1,MAYBRIDGE,7,2,53.940000000000005,6,15,0,5,0.6818181818181818,0.0,0.22727272727272727,0.26666666666666666,0.0,22,3,0,3,2,0,2,0,0
N([C@@H](CBr)c1nnc([nH]1)CBr)OCc1ocnc1,17/000000178,"InChI=1S/C9H11Br2N5O2/c10-1-7(9-13-8(2-11)14-15-9)16-18-4-6-3-12-5-17-6/h3,5,7,16H,1-2,4H2,(H,13,14,15)/t7-/m0/s1",C9H11N5O2Br2,378.927948792,1.8449999999999998,4.17,-2.51,22.6,-150,4.542045124130208,1,MAYBRIDGE,6,2,88.86,7,9,2,5,0.5,0.1111111111111111,0.2777777777777778,0.4444444444444444,0.1111111111111111,18,2,0,2,2,0,2,0,0
Sc1nc2ccccc2c(c1)C(=O)CNN,14/000000010,"InChI=1S/C11H11N3OS/c12-13-6-10(15)8-5-11(16)14-9-4-2-1-3-7(8)9/h1-5,13H,6,12H2,(H,14,16)",C11H11N3OS,233.062282972,1.1694999999999998,4.17,-7.82,2.35,-80,2.851988475348332,1,MAYBRIDGE,5,3,68.01,3,11,1,3,0.6875,0.0625,0.1875,0.09090909090909091,0.0,16,2,0,2,1,0,1,0,0
O[C@H](COC(=O)Cc1nn[nH]c1)c1snc(n1)CCSCC,10/000000016,"InChI=1S/C12H17N5O3S2/c1-2-21-4-3-10-14-12(22-16-10)9(18)7-20-11(19)5-8-6-13-17-15-8/h6,9,18H,2-5,7H2,1H3,(H,13,15,17)/t9-/m1/s1",C12H17N5O3S2,343.077281404,0.7710999999999995,4.17,-2.72,5.09,-190,4.13445280173249,1,MAYBRIDGE,9,2,113.88,9,12,3,5,0.5454545454545454,0.13636363636363635,0.22727272727272727,0.5833333333333334,0.08333333333333333,22,2,0,2,2,0,2,0,0
O=C(Cc1nn[nH]c1)OCc1cc(Cl)c(c(c1)Cl)C(=O)N,10/000000003,"InChI=1S/C12H10Cl2N4O3/c13-8-1-6(2-9(14)11(8)12(15)20)5-21-10(19)3-7-4-16-18-17-7/h1-2,4H,3,5H2,(H2,15,20)(H,16,17,18)",C12H10N4O3Cl2,328.01299553999996,1.4962999999999997,4.16,-3.26,2.35,-20,2.9487094029255374,1,MAYBRIDGE,5,2,110.96,5,12,3,4,0.5714285714285714,0.14285714285714285,0.19047619047619047,0.16666666666666666,0.0,21,2,0,2,1,0,1,0,0
Sc1nnc(o1)CC(=O)Nc1ccc2c(c1C)CCCC2,30/000000010,"InChI=1S/C15H17N3O2S/c1-9-11-5-3-2-4-10(11)6-7-12(9)16-13(19)8-14-17-18-15(21)20-14/h6-7H,2-5,8H2,1H3,(H,16,19)(H,18,21)",C15H17N3O2S,303.104147784,2.726720000000001,4.16,0.07,3.58,-120,2.696028235816785,1,MAYBRIDGE,5,2,68.02,3,15,2,3,0.7142857142857143,0.09523809523809523,0.14285714285714285,0.4,0.0,21,3,1,2,1,0,1,0,0
Sc1nnc(o1)[C@@H](/C=C/COCCS)O,30/000000117,"InChI=1S/C8H12N2O3S2/c11-6(2-1-3-12-4-5-14)7-9-10-8(15)13-7/h1-2,6,11,14H,3-5H2,(H,10,15)/b2-1+/t6-/m1/s1",C8H12N2O3S2,248.028934244,0.8942999999999999,4.15,1.53,3.58,-150,4.416266958954045,1,MAYBRIDGE,7,3,68.38000000000001,6,8,3,2,0.5333333333333333,0.2,0.13333333333333333,0.5,0.125,15,1,0,1,1,0,1,0,0
OCC/C=C/[C@H](c1nnc(o1)S)C(=O)O,30/000000128,"InChI=1S/C8H10N2O4S/c11-4-2-1-3-5(7(12)13)6-9-10-8(15)14-6/h1,3,5,11H,2,4H2,(H,10,15)(H,12,13)/b3-1+/t5-/m1/s1",C8H10N2O4S,230.0361278,0.46509999999999996,4.15,5.79,3.85,-150,4.139954013363051,1,MAYBRIDGE,6,3,96.45,5,8,4,2,0.5333333333333333,0.26666666666666666,0.13333333333333333,0.375,0.125,15,1,0,1,1,0,1,0,0
C1=N[C@@H](CO1)/C=C/1\NC(=O)N(C1=O)CC#CC1=CNCS1,17/000000016,"InChI=1S/C13H12N4O3S/c18-12-11(4-9-6-20-7-15-9)16-13(19)17(12)3-1-2-10-5-14-8-21-10/h4-5,7,9,14H,3,6,8H2,(H,16,19)/b11-4-/t9-/m1/s1",C13H12N4O3S,304.063011244,-0.012099999999999722,4.15,0.67,3.58,-170,5.078573677480154,1,MAYBRIDGE,6,2,83.03,2,13,3,4,0.6190476190476191,0.14285714285714285,0.19047619047619047,0.3076923076923077,0.07692307692307693,21,3,3,0,3,3,0,0,0
c1nc2oncc2c(n1)/C=C/CN1C=C[C@@H](CC1=O)NNCN,1/000000001,"InChI=1S/C14H17N7O2/c15-8-18-20-10-3-5-21(13(22)6-10)4-1-2-12-11-7-19-23-14(11)17-9-16-12/h1-3,5,7,9-10,18,20H,4,6,8,15H2/b2-1+/t10-/m0/s1",C14H17N7O2,315.1443727840001,-0.24399999999999877,4.15,7.76,5.21,-190,4.6303592618036395,1,MAYBRIDGE,8,3,122.2,6,14,2,7,0.6086956521739131,0.08695652173913043,0.30434782608695654,0.2857142857142857,0.07142857142857142,23,3,1,2,3,1,2,0,0
OC(=O)c1cc(Br)c(cc1[C@H](CC)CS)O,17/000000088,"InChI=1S/C11H13BrO3S/c1-2-6(5-16)7-4-10(13)9(12)3-8(7)11(14)15/h3-4,6,13,16H,2,5H2,1H3,(H,14,15)/t6-/m1/s1",C11H13O3SBr,303.976877376,3.2763000000000018,4.15,-5.27,14.2,-190,3.3547185792347225,1,MAYBRIDGE,3,3,57.53,4,11,3,0,0.6875,0.1875,0.0,0.36363636363636365,0.09090909090909091,16,1,0,1,0,0,0,0,0
OC/C=C(/CCc1ncc(cc1Br)OC[C@@H](c1oncc1)S)\C,3/000000014,"InChI=1S/C16H19BrN2O3S/c1-11(5-7-20)2-3-14-13(17)8-12(9-18-14)21-10-16(23)15-4-6-19-22-15/h4-6,8-9,16,20,23H,2-3,7,10H2,1H3/b11-5+/t16-/m0/s1",C16H19N2O3SBr,398.029975568,3.7532000000000023,4.15,1.21,3.58,-190,3.9616326663783994,1,MAYBRIDGE,6,2,68.38000000000001,8,16,3,2,0.6956521739130435,0.13043478260869565,0.08695652173913043,0.375,0.0625,23,2,0,2,2,0,2,0,0
OC(=O)C(=C)c1cc(OP(=O)(O)O)c(c(c1)Br)O,17/000000071,"InChI=1S/C9H8BrO7P/c1-4(9(12)13)5-2-6(10)8(11)7(3-5)17-18(14,15)16/h2-3,11H,1H2,(H,12,13)(H2,14,15,16)",C9H8O7PBr,337.919101326,1.7240000000000004,4.15,-5.19,18.9,-20,2.9286291383664977,1,MAYBRIDGE,4,4,124.29,4,9,7,0,0.5,0.3888888888888889,0.0,0.0,0.0,18,1,0,1,0,0,0,0,0
OC(=O)C(=C)[C@H](CNCc1ccc(c(c1)O)Br)C=C,17/000000281,"InChI=1S/C14H16BrNO3/c1-3-11(9(2)14(18)19)8-16-7-10-4-5-12(15)13(17)6-10/h3-6,11,16-17H,1-2,7-8H2,(H,18,19)/t11-/m0/s1",C14H16NO3Br,325.031355472,2.6873000000000005,4.14,-7.55,2.22,-190,3.4454479420456856,1,MAYBRIDGE,3,3,69.56,7,14,3,1,0.7368421052631579,0.15789473684210525,0.05263157894736842,0.21428571428571427,0.07142857142857142,19,1,0,1,0,0,0,0,0
OC(=O)Cc1ncc(c(c1Br)S)O[C@@H]1C=CCC1,3/000000059,"InChI=1S/C12H12BrNO3S/c13-11-8(5-10(15)16)14-6-9(12(11)18)17-7-3-1-2-4-7/h1,3,6-7H,2,4-5H2,(H,14,18)(H,15,16)/t7-/m1/s1",C12H12NO3SBr,328.972126344,2.8573000000000013,4.14,-3.07,2.48,-150,3.8638144969112735,1,MAYBRIDGE,4,2,59.42,4,12,3,1,0.6666666666666666,0.16666666666666666,0.05555555555555555,0.3333333333333333,0.08333333333333333,18,2,1,1,1,0,1,0,0
Oc1c(I)nc(cc1)[C@@H](C=C)N,30/000000336,"InChI=1S/C8H9IN2O/c1-2-5(10)6-3-4-7(12)8(9)11-6/h2-5,12H,1,10H2/t5-/m1/s1",C8H9N2OI,275.97596090800005,1.5775999999999997,4.14,7.83,10.1,-150,4.011177324634888,1,MAYBRIDGE,3,2,59.14,2,8,1,2,0.6666666666666666,0.08333333333333333,0.16666666666666666,0.125,0.125,12,1,0,1,1,0,1,0,0
Sc1c(OCCNc2nc(ncc2)N)cncc1Br,3/000000045,"InChI=1S/C11H12BrN5OS/c12-7-5-14-6-8(10(7)19)18-4-3-15-9-1-2-16-11(13)17-9/h1-2,5-6H,3-4H2,(H,14,19)(H3,13,15,16,17)",C11H12N5OSBr,340.994593104,1.9958999999999998,4.14,3.63,3.58,0,2.972489969165544,1,MAYBRIDGE,7,3,85.95,5,11,1,5,0.5789473684210527,0.05263157894736842,0.2631578947368421,0.18181818181818182,0.0,19,2,0,2,2,0,2,0,0
C1=C(/C=C/2\NC(=O)N(C2=O)[C@@H](/C=C/C)c2oncc2)CNN1,17/000000217,"InChI=1S/C14H15N5O3/c1-2-3-11(12-4-5-17-22-12)19-13(20)10(18-14(19)21)6-9-7-15-16-8-9/h2-7,11,15-16H,8H2,1H3,(H,18,21)/b3-2+,10-6-/t11-/m0/s1",C14H15N5O3,301.1174893400001,0.7191999999999998,4.14,-2.78,3.58,-170,4.691512142391829,1,MAYBRIDGE,6,3,99.5,4,14,3,5,0.6363636363636364,0.13636363636363635,0.22727272727272727,0.21428571428571427,0.07142857142857142,22,3,2,1,3,2,1,0,0
C(=C\CBr)/NCc1nccc(n1)C[C@H](C[NH3+])CCN,3/000000120,"InChI=1S/C13H22BrN5/c14-4-1-6-17-10-13-18-7-3-12(19-13)8-11(9-16)2-5-15/h1,3,6-7,11,17H,2,4-5,8-10,15-16H2/p+1/b6-1+/t11-/m1/s1",C13H23N5Br,328.11313425609006,0.22420000000000118,4.14,-0.71,3.58,-190,4.391980219572082,1,MAYBRIDGE,4,3,91.47,9,13,0,5,0.6842105263157895,0.0,0.2631578947368421,0.5384615384615384,0.07692307692307693,19,1,0,1,1,0,1,0,0
OC(=O)[C@H](c1ccc(c(c1)O)S(=O)=O)S,17/000000017,"InChI=1S/C8H8O5S2/c9-5-3-4(7(14)8(10)11)1-2-6(5)15(12)13/h1-3,7,9,14-15H,(H,10,11)/t7-/m0/s1",C8H8O5S2,247.981315356,0.418,4.13,-3.92,2.35,-150,4.218007787356412,1,MAYBRIDGE,5,4,91.66999999999999,3,8,5,0,0.5333333333333333,0.3333333333333333,0.0,0.125,0.125,15,1,0,1,0,0,0,0,0
c1oc(cc1C(=C)c1nc[nH]c1N(=O)=O)C(=O)N,25/000000050,"InChI=1S/C10H8N4O4/c1-5(6-2-7(9(11)15)18-3-6)8-10(14(16)17)13-4-12-8/h2-4H,1H2,(H2,11,15)(H,12,13)",C10H8N4O4,248.054554736,1.0713,4.13,1.22,23.9,0,3.637703024108085,1,MAYBRIDGE,5,2,128.05,4,10,4,4,0.5555555555555556,0.2222222222222222,0.2222222222222222,0.0,0.0,18,2,0,2,2,0,2,0,0
O[C@H](CCCF)c1nnc(o1)S,30/000000087,"InChI=1S/C6H9FN2O2S/c7-3-1-2-4(10)5-8-9-6(12)11-5/h4,10H,1-3H2,(H,9,12)/t4-/m1/s1",C6H9N2O2SF,192.036876748,1.1414,4.13,5.53,2.22,-150,4.008157919040483,1,MAYBRIDGE,5,2,59.150000000000006,4,6,2,2,0.5,0.16666666666666666,0.16666666666666666,0.6666666666666666,0.16666666666666666,12,1,0,1,1,0,1,0,0
OC(=O)CCCOC(=O)C#C[C@H]1NNCC1,24/000000003,"InChI=1S/C10H14N2O4/c13-9(14)2-1-7-16-10(15)4-3-8-5-6-11-12-8/h8,11-12H,1-2,5-7H2,(H,13,14)/t8-/m1/s1",C10H14N2O4,226.095356928,-0.7356999999999994,4.13,-2.0,2.22,-150,3.9839407770369215,1,MAYBRIDGE,5,3,87.66,4,10,4,2,0.625,0.25,0.125,0.6,0.1,16,1,1,0,1,1,0,0,0
c1nc(oc1CONCc1nnc([nH]1)C(=O)C)CC,17/000000160,"InChI=1S/C11H15N5O3/c1-3-10-12-4-8(19-10)6-18-13-5-9-14-11(7(2)17)16-15-9/h4,13H,3,5-6H2,1-2H3,(H,14,15,16)",C11H15N5O3,265.11748934,0.7790999999999995,4.13,-0.35,3.58,-80,3.669043815319388,1,MAYBRIDGE,7,2,105.93,7,11,3,5,0.5789473684210527,0.15789473684210525,0.2631578947368421,0.45454545454545453,0.0,19,2,0,2,2,0,2,0,0
SCCCCc1nnc([nH]1)[C@@H](c1cnccc1)C#CC=S,17/000000023,"InChI=1S/C15H16N4S2/c20-9-2-1-7-14-17-15(19-18-14)13(6-4-10-21)12-5-3-8-16-11-12/h3,5,8,10-11,13,20H,1-2,7,9H2,(H,17,18,19)/t13-/m1/s1",C15H16N4S2,316.08163851200004,2.587200000000001,4.13,-2.91,24.0,-170,4.237601420229208,1,MAYBRIDGE,5,2,54.46,6,15,0,4,0.7142857142857143,0.0,0.19047619047619047,0.3333333333333333,0.06666666666666667,21,2,0,2,2,0,2,0,0
Oc1cc(ccc1C[C@H](C)O)C(=O)c1ccc(cc1)Cl,17/000000018,"InChI=1S/C16H15ClO3/c1-10(18)8-12-2-3-13(9-15(12)19)16(20)11-4-6-14(17)7-5-11/h2-7,9-10,18-19H,8H2,1H3/t10-/m0/s1",C16H15O3Cl,290.07097202000006,3.199900000000002,4.13,-7.32,3.58,-190,2.424278726450657,1,MAYBRIDGE,3,2,57.53,4,16,3,0,0.8,0.15,0.0,0.1875,0.0625,20,2,0,2,0,0,0,0,0
Oc1cnc(c(c1)Cl)C#C[C@@H](c1occ(c1)C(=O)N)C=S,25/000000061,"InChI=1S/C14H9ClN2O3S/c15-11-4-10(18)5-17-12(11)2-1-8(7-21)13-3-9(6-20-13)14(16)19/h3-8,18H,(H2,16,19)/t8-/m1/s1",C14H9N2O3SCl,320.002240828,2.2675,4.13,-2.13,25.0,-190,4.1978793173462225,1,MAYBRIDGE,5,2,89.35000000000001,3,14,3,2,0.6666666666666666,0.14285714285714285,0.09523809523809523,0.07142857142857142,0.07142857142857142,21,2,0,2,2,0,2,0,0
SCCCc1c(C#CCC(=O)N)occ1,25/000000025,"InChI=1S/C11H13NO2S/c12-11(13)5-1-4-10-9(3-2-8-15)6-7-14-10/h6-7,15H,2-3,5,8H2,(H2,12,13)",C11H13NO2S,223.066699656,1.3689,4.12,-3.57,18.7,0,3.696591360562159,1,MAYBRIDGE,3,2,56.230000000000004,4,11,2,1,0.7333333333333333,0.13333333333333333,0.06666666666666667,0.36363636363636365,0.0,15,1,0,1,1,0,1,0,0
OC(=O)c1[nH][nH]c(=O)c1C/C=C/C=C,30/000000157,"InChI=1S/C9H10N2O3/c1-2-3-4-5-6-7(9(13)14)10-11-8(6)12/h2-4H,1,5H2,(H,13,14)(H2,10,11,12)/b4-3+",C9H10N2O3,194.06914218,0.6859000000000001,4.12,6.81,3.85,0,3.4844137840727045,1,MAYBRIDGE,2,3,85.94999999999999,4,9,3,2,0.6428571428571429,0.21428571428571427,0.14285714285714285,0.1111111111111111,0.0,14,1,0,1,1,0,1,0,0
OC(=O)[C@](c1ccc(c(c1)O)Br)(N)OC,17/000000090,"InChI=1S/C9H10BrNO4/c1-15-9(11,8(13)14)5-2-3-6(10)7(12)4-5/h2-4,12H,11H2,1H3,(H,13,14)/t9-/m1/s1",C9H10NO4Br,274.9793199,0.9972000000000003,4.12,-3.16,13.1,-170,3.47192731398363,1,MAYBRIDGE,4,3,92.78,3,9,4,1,0.6,0.26666666666666666,0.06666666666666667,0.2222222222222222,0.1111111111111111,15,1,0,1,0,0,0,0,0
O=C(CONCc1nnc([nH]1)CCn1ncoc1=O)N,17/000000213,"InChI=1S/C9H13N7O4/c10-6(17)4-20-12-3-8-13-7(14-15-8)1-2-16-9(18)19-5-11-16/h5,12H,1-4H2,(H2,10,17)(H,13,14,15)",C9H13N7O4,283.10290189600005,-2.2963999999999984,4.12,-1.81,3.58,-60,3.916849398630304,1,MAYBRIDGE,9,3,153.95000000000002,8,9,4,7,0.45,0.2,0.35,0.4444444444444444,0.0,20,2,0,2,2,0,2,0,0
OC(=O)[C@@H](c1ncc(c(c1Br)S)OS(=O)=O)N(=O)=O,3/000000114,"InChI=1S/C7H5BrN2O7S2/c8-3-4(5(7(11)12)10(13)14)9-1-2(6(3)18)17-19(15)16/h1,5,19H,(H,9,18)(H,11,12)/t5-/m1/s1",C7H5N2O7S2Br,371.8721546,0.4404000000000004,4.12,-4.79,23.7,-170,4.654429879436026,1,MAYBRIDGE,8,3,136.70000000000002,5,7,7,2,0.3684210526315789,0.3684210526315789,0.10526315789473684,0.14285714285714285,0.14285714285714285,19,1,0,1,1,0,1,0,0
O[C@H](c1nnc(n1CCC)CO)C=C,17/000000189,"InChI=1S/C9H15N3O2/c1-3-5-12-8(6-13)10-11-9(12)7(14)4-2/h4,7,13-14H,2-3,5-6H2,1H3/t7-/m0/s1",C9H15N3O2,197.11642672,0.3998000000000002,4.12,-6.21,3.58,-190,3.517205114101376,1,MAYBRIDGE,5,2,71.17,5,9,2,3,0.6428571428571429,0.14285714285714285,0.21428571428571427,0.5555555555555556,0.1111111111111111,14,1,0,1,1,0,1,0,0
O=C(C)NC/C=C/C=C\Cc1nnc([nH]1)C1=COC=CC1,17/000000196,"InChI=1S/C15H18N4O2/c1-12(20)16-9-5-3-2-4-8-14-17-15(19-18-14)13-7-6-10-21-11-13/h2-6,10-11H,7-9H2,1H3,(H,16,20)(H,17,18,19)/b4-2-,5-3+",C15H18N4O2,286.142975816,1.8706,4.12,2.04,24.7,-160,4.013688008830656,1,MAYBRIDGE,4,2,79.9,6,15,2,4,0.7142857142857143,0.09523809523809523,0.19047619047619047,0.26666666666666666,0.0,21,2,1,1,2,1,1,0,0
N(C[C@@H](OC(=O)c1n[nH]c(=S)[nH]1)F)CNNC,16/000000001,"InChI=1S/C7H13FN6O2S/c1-9-11-3-10-2-4(8)16-6(15)5-12-7(17)14-13-5/h4,9-11H,2-3H2,1H3,(H2,12,13,14,17)/t4-/m1/s1",C7H13N6O2SF,264.080472876,-0.8092100000000004,4.11,4.9,2.22,-170,4.677208277964497,1,MAYBRIDGE,7,5,106.85999999999999,7,7,2,6,0.4117647058823529,0.11764705882352941,0.35294117647058826,0.5714285714285714,0.14285714285714285,17,1,0,1,1,0,1,0,0
OCC#CCC(=C)c1occ(c1)C(=O)N,25/000000053,"InChI=1S/C11H11NO3/c1-8(4-2-3-5-13)10-6-9(7-15-10)11(12)14/h6-7,13H,1,4-5H2,(H2,12,14)",C11H11NO3,205.073893212,0.7775000000000001,4.11,3.01,18.4,0,3.5474895915994145,1,MAYBRIDGE,3,2,76.46000000000001,3,11,3,1,0.7333333333333333,0.2,0.06666666666666667,0.18181818181818182,0.0,15,1,0,1,1,0,1,0,0
O[C@H](C/C=C\C1=CNC=CC1)c1nn[nH]c1,10/000000009,"InChI=1S/C11H14N4O/c16-11(10-8-13-15-14-10)5-1-3-9-4-2-6-12-7-9/h1-3,6-8,11-12,16H,4-5H2,(H,13,14,15)/b3-1-/t11-/m1/s1",C11H14N4O,218.116761068,1.1752999999999998,4.11,1.65,2.22,-150,4.811020777036921,1,MAYBRIDGE,4,3,73.83,4,11,1,4,0.6875,0.0625,0.25,0.2727272727272727,0.09090909090909091,16,2,1,1,2,1,1,0,0
Oc1c(Br)ccc(c1)CNC[C@@H](C1=CC=COC1)C=C,17/000000223,"InChI=1S/C16H18BrNO2/c1-2-13(14-4-3-7-20-11-14)10-18-9-12-5-6-15(17)16(19)8-12/h2-8,13,18-19H,1,9-11H2/t13-/m0/s1",C16H18NO2Br,335.052090916,3.5168000000000017,4.1,-7.68,3.58,-190,3.897020485743994,1,MAYBRIDGE,3,2,41.489999999999995,6,16,2,1,0.8,0.1,0.05,0.25,0.0625,20,2,1,1,1,1,0,0,0
Sc1cccc(c1)C[C@H](NC1=NCC(=O)N1)S,9/000000011,"InChI=1S/C11H13N3OS2/c15-9-6-12-11(13-9)14-10(17)5-7-2-1-3-8(16)4-7/h1-4,10,16-17H,5-6H2,(H2,12,13,14,15)/t10-/m1/s1",C11H13N3OS2,267.050004036,0.8490999999999995,4.1,-3.42,2.22,-170,3.956086960452222,1,MAYBRIDGE,5,4,53.49,3,11,1,3,0.6470588235294118,0.058823529411764705,0.17647058823529413,0.2727272727272727,0.09090909090909091,17,2,1,1,1,1,0,0,0
OC(=O)[C@@H](c1ncc(c(c1Br)S)OCCON)N(=O)=O,3/000000115,"InChI=1S/C9H10BrN3O6S/c10-5-6(7(9(14)15)13(16)17)12-3-4(8(5)20)18-1-2-19-11/h3,7H,1-2,11H2,(H,12,20)(H,14,15)/t7-/m1/s1",C9H10N3O6SBr,366.94736814,0.8043000000000002,4.1,-4.85,5.09,-190,4.0775129156576755,1,MAYBRIDGE,8,3,137.81,7,9,6,3,0.45,0.3,0.15,0.3333333333333333,0.1111111111111111,20,1,0,1,1,0,1,0,0
C=C[C@H](c1nnc([nH]1)CNCCCN)C#Cc1[nH]ccc1,17/000000043,"InChI=1S/C15H20N6/c1-2-12(6-7-13-5-3-10-18-13)15-19-14(20-21-15)11-17-9-4-8-16/h2-3,5,10,12,17-18H,1,4,8-9,11,16H2,(H,19,20,21)/t12-/m0/s1",C15H20N6,284.17494464,0.8925000000000005,4.1,-3.76,25.0,-190,4.370887674958086,1,MAYBRIDGE,4,4,95.41,7,15,0,6,0.7142857142857143,0.0,0.2857142857142857,0.3333333333333333,0.06666666666666667,21,2,0,2,2,0,2,0,0
S[C@H](Cc1cccc(c1)OCC)NC1=NCC(=O)N1,9/000000028,"InChI=1S/C13H17N3O2S/c1-2-18-10-5-3-4-9(6-10)7-12(19)16-13-14-8-11(17)15-13/h3-6,12,19H,2,7-8H2,1H3,(H2,14,15,16,17)/t12-/m1/s1",C13H17N3O2S,279.104147784,0.9590999999999998,4.1,-3.53,2.22,-190,3.4006032964951576,1,MAYBRIDGE,5,3,62.72,5,13,2,3,0.6842105263157895,0.10526315789473684,0.15789473684210525,0.38461538461538464,0.07692307692307693,19,2,1,1,1,1,0,0,0
Oc1noc(c1)CC/C=C/NCC1=CCOC1=O,3/000000037,"InChI=1S/C12H14N2O4/c15-11-7-10(18-14-11)3-1-2-5-13-8-9-4-6-17-12(9)16/h2,4-5,7,13H,1,3,6,8H2,(H,14,15)/b5-2+",C12H14N2O4,250.095356928,0.8992999999999998,4.1,2.87,3.58,0,3.78241956800375,1,MAYBRIDGE,6,2,84.59,6,12,4,2,0.6666666666666666,0.2222222222222222,0.1111111111111111,0.3333333333333333,0.0,18,2,1,1,2,1,1,0,0
Oc1ccc2c(c1)cc(cc2)OCC(=O)N,25/000000002,"InChI=1S/C12H11NO3/c13-12(15)7-16-11-4-2-8-1-3-10(14)5-9(8)6-11/h1-6,14H,7H2,(H2,13,15)",C12H11NO3,217.073893212,1.4094999999999998,4.1,-4.74,2.22,-100,1.8639269368867932,1,MAYBRIDGE,3,2,72.55,3,12,3,1,0.75,0.1875,0.0625,0.08333333333333333,0.0,16,2,0,2,0,0,0,0,0
N([C@H](c1nnc([nH]1)CBr)C(=C)N)OCc1ocnc1,17/000000175,"InChI=1S/C10H13BrN6O2/c1-6(12)9(10-14-8(2-11)15-16-10)17-19-4-7-3-13-5-18-7/h3,5,9,17H,1-2,4,12H2,(H,14,15,16)/t9-/m0/s1",C10H13N6O2Br,328.02833575600005,0.9224999999999999,4.1,-0.48,23.9,-150,4.587275091366952,1,MAYBRIDGE,7,3,114.88000000000001,7,10,2,6,0.5263157894736842,0.10526315789473684,0.3157894736842105,0.3,0.1,19,2,0,2,2,0,2,0,0
Oc1noc(c1C(=O)CCl)CC/C=C/NCC1=CCOC1=O,3/000000033,"InChI=1S/C14H15ClN2O5/c15-7-10(18)12-11(22-17-13(12)19)3-1-2-5-16-8-9-4-6-21-14(9)20/h2,4-5,16H,1,3,6-8H2,(H,17,19)/b5-2+",C14H15N2O5Cl,326.06694925999994,1.3208,4.09,1.25,5.09,0,3.898306731876583,1,MAYBRIDGE,7,2,101.66,8,14,5,2,0.6363636363636364,0.22727272727272727,0.09090909090909091,0.35714285714285715,0.0,22,2,1,1,2,1,1,0,0
Sc1cccc(c1)C/C=C/[C@H](CO)N,12/000000054,"InChI=1S/C11H15NOS/c12-10(8-13)5-1-3-9-4-2-6-11(14)7-9/h1-2,4-7,10,13-14H,3,8,12H2/b5-1+/t10-/m1/s1",C11H15NOS,209.0874351,1.3935999999999997,4.09,9.98,2.22,-150,3.5233304021736274,1,MAYBRIDGE,3,3,46.25,4,11,1,1,0.7857142857142857,0.07142857142857142,0.07142857142857142,0.2727272727272727,0.09090909090909091,14,1,0,1,0,0,0,0,0
c1nccc(n1)c1nnc([nH]1)CNOCc1oc(nc1)CC,17/000000150,"InChI=1S/C13H15N7O2/c1-2-12-15-5-9(22-12)7-21-17-6-11-18-13(20-19-11)10-3-4-14-8-16-10/h3-5,8,17H,2,6-7H2,1H3,(H,18,19,20)",C13H15N7O2,301.12872272,1.0334999999999996,4.09,-0.71,23.2,-180,3.501023712216343,1,MAYBRIDGE,8,2,114.64,7,13,2,7,0.5909090909090909,0.09090909090909091,0.3181818181818182,0.3076923076923077,0.0,22,3,0,3,3,0,3,0,0
OC(=O)C(=C)c1ccc(c(c1S)Br)O,17/000000053,"InChI=1S/C9H7BrO3S/c1-4(9(12)13)5-2-3-6(11)7(10)8(5)14/h2-3,11,14H,1H2,(H,12,13)",C9H7O3SBr,273.929927184,2.541200000000001,4.09,-6.54,2.22,-40,3.0878844318459846,1,MAYBRIDGE,3,3,57.53,2,9,3,0,0.6428571428571429,0.21428571428571427,0.0,0.0,0.0,14,1,0,1,0,0,0,0,0
c1scc(n1)C[C@H](NC1=NCC(=O)N1)c1oncc1,9/000000016,"InChI=1S/C11H11N5O2S/c17-10-4-12-11(16-10)15-8(9-1-2-14-18-9)3-7-5-19-6-13-7/h1-2,5-6,8H,3-4H2,(H2,12,15,16,17)/t8-/m0/s1",C11H11N5O2S,277.063345592,0.4902999999999996,4.09,-0.12,3.58,-150,4.009039102355964,1,MAYBRIDGE,7,2,92.41,4,11,2,5,0.5789473684210527,0.10526315789473684,0.2631578947368421,0.2727272727272727,0.09090909090909091,19,3,1,2,3,1,2,0,0
SCc1nc(I)c(cc1N=O)O,30/000000210,"InChI=1S/C6H5IN2O2S/c7-6-5(10)1-3(9-11)4(2-12)8-6/h1,10,12H,2H2",C6H5N2O2SI,295.9116464,2.2195000000000005,4.09,7.27,13.2,0,4.066247811407837,1,MAYBRIDGE,5,2,62.55,2,6,2,2,0.5,0.16666666666666666,0.16666666666666666,0.16666666666666666,0.0,12,1,0,1,1,0,1,0,0
Oc1ccccc1[C@H](CCO)C=C,17/000000270,"InChI=1S/C11H14O2/c1-2-9(7-8-12)10-5-3-4-6-11(10)13/h2-6,9,12-13H,1,7-8H2/t9-/m0/s1",C11H14O2,178.099379688,2.0442,4.09,-4.48,3.58,-190,3.020015897851261,1,MAYBRIDGE,2,2,40.46,4,11,2,0,0.8461538461538461,0.15384615384615385,0.0,0.2727272727272727,0.09090909090909091,13,1,0,1,0,0,0,0,0
N[C@@H](NC)Nc1cc(O)c(cc1C(=C)C(=O)O)Br,17/000000070,"InChI=1S/C11H14BrN3O3/c1-5(10(17)18)6-3-7(12)9(16)4-8(6)15-11(13)14-2/h3-4,11,14-16H,1,13H2,2H3,(H,17,18)",C11H12N3O3Br,315.021853408,1.1260999999999999,4.09,-6.67,17.6,-40,3.762316532917819,1,MAYBRIDGE,5,5,107.61,5,11,3,3,0.6111111111111112,0.16666666666666666,0.16666666666666666,0.18181818181818182,0.09090909090909091,18,1,0,1,0,0,0,0,0
Oc1cc(cc(c1Br)CF)[C@@H](N)OC,17/000000108,"InChI=1S/C9H11BrFNO2/c1-14-9(12)5-2-6(4-11)8(10)7(13)3-5/h2-3,9,13H,4,12H2,1H3/t9-/m0/s1",C9H11NO2FBr,262.99571891200003,2.2279,4.09,-4.13,12.4,-190,3.84648428031212,1,MAYBRIDGE,3,2,55.480000000000004,3,9,2,1,0.6428571428571429,0.14285714285714285,0.07142857142857142,0.3333333333333333,0.1111111111111111,14,1,0,1,0,0,0,0,0
Oc1c(I)nc(cc1)C(S)S,30/000000315,"InChI=1S/C6H6INOS2/c7-5-4(9)2-1-3(8-5)6(10)11/h1-2,6,9-11H",C6H6NOS2I,298.893553812,2.25,4.08,8.18,11.5,-150,3.8880502036712343,1,MAYBRIDGE,4,3,33.120000000000005,1,6,1,1,0.5454545454545454,0.09090909090909091,0.09090909090909091,0.16666666666666666,0.0,11,1,0,1,1,0,1,0,0
OC(=O)[C@H](c1nnc(o1)S)N,30/000000001,"InChI=1S/C4H5N3O3S/c5-1(3(8)9)2-6-7-4(11)10-2/h1H,5H2,(H,7,11)(H,8,9)/t1-/m0/s1",C4H5N3O3S,175.00516202,-0.5572999999999999,4.08,4.84,1.11,-150,3.9324233011157927,1,MAYBRIDGE,6,3,102.24,2,4,3,3,0.36363636363636365,0.2727272727272727,0.2727272727272727,0.25,0.25,11,1,0,1,1,0,1,0,0
OC(=O)c1cc(O)c(cc1C(=O)OC)CCF,17/000000049,"InChI=1S/C11H11FO5/c1-17-11(16)8-4-6(2-3-12)9(13)5-7(8)10(14)15/h4-5,13H,2-3H2,1H3,(H,14,15)",C11H11O5F,242.059051672,1.389,4.08,-5.96,16.1,-20,2.4245711972251716,1,MAYBRIDGE,4,2,83.83,4,11,5,0,0.6470588235294118,0.29411764705882354,0.0,0.2727272727272727,0.0,17,1,0,1,0,0,0,0,0
Oc1c(I)nc(cc1)[C@H]([NH3+])C,30/000000272,"InChI=1S/C7H9IN2O/c1-4(9)5-2-3-6(11)7(8)10-5/h2-4,11H,9H2,1H3/p+1/t4-/m1/s1",C7H10N2OI,264.98323736009,0.6946999999999999,4.08,7.1,8.5,-170,4.426602080956641,1,MAYBRIDGE,2,2,60.760000000000005,1,7,1,2,0.6363636363636364,0.09090909090909091,0.18181818181818182,0.2857142857142857,0.14285714285714285,11,1,0,1,1,0,1,0,0
S[C@H](Cc1ccccc1)NC1=NCC(=O)N1,9/000000009,"InChI=1S/C11H13N3OS/c15-9-7-12-11(13-9)14-10(16)6-8-4-2-1-3-5-8/h1-5,10,16H,6-7H2,(H2,12,13,14,15)/t10-/m1/s1",C11H13N3OS,235.077933036,0.5603999999999997,4.08,-0.8,2.22,-150,3.3922264626556498,1,MAYBRIDGE,4,3,53.49,3,11,1,3,0.6875,0.0625,0.1875,0.2727272727272727,0.09090909090909091,16,2,1,1,1,1,0,0,0
Oc1cc(c(cc1Br)CCl)[C@@H](N)OC,17/000000059,"InChI=1S/C9H11BrClNO2/c1-14-9(12)6-3-8(13)7(10)2-5(6)4-11/h2-3,9,13H,4,12H2,1H3/t9-/m0/s1",C9H11NO2ClBr,278.966168372,2.4972000000000003,4.08,-4.19,2.61,-170,3.641729602557443,1,MAYBRIDGE,3,2,55.480000000000004,3,9,2,1,0.6428571428571429,0.14285714285714285,0.07142857142857142,0.3333333333333333,0.1111111111111111,14,1,0,1,0,0,0,0,0
OC(=O)C(=C)c1c(/N=C/2\SCCN2)cc(c(c1)Br)O,17/000000096,"InChI=1S/C12H11BrN2O3S/c1-6(11(17)18)7-4-8(13)10(16)5-9(7)15-12-14-2-3-19-12/h4-5,16H,1-3H2,(H,14,15)(H,17,18)",C12H11N2O3SBr,341.967375312,2.576400000000001,4.08,-7.04,19.7,-20,3.804340955358837,1,MAYBRIDGE,4,3,81.92,3,12,3,2,0.631578947368421,0.15789473684210525,0.10526315789473684,0.16666666666666666,0.0,19,2,1,1,1,1,0,0,0
OC(=O)[C@H](/C=C/C=S)c1nnc(o1)S,30/000000106,"InChI=1S/C7H6N2O3S2/c10-6(11)4(2-1-3-13)5-8-9-7(14)12-5/h1-4H,(H,9,14)(H,10,11)/b2-1+/t4-/m1/s1",C7H6N2O3S2,229.981984052,1.0824,4.08,5.75,3.85,-150,4.687186895477894,1,MAYBRIDGE,6,2,76.22,4,7,3,2,0.5,0.21428571428571427,0.14285714285714285,0.14285714285714285,0.14285714285714285,14,1,0,1,1,0,1,0,0
OCCOc1cnc(c(c1S)Br)Cc1ncsc1,3/000000107,"InChI=1S/C11H11BrN2O2S2/c12-10-8(3-7-5-18-6-14-7)13-4-9(11(10)17)16-2-1-15/h4-6,15H,1-3H2,(H,13,17)",C11H11N2O2S2Br,345.944531692,2.5512000000000006,4.07,-4.34,20.1,0,3.3214914440914622,1,MAYBRIDGE,6,2,55.24,5,11,2,2,0.6111111111111112,0.1111111111111111,0.1111111111111111,0.2727272727272727,0.0,18,2,0,2,2,0,2,0,0
OC[C@H](CSc1ccc(cc1)Br)NC(=O)NC1=NCC(=O)N1,9/000000024,"InChI=1S/C13H15BrN4O3S/c14-8-1-3-10(4-2-8)22-7-9(6-19)16-13(21)18-12-15-5-11(20)17-12/h1-4,9,19H,5-7H2,(H3,15,16,17,18,20,21)/t9-/m1/s1",C13H15N4O3SBr,386.00482344000005,0.6871,4.07,-5.11,3.58,-150,3.3244452866669087,1,MAYBRIDGE,5,4,102.82,5,13,3,4,0.5909090909090909,0.13636363636363635,0.18181818181818182,0.3076923076923077,0.07692307692307693,22,2,1,1,1,1,0,0,0
Oc1c(Br)ccc(c1)CNC[C@H](C=C)NN,17/000000225,"InChI=1S/C11H16BrN3O/c1-2-9(15-13)7-14-6-8-3-4-10(12)11(16)5-8/h2-5,9,14-16H,1,6-7,13H2/t9-/m0/s1",C11H16N3OBr,285.047674232,1.2621999999999995,4.07,-6.71,2.22,-170,3.432859588225732,1,MAYBRIDGE,4,4,70.31,6,11,1,3,0.6875,0.0625,0.1875,0.2727272727272727,0.09090909090909091,16,1,0,1,0,0,0,0,0
Oc1c(I)nc(cc1)[C@H]([NH3+])C=C,30/000000320,"InChI=1S/C8H9IN2O/c1-2-5(10)6-3-4-7(12)8(9)11-6/h2-5,12H,1,10H2/p+1/t5-/m1/s1",C8H10N2OI,276.98323736008996,0.8607999999999998,4.07,6.37,10.1,-150,4.679007613096427,1,MAYBRIDGE,2,2,60.760000000000005,2,8,1,2,0.6666666666666666,0.08333333333333333,0.16666666666666666,0.125,0.125,12,1,0,1,1,0,1,0,0
c1ncc(o1)CON[C@H](CCOCC)c1nnc[nH]1,17/000000142,"InChI=1S/C11H17N5O3/c1-2-17-4-3-10(11-13-7-14-15-11)16-19-6-9-5-12-8-18-9/h5,7-8,10,16H,2-4,6H2,1H3,(H,13,14,15)/t10-/m1/s1",C11H17N5O3,267.133139404,0.9817999999999998,4.07,-2.14,3.58,-170,4.1369923990592605,1,MAYBRIDGE,7,2,98.09,9,11,3,5,0.5789473684210527,0.15789473684210525,0.2631578947368421,0.5454545454545454,0.09090909090909091,19,2,0,2,2,0,2,0,0
O[C@H](C/C=C\C)c1nnc(o1)S,30/000000083,"InChI=1S/C7H10N2O2S/c1-2-3-4-5(10)6-8-9-7(12)11-6/h2-3,5,10H,4H2,1H3,(H,9,12)/b3-2-/t5-/m1/s1",C7H10N2O2S,186.04629856,1.3578999999999999,4.06,4.94,2.22,-170,4.152711765194329,1,MAYBRIDGE,5,2,59.150000000000006,3,7,2,2,0.5833333333333334,0.16666666666666666,0.16666666666666666,0.42857142857142855,0.14285714285714285,12,1,0,1,1,0,1,0,0
OC(=O)[C@H](c1nc(I)c(cc1)O)O,30/000000279,"InChI=1S/C7H6INO4/c8-6-4(10)2-1-3(9-6)5(11)7(12)13/h1-2,5,10-11H,(H,12,13)/t5-/m0/s1",C7H6NO4I,294.9341556719999,0.5098,4.06,7.65,2.22,-150,3.560590332240402,1,MAYBRIDGE,4,3,90.65,2,7,4,1,0.5384615384615384,0.3076923076923077,0.07692307692307693,0.14285714285714285,0.14285714285714285,13,1,0,1,1,0,1,0,0
Oc1cc(ccc1CCl)[C@H](CCC)O,17/000000219,"InChI=1S/C11H15ClO2/c1-2-3-10(13)8-4-5-9(7-12)11(14)6-8/h4-6,10,13-14H,2-3,7H2,1H3/t10-/m0/s1",C11H15O2Cl,214.0760574,2.9645000000000024,4.06,-0.92,2.35,-170,2.780141551348338,1,MAYBRIDGE,2,2,40.46,4,11,2,0,0.7857142857142857,0.14285714285714285,0.0,0.45454545454545453,0.09090909090909091,14,1,0,1,0,0,0,0,0
Sc1c(OCCCCF)cnc(c1Br)CS,3/000000052,"InChI=1S/C10H13BrFNOS2/c11-9-7(6-15)13-5-8(10(9)16)14-4-2-1-3-12/h5,15H,1-4,6H2,(H,13,16)",C10H13NOS2FBr,324.960596356,3.691100000000002,4.06,-3.33,3.72,0,3.4568505732504295,1,MAYBRIDGE,4,2,22.12,6,10,1,1,0.625,0.0625,0.0625,0.5,0.0,16,1,0,1,1,0,1,0,0
OCC(CO)Oc1cncc(c1S)Br,3/000000039,"InChI=1S/C8H10BrNO3S/c9-6-1-10-2-7(8(6)14)13-5(3-11)4-12/h1-2,5,11-12H,3-4H2,(H,10,14)",C8H10NO3SBr,278.95647628,0.8647999999999998,4.06,-0.61,2.22,-150,3.295967630226551,1,MAYBRIDGE,5,3,62.58,4,8,3,1,0.5714285714285714,0.21428571428571427,0.07142857142857142,0.375,0.0,14,1,0,1,1,0,1,0,0
NC(=O)c1nnc(o1)SCc1n[nH]c(=O)[nH]1,25/000000047,"InChI=1S/C6H6N6O3S/c7-3(13)4-10-12-6(15-4)16-1-2-8-5(14)11-9-2/h1H2,(H2,7,13)(H2,8,9,11,14)",C6H6N6O3S,242.022209052,-1.1278000000000001,4.06,1.07,24.4,0,3.2710561676560257,1,MAYBRIDGE,7,3,143.54999999999998,4,6,3,6,0.375,0.1875,0.375,0.16666666666666666,0.0,16,2,0,2,2,0,2,0,0
O[C@@H](c1[nH]nnc1C/C=C/C=C/c1nccn1CSC)N,10/000000012,"InChI=1S/C13H18N6OS/c1-21-9-19-8-7-15-11(19)6-4-2-3-5-10-12(13(14)20)17-18-16-10/h2-4,6-8,13,20H,5,9,14H2,1H3,(H,16,17,18)/b3-2+,6-4+/t13-/m0/s1",C13H18N6OS,306.12628019600004,1.0834,4.06,-0.55,4.94,-170,4.517141306736143,1,MAYBRIDGE,7,3,105.64,7,13,1,6,0.6190476190476191,0.047619047619047616,0.2857142857142857,0.3076923076923077,0.07692307692307693,21,2,0,2,2,0,2,0,0
Oc1c(Br)c(Nc2nncs2)cc(c1)CNCCC=C,17/000000290,"InChI=1S/C13H15BrN4OS/c1-2-3-4-15-7-9-5-10(12(14)11(19)6-9)17-13-18-16-8-20-13/h2,5-6,8,15,19H,1,3-4,7H2,(H,17,18)",C13H15N4OSBr,354.01499420000005,3.4155000000000015,4.06,-8.9,21.3,-60,3.032026726565526,1,MAYBRIDGE,6,3,70.07,7,13,1,4,0.65,0.05,0.2,0.23076923076923078,0.0,20,2,0,2,1,0,1,0,0
Oc1c(Br)c(cc(c1)CCC(=O)OC)CCNCCS,17/000000093,"InChI=1S/C14H20BrNO3S/c1-19-13(18)3-2-10-8-11(4-5-16-6-7-20)14(15)12(17)9-10/h8-9,16-17,20H,2-7H2,1H3",C14H20NO3SBr,361.0347266,2.3222,4.06,-5.19,3.58,-60,2.7344162149718585,1,MAYBRIDGE,5,3,58.56,8,14,3,1,0.7,0.15,0.05,0.5,0.0,20,1,0,1,0,0,0,0,0
O[C@H](c1ocnc1)c1nc(I)c(cc1)O,30/000000295,"InChI=1S/C9H7IN2O3/c10-9-6(13)2-1-5(12-9)8(14)7-3-11-4-15-7/h1-4,8,13-14H/t8-/m0/s1",C9H7N2O3I,317.950140084,1.4614999999999998,4.06,7.6,2.22,-150,3.858474651261737,1,MAYBRIDGE,5,2,79.38000000000001,2,9,3,2,0.6,0.2,0.13333333333333333,0.1111111111111111,0.1111111111111111,15,2,0,2,2,0,2,0,0
Oc1ccc(cc1CNCF)c1cc[nH]c1,17/000000117,"InChI=1S/C12H13FN2O/c13-8-15-7-11-5-9(1-2-12(11)16)10-3-4-14-6-10/h1-6,14-16H,7-8H2",C12H13N2OF,220.101191256,2.4038999999999993,4.05,-7.7,3.58,-180,2.8716327562847876,1,MAYBRIDGE,2,3,48.05,4,12,1,2,0.75,0.0625,0.125,0.16666666666666666,0.0,16,2,0,2,1,0,1,0,0
S[C@H](CCC(=O)OCC)c1nc(I)c(cc1)O,30/000000219,"InChI=1S/C11H14INO3S/c1-2-16-10(15)6-5-9(17)7-3-4-8(14)11(12)13-7/h3-4,9,14,17H,2,5-6H2,1H3/t9-/m1/s1",C11H14NO3SI,366.97391230799997,2.706000000000001,4.05,7.44,3.58,-170,3.562727512291689,1,MAYBRIDGE,5,2,59.42,5,11,3,1,0.6470588235294118,0.17647058823529413,0.058823529411764705,0.45454545454545453,0.09090909090909091,17,1,0,1,1,0,1,0,0
Oc1cc(cc(c1Br)CN)N(S(=O)(=O)C)C,17/000000066,"InChI=1S/C9H13BrN2O3S/c1-12(16(2,14)15)7-3-6(5-11)9(10)8(13)4-7/h3-4,13H,5,11H2,1-2H3",C9H13N2O3SBr,307.983025376,1.0092,4.05,-3.92,15.4,-120,2.824883559776101,1,MAYBRIDGE,4,2,83.63,3,9,3,2,0.5625,0.1875,0.125,0.3333333333333333,0.0,16,1,0,1,0,0,0,0,0
Nc1ccc2c(c1)[C@H](OC2)/C=C/c1occ(c1)C(=O)N,25/000000038,"InChI=1S/C15H14N2O3/c16-11-2-1-9-7-20-14(13(9)6-11)4-3-12-5-10(8-19-12)15(17)18/h1-6,8,14H,7,16H2,(H2,17,18)/b4-3+/t14-/m1/s1",C15H14N2O3,270.100442308,2.2454,4.05,-1.82,19.0,-190,3.789909554569904,1,MAYBRIDGE,4,2,91.48,3,15,3,2,0.75,0.15,0.1,0.13333333333333333,0.06666666666666667,20,3,1,2,2,1,1,0,0
OCC#CCc1nnc([nH]1)[C@H](C=C)O,17/000000047,"InChI=1S/C9H11N3O2/c1-2-7(14)9-10-8(11-12-9)5-3-4-6-13/h2,7,13-14H,1,5-6H2,(H,10,11,12)/t7-/m0/s1",C9H11N3O2,193.085126592,-0.43770000000000037,4.04,-2.37,5.09,-170,4.4692996329428585,1,MAYBRIDGE,4,3,82.03,3,9,2,3,0.6428571428571429,0.14285714285714285,0.21428571428571427,0.3333333333333333,0.1111111111111111,14,1,0,1,1,0,1,0,0
OC(=O)c1cc(O)c(cc1C#CCCS(=O)=O)CC,17/000000248,"InChI=1S/C13H14O5S/c1-2-9-7-10(5-3-4-6-19(17)18)11(13(15)16)8-12(9)14/h7-8,14,19H,2,4,6H2,1H3,(H,15,16)",C13H14O5S,282.056194548,1.0058,4.04,-9.5,19.5,-80,3.419657993298273,1,MAYBRIDGE,4,3,91.66999999999999,4,13,5,0,0.6842105263157895,0.2631578947368421,0.0,0.3076923076923077,0.0,19,1,0,1,0,0,0,0,0
C#Cc1cc(c(cc1C(=O)O)O)CCF,17/000000097,"InChI=1S/C11H9FO3/c1-2-7-5-8(3-4-12)10(13)6-9(7)11(14)15/h1,5-6,13H,3-4H2,(H,14,15)",C11H9O3F,208.053572368,1.5837,4.04,-5.08,3.58,0,2.948163888034685,1,MAYBRIDGE,2,2,57.53,3,11,3,0,0.7333333333333333,0.2,0.0,0.18181818181818182,0.0,15,1,0,1,0,0,0,0,0
Oc1cc(c(cc1CCCO)[C@H](CO)F)C,17/000000283,"InChI=1S/C12H17FO3/c1-8-5-12(16)9(3-2-4-14)6-10(8)11(13)7-15/h5-6,11,14-16H,2-4,7H2,1H3/t11-/m0/s1",C12H17O3F,228.116172624,1.6284199999999998,4.04,-6.65,5.09,-190,3.248427574890231,1,MAYBRIDGE,3,3,60.69,5,12,3,0,0.75,0.1875,0.0,0.5,0.08333333333333333,16,1,0,1,0,0,0,0,0
O[C@H](c1nnc([nH]1)COc1cccc(c1)Br)C=C,17/000000001,"InChI=1S/C12H12BrN3O2/c1-2-10(17)12-14-11(15-16-12)7-18-9-5-3-4-8(13)6-9/h2-6,10,17H,1,7H2,(H,14,15,16)/t10-/m0/s1",C12H12N3O2Br,309.011288724,2.3656000000000006,4.04,-7.42,3.58,-190,3.4270813928388755,1,MAYBRIDGE,4,2,71.03,5,12,2,3,0.6666666666666666,0.1111111111111111,0.16666666666666666,0.16666666666666666,0.08333333333333333,18,2,0,2,1,0,1,0,0
Oc1c(/C=C/c2occ(c2)C(=O)N)cc(cc1)Cl,25/000000012,"InChI=1S/C13H10ClNO3/c14-10-2-4-12(16)8(5-10)1-3-11-6-9(7-18-11)13(15)17/h1-7,16H,(H2,15,17)/b3-1+",C13H10NO3Cl,263.03492086,2.9078999999999997,4.04,-5.7,2.22,-60,2.7136034259919146,1,MAYBRIDGE,3,2,76.46000000000001,3,13,3,1,0.7222222222222222,0.16666666666666666,0.05555555555555555,0.0,0.0,18,2,0,2,1,0,1,0,0
OC(=O)[C@H](C=C)c1nnc(o1)S,30/000000076,"InChI=1S/C6H6N2O3S/c1-2-3(5(9)10)4-7-8-6(12)11-4/h2-3H,1H2,(H,8,12)(H,9,10)/t3-/m1/s1",C6H6N2O3S,186.009913052,0.7124999999999999,4.04,6.88,2.47,-150,4.1950153054041195,1,MAYBRIDGE,5,2,76.22,3,6,3,2,0.5,0.25,0.16666666666666666,0.16666666666666666,0.16666666666666666,12,1,0,1,1,0,1,0,0
C=C[C@@H](c1scc(c1)C(=O)N)c1oc(=S)[nH]n1,25/000000027,"InChI=1S/C10H9N3O2S2/c1-2-6(9-12-13-10(16)15-9)7-3-5(4-17-7)8(11)14/h2-4,6H,1H2,(H2,11,14)(H,13,16)/t6-/m0/s1",C10H9N3O2S2,267.01361852800005,2.2104899999999996,4.04,-3.24,24.8,-150,4.047352631483319,1,MAYBRIDGE,5,2,84.91000000000001,4,10,2,3,0.5882352941176471,0.11764705882352941,0.17647058823529413,0.1,0.1,17,2,0,2,2,0,2,0,0
Sc1nc(cn1CC)c1occ(c1)C(=O)N,25/000000029,"InChI=1S/C10H11N3O2S/c1-2-13-4-7(12-10(13)16)8-3-6(5-15-8)9(11)14/h3-5H,2H2,1H3,(H2,11,14)(H,12,16)",C10H11N3O2S,237.057197592,1.5505999999999998,4.04,-3.61,20.2,-100,3.269958964858821,1,MAYBRIDGE,5,2,74.05,3,10,2,3,0.625,0.125,0.1875,0.2,0.0,16,2,0,2,2,0,2,0,0
c1ncc(s1)/C=C/COC[C@@H]([NH3+])c1nn[nH]c1,10/000000017,"InChI=1S/C10H13N5OS/c11-9(10-5-13-15-14-10)6-16-3-1-2-8-4-12-7-17-8/h1-2,4-5,7,9H,3,6,11H2,(H,13,14,15)/p+1/b2-1+/t9-/m1/s1",C10H14N5OS,252.09135748808998,0.2741999999999998,4.04,-0.95,2.22,-150,4.825311806606068,1,MAYBRIDGE,5,2,91.33000000000001,6,10,1,5,0.5882352941176471,0.058823529411764705,0.29411764705882354,0.3,0.1,17,2,0,2,2,0,2,0,0
N(C(=O)NCCSc1ccc(c(c1)CBr)Br)C1=NCC(=O)N1,9/000000032,"InChI=1S/C13H14Br2N4O2S/c14-6-8-5-9(1-2-10(8)15)22-4-3-16-13(21)19-12-17-7-11(20)18-12/h1-2,5H,3-4,6-7H2,(H3,16,17,18,19,20,21)",C13H14N4O2SBr2,447.9204208880001,2.2211,4.04,-6.97,3.58,-20,3.0322231090477985,1,MAYBRIDGE,4,3,82.59,5,13,2,4,0.5909090909090909,0.09090909090909091,0.18181818181818182,0.3076923076923077,0.0,22,2,1,1,1,1,0,0,0
Oc1c(I)nc(cc1)[C@@H](CC)[NH3+],30/000000306,"InChI=1S/C8H11IN2O/c1-2-5(10)6-3-4-7(12)8(9)11-6/h3-5,12H,2,10H2,1H3/p+1/t5-/m1/s1",C8H12N2OI,278.99888742409,1.0847999999999993,4.04,6.17,9.1,-170,4.467611459250273,1,MAYBRIDGE,2,2,60.760000000000005,2,8,1,2,0.6666666666666666,0.08333333333333333,0.16666666666666666,0.375,0.125,12,1,0,1,1,0,1,0,0
Oc1cc(O)c(nc1CN(=O)=O)I,30/000000239,"InChI=1S/C6H5IN2O4/c7-6-5(11)1-4(10)3(8-6)2-9(12)13/h1,10-11H,2H2",C6H5N2O4I,295.92940464000003,0.8740999999999999,4.04,6.9,12.9,0,3.632121197972628,1,MAYBRIDGE,5,2,96.49000000000001,2,6,4,2,0.46153846153846156,0.3076923076923077,0.15384615384615385,0.16666666666666666,0.0,13,1,0,1,1,0,1,0,0
Sc1nc(cn1CCNNCC)c1occ(c1)C(=O)N,25/000000066,"InChI=1S/C12H17N5O2S/c1-2-14-15-3-4-17-6-9(16-12(17)20)10-5-8(7-19-10)11(13)18/h5-7,14-15H,2-4H2,1H3,(H2,13,18)(H,16,20)",C12H17N5O2S,295.110295784,0.6447999999999997,4.03,-2.88,24.2,-140,3.5618355756112177,1,MAYBRIDGE,7,4,98.11,7,12,2,5,0.6,0.1,0.25,0.3333333333333333,0.0,20,2,0,2,2,0,2,0,0
Oc1c(I)nc(cc1)[C@@H](NC)N,30/000000290,"InChI=1S/C7H10IN3O/c1-10-7(9)4-2-3-5(12)6(8)11-4/h2-3,7,10,12H,9H2,1H3/t7-/m1/s1",C7H10N3OI,278.98685994,0.5684999999999998,4.03,8.5,9.9,-170,3.9960547284810417,1,MAYBRIDGE,4,3,71.17,2,7,1,3,0.5833333333333334,0.08333333333333333,0.25,0.2857142857142857,0.14285714285714285,12,1,0,1,1,0,1,0,0
O=C(CONCc1nnc([nH]1)CC)N,17/000000126,"InChI=1S/C7H13N5O2/c1-2-6-10-7(12-11-6)3-9-14-4-5(8)13/h9H,2-4H2,1H3,(H2,8,13)(H,10,11,12)",C7H13N5O2,199.106924656,-1.1263999999999994,4.03,-1.75,2.22,-20,3.5684770353962803,1,MAYBRIDGE,5,3,105.92,6,7,2,5,0.5,0.14285714285714285,0.35714285714285715,0.5714285714285714,0.0,14,1,0,1,1,0,1,0,0
Oc1ccc(cc1)c1cc[nH]c1C(=O)OCC[NH3+],17/000000115,"InChI=1S/C13H14N2O3/c14-6-8-18-13(17)12-11(5-7-15-12)9-1-3-10(16)4-2-9/h1-5,7,15-16H,6,8,14H2/p+1",C13H15N2O3,247.10771876009,0.7859999999999996,4.02,-3.84,3.58,-160,3.0134905391140876,1,MAYBRIDGE,3,3,89.96,4,13,3,2,0.7222222222222222,0.16666666666666666,0.1111111111111111,0.15384615384615385,0.0,18,2,0,2,1,0,1,0,0
Sc1c(OCCOC(=O)c2c[nH]cc2)cncc1Br,3/000000100,"InChI=1S/C12H11BrN2O3S/c13-9-6-15-7-10(11(9)19)17-3-4-18-12(16)8-1-2-14-5-8/h1-2,5-7,14H,3-4H2,(H,15,19)",C12H11N2O3SBr,341.967375312,2.6967000000000008,4.02,2.75,3.58,0,3.0659412512168247,1,MAYBRIDGE,5,2,64.21000000000001,5,12,3,2,0.631578947368421,0.15789473684210525,0.10526315789473684,0.16666666666666666,0.0,19,2,0,2,2,0,2,0,0
Oc1cc(O)c(nc1CN)I,30/000000221,"InChI=1S/C6H7IN2O2/c7-6-5(11)1-4(10)3(2-8)9-6/h1,10-11H,2,8H2",C6H7N2O2I,265.955225464,0.5561000000000001,4.02,7.99,9.1,0,3.388504845581049,1,MAYBRIDGE,4,3,79.37,1,6,2,2,0.5454545454545454,0.18181818181818182,0.18181818181818182,0.16666666666666666,0.0,11,1,0,1,1,0,1,0,0
Sc1nnc(o1)C#Cc1cc(ccc1I)CC(=O)N,5/000000001,"InChI=1S/C12H8IN3O2S/c13-9-3-1-7(6-10(14)17)5-8(9)2-4-11-15-16-12(19)18-11/h1,3,5H,6H2,(H2,14,17)(H,16,19)",C12H8N3O2SI,384.938195496,1.3904999999999996,4.02,-4.53,24.2,-62,3.5146913237857653,1,MAYBRIDGE,5,2,82.01,2,12,2,3,0.631578947368421,0.10526315789473684,0.15789473684210525,0.08333333333333333,0.0,19,2,0,2,1,0,1,0,0
OC[C@@H](C1=CCC=C(N1)CN)c1ccc(cc1)S(=O)(=O)N,26/000000001,"InChI=1S/C14H19N3O3S/c15-8-11-2-1-3-14(17-11)13(9-18)10-4-6-12(7-5-10)21(16,19)20/h2-7,13,17-18H,1,8-9,15H2,(H2,16,19,20)/t13-/m1/s1",C14H19N3O3S,309.114712468,0.12970000000000048,4.02,-6.03,20.5,-170,3.657736081271952,1,MAYBRIDGE,5,4,118.43999999999998,5,14,3,3,0.6666666666666666,0.14285714285714285,0.14285714285714285,0.2857142857142857,0.07142857142857142,21,2,1,1,1,1,0,0,0
S[C@H](c1n[nH]nc1)NC1=NCC(=O)N1,9/000000025,"InChI=1S/C6H8N6OS/c13-4-2-7-6(9-4)10-5(14)3-1-8-12-11-3/h1,5,14H,2H2,(H,8,11,12)(H2,7,9,10,13)/t5-/m1/s1",C6H8N6OS,212.048029876,-1.1915000000000002,4.02,1.3,21.0,-150,4.4449582719961125,1,MAYBRIDGE,6,4,95.06,2,6,1,6,0.42857142857142855,0.07142857142857142,0.42857142857142855,0.3333333333333333,0.16666666666666666,14,2,1,1,2,1,1,0,0
OC(=O)c1c(C#CCCF)cc(c(c1)O)CC,17/000000276,"InChI=1S/C13H13FO3/c1-2-9-7-10(5-3-4-6-14)11(13(16)17)8-12(9)15/h7-8,15H,2,4,6H2,1H3,(H,16,17)",C13H13O3F,236.084872496,2.3639,4.01,-7.46,16.7,-60,2.8512134045830315,1,MAYBRIDGE,2,2,57.53,3,13,3,0,0.7647058823529411,0.17647058823529413,0.0,0.3076923076923077,0.0,17,1,0,1,0,0,0,0,0
Oc1c(Br)cc(c(c1)S(=O)(=O)NN)C1=CC(=O)C=CC1,17/000000224,"InChI=1S/C12H11BrN2O4S/c13-10-5-9(7-2-1-3-8(16)4-7)12(6-11(10)17)20(18,19)15-14/h1,3-6,15,17H,2,14H2",C12H11N2O4SBr,357.96228993200003,1.2190999999999999,4.01,-6.53,21.8,-200,3.3359516928273347,1,MAYBRIDGE,5,3,109.48999999999998,3,12,4,2,0.6,0.2,0.1,0.08333333333333333,0.0,20,2,1,1,0,0,0,0,0
N(C[C@@H]([NH3+])F)NCCc1nnc[nH]1,28/000000001,"InChI=1S/C6H13FN6/c7-5(8)3-11-10-2-1-6-9-4-12-13-6/h4-5,10-11H,1-3,8H2,(H,9,12,13)/p+1/t5-/m1/s1",C6H14N6F,189.12584908808998,-2.021099999999999,4.01,-0.09,2.22,-150,4.92129666708203,1,MAYBRIDGE,4,4,93.27000000000001,6,6,0,6,0.46153846153846156,0.0,0.46153846153846156,0.6666666666666666,0.16666666666666666,13,1,0,1,1,0,1,0,0
Oc1c(Br)c(OC)cc(c1)CNC(=O)[C@@H](CS)O,17/000000221,"InChI=1S/C11H14BrNO4S/c1-17-9-3-6(2-7(14)10(9)12)4-13-11(16)8(15)5-18/h2-3,8,14-15,18H,4-5H2,1H3,(H,13,16)/t8-/m1/s1",C11H14NO4SBr,334.982691028,1.0701999999999996,4.01,-0.76,5.09,-190,3.1440098430651204,1,MAYBRIDGE,5,4,78.79,5,11,4,1,0.6111111111111112,0.2222222222222222,0.05555555555555555,0.36363636363636365,0.09090909090909091,18,1,0,1,0,0,0,0,0
OC(=O)c1c(C(=O)NC)cc(c(c1)O)CC,17/000000092,"InChI=1S/C11H13NO4/c1-3-6-4-7(10(14)12-2)8(11(15)16)5-9(6)13/h4-5,13H,3H2,1-2H3,(H,12,14)(H,15,16)",C11H13NO4,223.084457896,1.0123999999999997,4.01,-6.68,2.22,-80,2.1649858379856948,1,MAYBRIDGE,3,3,86.63,3,11,4,1,0.6875,0.25,0.0625,0.2727272727272727,0.0,16,1,0,1,0,0,0,0,0
O[C@@H](c1nnc(o1)S)C(=O)CCl,30/000000013,"InChI=1S/C5H5ClN2O3S/c6-1-2(9)3(10)4-7-8-5(12)11-4/h3,10H,1H2,(H,8,12)/t3-/m1/s1",C5H5N2O3SCl,207.9709407,0.1996000000000001,4.01,4.16,2.22,-150,4.199355209250273,1,MAYBRIDGE,6,2,76.22,3,5,3,2,0.4166666666666667,0.25,0.16666666666666666,0.4,0.2,12,1,0,1,1,0,1,0,0
ONC/C=C\CC[C@@H]1NC(=O)C1,18/000000005,"InChI=1S/C8H14N2O2/c11-8-6-7(10-8)4-2-1-3-5-9-12/h1,3,7,9,12H,2,4-6H2,(H,10,11)/b3-1-/t7-/m0/s1",C8H14N2O2,170.105527688,0.1901,4.01,8.73,2.22,-150,3.7854362407188047,1,MAYBRIDGE,3,3,61.36,5,8,2,2,0.6666666666666666,0.16666666666666666,0.16666666666666666,0.625,0.125,12,1,1,0,1,1,0,0,0
Sc1nnc(o1)[C@H](CCCCCC(=C)C)S,30/000000123,"InChI=1S/C11H18N2OS2/c1-8(2)6-4-3-5-7-9(15)10-12-13-11(16)14-10/h9,15H,1,3-7H2,2H3,(H,13,16)/t9-/m0/s1",C11H18N2OS2,258.086055196,3.8558000000000034,4.0,2.36,2.22,-170,3.947461336477481,1,MAYBRIDGE,5,2,38.92,7,11,1,2,0.6875,0.0625,0.125,0.6363636363636364,0.09090909090909091,16,1,0,1,1,0,1,0,0
[nH]1c(C#CCc2nnc([nH]2)CNCCCN)ccc1,17/000000008,"InChI=1S/C13H18N6/c14-7-3-8-15-10-13-17-12(18-19-13)6-1-4-11-5-2-9-16-11/h2,5,9,15-16H,3,6-8,10,14H2,(H,17,18,19)",C13H18N6,258.159294576,0.16540000000000032,4.0,-2.81,22.8,-40,3.65650663583221,1,MAYBRIDGE,4,4,95.41,6,13,0,6,0.6842105263157895,0.0,0.3157894736842105,0.38461538461538464,0.0,19,2,0,2,2,0,2,0,0
N(C(=O)Cc1nnc(o1)C/C=C/c1cccc(c1)c1nc(sc1)NCCl)N,29/000000133,"InChI=1S/C17H17ClN6O2S/c18-10-20-17-21-13(9-27-17)12-5-1-3-11(7-12)4-2-6-15-23-24-16(26-15)8-14(25)22-19/h1-5,7,9H,6,8,10,19H2,(H,20,21)(H,22,25)/b4-2+",C17H17N6O2SCl,404.08222246400004,2.5896,6.38,5.24,5.08,-120,3.060366790240389,1,ENAMINE,8,3,118.96000000000001,8,17,2,6,0.6296296296296297,0.07407407407407407,0.2222222222222222,0.17647058823529413,0.0,27,3,0,3,2,0,2,0,0
O[C@@H](c1snnc1)C#CC/C=C/Cc1nnc(o1)CC(=O)NN,29/000000343,"InChI=1S/C13H14N6O3S/c14-16-11(21)7-13-18-17-12(22-13)6-4-2-1-3-5-9(20)10-8-15-19-23-10/h2,4,8-9,20H,1,6-7,14H2,(H,16,21)/b4-2+/t9-/m1/s1",C13H14N6O3S,334.084809308,-0.3206999999999997,6.08,2.42,6.6,-150,4.3226337529841015,1,ENAMINE,9,3,140.05,6,13,3,6,0.5652173913043478,0.13043478260869565,0.2608695652173913,0.3076923076923077,0.07692307692307693,23,2,0,2,2,0,2,0,0
NNC(=O)Cc1nnc(o1)C/C=C/c1nnc2n1ncs2,29/000000009,"InChI=1S/C10H10N8O2S/c11-13-7(19)4-9-16-15-8(20-9)3-1-2-6-14-17-10-18(6)12-5-21-10/h1-2,5H,3-4,11H2,(H,13,19)/b2-1+",C10H10N8O2S,306.06474255999996,-0.6429000000000007,6.02,5.77,5.08,0,3.5829296229542367,1,ENAMINE,10,2,137.12,5,10,2,8,0.47619047619047616,0.09523809523809523,0.38095238095238093,0.2,0.0,21,3,0,3,3,0,3,0,0
N(C(=O)Cc1nnc(o1)C/C=C/CC[NH2+]C[C@H]1c2ccccc2C1)N,29/000000142,"InChI=1S/C18H23N5O2/c19-21-16(24)11-18-23-22-17(25-18)8-2-1-5-9-20-12-14-10-13-6-3-4-7-15(13)14/h1-4,6-7,14,20H,5,8-12,19H2,(H,21,24)/p+1/b2-1+/t14-/m0/s1",C18H24N5O2,342.19245142809,-0.005899999999997241,5.97,3.13,5.24,-190,4.094653147981143,1,ENAMINE,5,3,110.65,9,18,2,5,0.72,0.08,0.2,0.3888888888888889,0.05555555555555555,25,3,1,2,1,0,1,0,0
N(C(=O)Cc1nnc(o1)C/C=C/c1cn[nH]c1N)N,29/000000044,"InChI=1S/C10H13N7O2/c11-10-6(5-13-17-10)2-1-3-8-15-16-9(19-8)4-7(18)14-12/h1-2,5H,3-4,12H2,(H,14,18)(H3,11,13,17)/b2-1+",C10H13N7O2,263.113072656,-0.8367999999999995,5.69,7.51,3.72,0,3.327807917883492,1,ENAMINE,7,4,148.74,5,10,2,7,0.5263157894736842,0.10526315789473684,0.3684210526315789,0.2,0.0,19,2,0,2,2,0,2,0,0
OC(=O)[C@@H](N)C#Cc1nnc([nH]1)COCc1ccccc1C,24/000000142,"InChI=1S/C15H16N4O3/c1-10-4-2-3-5-11(10)8-22-9-14-17-13(18-19-14)7-6-12(16)15(20)21/h2-5,12H,8-9,16H2,1H3,(H,20,21)(H,17,18,19)/t12-/m0/s1",C15H16N4O3,300.12224037199996,0.5933200000000003,5.61,-2.26,3.58,-170,3.767037594359217,1,ENAMINE,5,3,114.11999999999999,5,15,3,4,0.6818181818181818,0.13636363636363635,0.18181818181818182,0.26666666666666666,0.06666666666666667,22,2,0,2,1,0,1,0,0
O[C@H](C)/C=C/Cc1nnc(o1)CC(=O)NN,29/000000075,"InChI=1S/C9H14N4O3/c1-6(14)3-2-4-8-12-13-9(16-8)5-7(15)11-10/h2-3,6,14H,4-5,10H2,1H3,(H,11,15)/b3-2+/t6-/m1/s1",C9H14N4O3,226.106590308,-0.918499999999999,5.58,7.18,3.72,-170,3.5807805672467117,1,ENAMINE,6,3,114.27,5,9,3,4,0.5625,0.1875,0.25,0.4444444444444444,0.1111111111111111,16,1,0,1,1,0,1,0,0
OCC[C@@H](C(=O)C(=C)c1ncc(cc1)Oc1ccccc1)O,19/000000032,"InChI=1S/C17H17NO4/c1-12(17(21)16(20)9-10-19)15-8-7-14(11-18-15)22-13-5-3-2-4-6-13/h2-8,11,16,19-20H,1,9-10H2/t16-/m0/s1",C17H17NO4,299.115758024,2.1995,5.54,1.96,16.2,-150,2.991472085674353,1,ENAMINE,5,2,79.65,7,17,4,1,0.7727272727272727,0.18181818181818182,0.045454545454545456,0.17647058823529413,0.058823529411764705,22,2,0,2,1,0,1,0,0
NNC(=O)Cc1nnc(o1)C/C=C/[C@@H]1C=CCCC1,29/000000014,"InChI=1S/C13H18N4O2/c14-15-11(18)9-13-17-16-12(19-13)8-4-7-10-5-2-1-3-6-10/h2,4-5,7,10H,1,3,6,8-9,14H2,(H,15,18)/b7-4+/t10-/m1/s1",C13H18N4O2,262.142975816,1.0569999999999993,5.46,6.75,3.72,-150,3.8915973291291905,1,ENAMINE,5,2,94.03999999999999,5,13,2,4,0.6842105263157895,0.10526315789473684,0.21052631578947367,0.46153846153846156,0.07692307692307693,19,2,1,1,1,0,1,0,0
OC(=O)[C@@H](N)C#Cc1ncn(c1)CCNCC,24/000000140,"InChI=1S/C11H16N4O2/c1-2-13-5-6-15-7-9(14-8-15)3-4-10(12)11(16)17/h7-8,10,13H,2,5-6,12H2,1H3,(H,16,17)/t10-/m0/s1",C11H16N4O2,236.127325752,-0.744,5.43,-2.79,3.85,-170,3.9138020586518945,1,ENAMINE,5,3,93.16999999999999,5,11,2,4,0.6470588235294118,0.11764705882352941,0.23529411764705882,0.45454545454545453,0.09090909090909091,17,1,0,1,1,0,1,0,0
Oc1c(Br)cc(cc1Br)NC(=O)C[C@@H](CO)[NH3+],24/000000098,"InChI=1S/C10H12Br2N2O3/c11-7-2-6(3-8(12)10(7)17)14-9(16)1-5(13)4-15/h2-3,5,15,17H,1,4,13H2,(H,14,16)/p+1/t5-/m0/s1",C10H13N2O3Br2,366.92874289609,0.8485999999999996,5.4,0.77,2.22,-150,3.5945173450676062,1,ENAMINE,3,4,97.2,4,10,3,2,0.5882352941176471,0.17647058823529413,0.11764705882352941,0.3,0.1,17,1,0,1,0,0,0,0,0
N(C(=O)Cc1nnc(o1)C/C=C/CC[C@H]1SCSCC1)N,29/000000141,"InChI=1S/C13H20N4O2S2/c14-15-11(18)8-13-17-16-12(19-13)5-3-1-2-4-10-6-7-20-9-21-10/h1,3,10H,2,4-9,14H2,(H,15,18)/b3-1+/t10-/m1/s1",C13H20N4O2S2,328.10276788000004,1.6770999999999998,5.39,3.74,5.08,-150,4.039930550115715,1,ENAMINE,7,2,94.04,7,13,2,4,0.6190476190476191,0.09523809523809523,0.19047619047619047,0.6153846153846154,0.07692307692307693,21,2,1,1,2,1,1,0,0
OC(=O)[C@@H](N)C#Cc1nc2n(c1)CCCO2,24/000000060,"InChI=1S/C10H11N3O3/c11-8(9(14)15)3-2-7-6-13-4-1-5-16-10(13)12-7/h6,8H,1,4-5,11H2,(H,14,15)/t8-/m0/s1",C10H11N3O3,221.080041212,-0.5710000000000006,5.38,-0.53,19.7,-190,4.210808469344615,1,ENAMINE,5,2,90.36999999999999,1,10,3,3,0.625,0.1875,0.1875,0.4,0.1,16,2,1,1,2,1,1,0,0
Oc1ccc(c(c1[C@H](CCS)CNN)Cl)C=C,18/000000024,"InChI=1S/C12H17ClN2OS/c1-2-8-3-4-10(16)11(12(8)13)9(5-6-17)7-15-14/h2-4,9,15-17H,1,5-7,14H2/t9-/m1/s1",C12H17N2OSCl,272.075011844,2.5554000000000006,5.38,-4.68,15.2,-150,4.052279351756571,1,ENAMINE,4,4,58.28,6,12,1,2,0.7058823529411765,0.058823529411764705,0.11764705882352941,0.3333333333333333,0.08333333333333333,17,1,0,1,0,0,0,0,0
OC(=O)[C@@H](N)C#Cc1nnn(c1)CCn1cnnc1,24/000000074,"InChI=1S/C10H11N7O2/c11-9(10(18)19)2-1-8-5-17(15-14-8)4-3-16-6-12-13-7-16/h5-7,9H,3-4,11H2,(H,18,19)/t9-/m0/s1",C10H11N7O2,261.097422592,-1.6667999999999992,5.31,-1.63,3.58,-150,4.0777289375208,1,ENAMINE,8,2,124.74000000000001,4,10,2,7,0.5263157894736842,0.10526315789473684,0.3684210526315789,0.3,0.1,19,2,0,2,2,0,2,0,0
NNC(=O)Cc1nnc(o1)C/C=C/Cc1nnc([nH]1)[C@@H]([NH3+])C,29/000000164,"InChI=1S/C12H18N8O2/c1-7(13)12-15-8(17-20-12)4-2-3-5-10-18-19-11(22-10)6-9(21)16-14/h2-3,7H,4-6,13-14H2,1H3,(H,16,21)(H,15,17,20)/p+1/b3-2+/t7-/m0/s1",C12H19N8O2,307.16254826809,-1.635599999999999,5.31,2.77,6.58,-170,4.425888959123486,1,ENAMINE,7,4,163.25,7,12,2,8,0.5454545454545454,0.09090909090909091,0.36363636363636365,0.4166666666666667,0.08333333333333333,22,2,0,2,2,0,2,0,0
N(C(=O)Cc1nnc(o1)C/C=C/CCn1cnnc1C)N,29/000000218,"InChI=1S/C12H17N7O2/c1-9-16-14-8-19(9)6-4-2-3-5-11-17-18-12(21-11)7-10(20)15-13/h2-3,8H,4-7,13H2,1H3,(H,15,20)/b3-2+",C12H17N7O2,291.14437278400004,-0.3090800000000004,5.28,4.34,5.08,-20,3.381973620432169,1,ENAMINE,8,2,124.75000000000001,7,12,2,7,0.5714285714285714,0.09523809523809523,0.3333333333333333,0.4166666666666667,0.0,21,2,0,2,2,0,2,0,0
OC(=O)[C@@H](N)C#Cc1nc([nH]c1)C(=O)C(=C)S,24/000000170,"InChI=1S/C10H9N3O3S/c1-5(17)8(14)9-12-4-6(13-9)2-3-7(11)10(15)16/h4,7,17H,1,11H2,(H,12,13)(H,15,16)/t7-/m0/s1",C10H9N3O3S,251.036462148,-0.20069999999999977,5.28,-1.31,3.58,-170,4.780800421990684,1,ENAMINE,5,4,109.07,3,10,3,3,0.5882352941176471,0.17647058823529413,0.17647058823529413,0.1,0.1,17,1,0,1,1,0,1,0,0
N(C(=O)Cc1nnc(o1)C/C=C/CCCn1cnnc1)N,29/000000329,"InChI=1S/C12H17N7O2/c13-16-10(20)7-12-18-17-11(21-12)5-3-1-2-4-6-19-8-14-15-9-19/h1,3,8-9H,2,4-7,13H2,(H,16,20)/b3-1+",C12H17N7O2,291.14437278400004,-0.22739999999999994,5.27,2.83,5.08,0,3.2512574918066965,1,ENAMINE,8,2,124.75000000000001,8,12,2,7,0.5714285714285714,0.09523809523809523,0.3333333333333333,0.4166666666666667,0.0,21,2,0,2,2,0,2,0,0
NNC(=O)Cc1nnc(o1)C/C=C/c1onc(n1)C,29/000000204,"InChI=1S/C10H12N6O3/c1-6-12-8(19-16-6)3-2-4-9-14-15-10(18-9)5-7(17)13-11/h2-3H,4-5,11H2,1H3,(H,13,17)/b3-2+",C10H12N6O3,264.097088244,-0.4506800000000004,5.25,6.84,3.72,-20,3.230887405062979,1,ENAMINE,8,2,132.95999999999998,5,10,3,6,0.5263157894736842,0.15789473684210525,0.3157894736842105,0.3,0.0,19,2,0,2,2,0,2,0,0
OC(=O)[C@@](CC)(N)C#CCS,24/000000122,"InChI=1S/C7H11NO2S/c1-2-7(8,6(9)10)4-3-5-11/h11H,2,5,8H2,1H3,(H,9,10)/t7-/m0/s1",C7H11NO2S,173.051049592,0.1117000000000003,5.22,3.73,2.22,-170,4.512712198425378,1,ENAMINE,3,3,63.31999999999999,2,7,2,1,0.6363636363636364,0.18181818181818182,0.09090909090909091,0.5714285714285714,0.14285714285714285,11,0,0,0,0,0,0,0,0
NNC(=O)Cc1nnc(o1)C/C=C/c1c(Cl)scc1,29/000000011,"InChI=1S/C11H11ClN4O2S/c12-11-7(4-5-19-11)2-1-3-9-15-16-10(18-9)6-8(17)14-13/h1-2,4-5H,3,6,13H2,(H,14,17)/b2-1+",C11H11N4O2SCl,298.02912427200005,1.5727999999999998,5.22,6.9,3.72,0,3.191977148652722,1,ENAMINE,6,2,94.03999999999999,5,11,2,4,0.5789473684210527,0.10526315789473684,0.21052631578947367,0.18181818181818182,0.0,19,2,0,2,2,0,2,0,0
N(C(=O)Cc1nnc(o1)C/C=C/CCCCCC)N,29/000000216,"InChI=1S/C13H22N4O2/c1-2-3-4-5-6-7-8-9-12-16-17-13(19-12)10-11(18)15-14/h7-8H,2-6,9-10,14H2,1H3,(H,15,18)/b8-7+",C13H22N4O2,266.174275944,1.6710999999999998,5.22,4.85,3.72,-110,2.7576540717296467,1,ENAMINE,5,2,94.04,9,13,2,4,0.6842105263157895,0.10526315789473684,0.21052631578947367,0.6153846153846154,0.0,19,1,0,1,1,0,1,0,0
NNC(=O)Cc1nnc(o1)C/C=C/c1n[nH]cc1,29/000000102,"InChI=1S/C10H12N6O2/c11-13-8(17)6-10-16-15-9(18-10)3-1-2-7-4-5-12-14-7/h1-2,4-5H,3,6,11H2,(H,12,14)(H,13,17)/b2-1+",C10H12N6O2,248.102173624,-0.4190000000000005,5.21,6.81,3.72,0,3.533393828358779,1,ENAMINE,6,3,122.72,5,10,2,6,0.5555555555555556,0.1111111111111111,0.3333333333333333,0.2,0.0,18,2,0,2,2,0,2,0,0
OC(=O)[C@@H](N)C#Cc1nnc([nH]1)C=C,24/000000099,"InChI=1S/C8H8N4O2/c1-2-6-10-7(12-11-6)4-3-5(9)8(13)14/h2,5H,1,9H2,(H,13,14)(H,10,11,12)/t5-/m0/s1",C8H8N4O2,192.064725496,-0.7888999999999999,5.21,0.19,2.22,-150,4.784303089809877,1,ENAMINE,4,3,104.88999999999999,2,8,2,4,0.5714285714285714,0.14285714285714285,0.2857142857142857,0.125,0.125,14,1,0,1,1,0,1,0,0
C(=C\CONC(=O)c1nncs1)/CN1[C@H](N)[C@@H](CC1)[NH3+],24/000000144,"InChI=1S/C11H18N6O2S/c12-8-3-5-17(9(8)13)4-1-2-6-19-16-10(18)11-15-14-7-20-11/h1-2,7-9H,3-6,12-13H2,(H,16,18)/p+1/b2-1+/t8-,9?/m1/s1",C11H18N6O2S,299.12847126809004,-1.6432999999999973,5.2,2.44,3.58,-150,4.9034100023312135,1,ENAMINE,7,3,121.00999999999999,6,11,2,6,0.55,0.1,0.3,0.5454545454545454,0.18181818181818182,20,2,1,1,2,1,1,0,0
OCCc1noc(c1)C[NH2+][C@@H](c1nonc1)c1ocnc1,2/000000017,"InChI=1S/C12H13N5O4/c18-2-1-8-3-9(20-16-8)4-14-12(10-5-15-21-17-10)11-6-13-7-19-11/h3,5-7,12,14,18H,1-2,4H2/p+1/t12-/m0/s1",C12H14N5O4,292.10403034809,-0.5665999999999995,5.19,0.23,3.58,-150,4.759087882418526,1,ENAMINE,8,2,127.82000000000001,7,12,4,5,0.5714285714285714,0.19047619047619047,0.23809523809523808,0.3333333333333333,0.08333333333333333,21,3,0,3,3,0,3,0,0
NNC(=O)Cc1nnc(o1)C/C=C/CCNC(=O)c1c(Cl)cccc1Cl,29/000000153,"InChI=1S/C16H17Cl2N5O3/c17-10-5-4-6-11(18)15(10)16(25)20-8-3-1-2-7-13-22-23-14(26-13)9-12(24)21-19/h1-2,4-6H,3,7-9,19H2,(H,20,25)(H,21,24)/b2-1+",C16H17N5O3Cl2,397.070844764,1.8275999999999988,5.19,-0.01,5.24,-20,2.8243308593266736,1,ENAMINE,6,3,123.13999999999999,8,16,3,5,0.6153846153846154,0.11538461538461539,0.19230769230769232,0.25,0.0,26,2,0,2,1,0,1,0,0
O[C@@H](C(=O)NN)c1nnc(o1)C/C=C/CSC,29/000000284,"InChI=1S/C9H14N4O3S/c1-17-5-3-2-4-6-12-13-9(16-6)7(14)8(15)11-10/h2-3,7,14H,4-5,10H2,1H3,(H,11,15)/b3-2+/t7-/m0/s1",C9H14N4O3S,258.078661308,-0.4453999999999996,5.18,6.37,22.3,-170,4.017117934265643,1,ENAMINE,7,3,114.27,6,9,3,4,0.5294117647058824,0.17647058823529413,0.23529411764705882,0.4444444444444444,0.1111111111111111,17,1,0,1,1,0,1,0,0
N(C(=O)Cc1nnc(o1)C/C=C/CC[C@H]1CSCC1)N,29/000000139,"InChI=1S/C13H20N4O2S/c14-15-11(18)8-13-17-16-12(19-13)5-3-1-2-4-10-6-7-20-9-10/h1,3,10H,2,4-9,14H2,(H,15,18)/b3-1+/t10-/m1/s1",C13H20N4O2S,296.13069688,1.2339999999999998,5.18,3.4,3.72,-150,3.7649040121993904,1,ENAMINE,6,2,94.04,7,13,2,4,0.65,0.1,0.2,0.6153846153846154,0.07692307692307693,20,2,1,1,2,1,1,0,0
OCCC/C=C/Cc1nnc(o1)CC(=O)NN,29/000000156,"InChI=1S/C10H16N4O3/c11-12-8(16)7-10-14-13-9(17-10)5-3-1-2-4-6-15/h1,3,15H,2,4-7,11H2,(H,12,16)/b3-1+",C10H16N4O3,240.122240372,-0.5267999999999995,5.17,6.73,3.72,0,2.987010812609787,1,ENAMINE,6,3,114.27,7,10,3,4,0.5882352941176471,0.17647058823529413,0.23529411764705882,0.5,0.0,17,1,0,1,1,0,1,0,0
OCC#CC/C=C/Cc1nnc(o1)CC(=O)NNCCO,29/000000145,"InChI=1S/C13H18N4O4/c18-8-5-3-1-2-4-6-12-16-17-13(21-12)10-11(20)15-14-7-9-19/h2,4,14,18-19H,1,6-10H2,(H,15,20)/b4-2+",C13H18N4O4,294.13280505599994,-1.2902999999999982,5.13,10.35,3.72,-180,3.450034389662939,1,ENAMINE,7,4,120.51,8,13,4,4,0.6190476190476191,0.19047619047619047,0.19047619047619047,0.46153846153846156,0.0,21,1,0,1,1,0,1,0,0
NNC(=O)Cc1nnc(o1)C/C=C/c1oncc1,29/000000111,"InChI=1S/C10H11N5O3/c11-13-8(16)6-10-15-14-9(17-10)3-1-2-7-4-5-12-18-7/h1-2,4-5H,3,6,11H2,(H,13,16)/b2-1+",C10H11N5O3,249.086189212,-0.15410000000000057,5.13,6.73,3.72,0,3.29126453841795,1,ENAMINE,7,2,120.07,5,10,3,5,0.5555555555555556,0.16666666666666666,0.2777777777777778,0.2,0.0,18,2,0,2,2,0,2,0,0
NNC(=O)Cc1nnc(o1)C/C=C/Cc1nnc([nH]1)C1COC1,29/000000180,"InChI=1S/C13H17N7O3/c14-16-10(21)5-12-19-18-11(23-12)4-2-1-3-9-15-13(20-17-9)8-6-22-7-8/h1-2,8H,3-7,14H2,(H,16,21)(H,15,17,20)/b2-1+",C13H17N7O3,319.13928740399996,-0.8247,5.13,2.27,6.58,-190,3.717515297449358,1,ENAMINE,8,3,144.83999999999997,7,13,3,7,0.5652173913043478,0.13043478260869565,0.30434782608695654,0.46153846153846156,0.0,23,3,1,2,3,1,2,0,0
N(C(=O)Cc1nnc(o1)C/C=C/Cc1nnc[nH]1)N,29/000000052,"InChI=1S/C10H13N7O2/c11-14-8(18)5-10-17-16-9(19-10)4-2-1-3-7-12-6-13-15-7/h1-2,6H,3-5,11H2,(H,14,18)(H,12,13,15)/b2-1+",C10H13N7O2,263.113072656,-0.9385000000000003,5.12,5.25,3.72,0,3.629939013454587,1,ENAMINE,7,3,135.61,6,10,2,7,0.5263157894736842,0.10526315789473684,0.3684210526315789,0.3,0.0,19,2,0,2,2,0,2,0,0
NNC(=O)Cc1nnc(o1)C/C=C/CCCCNc1nccs1,29/000000221,"InChI=1S/C14H20N6O2S/c15-18-11(21)10-13-20-19-12(22-13)6-4-2-1-3-5-7-16-14-17-8-9-23-14/h2,4,8-9H,1,3,5-7,10,15H2,(H,16,17)(H,18,21)/b4-2+",C14H20N6O2S,336.13684488,1.439599999999999,5.12,1.77,5.08,0,2.993475019816543,1,ENAMINE,8,3,118.96,10,14,2,6,0.6086956521739131,0.08695652173913043,0.2608695652173913,0.42857142857142855,0.0,23,2,0,2,2,0,2,0,0
O[C@H](CONC(=O)Nc1nncs1)c1ncsc1,24/000000138,"InChI=1S/C8H9N5O3S2/c14-6(5-2-17-3-9-5)1-16-13-7(15)11-8-12-10-4-18-8/h2-4,6,14H,1H2,(H2,11,12,13,15)/t6-/m1/s1",C8H9N5O3S2,287.014681148,0.7812999999999997,5.11,1.94,3.58,-150,3.773080331230799,1,ENAMINE,8,3,109.26,5,8,3,5,0.4444444444444444,0.16666666666666666,0.2777777777777778,0.25,0.125,18,2,0,2,2,0,2,0,0
OC[C@H](C[NH2+]C)c1noc(c1)C[NH2+]Cc1nonc1,2/000000019,"InChI=1S/C11H17N5O3/c1-12-3-8(7-17)11-2-10(18-16-11)6-13-4-9-5-14-19-15-9/h2,5,8,12-13,17H,3-4,6-7H2,1H3/p+2/t8-/m0/s1",C11H19N5O3,269.14769230818,-2.4096999999999964,5.11,1.26,5.09,-170,5.607810475982338,1,ENAMINE,6,3,118.4,8,11,3,5,0.5789473684210527,0.15789473684210525,0.2631578947368421,0.5454545454545454,0.09090909090909091,19,2,0,2,2,0,2,0,0
N(C(=O)Cc1nnc(o1)C/C=C/CC[C@H]1ON=CC1)N,29/000000294,"InChI=1S/C12H17N5O3/c13-15-10(18)8-12-17-16-11(19-12)5-3-1-2-4-9-6-7-14-20-9/h1,3,7,9H,2,4-6,8,13H2,(H,15,18)/b3-1+/t9-/m1/s1",C12H17N5O3,279.133139404,0.25559999999999994,5.1,3.73,3.72,-150,4.060247248273662,1,ENAMINE,7,2,115.63000000000001,7,12,3,5,0.6,0.15,0.25,0.5,0.08333333333333333,20,2,1,1,2,1,1,0,0
OC(=O)[C@@](CF)(N)C#Cc1nnc[nH]1,24/000000077,"InChI=1S/C7H7FN4O2/c8-3-7(9,6(13)14)2-1-5-10-4-11-12-5/h4H,3,9H2,(H,13,14)(H,10,11,12)/t7-/m1/s1",C7H7N4O2F,198.055303684,-1.0921999999999998,5.1,2.95,20.1,-150,4.767469081712711,1,ENAMINE,4,3,104.88999999999999,2,7,2,4,0.5,0.14285714285714285,0.2857142857142857,0.2857142857142857,0.14285714285714285,14,1,0,1,1,0,1,0,0
OCCc1noc(c1)C[NH2+][C@@H](c1nonc1)c1nnco1,2/000000021,"InChI=1S/C11H12N6O4/c18-2-1-7-3-8(20-16-7)4-12-10(9-5-14-21-17-9)11-15-13-6-19-11/h3,5-6,10,12,18H,1-2,4H2/p+1/t10-/m0/s1",C11H13N6O4,293.09927931608996,-1.1715999999999989,5.09,0.78,3.58,-150,4.811522373733661,1,ENAMINE,9,2,140.71,7,11,4,6,0.5238095238095238,0.19047619047619047,0.2857142857142857,0.36363636363636365,0.09090909090909091,21,3,0,3,3,0,3,0,0
c1nnc(s1)C/C=C/Cc1nnc(o1)CC(=O)NN,29/000000041,"InChI=1S/C10H12N6O2S/c11-13-7(17)5-9-15-14-8(18-9)3-1-2-4-10-16-12-6-19-10/h1-2,6H,3-5,11H2,(H,13,17)/b2-1+",C10H12N6O2S,280.074244624,-0.20509999999999995,5.09,5.55,5.24,0,3.449835796671371,1,ENAMINE,8,2,119.82000000000001,6,10,2,6,0.5263157894736842,0.10526315789473684,0.3157894736842105,0.3,0.0,19,2,0,2,2,0,2,0,0
NNC(=O)Cc1nnc(o1)C/C=C/CCCn1ncc(c1)C(=O)O,29/000000203,"InChI=1S/C14H18N6O4/c15-17-11(21)7-13-19-18-12(24-13)5-3-1-2-4-6-20-9-10(8-16-20)14(22)23/h1,3,8-9H,2,4-7,15H2,(H,17,21)(H,22,23)/b3-1+",C14H17N6O4,334.13895305599993,0.07579999999999959,5.09,4.27,6.58,0,3.001126921637076,1,ENAMINE,8,3,149.16,9,14,4,6,0.5833333333333334,0.16666666666666666,0.25,0.35714285714285715,0.0,24,2,0,2,2,0,2,0,0
N(C(=O)Cc1nnc(o1)C/C=C/CCN(=O)=O)N,29/000000127,"InChI=1S/C9H13N5O4/c10-11-7(15)6-9-13-12-8(18-9)4-2-1-3-5-14(16)17/h1-2H,3-6,10H2,(H,11,15)/b2-1+",C9H13N5O4,255.096753896,-0.6324999999999994,5.07,5.74,3.72,-60,3.3642674259919154,1,ENAMINE,7,2,137.18000000000004,7,9,4,5,0.5,0.2222222222222222,0.2777777777777778,0.4444444444444444,0.0,18,1,0,1,1,0,1,0,0
N(C(=O)Cc1nnc(o1)C/C=C/c1cnoc1N)N,29/000000187,"InChI=1S/C10H12N6O3/c11-10-6(5-13-19-10)2-1-3-8-15-16-9(18-8)4-7(17)14-12/h1-2,5H,3-4,11-12H2,(H,14,17)/b2-1+",C10H12N6O3,264.097088244,-0.5719000000000005,5.07,6.98,3.72,0,3.487574584550159,1,ENAMINE,8,3,146.09,5,10,3,6,0.5263157894736842,0.15789473684210525,0.3157894736842105,0.2,0.0,19,2,0,2,2,0,2,0,0
N(C(=O)Cc1nnc(o1)C/C=C/c1cccc(c1)c1nc(sc1)N)N,29/000000039,"InChI=1S/C16H16N6O2S/c17-16-19-12(9-25-16)11-5-1-3-10(7-11)4-2-6-14-21-22-15(24-14)8-13(23)20-18/h1-5,7,9H,6,8,18H2,(H2,17,19)(H,20,23)/b4-2+",C16H16N6O2S,356.105544752,1.5635999999999994,5.07,2.12,5.08,-120,2.857545466945874,1,ENAMINE,8,3,132.95000000000002,6,16,2,6,0.64,0.08,0.24,0.125,0.0,25,3,0,3,2,0,2,0,0
NNC(=O)Cc1nnc(o1)C/C=C/Cc1nnc([nH]1)CN(C)C,29/000000173,"InChI=1S/C13H20N8O2/c1-21(2)8-10-15-9(17-18-10)5-3-4-6-12-19-20-13(23-12)7-11(22)16-14/h3-4H,5-8,14H2,1-2H3,(H,16,22)(H,15,17,18)/b4-3+",C13H20N8O2,320.17092188,-0.8768999999999991,5.07,1.84,6.58,-80,3.552771725636556,1,ENAMINE,8,3,138.85,8,13,2,8,0.5652173913043478,0.08695652173913043,0.34782608695652173,0.46153846153846156,0.0,23,2,0,2,2,0,2,0,0
Sc1nnc(o1)CC/C=C/Cc1nnc(o1)CC(=O)NN,29/000000326,"InChI=1S/C11H14N6O3S/c12-13-7(18)6-10-16-14-8(19-10)4-2-1-3-5-9-15-17-11(21)20-9/h1-2H,3-6,12H2,(H,13,18)(H,17,21)/b2-1+",C11H14N6O3S,310.08480930800005,0.00520000000000026,5.06,2.94,5.08,0,3.434270543509093,1,ENAMINE,9,3,132.96,7,11,3,6,0.5238095238095238,0.14285714285714285,0.2857142857142857,0.36363636363636365,0.0,21,2,0,2,2,0,2,0,0
NCc1cc(cc(c1)c1nnsc1)CC(=O)NN,21/000000058,"InChI=1S/C11H13N5OS/c12-5-8-1-7(4-11(17)14-13)2-9(3-8)10-6-18-16-15-10/h1-3,6H,4-5,12-13H2,(H,14,17)",C11H13N5OS,263.084081036,0.1962000000000001,5.05,-3.32,3.58,-120,2.7202751544987027,1,ENAMINE,6,3,106.92,4,11,1,5,0.6111111111111112,0.05555555555555555,0.2777777777777778,0.18181818181818182,0.0,18,2,0,2,1,0,1,0,0
S[C@H]1C(=O)N(C(=O)NC1)Cc1nnsc1,29/000000257,"InChI=1S/C7H8N4O2S2/c12-6-5(14)1-8-7(13)11(6)2-4-3-15-10-9-4/h3,5,14H,1-2H2,(H,8,13)/t5-/m1/s1",C7H8N4O2S2,244.008867496,-0.11170000000000013,5.04,6.77,2.22,-150,3.9729493765364623,1,ENAMINE,6,2,75.19,2,7,2,4,0.4666666666666667,0.13333333333333333,0.26666666666666666,0.42857142857142855,0.14285714285714285,15,2,1,1,2,1,1,0,0
OC(=O)[C@@H](N)C#Cc1nncs1,24/000000006,"InChI=1S/C6H5N3O2S/c7-4(6(10)11)1-2-5-9-8-3-12-5/h3-4H,7H2,(H,10,11)/t4-/m0/s1",C6H5N3O2S,183.0102474,-0.6985000000000001,5.04,2.47,2.47,-150,4.496969107851671,1,ENAMINE,5,2,89.1,1,6,2,3,0.5,0.16666666666666666,0.25,0.16666666666666666,0.16666666666666666,12,1,0,1,1,0,1,0,0
c1nc(c(s1)CC/C=C/Cc1nnc(o1)CC(=O)NN)N,29/000000275,"InChI=1S/C12H16N6O2S/c13-12-8(21-7-15-12)4-2-1-3-5-10-17-18-11(20-10)6-9(19)16-14/h1,3,7H,2,4-6,13-14H2,(H,16,19)/b3-1+",C12H16N6O2S,308.10554475200007,0.3721999999999999,5.03,4.67,5.08,0,3.4320366973552465,1,ENAMINE,8,3,132.95,7,12,2,6,0.5714285714285714,0.09523809523809523,0.2857142857142857,0.3333333333333333,0.0,21,2,0,2,2,0,2,0,0
OC(=O)[C@@H](N)C#Cc1nc([nH]c1)CCNNC,24/000000172,"InChI=1S/C10H15N5O2/c1-12-14-5-4-9-13-6-7(15-9)2-3-8(11)10(16)17/h6,8,12,14H,4-5,11H2,1H3,(H,13,15)(H,16,17)/t8-/m0/s1",C10H15N5O2,237.12257472,-1.5603999999999985,5.02,-2.03,3.58,-170,4.574007295967771,1,ENAMINE,5,5,116.06,5,10,2,5,0.5882352941176471,0.11764705882352941,0.29411764705882354,0.4,0.1,17,1,0,1,1,0,1,0,0
N(C(=O)Cc1nnc(o1)C/C=C/CCCCOC(=O)C)N,29/000000169,"InChI=1S/C13H20N4O4/c1-10(18)20-8-6-4-2-3-5-7-12-16-17-13(21-12)9-11(19)15-14/h3,5H,2,4,6-9,14H2,1H3,(H,15,19)/b5-3+",C13H20N4O4,296.14845512000005,0.4340999999999998,5.02,3.04,5.08,-200,2.845704376625129,1,ENAMINE,7,2,120.34000000000002,9,13,4,4,0.6190476190476191,0.19047619047619047,0.19047619047619047,0.5384615384615384,0.0,21,1,0,1,1,0,1,0,0
OC(=O)[C@@H](N)C#Cc1ncn(c1)Cc1ccc(cc1)OC,24/000000110,"InChI=1S/C15H15N3O3/c1-21-13-5-2-11(3-6-13)8-18-9-12(17-10-18)4-7-14(16)15(19)20/h2-3,5-6,9-10,14H,8,16H2,1H3,(H,19,20)/t14-/m0/s1",C15H15N3O3,285.11134134,0.7033999999999998,5.02,-2.72,3.85,-190,3.3315323497609146,1,ENAMINE,5,2,90.36999999999999,4,15,3,3,0.7142857142857143,0.14285714285714285,0.14285714285714285,0.2,0.06666666666666667,21,2,0,2,1,0,1,0,0
OC(=O)[C@@H](N)C#Cc1ccc2c(c1)COC2,24/000000029,"InChI=1S/C12H11NO3/c13-11(12(14)15)4-2-8-1-3-9-6-16-7-10(9)5-8/h1,3,5,11H,6-7,13H2,(H,14,15)/t11-/m0/s1",C12H11NO3,217.073893212,0.4801999999999998,5.0,0.17,15.2,-190,3.5333161616523068,1,ENAMINE,3,2,72.55,1,12,3,1,0.75,0.1875,0.0625,0.25,0.08333333333333333,16,2,1,1,1,1,0,0,0
OCCN[C@H](C(=O)O)C#Cc1nnc[nH]1,24/000000076,"InChI=1S/C8H10N4O3/c13-4-3-9-6(8(14)15)1-2-7-10-5-11-12-7/h5-6,9,13H,3-4H2,(H,14,15)(H,10,11,12)/t6-/m0/s1",C8H10N4O3,210.07529018,-1.808699999999999,5.0,4.05,3.85,-150,4.4410680578551425,1,ENAMINE,5,4,111.13,4,8,3,4,0.5333333333333333,0.2,0.26666666666666666,0.375,0.125,15,1,0,1,1,0,1,0,0
S[C@@H](NC(=O)Cc1ccccc1)c1nc(cnc1)CO,13/000000009,"InChI=1S/C14H15N3O2S/c18-9-11-7-15-8-12(16-11)14(20)17-13(19)6-10-4-2-1-3-5-10/h1-5,7-8,14,18,20H,6,9H2,(H,17,19)/t14-/m1/s1",C14H15N3O2S,289.08849771999996,1.2561999999999998,4.98,3.44,16.1,-150,3.068794574812821,1,ENAMINE,5,3,75.11,5,14,2,3,0.7,0.1,0.15,0.21428571428571427,0.07142857142857142,20,2,0,2,1,0,1,0,0
OC(=O)[C@@H](N)C#Cc1nnco1,24/000000023,"InChI=1S/C6H5N3O3/c7-4(6(10)11)1-2-5-9-8-3-12-5/h3-4H,7H2,(H,10,11)/t4-/m0/s1",C6H5N3O3,167.03309102,-1.1670000000000003,4.98,1.96,2.47,-150,4.57600127568384,1,ENAMINE,5,2,102.24,1,6,3,3,0.5,0.25,0.25,0.16666666666666666,0.16666666666666666,12,1,0,1,1,0,1,0,0
SCC#C[C@](C(=O)O)(C=S)N,24/000000145,"InChI=1S/C6H7NO2S2/c7-6(4-11,5(8)9)2-1-3-10/h4,10H,3,7H2,(H,8,9)/t6-/m1/s1",C6H7NO2S2,188.991820464,-0.29860000000000014,4.98,4.5,1.11,-150,5.072418242381423,1,ENAMINE,4,3,63.31999999999999,2,6,2,1,0.5454545454545454,0.18181818181818182,0.09090909090909091,0.3333333333333333,0.16666666666666666,11,0,0,0,0,0,0,0,0
Oc1cc(cc(c1COCc1snnc1)Cl)N1C=CNC1,18/000000008,"InChI=1S/C13H13ClN4O2S/c14-12-3-9(18-2-1-15-8-18)4-13(19)11(12)7-20-6-10-5-16-17-21-10/h1-5,15,19H,6-8H2",C13H13N4O2SCl,324.04477433600005,2.4521999999999995,4.97,-2.02,23.8,-180,3.733019660785259,1,ENAMINE,7,2,70.51,5,13,2,4,0.6190476190476191,0.09523809523809523,0.19047619047619047,0.23076923076923078,0.0,21,3,1,2,2,1,1,0,0
N(C(=O)Cc1nnc(o1)C/C=C/CCCOCC)N,29/000000197,"InChI=1S/C12H20N4O3/c1-2-18-8-6-4-3-5-7-11-15-16-12(19-11)9-10(17)14-13/h3,5H,2,4,6-9,13H2,1H3,(H,14,17)/b5-3+",C12H20N4O3,268.1535405,0.5174000000000002,4.95,5.11,3.72,-110,2.8989797127552865,1,ENAMINE,6,2,103.27000000000001,9,12,3,4,0.631578947368421,0.15789473684210525,0.21052631578947367,0.5833333333333334,0.0,19,1,0,1,1,0,1,0,0
N=c1scc([nH]1)[C@H](c1ncc([nH]1)N(=O)=O)O,19/000000022,"InChI=1S/C7H7N5O3S/c8-7-10-3(2-16-7)5(13)6-9-1-4(11-6)12(14)15/h1-2,5,13H,(H2,8,10)(H,9,11)/t5-/m1/s1",C7H7N5O3S,241.026960084,0.26867,4.95,4.09,2.22,-150,4.524591056757201,1,ENAMINE,6,4,131.69,3,7,3,5,0.4375,0.1875,0.3125,0.14285714285714285,0.14285714285714285,16,2,0,2,2,0,2,0,0
N(C(=O)Cc1nnc(o1)C/C=C/[C@H]1CSCNC1)N,29/000000032,"InChI=1S/C11H17N5O2S/c12-14-9(17)4-11-16-15-10(18-11)3-1-2-8-5-13-7-19-6-8/h1-2,8,13H,3-7,12H2,(H,14,17)/b2-1+/t8-/m1/s1",C11H17N5O2S,283.110295784,-0.3891999999999997,4.95,7.3,3.72,-150,4.145953692765554,1,ENAMINE,7,3,106.07000000000001,5,11,2,5,0.5789473684210527,0.10526315789473684,0.2631578947368421,0.5454545454545454,0.09090909090909091,19,2,1,1,2,1,1,0,0
OC(=O)[C@@H](N)C#Cc1nnc[nH]1,24/000000050,"InChI=1S/C6H6N4O2/c7-4(6(11)12)1-2-5-8-3-9-10-5/h3-4H,7H2,(H,11,12)(H,8,9,10)/t4-/m0/s1",C6H6N4O2,166.049075432,-1.4319,4.94,1.72,2.47,-150,4.687529947012511,1,ENAMINE,4,3,104.88999999999999,1,6,2,4,0.5,0.16666666666666666,0.3333333333333333,0.16666666666666666,0.16666666666666666,12,1,0,1,1,0,1,0,0
N(C(=O)Cc1nnc(o1)C/C=C/c1nsc(c1)N)N,29/000000035,"InChI=1S/C10H12N6O2S/c11-7-4-6(16-19-7)2-1-3-9-14-15-10(18-9)5-8(17)13-12/h1-2,4H,3,5,11-12H2,(H,13,17)/b2-1+",C10H12N6O2S,280.074244624,-0.10340000000000027,4.94,6.99,3.72,0,3.564341251216825,1,ENAMINE,8,3,132.95000000000002,5,10,2,6,0.5263157894736842,0.10526315789473684,0.3157894736842105,0.2,0.0,19,2,0,2,2,0,2,0,0
OC(=O)[C@@H](N)C#Cc1nnn(c1)CCc1cn[nH]c1C,24/000000115,"InChI=1S/C12H14N6O2/c1-8-9(6-14-15-8)4-5-18-7-10(16-17-18)2-3-11(13)12(19)20/h6-7,11H,4-5,13H2,1H3,(H,14,15)(H,19,20)/t11-/m0/s1",C12H14N6O2,274.117823688,-0.6842800000000004,4.93,1.02,3.58,-170,3.846610899277829,1,ENAMINE,6,3,122.71000000000001,4,12,2,6,0.6,0.1,0.3,0.3333333333333333,0.08333333333333333,20,2,0,2,2,0,2,0,0
NN[C@@]1(C=NCC1)/C=C/C/C=C/C,16/000000008,"InChI=1S/C10H17N3/c1-2-3-4-5-6-10(13-11)7-8-12-9-10/h2-3,5-6,9,13H,4,7-8,11H2,1H3/b3-2+,6-5+/t10-/m0/s1",C10H17N3,179.14224754399999,1.1854,4.93,6.8,2.22,-170,5.040448434233799,1,ENAMINE,3,2,50.41,4,10,0,3,0.7692307692307693,0.0,0.23076923076923078,0.5,0.1,13,1,1,0,1,1,0,0,0
c1occ(n1)C/C=C/Cc1nnc(o1)CC(=O)NN,29/000000037,"InChI=1S/C11H13N5O3/c12-14-9(17)5-11-16-15-10(19-11)4-2-1-3-8-6-18-7-13-8/h1-2,6-7H,3-5,12H2,(H,14,17)/b2-1+",C11H13N5O3,263.101839276,-0.06859999999999983,4.91,6.42,3.72,0,3.486641391076965,1,ENAMINE,7,2,120.07000000000001,6,11,3,5,0.5789473684210527,0.15789473684210525,0.2631578947368421,0.2727272727272727,0.0,19,2,0,2,2,0,2,0,0
NNC(=O)Cc1nnc(o1)C/C=C/CCC#CCCC,29/000000298,"InChI=1S/C14H20N4O2/c1-2-3-4-5-6-7-8-9-10-13-17-18-14(20-13)11-12(19)16-15/h8-9H,2-3,6-7,10-11,15H2,1H3,(H,16,19)/b9-8+",C14H20N4O2,276.15862588,1.284399999999999,4.91,2.18,3.72,-170,3.280856686079698,1,ENAMINE,5,2,94.03999999999999,7,14,2,4,0.7,0.1,0.2,0.5,0.0,20,1,0,1,1,0,1,0,0
NNC(=O)Cc1nnc(o1)C/C=C/CCOc1nocc1,29/000000215,"InChI=1S/C12H15N5O4/c13-14-9(18)8-12-16-15-10(21-12)4-2-1-3-6-19-11-5-7-20-17-11/h1-2,5,7H,3-4,6,8,13H2,(H,14,18)/b2-1+",C12H15N5O4,293.11240396,0.15779999999999972,4.91,4.15,5.08,0,3.230678929385512,1,ENAMINE,8,2,129.3,8,12,4,5,0.5714285714285714,0.19047619047619047,0.23809523809523808,0.3333333333333333,0.0,21,2,0,2,2,0,2,0,0
Oc1ccc(c(c1CCNN)Cl)C=C,18/000000013,"InChI=1S/C10H13ClN2O/c1-2-7-3-4-9(14)8(10(7)11)5-6-13-12/h2-4,13-14H,1,5-6,12H2",C10H13N2OCl,212.071640716,1.6944,4.9,-5.49,2.22,0,3.0701295735463896,1,ENAMINE,3,3,58.28,4,10,1,2,0.7142857142857143,0.07142857142857142,0.14285714285714285,0.2,0.0,14,1,0,1,0,0,0,0,0
C1=C(N[C@H](N1)CCNCC)C/C=C/CN,24/000000183,"InChI=1S/C11H22N4/c1-2-13-8-6-11-14-9-10(15-11)5-3-4-7-12/h3-4,9,11,13-15H,2,5-8,12H2,1H3/b4-3+/t11-/m0/s1",C11H22N4,210.18444670399998,0.2513000000000002,4.89,4.84,3.58,-170,4.4733850269325774,1,ENAMINE,4,4,62.11,7,11,0,4,0.7333333333333333,0.0,0.26666666666666666,0.6363636363636364,0.09090909090909091,15,1,1,0,1,1,0,0,0
ONC(=O)COC(=O)Cc1cccc(c1)c1scnc1,21/000000011,"InChI=1S/C13H12N2O4S/c16-12(15-18)7-19-13(17)5-9-2-1-3-10(4-9)11-6-14-8-20-11/h1-4,6,8,18H,5,7H2,(H,15,16)",C13H12N2O4S,292.05177786400003,1.4011999999999996,4.88,-0.78,5.09,-120,2.4248874553104667,1,ENAMINE,6,2,88.52,5,13,4,2,0.65,0.2,0.1,0.15384615384615385,0.0,20,2,0,2,1,0,1,0,0
ONC[C@@H](c1n[nH]c(=S)[nH]1)OCc1cc(c[nH]1)C(=O)O,14/000000007,"InChI=1S/C10H13N5O4S/c16-9(17)5-1-6(11-2-5)4-19-7(3-12-18)8-13-10(20)15-14-8/h1-2,7,11-12,18H,3-4H2,(H,16,17)(H2,13,14,15,20)/t7-/m0/s1",C10H13N5O4S,299.06882489599997,0.73029,4.87,-1.36,3.58,-150,4.235796613563544,1,ENAMINE,6,6,139.04999999999998,7,10,4,5,0.5,0.2,0.25,0.3,0.1,20,2,0,2,2,0,2,0,0
SCCC/C=C/Cc1nnc(o1)CC(=O)NN,29/000000150,"InChI=1S/C10H16N4O2S/c11-12-8(15)7-10-14-13-9(16-10)5-3-1-2-4-6-17/h1,3,17H,2,4-7,11H2,(H,12,15)/b3-1+",C10H16N4O2S,256.099396752,0.4107,4.87,5.35,3.72,0,3.208560812609788,1,ENAMINE,6,3,94.03999999999999,7,10,2,4,0.5882352941176471,0.11764705882352941,0.23529411764705882,0.5,0.0,17,1,0,1,1,0,1,0,0
OC[C@@H](C)C(=O)c1oc(=O)[nH]n1,19/000000015,"InChI=1S/C6H8N2O4/c1-3(2-9)4(10)5-7-8-6(11)12-5/h3,9H,2H2,1H3,(H,8,11)/t3-/m1/s1",C6H8N2O4,172.048406736,-0.8260000000000003,4.86,5.33,3.58,-170,3.8304936707887354,1,ENAMINE,5,2,96.18999999999998,3,6,4,2,0.5,0.3333333333333333,0.16666666666666666,0.5,0.16666666666666666,12,1,0,1,1,0,1,0,0
OCC#CCCC/C=C/Cc1nnc(o1)CC(=O)NN,29/000000317,"InChI=1S/C13H18N4O3/c14-15-11(19)10-13-17-16-12(20-13)8-6-4-2-1-3-5-7-9-18/h4,6,18H,1-3,8-10,14H2,(H,15,19)/b6-4+",C13H18N4O3,278.137890436,-0.13329999999999964,4.86,1.67,3.72,-150,3.2385870504521677,1,ENAMINE,6,3,114.27,7,13,3,4,0.65,0.15,0.2,0.46153846153846156,0.0,20,1,0,1,1,0,1,0,0
N(C(=O)Cc1nnc(o1)C/C=C/CCCOC(=O)C)N,29/000000193,"InChI=1S/C12H18N4O4/c1-9(17)19-7-5-3-2-4-6-11-15-16-12(20-11)8-10(18)14-13/h2,4H,3,5-8,13H2,1H3,(H,14,18)/b4-2+",C12H18N4O4,282.132805056,0.04400000000000015,4.85,2.34,3.72,-170,2.892883377809021,1,ENAMINE,7,2,120.34000000000002,8,12,4,4,0.6,0.2,0.2,0.5,0.0,20,1,0,1,1,0,1,0,0
OC(=O)c1cnc2c(c1)c(ccc2)CCCCCNc1cn[nH]c1,18/000000005,"InChI=1S/C18H20N4O2/c23-18(24)14-9-16-13(6-4-7-17(16)20-10-14)5-2-1-3-8-19-15-11-21-22-12-15/h4,6-7,9-12,19H,1-3,5,8H2,(H,21,22)(H,23,24)",C18H20N4O2,324.15862588000005,3.4810000000000008,4.85,1.05,3.58,-80,2.4483618149790285,1,ENAMINE,4,3,90.9,8,18,2,4,0.75,0.08333333333333333,0.16666666666666666,0.2777777777777778,0.0,24,3,0,3,2,0,2,0,0
N(C(=O)Cc1nnc(o1)C/C=C/CC[C@H]1CNCC1)N,29/000000172,"InChI=1S/C13H21N5O2/c14-16-11(19)8-13-18-17-12(20-13)5-3-1-2-4-10-6-7-15-9-10/h1,3,10,15H,2,4-9,14H2,(H,16,19)/b3-1+/t10-/m1/s1",C13H21N5O2,279.16952491200004,0.09040000000000081,4.83,3.86,3.72,-150,3.5119992376635816,1,ENAMINE,6,3,106.07000000000001,7,13,2,5,0.65,0.1,0.25,0.6153846153846154,0.07692307692307693,20,2,1,1,2,1,1,0,0
OC(=O)[C@](C)(c1nscc1)O,24/000000070,"InChI=1S/C6H7NO3S/c1-6(10,5(8)9)4-2-3-11-7-4/h2-3,10H,1H3,(H,8,9)/t6-/m0/s1",C6H7NO3S,173.014664084,0.4352,4.82,3.73,1.11,-170,3.9528344416993466,1,ENAMINE,4,2,70.42,2,6,3,1,0.5454545454545454,0.2727272727272727,0.09090909090909091,0.3333333333333333,0.16666666666666666,11,1,0,1,1,0,1,0,0
N(C(=O)Cc1nnc(o1)C/C=C/CCC/C=C/N)N,29/000000315,"InChI=1S/C12H19N5O2/c13-8-6-4-2-1-3-5-7-11-16-17-12(19-11)9-10(18)15-14/h3,5-6,8H,1-2,4,7,9,13-14H2,(H,15,18)/b5-3+,8-6+",C12H19N5O2,265.153874848,0.3433999999999999,4.82,5.11,3.72,-90,3.3462515076270822,1,ENAMINE,6,3,120.06,8,12,2,5,0.631578947368421,0.10526315789473684,0.2631578947368421,0.4166666666666667,0.0,19,1,0,1,1,0,1,0,0
N(C(=O)Cc1nnc(o1)C/C=C/CCCOC)N,29/000000271,"InChI=1S/C11H18N4O3/c1-17-7-5-3-2-4-6-10-14-15-11(18-10)8-9(16)13-12/h2,4H,3,5-8,12H2,1H3,(H,13,16)/b4-2+",C11H18N4O3,254.137890436,0.12729999999999964,4.82,6.93,3.72,-80,2.888701398842594,1,ENAMINE,6,2,103.27000000000001,8,11,3,4,0.6111111111111112,0.16666666666666666,0.2222222222222222,0.5454545454545454,0.0,18,1,0,1,1,0,1,0,0
O[C@H](c1nn2c(s1)nnc2)C#CC/C=C/Cc1nnc(o1)CC(=O)NN,29/000000249,"InChI=1S/C14H14N8O3S/c15-17-10(24)7-12-19-18-11(25-12)6-4-2-1-3-5-9(23)13-21-22-8-16-20-14(22)26-13/h2,4,8-9,23H,1,6-7,15H2,(H,17,24)/b4-2+/t9-/m0/s1",C14H14N8O3S,374.090957308,-0.6729999999999996,4.81,1.33,6.6,-190,4.292803944998404,1,ENAMINE,11,3,157.35000000000002,6,14,3,8,0.5384615384615384,0.11538461538461539,0.3076923076923077,0.2857142857142857,0.07142857142857142,26,3,0,3,3,0,3,0,0
Oc1cc(/C(=C/CC(=O)O)/c2n[nH]cn2)cc(c1O)CNC=C,23/000000050,"InChI=1S/C15H16N4O4/c1-2-16-7-10-5-9(6-12(20)14(10)23)11(3-4-13(21)22)15-17-8-18-19-15/h2-3,5-6,8,16,20,23H,1,4,7H2,(H,21,22)(H,17,18,19)/b11-3-",C15H15N4O4,316.11715499200005,1.3553999999999997,4.81,-7.05,6.45,-60,3.797749628743064,1,ENAMINE,6,5,131.36,7,15,4,4,0.6521739130434783,0.17391304347826086,0.17391304347826086,0.13333333333333333,0.0,23,2,0,2,1,0,1,0,0
NNC(=O)Cc1nnc(o1)C/C=C/C(F)F,29/000000095,"InChI=1S/C8H10F2N4O2/c9-5(10)2-1-3-7-13-14-8(16-7)4-6(15)12-11/h1-2,5H,3-4,11H2,(H,12,15)/b2-1+",C8H10N4O2F2,232.077182,-0.03420000000000045,4.8,6.64,3.72,-150,3.3077778459777027,1,ENAMINE,5,2,94.03999999999999,5,8,2,4,0.5,0.125,0.25,0.375,0.0,16,1,0,1,1,0,1,0,0
O[C@H](CONC(=O)Nc1n[nH]c(c1)C)c1nnc[nH]1,24/000000113,"InChI=1S/C9H13N7O3/c1-5-2-7(14-13-5)12-9(18)16-19-3-6(17)8-10-4-11-15-8/h2,4,6,17H,3H2,1H3,(H,10,11,15)(H3,12,13,14,16,18)/t6-/m1/s1",C9H13N7O3,267.107987276,-0.3770800000000009,4.8,0.05,3.58,-170,3.953118681110543,1,ENAMINE,6,5,140.84,5,9,3,7,0.47368421052631576,0.15789473684210525,0.3684210526315789,0.3333333333333333,0.1111111111111111,19,2,0,2,2,0,2,0,0
NNC(=O)Cc1nnc(o1)C/C=C/C1=CCOC1=O,29/000000189,"InChI=1S/C11H12N4O4/c12-13-8(16)6-10-15-14-9(19-10)3-1-2-7-4-5-18-11(7)17/h1-2,4H,3,5-6,12H2,(H,13,16)/b2-1+",C11H12N4O4,264.085854864,-0.8161000000000003,4.8,7.02,3.72,0,3.4203386871142616,1,ENAMINE,7,2,120.34,5,11,4,4,0.5789473684210527,0.21052631578947367,0.21052631578947367,0.2727272727272727,0.0,19,2,1,1,2,1,1,0,0
SCC(=O)Nc1cnc(cc1)NC(=O)c1coc(c1)Br,4/000000044,"InChI=1S/C12H10BrN3O3S/c13-9-3-7(5-19-9)12(18)16-10-2-1-8(4-14-10)15-11(17)6-20/h1-5,20H,6H2,(H,15,17)(H,14,16,18)",C12H10N3O3SBr,354.96262428000006,2.5576999999999996,4.79,0.47,3.58,-20,2.5768276085782507,1,ENAMINE,5,3,84.23,4,12,3,3,0.6,0.15,0.15,0.08333333333333333,0.0,20,2,0,2,2,0,2,0,0
OCCONC(=O)Nc1cccc2c1cccc2,24/000000078,"InChI=1S/C13H14N2O3/c16-8-9-18-15-13(17)14-12-7-3-5-10-4-1-2-6-11(10)12/h1-7,16H,8-9H2,(H2,14,15,17)",C13H14N2O3,246.100442308,1.8851999999999995,4.78,-4.76,2.22,-80,2.036113354985998,1,ENAMINE,3,3,70.59,4,13,3,2,0.7222222222222222,0.16666666666666666,0.1111111111111111,0.15384615384615385,0.0,18,2,0,2,0,0,0,0,0
OC(=O)[C@@H](N)C#Cc1nnc([nH]1)C/C=C/N,24/000000154,"InChI=1S/C9H11N5O2/c10-5-1-2-7-12-8(14-13-7)4-3-6(11)9(15)16/h1,5-6H,2,10-11H2,(H,15,16)(H,12,13,14)/b5-1+/t6-/m0/s1",C9H11N5O2,221.091274592,-1.4169999999999994,4.78,-1.5,5.09,-150,4.85881203577818,1,ENAMINE,5,4,130.91,3,9,2,5,0.5625,0.125,0.3125,0.2222222222222222,0.1111111111111111,16,1,0,1,1,0,1,0,0
c1nccc(n1)CCCC/C=C/Cc1nnc(o1)CC(=O)NN,29/000000281,"InChI=1S/C15H20N6O2/c16-19-13(22)10-15-21-20-14(23-15)7-5-3-1-2-4-6-12-8-9-17-11-18-12/h3,5,8-9,11H,1-2,4,6-7,10,16H2,(H,19,22)/b5-3+",C15H20N6O2,316.16477388000004,0.9037000000000002,4.78,0.95,6.58,-40,2.9610832861770486,1,ENAMINE,7,2,119.82000000000001,9,15,2,6,0.6521739130434783,0.08695652173913043,0.2608695652173913,0.4,0.0,23,2,0,2,2,0,2,0,0
N(C(=O)Cc1nnc(o1)C/C=C/CCC1COC1)N,29/000000250,"InChI=1S/C12H18N4O3/c13-14-10(17)6-12-16-15-11(19-12)5-3-1-2-4-9-7-18-8-9/h1,3,9H,2,4-8,13H2,(H,14,17)/b3-1+",C12H18N4O3,266.137890436,0.12729999999999964,4.77,3.8,3.72,-150,3.104295097370672,1,ENAMINE,6,2,103.27000000000001,7,12,3,4,0.631578947368421,0.15789473684210525,0.21052631578947367,0.5833333333333334,0.0,19,2,1,1,2,1,1,0,0
O[C@H](c1nonc1)C#CC/C=C/Cc1nnc(o1)CC(=O)NN,29/000000168,"InChI=1S/C13H14N6O4/c14-16-11(21)7-13-18-17-12(22-13)6-4-2-1-3-5-10(20)9-8-15-23-19-9/h2,4,8,10,20H,1,6-7,14H2,(H,16,21)/b4-2+/t10-/m0/s1",C13H14N6O4,318.107652928,-0.7891999999999995,4.77,2.81,6.6,-150,4.39699599074634,1,ENAMINE,9,3,153.19000000000003,6,13,4,6,0.5652173913043478,0.17391304347826086,0.2608695652173913,0.3076923076923077,0.07692307692307693,23,2,0,2,2,0,2,0,0
NNC(=O)Cc1nnc(o1)C/C=C/CC,29/000000085,"InChI=1S/C9H14N4O2/c1-2-3-4-5-8-12-13-9(15-8)6-7(14)11-10/h3-4H,2,5-6,10H2,1H3,(H,11,14)/b4-3+",C9H14N4O2,210.111675688,0.11069999999999935,4.76,7.79,3.72,-20,2.998023228694026,1,ENAMINE,5,2,94.03999999999999,5,9,2,4,0.6,0.13333333333333333,0.26666666666666666,0.4444444444444444,0.0,15,1,0,1,1,0,1,0,0
c1nccc(n1)OCc1noc(c1)/C=C/Cc1nnc(o1)CC(=O)NN,29/000000292,"InChI=1S/C15H15N7O4/c16-19-12(23)7-15-21-20-14(25-15)3-1-2-11-6-10(22-26-11)8-24-13-4-5-17-9-18-13/h1-2,4-6,9H,3,7-8,16H2,(H,19,23)/b2-1+",C15H15N7O4,357.11855196000005,0.21490000000000004,4.75,2.88,5.08,0,3.231326048168114,1,ENAMINE,10,2,155.08,8,15,4,7,0.5769230769230769,0.15384615384615385,0.2692307692307692,0.2,0.0,26,3,0,3,3,0,3,0,0
N(C(=O)Cc1nnc(o1)C/C=C/C/C=C\CN)N,29/000000305,"InChI=1S/C11H17N5O2/c12-7-5-3-1-2-4-6-10-15-16-11(18-10)8-9(17)14-13/h2-5H,1,6-8,12-13H2,(H,14,17)/b4-2+,5-3-",C11H17N5O2,251.138224784,-0.39429999999999915,4.75,7.21,3.72,-60,3.2677167834579777,1,ENAMINE,6,3,120.06,7,11,2,5,0.6111111111111112,0.1111111111111111,0.2777777777777778,0.36363636363636365,0.0,18,1,0,1,1,0,1,0,0
N(C(=O)Cc1nnc(o1)C/C=C/CCCCOC)N,29/000000213,"InChI=1S/C12H20N4O3/c1-18-8-6-4-2-3-5-7-11-15-16-12(19-11)9-10(17)14-13/h3,5H,2,4,6-9,13H2,1H3,(H,14,17)/b5-3+",C12H20N4O3,268.1535405,0.5173999999999997,4.74,4.25,3.72,-110,2.8309976614732353,1,ENAMINE,6,2,103.27000000000001,9,12,3,4,0.631578947368421,0.15789473684210525,0.21052631578947367,0.5833333333333334,0.0,19,1,0,1,1,0,1,0,0
NNC(=O)Cc1nnc(o1)C/C=C/C[C@@H]([NH3+])C,29/000000028,"InChI=1S/C10H17N5O2/c1-7(11)4-2-3-5-9-14-15-10(17-9)6-8(16)13-12/h2-3,7H,4-6,11-12H2,1H3,(H,13,16)/p+1/b3-2+/t7-/m0/s1",C10H18N5O2,240.14550123608998,-1.2787999999999984,4.74,6.03,3.72,-170,4.126844284511142,1,ENAMINE,5,3,121.67999999999999,6,10,2,5,0.5882352941176471,0.11764705882352941,0.29411764705882354,0.5,0.1,17,1,0,1,1,0,1,0,0
OC(=O)[C@H](CCC(=O)Cc1cc(O)c(cc1I)I)N,4/000000036,"InChI=1S/C12H13I2NO4/c13-8-5-9(14)11(17)4-6(8)3-7(16)1-2-10(15)12(18)19/h4-5,10,17H,1-3,15H2,(H,18,19)/t10-/m0/s1",C12H13NO4I2,488.89340389600005,1.9051,4.74,-2.57,2.35,-150,3.2731606298284905,1,ENAMINE,4,3,100.61999999999999,6,12,4,1,0.631578947368421,0.21052631578947367,0.05263157894736842,0.3333333333333333,0.08333333333333333,19,1,0,1,0,0,0,0,0
N(C(=O)Cc1nnc(o1)C/C=C/Cn1nccc1)N,29/000000050,"InChI=1S/C11H14N6O2/c12-14-9(18)8-11-16-15-10(19-11)4-1-2-6-17-7-3-5-13-17/h1-3,5,7H,4,6,8,12H2,(H,14,18)/b2-1+",C11H14N6O2,262.117823688,-0.4026000000000009,4.74,5.63,3.72,0,3.1215485239440977,1,ENAMINE,7,2,111.86000000000001,6,11,2,6,0.5789473684210527,0.10526315789473684,0.3157894736842105,0.2727272727272727,0.0,19,2,0,2,2,0,2,0,0
N(C(=O)Cc1nnc(o1)C/C=C/CCNCC)N,29/000000125,"InChI=1S/C11H19N5O2/c1-2-13-7-5-3-4-6-10-15-16-11(18-10)8-9(17)14-12/h3-4,13H,2,5-8,12H2,1H3,(H,14,17)/b4-3+",C11H19N5O2,253.153874848,-0.2996999999999989,4.72,5.37,3.72,-80,3.040756602462503,1,ENAMINE,6,3,106.07000000000001,8,11,2,5,0.6111111111111112,0.1111111111111111,0.2777777777777778,0.5454545454545454,0.0,18,1,0,1,1,0,1,0,0
OCC/C=C\c1c[nH]c2c1cnc(n2)[C@H](C=C)O,3/000000004,"InChI=1S/C13H15N3O2/c1-2-11(18)13-15-8-10-9(5-3-4-6-17)7-14-12(10)16-13/h2-3,5,7-8,11,17-18H,1,4,6H2,(H,14,15,16)/b5-3-/t11-/m0/s1",C13H15N3O2,245.11642672,1.5728999999999997,4.71,0.5,16.2,-190,3.9245166869565224,1,ENAMINE,4,3,82.03,5,13,2,3,0.7222222222222222,0.1111111111111111,0.16666666666666666,0.23076923076923078,0.07692307692307693,18,2,0,2,2,0,2,0,0
OCCCC/C=C/Cc1nnc(o1)CC(=O)NN,29/000000278,"InChI=1S/C11H18N4O3/c12-13-9(17)8-11-15-14-10(18-11)6-4-2-1-3-5-7-16/h2,4,16H,1,3,5-8,12H2,(H,13,17)/b4-2+",C11H18N4O3,254.137890436,-0.1366999999999997,4.7,5.56,3.72,-60,2.903152982553001,1,ENAMINE,6,3,114.27,8,11,3,4,0.6111111111111112,0.16666666666666666,0.2222222222222222,0.5454545454545454,0.0,18,1,0,1,1,0,1,0,0
O[C@H](CCCSCc1nccnc1)C#CCN,17/000000014,"InChI=1S/C12H17N3OS/c13-5-1-3-12(16)4-2-8-17-10-11-9-14-6-7-15-11/h6-7,9,12,16H,2,4-5,8,10,13H2/t12-/m0/s1",C12H17N3OS,251.109233164,0.813,4.69,2.59,3.58,-150,3.578723812885504,1,ENAMINE,5,2,72.03,6,12,1,3,0.7058823529411765,0.058823529411764705,0.17647058823529413,0.5,0.08333333333333333,17,1,0,1,1,0,1,0,0
NNC(=O)Cc1cc(c2nnsc2)cc(c1)N(=O)=O,21/000000073,"InChI=1S/C10H9N5O3S/c11-12-10(16)3-6-1-7(9-5-19-14-13-9)4-8(2-6)15(17)18/h1-2,4-5H,3,11H2,(H,12,16)",C10H9N5O3S,279.042610148,0.6456999999999994,4.68,-3.81,3.58,-120,2.6888753586188567,1,ENAMINE,7,2,124.03999999999999,4,10,3,5,0.5263157894736842,0.15789473684210525,0.2631578947368421,0.1,0.0,19,2,0,2,1,0,1,0,0
OCCc1noc(c1)C[NH2+][C@H](CC=C)c1nonc1,2/000000031,"InChI=1S/C12H16N4O3/c1-2-3-11(12-8-14-19-16-12)13-7-10-6-9(4-5-17)15-18-10/h2,6,8,11,13,17H,1,3-5,7H2/p+1/t11-/m1/s1",C12H17N4O3,265.12951682409,-0.026799999999999935,4.68,-1.55,2.22,-150,4.786851874583736,1,ENAMINE,6,2,101.79,8,12,3,4,0.631578947368421,0.15789473684210525,0.21052631578947367,0.4166666666666667,0.08333333333333333,19,2,0,2,2,0,2,0,0
NC(=O)Nc1cnc(cc1)NC(=O)c1ccc2c(c1)N=NNC2,4/000000039,"InChI=1S/C14H13N7O2/c15-14(23)18-10-3-4-12(16-7-10)19-13(22)8-1-2-9-6-17-21-20-11(9)5-8/h1-5,7H,6H2,(H,17,20)(H3,15,18,23)(H,16,19,22)",C14H13N7O2,311.1130726560001,1.9264000000000001,4.67,-0.99,3.58,-120,2.8622048079388698,1,ENAMINE,6,4,133.86,3,14,2,7,0.6086956521739131,0.08695652173913043,0.30434782608695654,0.07142857142857142,0.0,23,3,1,2,2,1,1,0,0
N(C(=O)Cc1nnc(o1)C/C=C/CCc1[nH]ncc1)N,29/000000226,"InChI=1S/C12H16N6O2/c13-15-10(19)8-12-18-17-11(20-12)5-3-1-2-4-9-6-7-14-16-9/h1,3,6-7H,2,4-5,8,13H2,(H,14,16)(H,15,19)/b3-1+",C12H16N6O2,276.133473752,0.05659999999999965,4.67,3.79,3.72,0,3.212608633587724,1,ENAMINE,6,3,122.72,7,12,2,6,0.6,0.1,0.3,0.3333333333333333,0.0,20,2,0,2,2,0,2,0,0
OC(=O)[C@@H](N)C#Cc1nsc(c1)NCc1nnc[nH]1,24/000000129,"InChI=1S/C10H10N6O2S/c11-7(10(17)18)2-1-6-3-9(19-16-6)12-4-8-13-5-14-15-8/h3,5,7,12H,4,11H2,(H,17,18)(H,13,14,15)/t7-/m0/s1",C10H10N6O2S,278.05859456,-0.36330000000000034,4.66,-2.29,3.58,-150,4.675862270854132,1,ENAMINE,7,4,129.81,4,10,2,6,0.5263157894736842,0.10526315789473684,0.3157894736842105,0.2,0.1,19,2,0,2,2,0,2,0,0
O[P@@H](=O)Oc1cnc(cc1)NC(=O)c1cc(F)cc(c1)C,4/000000047,"InChI=1S/C13H12FN2O4P/c1-8-4-9(6-10(14)5-8)13(17)16-12-3-2-11(7-15-12)20-21(18)19/h2-7,21H,1H3,(H,18,19)(H,15,16,17)",C13H12N2O4PF,310.051871714,2.5422200000000004,4.66,-1.24,2.35,-20,3.249429715224207,1,ENAMINE,4,2,88.52000000000001,4,13,4,2,0.6190476190476191,0.19047619047619047,0.09523809523809523,0.07692307692307693,0.0,21,2,0,2,1,0,1,0,0
Oc1cc(c(c(c1)Cl)C=C)CON,18/000000021,"InChI=1S/C9H10ClNO2/c1-2-8-6(5-13-11)3-7(12)4-9(8)10/h2-4,12H,1,5,11H2",C9H10NO2Cl,199.04000624,2.0789,4.66,-5.7,10.7,-20,3.164249420338495,1,ENAMINE,3,2,55.480000000000004,3,9,2,1,0.6923076923076923,0.15384615384615385,0.07692307692307693,0.1111111111111111,0.0,13,1,0,1,0,0,0,0,0
O[C@@H](/C=C/COCN)c1[nH]ccc1,14/000000008,"InChI=1S/C9H14N2O2/c10-7-13-6-2-4-9(12)8-3-1-5-11-8/h1-5,9,11-12H,6-7,10H2/b4-2+/t9-/m0/s1",C9H14N2O2,182.105527688,0.5370999999999997,4.66,7.21,3.58,-150,4.114002280387644,1,ENAMINE,3,3,71.27000000000001,5,9,2,2,0.6923076923076923,0.15384615384615385,0.15384615384615385,0.3333333333333333,0.1111111111111111,13,1,0,1,1,0,1,0,0
OP(=O)([C@@H](c1n[nH]c(=S)[nH]1)c1cccc(c1)NCCCCN)O,22/000000004,"InChI=1S/C13H20N5O3PS/c14-6-1-2-7-15-10-5-3-4-9(8-10)11(22(19,20)21)12-16-13(23)18-17-12/h3-5,8,11,15H,1-2,6-7,14H2,(H2,19,20,21)(H2,16,17,18,23)/t11-/m1/s1",C13H20N5O3PS,357.10244713,1.8851899999999997,4.65,-2.55,24.6,-190,3.7098486131239623,1,ENAMINE,5,6,140.04999999999998,8,13,3,5,0.5652173913043478,0.13043478260869565,0.21739130434782608,0.38461538461538464,0.07692307692307693,23,2,0,2,1,0,1,0,0
N(C(=O)Cc1cccc(c1)c1nnsc1)NCC(=O)O,21/000000067,"InChI=1S/C12H12N4O3S/c17-11(15-13-6-12(18)19)5-8-2-1-3-9(4-8)10-7-20-16-14-10/h1-4,7,13H,5-6H2,(H,15,17)(H,18,19)",C12H11N4O3S,292.06301124399994,0.4529999999999996,4.65,-1.24,4.94,-120,2.5671093176586446,1,ENAMINE,6,3,104.21,6,12,3,4,0.6,0.15,0.2,0.16666666666666666,0.0,20,2,0,2,1,0,1,0,0
S[C@@H](NC(=O)Cc1ccc(cc1F)F)c1nc(cnc1)C=C,13/000000002,"InChI=1S/C15H13F2N3OS/c1-2-11-7-18-8-13(19-11)15(22)20-14(21)5-9-3-4-10(16)6-12(9)17/h2-4,6-8,15,22H,1,5H2,(H,20,21)/t15-/m1/s1",C15H13N3OSF2,321.07473947600005,2.685100000000001,4.65,3.12,21.9,-150,3.5108158354201136,1,ENAMINE,4,2,54.88,5,15,1,3,0.6818181818181818,0.045454545454545456,0.13636363636363635,0.13333333333333333,0.06666666666666667,22,2,0,2,1,0,1,0,0
OC[C@@H](CCNCc1nnn[nH]1)n1cnnc1C,21/000000031,"InChI=1S/C9H16N8O/c1-7-12-11-6-17(7)8(5-18)2-3-10-4-9-13-15-16-14-9/h6,8,10,18H,2-5H2,1H3,(H,13,14,15,16)/t8-/m1/s1",C9H15N8O,252.14470713199998,-1.1870799999999992,4.64,2.88,3.58,-170,3.8730255975029895,1,ENAMINE,8,3,117.43,7,9,1,8,0.5,0.05555555555555555,0.4444444444444444,0.6666666666666666,0.1111111111111111,18,2,0,2,2,0,2,0,0
OC(=O)[C@@H](N)C#Cc1[nH]nc(c1N)C=C,24/000000090,"InChI=1S/C9H10N4O2/c1-2-6-8(11)7(13-12-6)4-3-5(10)9(14)15/h2,5H,1,10-11H2,(H,12,13)(H,14,15)/t5-/m0/s1",C9H10N4O2,206.08037556,-0.6016999999999999,4.64,0.53,20.8,-150,4.548000420492507,1,ENAMINE,4,4,118.01999999999998,2,9,2,4,0.6,0.13333333333333333,0.26666666666666666,0.1111111111111111,0.1111111111111111,15,1,0,1,1,0,1,0,0
OC(=O)[C@@H](N)C#Cc1[nH]nc(c1N)CC=C,24/000000133,"InChI=1S/C10H12N4O2/c1-2-3-7-9(12)8(14-13-7)5-4-6(11)10(15)16/h2,6H,1,3,11-12H2,(H,13,14)(H,15,16)/t6-/m0/s1",C10H12N4O2,220.096025624,-0.5162000000000007,4.63,-0.37,21.4,-150,4.429742780614739,1,ENAMINE,4,4,118.01999999999998,3,10,2,4,0.625,0.125,0.25,0.2,0.1,16,1,0,1,1,0,1,0,0
OC(=O)Cc1cc(c2nonc2)cc(c1)CCCS,21/000000062,"InChI=1S/C13H14N2O3S/c16-13(17)7-10-4-9(2-1-3-19)5-11(6-10)12-8-14-18-15-12/h4-6,8,19H,1-3,7H2,(H,16,17)",C13H14N2O3S,278.072513308,2.226100000000001,4.62,-3.52,20.1,-140,3.050305353780928,1,ENAMINE,5,2,76.22,6,13,3,2,0.6842105263157895,0.15789473684210525,0.10526315789473684,0.3076923076923077,0.0,19,2,0,2,1,0,1,0,0
N(C(=O)Cc1nnc(o1)C/C=C/CCCc1nnc[nH]1)N,29/000000260,"InChI=1S/C12H17N7O2/c13-16-10(20)7-12-19-18-11(21-12)6-4-2-1-3-5-9-14-8-15-17-9/h2,4,8H,1,3,5-7,13H2,(H,16,20)(H,14,15,17)/b4-2+",C12H17N7O2,291.14437278400004,-0.1583,4.62,5.56,5.08,0,3.4745959533451583,1,ENAMINE,7,3,135.61,8,12,2,7,0.5714285714285714,0.09523809523809523,0.3333333333333333,0.4166666666666667,0.0,21,2,0,2,2,0,2,0,0
OC(=O)c1cccc(c1)[C@H](NN)N,21/000000052,"InChI=1S/C8H11N3O2/c9-7(11-10)5-2-1-3-6(4-5)8(12)13/h1-4,7,11H,9-10H2,(H,12,13)/t7-/m0/s1",C8H11N3O2,181.085126592,-0.1946,4.61,-0.37,2.22,-150,2.7931744692798333,1,ENAMINE,4,4,101.36999999999999,3,8,2,3,0.6153846153846154,0.15384615384615385,0.23076923076923078,0.125,0.125,13,1,0,1,0,0,0,0,0
OC(=O)[C@](C)(c1cnc(cc1)C=C)O,24/000000107,"InChI=1S/C10H11NO3/c1-3-8-5-4-7(6-11-8)10(2,14)9(12)13/h3-6,14H,1H2,2H3,(H,12,13)/t10-/m0/s1",C10H11NO3,193.073893212,1.0167000000000002,4.61,3.54,11.6,-170,3.3144776275054673,1,ENAMINE,3,2,70.42,3,10,3,1,0.7142857142857143,0.21428571428571427,0.07142857142857142,0.2,0.1,14,1,0,1,1,0,1,0,0
O[C@@H](CF)c1onc(c1)/C=C/C(=C)CC(=O)O,2/000000006,"InChI=1S/C11H12FNO4/c1-7(4-11(15)16)2-3-8-5-10(17-13-8)9(14)6-12/h2-3,5,9,14H,1,4,6H2,(H,15,16)/b3-2+/t9-/m0/s1",C11H12NO4F,241.075036084,1.7216000000000002,4.61,5.35,3.58,-150,4.071287712960585,1,ENAMINE,4,2,83.56,6,11,4,1,0.6470588235294118,0.23529411764705882,0.058823529411764705,0.2727272727272727,0.09090909090909091,17,1,0,1,1,0,1,0,0
N=c1scc([nH]1)COC(=O)CCCNC(=O)CN1N=CCC1=O,21/000000080,"InChI=1S/C13H17N5O4S/c14-13-17-9(8-23-13)7-22-12(21)2-1-4-15-10(19)6-18-11(20)3-5-16-18/h5,8H,1-4,6-7H2,(H2,14,17)(H,15,19)",C13H17N5O4S,339.100125024,-0.28662999999999994,4.61,0.81,5.09,0,3.538701903151349,1,ENAMINE,7,3,127.70999999999998,8,13,4,5,0.5652173913043478,0.17391304347826086,0.21739130434782608,0.46153846153846156,0.0,23,2,1,1,2,1,1,0,0
Oc1cc(Cl)c(c(c1)[C@H](CO)C=C)C=C,18/000000023,"InChI=1S/C12H13ClO2/c1-3-8(7-14)11-5-9(15)6-12(13)10(11)4-2/h3-6,8,14-15H,1-2,7H2/t8-/m0/s1",C12H13O2Cl,224.060407336,2.950500000000001,4.6,-5.85,12.1,-190,3.77443657433866,1,ENAMINE,2,2,40.46,4,12,2,0,0.8,0.13333333333333333,0.0,0.16666666666666666,0.08333333333333333,15,1,0,1,0,0,0,0,0
c1nnc(o1)c1ccc(cc1CNN)Cc1oncc1,21/000000017,"InChI=1S/C13H13N5O2/c14-15-7-10-5-9(6-11-3-4-17-20-11)1-2-12(10)13-18-16-8-19-13/h1-5,8,15H,6-7,14H2",C13H13N5O2,271.10692465600005,1.2787000000000002,4.6,-0.46,22.6,-140,3.1314573860042145,1,ENAMINE,7,2,103.0,5,13,2,5,0.65,0.1,0.25,0.15384615384615385,0.0,20,3,0,3,2,0,2,0,0
Oc1ccc(cc1Nc1onc(c1)[C@@H]([NH3+])c1nnn[nH]1)S,21/000000034,"InChI=1S/C11H11N7O2S/c12-10(11-14-17-18-15-11)7-4-9(20-16-7)13-6-3-5(21)1-2-8(6)19/h1-4,10,13,19,21H,12H2,(H,14,15,17,18)/p+1/t10-/m1/s1",C11H11N7O2S,306.07677004409004,0.2568999999999995,4.6,-2.02,21.7,-150,4.381052075966911,1,ENAMINE,8,5,140.39000000000001,4,11,2,7,0.5238095238095238,0.09523809523809523,0.3333333333333333,0.09090909090909091,0.09090909090909091,21,3,0,3,2,0,2,0,0
c1nccnc1[C@@H](CCCCc1n[nH]c(=S)[nH]1)[NH3+],13/000000013,"InChI=1S/C11H16N6S/c12-8(9-7-13-5-6-14-9)3-1-2-4-10-15-11(18)17-16-10/h5-8H,1-4,12H2,(H2,15,16,17,18)/p+1/t8-/m1/s1",C11H17N6S,265.12299196409,0.95329,4.6,-0.03,3.58,-150,4.208347490994114,1,ENAMINE,4,3,97.89,6,11,0,6,0.6111111111111112,0.0,0.3333333333333333,0.45454545454545453,0.09090909090909091,18,2,0,2,2,0,2,0,0
O=C(C[NH2+]CC(=O)C=S)Oc1cc(cc(c1N)F)C,19/000000034,"InChI=1S/C12H13FN2O3S/c1-7-2-9(13)12(14)10(3-7)18-11(17)5-15-4-8(16)6-19/h2-3,6,15H,4-5,14H2,1H3/p+1",C12H14N2O3SF,285.07036794809,-0.24608000000000008,4.59,-1.38,3.58,-20,3.9290471335697656,1,ENAMINE,5,2,86.0,6,12,3,2,0.631578947368421,0.15789473684210525,0.10526315789473684,0.25,0.0,19,1,0,1,0,0,0,0,0
OC(=O)[C@@H](N)C#Cc1nnc([nH]1)C(=O)C=C,24/000000088,"InChI=1S/C9H8N4O3/c1-2-6(14)8-11-7(12-13-8)4-3-5(10)9(15)16/h2,5H,1,10H2,(H,15,16)(H,11,12,13)/t5-/m0/s1",C9H8N4O3,220.059640116,-1.0632,4.59,-1.25,3.58,-150,4.654073013172878,1,ENAMINE,5,3,121.95999999999998,3,9,3,4,0.5625,0.1875,0.25,0.1111111111111111,0.1111111111111111,16,1,0,1,1,0,1,0,0
SCc1c(Cl)nc([nH]1)[C@@H]([NH2+]Cc1nnn[nH]1)/C=C\CC,17/000000030,"InChI=1S/C11H16ClN7S/c1-2-3-4-7(13-5-9-16-18-19-17-9)11-14-8(6-20)10(12)15-11/h3-4,7,13,20H,2,5-6H2,1H3,(H,14,15)(H,16,17,18,19)/p+1/b4-3-/t7-/m0/s1",C11H17N7SCl,314.09491864409,0.7768999999999995,4.59,-2.28,3.58,-170,5.075306315703508,1,ENAMINE,5,4,99.75,7,11,0,7,0.55,0.0,0.35,0.45454545454545453,0.09090909090909091,20,2,0,2,2,0,2,0,0
NNC(=O)Cc1cc(cc(c1)C(=O)O)C(=C)/C=C\C,21/000000049,"InChI=1S/C14H16N2O3/c1-3-4-9(2)11-5-10(7-13(17)16-15)6-12(8-11)14(18)19/h3-6,8H,2,7,15H2,1H3,(H,16,17)(H,18,19)/b4-3-",C14H15N2O3,260.116092372,1.5064999999999995,4.59,-4.58,3.58,-40,2.8012127444294954,1,ENAMINE,3,3,92.42,5,14,3,2,0.7368421052631579,0.15789473684210525,0.10526315789473684,0.14285714285714285,0.0,19,1,0,1,0,0,0,0,0
OP(=O)([C@@H](n1ncc(c1)Cl)c1cccc(c1)NCCCCN)O,22/000000009,"InChI=1S/C14H20ClN4O3P/c15-12-9-18-19(10-12)14(23(20,21)22)11-4-3-5-13(8-11)17-7-2-1-6-16/h3-5,8-10,14,17H,1-2,6-7,16H2,(H2,20,21,22)/t14-/m1/s1",C14H20N4O3PCl,358.09615481000003,2.4118999999999997,4.58,-2.08,23.7,-190,3.3434296227393467,1,ENAMINE,5,4,113.39999999999999,8,14,3,4,0.6086956521739131,0.13043478260869565,0.17391304347826086,0.35714285714285715,0.07142857142857142,23,2,0,2,1,0,1,0,0
N(C(=O)Cc1nnc(o1)C/C=C/CC[C@@H]1NC1)N,29/000000244,"InChI=1S/C11H17N5O2/c12-14-9(17)6-11-16-15-10(18-11)5-3-1-2-4-8-7-13-8/h1,3,8,13H,2,4-7,12H2,(H,14,17)/b3-1+/t8-/m0/s1",C11H17N5O2,251.138224784,-0.5472999999999988,4.57,4.71,3.72,-150,3.678093157544758,1,ENAMINE,6,3,115.98,7,11,2,5,0.6111111111111112,0.1111111111111111,0.2777777777777778,0.5454545454545454,0.09090909090909091,18,2,1,1,2,1,1,0,0
Oc1cc(cc(c1O)N)/C=C/Cc1cccc(c1)C[NH3+],23/000000038,"InChI=1S/C16H18N2O2/c17-10-13-6-2-4-11(7-13)3-1-5-12-8-14(18)16(20)15(19)9-12/h1-2,4-9,19-20H,3,10,17-18H2/p+1/b5-1+",C16H19N2O2,271.14410426809,1.677799999999999,4.56,-7.87,3.58,-60,3.139055630556273,1,ENAMINE,3,4,94.12,4,16,2,2,0.8,0.1,0.1,0.125,0.0,20,2,0,2,0,0,0,0,0
Oc1cc(c(cc1O)c1nc[nH]c1)C(=C)CCNCN,23/000000009,"InChI=1S/C14H18N4O2/c1-9(2-3-16-7-15)10-4-13(19)14(20)5-11(10)12-6-17-8-18-12/h4-6,8,16,19-20H,1-3,7,15H2,(H,17,18)",C14H18N4O2,274.142975816,1.3969999999999996,4.55,-5.42,3.58,-160,3.613491619567262,1,ENAMINE,5,5,107.19,6,14,2,4,0.7,0.1,0.2,0.21428571428571427,0.0,20,2,0,2,1,0,1,0,0
N(C(=O)Cc1nnc(o1)C/C=C/[C@@H]1C=C(COC(=O)CC)CCC1)N,29/000000297,"InChI=1S/C17H24N4O4/c1-2-17(23)24-11-13-7-3-5-12(9-13)6-4-8-15-20-21-16(25-15)10-14(22)19-18/h4,6,9,12H,2-3,5,7-8,10-11,18H2,1H3,(H,19,22)/b6-4+/t12-/m1/s1",C17H24N4O4,348.17975524800005,1.3803999999999992,4.54,3.31,6.58,-170,3.902334372101419,1,ENAMINE,7,2,120.34000000000002,8,17,4,4,0.68,0.16,0.16,0.5294117647058824,0.058823529411764705,25,2,1,1,1,0,1,0,0
NCO[C@@H](C)c1nc(sc1)NCC#CCN1N=CCC1=O,21/000000083,"InChI=1S/C13H17N5O2S/c1-10(20-9-14)11-8-21-13(17-11)15-5-2-3-7-18-12(19)4-6-16-18/h6,8,10H,4-5,7,9,14H2,1H3,(H,15,17)/t10-/m0/s1",C13H17N5O2S,307.110295784,0.7703,4.53,3.32,4.94,-170,4.430607460582297,1,ENAMINE,7,2,92.84,6,13,2,5,0.6190476190476191,0.09523809523809523,0.23809523809523808,0.46153846153846156,0.07692307692307693,21,2,1,1,2,1,1,0,0
OCc1c(C#CCN)nc2c(c1)cccc2,26/000000004,"InChI=1S/C13H12N2O/c14-7-3-6-13-11(9-16)8-10-4-1-2-5-12(10)15-13/h1-2,4-5,8,16H,7,9,14H2",C13H12N2O,212.094963004,1.0373000000000003,4.53,-3.29,3.58,-80,2.5412725556158904,1,ENAMINE,3,2,59.14,1,13,1,2,0.8125,0.0625,0.125,0.15384615384615385,0.0,16,2,0,2,1,0,1,0,0
OCCc1noc(c1)C[NH2+]Cc1nonc1CF,2/000000029,"InChI=1S/C10H13FN4O3/c11-4-9-10(15-18-14-9)6-12-5-8-3-7(1-2-16)13-17-8/h3,12,16H,1-2,4-6H2/p+1",C10H14N4O3F,257.10444494809,-0.6745000000000001,4.52,0.16,2.22,0,4.177247970370613,1,ENAMINE,6,2,101.79,7,10,3,4,0.5555555555555556,0.16666666666666666,0.2222222222222222,0.5,0.0,18,2,0,2,2,0,2,0,0
N(C(=O)Cc1nnc(o1)C/C=C/CCCCN)N,29/000000319,"InChI=1S/C11H19N5O2/c12-7-5-3-1-2-4-6-10-15-16-11(18-10)8-9(17)14-13/h2,4H,1,3,5-8,12-13H2,(H,14,17)/b4-2+",C11H19N5O2,253.153874848,-0.17029999999999912,4.52,6.19,3.72,-60,2.916852530064313,1,ENAMINE,6,3,120.06,8,11,2,5,0.6111111111111112,0.1111111111111111,0.2777777777777778,0.5454545454545454,0.0,18,1,0,1,1,0,1,0,0
SCCn1cnc(c1)C#C[C@@H](C(=O)O)N,24/000000162,"InChI=1S/C9H11N3O2S/c10-8(9(13)14)2-1-7-5-12(3-4-15)6-11-7/h5-6,8,15H,3-4,10H2,(H,13,14)/t8-/m0/s1",C9H11N3O2S,225.057197592,-0.4236999999999999,4.51,-0.94,3.85,-170,4.360648197227967,1,ENAMINE,5,3,81.14,3,9,2,3,0.6,0.13333333333333333,0.2,0.3333333333333333,0.1111111111111111,15,1,0,1,1,0,1,0,0
SC(=C)C(=O)/C=C/Cc1nnc(o1)CC(=O)NN,29/000000007,"InChI=1S/C10H12N4O3S/c1-6(18)7(15)3-2-4-9-13-14-10(17-9)5-8(16)12-11/h2-3,18H,1,4-5,11H2,(H,12,16)/b3-2+",C10H12N4O3S,268.063011244,-0.2866999999999999,4.51,6.59,5.24,-60,3.5745023961645996,1,ENAMINE,7,3,111.11,6,10,3,4,0.5555555555555556,0.16666666666666666,0.2222222222222222,0.2,0.0,18,1,0,1,1,0,1,0,0
NNC(=O)Cc1nnc(o1)C/C=C/CCC(=O)c1sc(cc1)Cl,29/000000236,"InChI=1S/C14H15ClN4O3S/c15-11-7-6-10(23-11)9(20)4-2-1-3-5-13-18-19-14(22-13)8-12(21)17-16/h1,3,6-7H,2,4-5,8,16H2,(H,17,21)/b3-1+",C14H15N4O3SCl,354.05533902,2.0786999999999995,4.5,4.34,5.24,0,2.991665926819987,1,ENAMINE,7,2,111.10999999999999,8,14,3,4,0.6086956521739131,0.13043478260869565,0.17391304347826086,0.2857142857142857,0.0,23,2,0,2,2,0,2,0,0
C#C[C@H](c1ncc([nH]1)C/C=C\CN1N=CCC1=O)N,21/000000086,"InChI=1S/C13H15N5O/c1-2-11(14)13-15-9-10(17-13)5-3-4-8-18-12(19)6-7-16-18/h1,3-4,7,9,11H,5-6,8,14H2,(H,15,17)/b4-3-/t11-/m1/s1",C13H15N5O,257.1276601,0.35950000000000004,4.5,3.03,3.72,-150,4.603398168290029,1,ENAMINE,4,2,87.37,5,13,1,5,0.6842105263157895,0.05263157894736842,0.2631578947368421,0.3076923076923077,0.07692307692307693,19,2,1,1,2,1,1,0,0
OCCc1noc(c1)C[NH2+]Cc1nonc1CCCC(=O)O,2/000000024,"InChI=1S/C13H18N4O5/c18-5-4-9-6-10(21-15-9)7-14-8-12-11(16-22-17-12)2-1-3-13(19)20/h6,14,18H,1-5,7-8H2,(H,19,20)/p+1",C13H18N4O5,311.13499612809,-0.736699999999999,4.49,-3.91,3.58,-20,3.7354068736702737,1,ENAMINE,7,3,139.09,10,13,5,4,0.5909090909090909,0.22727272727272727,0.18181818181818182,0.5384615384615384,0.0,22,2,0,2,2,0,2,0,0
O[C@@H](c1ncc([nH]1)N(=O)=O)C1=CN[C@H](N1)C,19/000000026,"InChI=1S/C8H11N5O3/c1-4-9-2-5(11-4)7(14)8-10-3-6(12-8)13(15)16/h2-4,7,9,11,14H,1H3,(H,10,12)/t4?,7-/m1/s1",C8H10N5O3,225.086189212,-0.2685000000000002,4.48,3.76,2.22,-170,4.838317065799333,1,ENAMINE,6,4,116.11000000000001,3,8,3,5,0.5,0.1875,0.3125,0.375,0.25,16,2,1,1,2,1,1,0,0
SC[C@H](c1noc(c1)C[NH3+])N(=O)=O,2/000000023,"InChI=1S/C6H9N3O3S/c7-2-4-1-5(8-12-4)6(3-13)9(10)11/h1,6,13H,2-3,7H2/p+1/t6-/m1/s1",C6H10N3O3S,204.04373860009,-0.33590000000000003,4.48,3.74,2.47,-150,4.869144139609505,1,ENAMINE,5,2,96.81,4,6,3,3,0.46153846153846156,0.23076923076923078,0.23076923076923078,0.5,0.16666666666666666,13,1,0,1,1,0,1,0,0
O[C@H](c1nocc1NC(=O)c1c(F)cccc1Cl)C#CCC[NH3+],17/000000002,"InChI=1S/C15H13ClFN3O3/c16-9-4-3-5-10(17)13(9)15(22)19-11-8-23-20-14(11)12(21)6-1-2-7-18/h3-5,8,12,21H,2,7,18H2,(H,19,22)/p+1/t12-/m0/s1",C15H14N3O3FCl,338.07022362809,1.3881999999999999,4.48,-4.74,3.58,-190,4.00515029581627,1,ENAMINE,4,3,103.00000000000001,4,15,3,3,0.6521739130434783,0.13043478260869565,0.13043478260869565,0.2,0.06666666666666667,23,2,0,2,1,0,1,0,0
OC(=O)Cc1cc(cc(c1)CC/C=C/N)CO,21/000000069,"InChI=1S/C13H17NO3/c14-4-2-1-3-10-5-11(8-13(16)17)7-12(6-10)9-15/h2,4-7,15H,1,3,8-9,14H2,(H,16,17)/b4-2+",C13H17NO3,235.120843404,1.211,4.48,-2.38,3.58,0,2.6896191186654335,1,ENAMINE,3,3,83.55,6,13,3,1,0.7647058823529411,0.17647058823529413,0.058823529411764705,0.3076923076923077,0.0,17,1,0,1,0,0,0,0,0
OCCCc1ncc(nc1)/C=C/C[C@H]([NH3+])c1[nH]ccc1,28/000000017,"InChI=1S/C15H20N4O/c16-14(15-7-2-8-17-15)6-1-4-12-10-19-13(11-18-12)5-3-9-20/h1-2,4,7-8,10-11,14,17,20H,3,5-6,9,16H2/p+1/b4-1+/t14-/m0/s1",C15H21N4O,273.17098771209,1.1160999999999994,4.47,4.13,5.09,-150,4.074281996284272,1,ENAMINE,3,3,89.44,7,15,1,4,0.75,0.05,0.2,0.3333333333333333,0.06666666666666667,20,2,0,2,2,0,2,0,0
NNC(=O)Cc1nnc(o1)C/C=C/c1ccccc1,29/000000291,"InChI=1S/C13H14N4O2/c14-15-11(18)9-13-17-16-12(19-13)8-4-7-10-5-2-1-3-6-10/h1-7H,8-9,14H2,(H,15,18)/b7-4+",C13H14N4O2,258.111675688,0.857899999999999,4.46,7.02,3.72,0,2.541810062405636,1,ENAMINE,5,2,94.03999999999999,5,13,2,4,0.6842105263157895,0.10526315789473684,0.21052631578947367,0.15384615384615385,0.0,19,2,0,2,1,0,1,0,0
c1noc(c1)Cc1cc(c2[nH]c(=O)[nH]c2)cc(c1)CNN,21/000000021,"InChI=1S/C14H15N5O2/c15-17-7-10-3-9(6-12-1-2-18-21-12)4-11(5-10)13-8-16-14(20)19-13/h1-5,8,17H,6-7,15H2,(H2,16,19,20)",C14H15N5O2,285.12257472000005,0.9120999999999999,4.46,-0.59,3.58,-120,3.2173412244674777,1,ENAMINE,5,4,112.73,5,14,2,5,0.6666666666666666,0.09523809523809523,0.23809523809523808,0.14285714285714285,0.0,21,3,0,3,2,0,2,0,0
N(C(=O)Cc1nnc(o1)C/C=C/[C@@H]1CC[NH2+]C1)N,29/000000289,"InChI=1S/C11H17N5O2/c12-14-9(17)6-11-16-15-10(18-11)3-1-2-8-4-5-13-7-8/h1-2,8,13H,3-7,12H2,(H,14,17)/p+1/b2-1+/t8-/m1/s1",C11H18N5O2,252.14550123608998,-1.7159999999999975,4.45,7.19,3.72,-150,4.645028556082871,1,ENAMINE,5,3,110.65,5,11,2,5,0.6111111111111112,0.1111111111111111,0.2777777777777778,0.5454545454545454,0.09090909090909091,18,2,1,1,2,1,1,0,0
OCCNNC(=O)Cc1nnc(o1)C/C=C/c1oncc1,29/000000306,"InChI=1S/C12H15N5O4/c18-7-6-13-15-10(19)8-12-17-16-11(20-12)3-1-2-9-4-5-14-21-9/h1-2,4-5,13,18H,3,6-8H2,(H,15,19)/b2-1+",C12H15N5O4,293.11240396,-0.5309000000000001,4.45,11.5,3.72,0,3.33745547415222,1,ENAMINE,8,3,126.31,8,12,4,5,0.5714285714285714,0.19047619047619047,0.23809523809523808,0.3333333333333333,0.0,21,2,0,2,2,0,2,0,0
NNC(=O)Cc1nnc(o1)C/C=C/c1nc[nH]c1,29/000000045,"InChI=1S/C10H12N6O2/c11-14-8(17)4-10-16-15-9(18-10)3-1-2-7-5-12-6-13-7/h1-2,5-6H,3-4,11H2,(H,12,13)(H,14,17)/b2-1+",C10H12N6O2,248.102173624,-0.4190000000000005,4.45,6.58,3.72,0,3.5092083254001993,1,ENAMINE,6,3,122.72,5,10,2,6,0.5555555555555556,0.1111111111111111,0.3333333333333333,0.2,0.0,18,2,0,2,2,0,2,0,0
N(CF)NC(=O)Cc1nnc(o1)C/C=C/[C@@H]1C=CCCC1,29/000000266,"InChI=1S/C14H19FN4O2/c15-10-16-17-12(20)9-14-19-18-13(21-14)8-4-7-11-5-2-1-3-6-11/h2,4-5,7,11,16H,1,3,6,8-10H2,(H,17,20)/b7-4+/t11-/m1/s1",C14H19N4O2F,294.149204068,1.6148999999999996,4.45,8.86,3.72,-150,4.178705329434756,1,ENAMINE,5,2,80.05,7,14,2,4,0.6666666666666666,0.09523809523809523,0.19047619047619047,0.5,0.07142857142857142,21,2,1,1,1,0,1,0,0
OC(=O)[C@@H](N)C#Cc1ncn(c1)Cc1[nH]ncc1,24/000000119,"InChI=1S/C11H11N5O2/c12-10(11(17)18)2-1-8-5-16(7-13-8)6-9-3-4-14-15-9/h3-5,7,10H,6,12H2,(H,14,15)(H,17,18)/t10-/m0/s1",C11H11N5O2,245.091274592,-0.5820999999999998,4.44,0.84,3.85,-150,4.07786419826874,1,ENAMINE,5,3,109.81999999999998,3,11,2,5,0.6111111111111112,0.1111111111111111,0.2777777777777778,0.18181818181818182,0.09090909090909091,18,2,0,2,2,0,2,0,0
OC(=O)[C@](C)(c1cnccc1)O,24/000000012,"InChI=1S/C8H9NO3/c1-8(12,7(10)11)6-3-2-4-9-5-6/h2-5,12H,1H3,(H,10,11)/t8-/m0/s1",C8H9NO3,167.058243148,0.3737000000000002,4.43,3.78,2.47,-170,2.842038382327196,1,ENAMINE,3,2,70.42,2,8,3,1,0.6666666666666666,0.25,0.08333333333333333,0.25,0.125,12,1,0,1,1,0,1,0,0
C(=C\Cc1cnc([nH]1)C(=O)O)\CN1N=CCC1=O,21/000000077,"InChI=1S/C11H12N4O3/c16-9-4-5-13-15(9)6-2-1-3-8-7-12-10(14-8)11(17)18/h1-2,5,7H,3-4,6H2,(H,12,14)(H,17,18)/b2-1-",C11H11N4O3,248.090940244,0.4247000000000001,4.43,3.86,2.35,0,3.76494302780187,1,ENAMINE,4,2,98.65,5,11,3,4,0.6111111111111112,0.16666666666666666,0.2222222222222222,0.2727272727272727,0.0,18,2,1,1,2,1,1,0,0
O[C@H](C[NH3+])c1nnc(s1)S,24/000000068,"InChI=1S/C4H7N3OS2/c5-1-2(8)3-6-7-4(9)10-3/h2,8H,1,5H2,(H,7,9)/p+1/t2-/m1/s1",C4H8N3OS2,178.01033029609,-0.8979000000000006,4.42,6.93,1.0,-150,5.133992950415385,1,ENAMINE,5,3,73.65,2,4,1,3,0.4,0.1,0.3,0.5,0.25,10,1,0,1,1,0,1,0,0
N[C@H](NCCC)C(=O)c1nocc1,19/000000029,"InChI=1S/C8H13N3O2/c1-2-4-10-8(9)7(12)6-3-5-13-11-6/h3,5,8,10H,2,4,9H2,1H3/t8-/m1/s1",C8H13N3O2,183.100776656,0.14169999999999927,4.41,3.43,2.22,-170,3.588119744005107,1,ENAMINE,5,2,81.14999999999999,5,8,2,3,0.6153846153846154,0.15384615384615385,0.23076923076923078,0.5,0.125,13,1,0,1,1,0,1,0,0
OC(=O)Cc1ncc(nc1)/C=C/C[C@H]([NH3+])c1[nH]ccc1,28/000000008,"InChI=1S/C14H16N4O2/c15-12(13-5-2-6-16-13)4-1-3-10-8-18-11(9-17-10)7-14(19)20/h1-3,5-6,8-9,12,16H,4,7,15H2,(H,19,20)/p+1/b3-1+/t12-/m0/s1",C14H17N4O2,273.13460220409,0.8183,4.41,2.97,5.09,-150,4.05390469627031,1,ENAMINE,3,3,106.50999999999999,6,14,2,4,0.7,0.1,0.2,0.21428571428571427,0.07142857142857142,20,2,0,2,2,0,2,0,0
NCCCCN[C@@H]1c2nncn2CCC1,20/000000001,"InChI=1S/C10H19N5/c11-5-1-2-6-12-9-4-3-7-15-8-13-14-10(9)15/h8-9,12H,1-7,11H2/t9-/m0/s1",C10H19N5,209.16404560799998,0.44149999999999956,4.41,-1.31,2.22,-190,3.2876659100029952,1,ENAMINE,5,2,68.75999999999999,5,10,0,5,0.6666666666666666,0.0,0.3333333333333333,0.8,0.1,15,2,1,1,2,1,1,0,0
N(CCCn1cnnc1Cc1cc(Cl)ccc1N)Cc1nnn[nH]1,21/000000036,"InChI=1S/C14H18ClN9/c15-11-2-3-12(16)10(6-11)7-14-21-18-9-24(14)5-1-4-17-8-13-19-22-23-20-13/h2-3,6,9,17H,1,4-5,7-8,16H2,(H,19,20,22,23)",C14H17N9Cl,347.1373692560001,0.7974999999999994,4.4,-0.94,4.94,-40,3.0166930237702383,1,ENAMINE,8,3,123.22,8,14,0,9,0.5833333333333334,0.0,0.375,0.35714285714285715,0.0,24,3,0,3,2,0,2,0,0
C(=C)Cc1nnc(o1)CC(=O)NN,29/000000005,"InChI=1S/C7H10N4O2/c1-2-3-6-10-11-7(13-6)4-5(12)9-8/h2H,1,3-4,8H2,(H,9,12)",C7H10N4O2,182.08037556,-0.6694999999999998,4.4,6.29,17.4,0,2.965593596162673,1,ENAMINE,5,2,94.03999999999999,4,7,2,4,0.5384615384615384,0.15384615384615385,0.3076923076923077,0.2857142857142857,0.0,13,1,0,1,1,0,1,0,0
Oc1cc(/C=C/C=C/CO)cc(c1O)C[C@@H]1NC=CN1,23/000000018,"InChI=1S/C15H18N2O3/c18-7-3-1-2-4-11-8-12(15(20)13(19)9-11)10-14-16-5-6-17-14/h1-6,8-9,14,16-20H,7,10H2/b3-1+,4-2+",C15H17N2O3,274.131742436,1.1920999999999997,4.39,-7.56,3.58,-60,3.712725511990627,1,ENAMINE,5,5,84.75,5,15,3,2,0.75,0.15,0.1,0.2,0.0,20,2,1,1,1,1,0,0,0
Oc1cc(/C=C/CCCN)c(cc1O)c1ocnc1,23/000000045,"InChI=1S/C14H16N2O3/c15-5-3-1-2-4-10-6-12(17)13(18)7-11(10)14-8-16-9-19-14/h2,4,6-9,17-18H,1,3,5,15H2/b4-2+",C14H16N2O3,260.116092372,2.5048999999999992,4.39,-6.44,3.58,-180,2.9439258666014396,1,ENAMINE,5,3,92.51,5,14,3,2,0.7368421052631579,0.15789473684210525,0.10526315789473684,0.21428571428571427,0.0,19,2,0,2,1,0,1,0,0
Oc1c(I)cc(c(c1)C/C=C/CSCCNN)I,4/000000032,"InChI=1S/C12H16I2N2OS/c13-10-8-11(14)12(17)7-9(10)3-1-2-5-18-6-4-16-15/h1-2,7-8,16-17H,3-6,15H2/b2-1+",C12H16N2OSI2,489.90728013200004,2.8965999999999994,4.38,-0.74,3.58,0,3.587389887530376,1,ENAMINE,4,3,58.28,7,12,1,2,0.6666666666666666,0.05555555555555555,0.1111111111111111,0.3333333333333333,0.0,18,1,0,1,0,0,0,0,0
C=C(CN)NCc1ccc(cc1)C/C=C/[C@H](CN)N,21/000000012,"InChI=1S/C15H24N4/c1-12(9-16)19-11-14-7-5-13(6-8-14)3-2-4-15(18)10-17/h2,4-8,15,19H,1,3,9-11,16-18H2/b4-2+/t15-/m1/s1",C15H24N4,260.200096768,0.6333000000000011,4.38,-2.42,3.58,-190,3.5360454832392314,1,ENAMINE,4,4,90.08999999999999,8,15,0,4,0.7894736842105263,0.0,0.21052631578947367,0.3333333333333333,0.06666666666666667,19,1,0,1,0,0,0,0,0
c1nnc([nH]1)C/C=C/Cc1nnc(o1)CC(=O)NNCCC,29/000000185,"InChI=1S/C13H19N7O2/c1-2-7-15-18-11(21)8-13-20-19-12(22-13)6-4-3-5-10-14-9-16-17-10/h3-4,9,15H,2,5-8H2,1H3,(H,18,21)(H,14,16,17)/b4-3+",C13H19N7O2,305.160022848,0.10239999999999982,4.38,10.19,3.72,-20,3.576046434109834,1,ENAMINE,7,3,121.62,9,13,2,7,0.5909090909090909,0.09090909090909091,0.3181818181818182,0.46153846153846156,0.0,22,2,0,2,2,0,2,0,0
c1cncc2c1[nH]cc2CNCOCC/C=C\CN1N=CCC1=O,21/000000078,"InChI=1S/C17H21N5O2/c23-17-5-7-21-22(17)8-2-1-3-9-24-13-19-10-14-11-20-16-4-6-18-12-15(14)16/h1-2,4,6-7,11-12,19-20H,3,5,8-10,13H2/b2-1-",C17H21N5O2,327.169524912,1.791,4.37,1.27,8.12,-80,3.526360864661741,1,ENAMINE,5,2,82.60999999999999,9,17,2,5,0.7083333333333334,0.08333333333333333,0.20833333333333334,0.35294117647058826,0.0,24,3,1,2,3,1,2,0,0
O[C@H](C1=CCCC=C1)c1ncc([nH]1)N(=O)=O,19/000000017,"InChI=1S/C10H11N3O3/c14-9(7-4-2-1-3-5-7)10-11-6-8(12-10)13(15)16/h2,4-6,9,14H,1,3H2,(H,11,12)/t9-/m1/s1",C10H11N3O3,221.080041212,1.6277,4.37,4.0,2.22,-150,4.109857700113844,1,ENAMINE,4,2,92.05000000000001,3,10,3,3,0.625,0.1875,0.1875,0.3,0.1,16,2,1,1,1,0,1,0,0
O=N(=O)[C@H](Cc1nnc[nH]1)c1noc(c1)C[NH3+],2/000000016,"InChI=1S/C8H10N6O3/c9-3-5-1-6(13-17-5)7(14(15)16)2-8-10-4-11-12-8/h1,4,7H,2-3,9H2,(H,10,11,12)/p+1/t7-/m1/s1",C8H11N6O3,239.08871463209,-0.9048999999999994,4.37,5.88,2.35,-150,4.904487921990684,1,ENAMINE,6,2,138.38,5,8,3,6,0.47058823529411764,0.17647058823529413,0.35294117647058826,0.375,0.125,17,2,0,2,2,0,2,0,0
c1ncc2c(n1)c(/C(=C/c1nnsc1)/C(=C\CN)/C(=O)N)ccc2,27/000000003,"InChI=1S/C16H14N6OS/c17-5-4-13(16(18)23)14(6-11-8-24-22-21-11)12-3-1-2-10-7-19-9-20-15(10)12/h1-4,6-9H,5,17H2,(H2,18,23)/b13-4+,14-6-",C16H14N6OS,338.094980068,1.3923,4.36,-7.48,5.09,-140,3.451050195294366,1,ENAMINE,7,2,120.67,5,16,1,6,0.6666666666666666,0.041666666666666664,0.25,0.0625,0.0,24,3,0,3,2,0,2,0,0
NC[C@@H]1NC(=CN1)CC(=C)c1nonc1,24/000000186,"InChI=1S/C9H13N5O/c1-6(8-5-12-15-14-8)2-7-4-11-9(3-10)13-7/h4-5,9,11,13H,1-3,10H2/t9-/m0/s1",C9H13N5O,207.112010036,-0.20810000000000017,4.36,1.4,19.2,-150,4.986404347147246,1,ENAMINE,6,3,89.0,4,9,1,5,0.6,0.06666666666666667,0.3333333333333333,0.3333333333333333,0.1111111111111111,15,2,1,1,2,1,1,0,0
Oc1c(O)cc(c(c1)/C=C/CC)c1ocnc1C[NH3+],23/000000046,"InChI=1S/C14H16N2O3/c1-2-3-4-9-5-12(17)13(18)6-10(9)14-11(7-15)16-8-19-14/h3-6,8,17-18H,2,7,15H2,1H3/p+1/b4-3+",C14H17N2O3,261.12336882409,1.9178999999999995,4.36,-7.25,3.58,-200,3.723844008836564,1,ENAMINE,4,3,94.13000000000001,4,14,3,2,0.7368421052631579,0.15789473684210525,0.10526315789473684,0.21428571428571427,0.0,19,2,0,2,1,0,1,0,0
Fc1cc(C(=O)Nc2ncc(cc2)CNCN)cc(c1)C,4/000000046,"InChI=1S/C15H17FN4O/c1-10-4-12(6-13(16)5-10)15(21)20-14-3-2-11(8-19-14)7-18-9-17/h2-6,8,18H,7,9,17H2,1H3,(H,19,20,21)",C15H17N4OF,288.13863938400004,1.78722,4.36,-0.52,3.58,-20,2.30175470257037,1,ENAMINE,4,3,80.04,5,15,1,4,0.7142857142857143,0.047619047619047616,0.19047619047619047,0.2,0.0,21,2,0,2,1,0,1,0,0
O[C@@H](C/C=C/Cc1nnc(o1)CC(=O)NN)C,29/000000084,"InChI=1S/C10H16N4O3/c1-7(15)4-2-3-5-9-13-14-10(17-9)6-8(16)12-11/h2-3,7,15H,4-6,11H2,1H3,(H,12,16)/b3-2+/t7-/m1/s1",C10H16N4O3,240.122240372,-0.5283999999999993,4.35,6.21,3.72,-170,3.5483725987500954,1,ENAMINE,6,3,114.27,6,10,3,4,0.5882352941176471,0.17647058823529413,0.23529411764705882,0.5,0.1,17,1,0,1,1,0,1,0,0
NN[C@@]1(C=NCC1)/C=C/COC,16/000000003,"InChI=1S/C8H15N3O/c1-12-6-2-3-8(11-9)4-5-10-7-8/h2-3,7,11H,4-6,9H2,1H3/b3-2+/t8-/m0/s1",C8H15N3O,169.1215121,-0.13439999999999985,4.35,6.23,3.58,-170,4.907694406082852,1,ENAMINE,4,2,59.64,4,8,1,3,0.6666666666666666,0.08333333333333333,0.25,0.625,0.125,12,1,1,0,1,1,0,0,0
Oc1c(Cl)ccc(c1)[C@H](Nc1sccn1)c1oncc1,24/000000188,"InChI=1S/C13H10ClN3O2S/c14-9-2-1-8(7-10(9)18)12(11-3-4-16-19-11)17-13-15-5-6-20-13/h1-7,12,18H,(H,15,17)/t12-/m0/s1",C13H10N3O2SCl,307.01822524,3.691600000000001,4.35,-4.05,3.58,-150,3.365070059944748,1,ENAMINE,6,2,71.18,4,13,2,3,0.65,0.1,0.15,0.07692307692307693,0.07692307692307693,20,3,0,3,2,0,2,0,0
Oc1cc(ccc1O)/C=C(/CCCCS)\c1nscc1,23/000000003,"InChI=1S/C15H17NO2S2/c17-14-5-4-11(10-15(14)18)9-12(3-1-2-7-19)13-6-8-20-16-13/h4-6,8-10,17-19H,1-3,7H2/b12-9-",C15H17NO2S2,307.070070784,4.195000000000002,4.35,-6.84,3.58,-60,3.125269641545284,1,ENAMINE,5,3,53.35,6,15,2,1,0.75,0.1,0.05,0.26666666666666666,0.0,20,2,0,2,1,0,1,0,0
N(C(=O)Cc1nnc(o1)C/C=C/CCC(=O)c1sccc1CC)N,29/000000331,"InChI=1S/C16H20N4O3S/c1-2-11-8-9-24-16(11)12(21)6-4-3-5-7-14-19-20-15(23-14)10-13(22)18-17/h3,5,8-9H,2,4,6-7,10,17H2,1H3,(H,18,22)/b5-3+",C16H20N4O3S,348.12561150000005,1.9876999999999998,4.34,4.08,5.24,-20,3.103342080008119,1,ENAMINE,7,2,111.11,9,16,3,4,0.6666666666666666,0.125,0.16666666666666666,0.375,0.0,24,2,0,2,2,0,2,0,0
Oc1c(I)cc(c(c1)C/C=C/c1nc(ccc1)NC)I,4/000000003,"InChI=1S/C15H14I2N2O/c1-18-15-7-3-6-11(19-15)5-2-4-10-8-14(20)13(17)9-12(10)16/h2-3,5-9,20H,4H2,1H3,(H,18,19)/b5-2+",C15H14N2OI2,491.919559068,4.294000000000002,4.34,-0.63,3.58,-20,3.089209476710119,1,ENAMINE,3,2,45.150000000000006,4,15,1,2,0.75,0.05,0.1,0.13333333333333333,0.0,20,2,0,2,1,0,1,0,0
OC(=O)c1cnc2c(c1)c(ccc2)CCCCC/N=c\1/scc[nH]1,18/000000002,"InChI=1S/C18H19N3O2S/c22-17(23)14-11-15-13(6-4-7-16(15)21-12-14)5-2-1-3-8-19-18-20-9-10-24-18/h4,6-7,9-12H,1-3,5,8H2,(H,19,20)(H,22,23)",C18H19N3O2S,341.1197978480001,3.636300000000002,4.33,1.72,3.58,-80,2.973099397396611,1,ENAMINE,4,2,78.34,7,18,2,3,0.75,0.08333333333333333,0.125,0.2777777777777778,0.0,24,3,0,3,2,0,2,0,0
ONC/C(=C/c1cnc(c(c1)CC#CC)O)/CC1CNNC1,25/000000009,"InChI=1S/C16H22N4O2/c1-2-3-4-15-7-13(8-17-16(15)21)5-12(11-20-22)6-14-9-18-19-10-14/h5,7-8,14,18-20,22H,4,6,9-11H2,1H3,(H,17,21)/b12-5+",C16H22N4O2,302.174275944,0.8292999999999999,4.33,1.03,20.4,-170,4.223558522021921,1,ENAMINE,6,5,89.44,6,16,2,4,0.7272727272727273,0.09090909090909091,0.18181818181818182,0.4375,0.0,22,2,1,1,2,1,1,0,0
O=C1N/C(=C\C#C[C@@H](C)c2ccc[nH]c2=O)/C=C1,3/000000003,"InChI=1S/C14H12N2O2/c1-10(12-6-3-9-15-14(12)18)4-2-5-11-7-8-13(17)16-11/h3,5-10H,1H3,(H,15,18)(H,16,17)/b11-5-/t10-/m1/s1",C14H12N2O2,240.089877624,1.0517,4.32,-0.91,22.8,-170,4.242771890576432,1,ENAMINE,2,2,61.96,1,14,2,2,0.7777777777777778,0.1111111111111111,0.1111111111111111,0.14285714285714285,0.07142857142857142,18,2,1,1,2,1,1,0,0
C(=C)CNNC(=O)Cc1nnc(o1)C/C=C/c1oncc1,29/000000264,"InChI=1S/C13H15N5O3/c1-2-7-14-16-11(19)9-13-18-17-12(20-13)5-3-4-10-6-8-15-21-10/h2-4,6,8,14H,1,5,7,9H2,(H,16,19)/b4-3+",C13H15N5O3,289.11748934,0.6627999999999994,4.32,11.84,3.72,0,3.4578738852493185,1,ENAMINE,7,2,106.08,8,13,3,5,0.6190476190476191,0.14285714285714285,0.23809523809523808,0.23076923076923078,0.0,21,2,0,2,2,0,2,0,0
NOCc1noc2c1cccc2C(=O)NCC1=C[C@H](CO1)Cl,1/000000003,"InChI=1S/C14H14ClN3O4/c15-8-4-9(20-6-8)5-17-14(19)11-3-1-2-10-12(7-21-16)18-22-13(10)11/h1-4,8H,5-7,16H2,(H,17,19)/t8-/m1/s1",C14H14N3O4Cl,323.06728360799997,1.4693999999999998,4.32,-0.14,3.58,-190,3.8514044500841376,1,ENAMINE,6,2,99.61,5,14,4,3,0.6363636363636364,0.18181818181818182,0.13636363636363635,0.2857142857142857,0.07142857142857142,22,3,1,2,2,1,1,0,0
OC(=O)c1c[nH]c(c1)COCC[C@H](C1=CCCC1)c1nnc[nH]1,14/000000006,"InChI=1S/C16H20N4O3/c21-16(22)12-7-13(17-8-12)9-23-6-5-14(11-3-1-2-4-11)15-18-10-19-20-15/h3,7-8,10,14,17H,1-2,4-6,9H2,(H,21,22)(H,18,19,20)/t14-/m1/s1",C16H20N4O3,316.1535405,2.6318,4.32,-1.87,6.17,-190,4.044088308875971,1,ENAMINE,4,3,103.88999999999999,8,16,3,4,0.6956521739130435,0.13043478260869565,0.17391304347826086,0.4375,0.0625,23,3,1,2,2,0,2,0,0
SC[C@H](NCC)C(=O)Nc1ncc(cc1)C=C,4/000000041,"InChI=1S/C12H17N3OS/c1-3-9-5-6-11(14-7-9)15-12(16)10(8-17)13-4-2/h3,5-7,10,13,17H,1,4,8H2,2H3,(H,14,15,16)/t10-/m0/s1",C12H17N3OS,251.109233164,1.5709999999999997,4.32,2.79,2.22,-170,3.075116952268917,1,ENAMINE,4,3,54.02,6,12,1,3,0.7058823529411765,0.058823529411764705,0.17647058823529413,0.3333333333333333,0.08333333333333333,17,1,0,1,1,0,1,0,0
O[C@@H](/C=C/Cc1nnc([nH]1)CCl)c1nnn[nH]1,21/000000043,"InChI=1S/C8H10ClN7O/c9-4-7-10-6(11-12-7)3-1-2-5(17)8-13-15-16-14-8/h1-2,5,17H,3-4H2,(H,10,11,12)(H,13,14,15,16)/b2-1+/t5-/m0/s1",C8H9N7OCl,255.06353561999998,-0.11110000000000014,4.31,-0.9,2.22,-150,4.5468779730110915,1,ENAMINE,6,3,116.25999999999999,5,8,1,7,0.47058823529411764,0.058823529411764705,0.4117647058823529,0.375,0.125,17,2,0,2,2,0,2,0,0
N(C)NCC[C@H](c1noc(c1)CF)N(=O)=O,2/000000015,"InChI=1S/C8H13FN4O3/c1-10-11-3-2-8(13(14)15)7-4-6(5-9)16-12-7/h4,8,10-11H,2-3,5H2,1H3/t8-/m1/s1",C8H13N4O3F,232.097168496,0.5759999999999996,4.31,4.58,2.35,-170,4.3434990987152435,1,ENAMINE,6,2,93.22999999999999,7,8,3,4,0.5,0.1875,0.25,0.625,0.125,16,1,0,1,1,0,1,0,0
OCCCNCc1ncc([nH]1)C/C=C\CN1N=CCC1=O,21/000000084,"InChI=1S/C14H21N5O2/c20-9-3-6-15-11-13-16-10-12(18-13)4-1-2-8-19-14(21)5-7-17-19/h1-2,7,10,15,20H,3-6,8-9,11H2,(H,16,18)/b2-1-",C14H21N5O2,291.169524912,0.19850000000000034,4.3,2.57,3.58,0,3.5902658146314126,1,ENAMINE,5,3,93.60999999999999,9,14,2,5,0.6666666666666666,0.09523809523809523,0.23809523809523808,0.5,0.0,21,2,1,1,2,1,1,0,0
OC(=O)[C@@H](N)C#Cc1ncn(c1)C,24/000000180,"InChI=1S/C8H9N3O2/c1-11-4-6(10-5-11)2-3-7(9)8(12)13/h4-5,7H,9H2,1H3,(H,12,13)/t7-/m0/s1",C8H9N3O2,179.069476528,-0.8165,4.3,0.45,2.22,-170,4.108076447301812,1,ENAMINE,4,2,81.13999999999999,1,8,2,3,0.6153846153846154,0.15384615384615385,0.23076923076923078,0.25,0.125,13,1,0,1,1,0,1,0,0
OC/C=C(\Cc1ccc(cc1CNN)Cc1oncc1)/C,21/000000020,"InChI=1S/C16H21N3O2/c1-12(5-7-20)8-14-3-2-13(9-15(14)11-18-17)10-16-4-6-19-21-16/h2-6,9,18,20H,7-8,10-11,17H2,1H3/b12-5-",C16H21N3O2,287.163376912,1.7098,4.3,-3.5,3.58,-60,3.163871312739862,1,ENAMINE,5,3,84.31,7,16,2,3,0.7619047619047619,0.09523809523809523,0.14285714285714285,0.3125,0.0,21,2,0,2,1,0,1,0,0
OC[C@H](c1nc(OCCc2nc(c[nH]2)CF)ccc1)NC(=O)C,5/000000032,"InChI=1S/C15H19FN4O3/c1-10(22)18-13(9-21)12-3-2-4-15(20-12)23-6-5-14-17-8-11(7-16)19-14/h2-4,8,13,21H,5-7,9H2,1H3,(H,17,19)(H,18,22)/t13-/m1/s1",C15H19N4O3F,322.144118688,1.0651999999999995,4.3,3.68,5.09,-190,3.6916646190411218,1,ENAMINE,5,3,100.13,8,15,3,4,0.6521739130434783,0.13043478260869565,0.17391304347826086,0.4,0.06666666666666667,23,2,0,2,2,0,2,0,0
SCCNCCc1cccc2c1nc(nc2)/C=C/CC(=C)C[NH3+],27/000000002,"InChI=1S/C18H24N4S/c1-14(12-19)4-2-7-17-21-13-16-6-3-5-15(18(16)22-17)8-9-20-10-11-23/h2-3,5-7,13,20,23H,1,4,8-12,19H2/p+1/b7-2+",C18H25N4S,329.17944422009003,1.8930999999999998,4.3,-4.6,18.9,-120,3.681152360386422,1,ENAMINE,4,3,65.45,9,18,0,4,0.782608695652174,0.0,0.17391304347826086,0.3333333333333333,0.0,23,2,0,2,1,0,1,0,0
O=Nc1c(Cl)ccc(c1N)/N=c\1/scc([nH]1)CN(=O)=O,19/000000001,"InChI=1S/C10H8ClN5O3S/c11-6-1-2-7(8(12)9(6)15-17)14-10-13-5(4-20-10)3-16(18)19/h1-2,4H,3,12H2,(H,13,14)",C10H8N5O3SCl,313.00363779599996,2.7188,4.3,-7.74,24.7,-40,3.928536214971857,1,ENAMINE,7,2,126.74000000000001,4,10,3,5,0.5,0.15,0.25,0.1,0.0,20,2,0,2,1,0,1,0,0
N[C@H](NCCC)C(=O)c1n[nH]c(c1)N,19/000000035,"InChI=1S/C8H15N5O/c1-2-3-11-8(10)7(14)5-4-6(9)13-12-5/h4,8,11H,2-3,10H2,1H3,(H3,9,12,13)/t8-/m1/s1",C8H15N5O,197.12766009999999,-0.5410000000000001,4.3,4.05,3.58,-170,3.808196612077083,1,ENAMINE,5,4,109.81999999999998,5,8,1,5,0.5714285714285714,0.07142857142857142,0.35714285714285715,0.5,0.125,14,1,0,1,1,0,1,0,0
c1ccc([nH]1)[C@H](C/C=C/CN(=O)=O)[NH3+],28/000000006,"InChI=1S/C9H13N3O2/c10-8(9-5-3-6-11-9)4-1-2-7-12(13)14/h1-3,5-6,8,11H,4,7,10H2/p+1/b2-1+/t8-/m0/s1",C9H14N3O2,196.10805310809,0.5206999999999999,4.29,7.43,2.22,-150,4.720799041226881,1,ENAMINE,2,2,86.57,5,9,2,3,0.6428571428571429,0.14285714285714285,0.21428571428571427,0.3333333333333333,0.1111111111111111,14,1,0,1,1,0,1,0,0
N=c1sc(n[nH]1)/C=C/1\N=C(OC1=O)c1ncc[nH]1,9/000000005,"InChI=1S/C9H6N6O2S/c10-9-15-14-5(18-9)3-4-8(16)17-7(13-4)6-11-1-2-12-6/h1-3H,(H2,10,15)(H,11,12)/b4-3-",C9H6N6O2S,262.027294432,0.018269999999999842,4.29,0.2,3.72,-80,3.9101423490688374,1,ENAMINE,7,3,119.87,2,9,2,6,0.5,0.1111111111111111,0.3333333333333333,0.0,0.0,18,3,1,2,3,1,2,0,0
Sc1nnc([nH]1)C[NH2+][C@H](Cc1[nH]ncc1)c1nc(c([nH]1)CS)Cl,17/000000044,"InChI=1S/C12H15ClN8S2/c13-10-8(5-22)16-11(18-10)7(3-6-1-2-15-19-6)14-4-9-17-12(23)21-20-9/h1-2,7,14,22H,3-5H2,(H,15,19)(H,16,18)(H2,17,20,21,23)/p+1/t7-/m1/s1",C12H16N8S2Cl,371.06223861208997,0.6702000000000001,4.29,-4.27,3.58,-150,5.143591095641444,1,ENAMINE,6,6,115.53999999999999,7,12,0,8,0.5217391304347826,0.0,0.34782608695652173,0.3333333333333333,0.08333333333333333,23,3,0,3,3,0,3,0,0
C(=C)/C=C/[C@H]1ONC(=C1)Cc1cc(Br)cc(c1N)OC,21/000000002,"InChI=1S/C15H17BrN2O2/c1-3-4-5-13-9-12(18-20-13)7-10-6-11(16)8-14(19-2)15(10)17/h3-6,8-9,13,18H,1,7,17H2,2H3/b5-4+/t13-/m1/s1",C15H17N2O2Br,336.04733988400005,3.111900000000001,4.29,0.61,3.58,-170,4.2174801300470595,1,ENAMINE,4,2,56.510000000000005,5,15,2,2,0.75,0.1,0.1,0.2,0.06666666666666667,20,2,1,1,1,1,0,0,0
N(C(=O)Cc1nnc(o1)C/C=C/CC[C@@H]1CNC(=O)C1)N,29/000000265,"InChI=1S/C13H19N5O3/c14-16-11(20)7-13-18-17-12(21-13)5-3-1-2-4-9-6-10(19)15-8-9/h1,3,9H,2,4-8,14H2,(H,15,19)(H,16,20)/b3-1+/t9-/m0/s1",C13H19N5O3,293.148789468,-0.38299999999999906,4.29,4.23,5.08,-150,3.645438229813067,1,ENAMINE,6,3,123.14,7,13,3,5,0.6190476190476191,0.14285714285714285,0.23809523809523808,0.5384615384615384,0.07692307692307693,21,2,1,1,2,1,1,0,0
OCC/C=C/[C@H](c1noc(c1)C[NH3+])N(=O)=O,2/000000004,"InChI=1S/C9H13N3O4/c10-6-7-5-8(11-16-7)9(12(14)15)3-1-2-4-13/h1,3,5,9,13H,2,4,6,10H2/p+1/b3-1+/t9-/m1/s1",C9H14N3O4,228.09788234809,-0.3270999999999999,4.28,6.4,2.35,-150,4.719356091722236,1,ENAMINE,5,2,117.04000000000002,6,9,4,3,0.5625,0.25,0.1875,0.4444444444444444,0.1111111111111111,16,1,0,1,1,0,1,0,0
O[C@H](c1nn(cc1)CC)c1ncc([nH]1)N(=O)=O,19/000000028,"InChI=1S/C9H11N5O3/c1-2-13-4-3-6(12-13)8(15)9-10-5-7(11-9)14(16)17/h3-5,8,15H,2H2,1H3,(H,10,11)/t8-/m1/s1",C9H11N5O3,237.086189212,0.6159999999999999,4.28,3.87,22.1,-170,3.7221506674898657,1,ENAMINE,6,2,109.87,4,9,3,5,0.5294117647058824,0.17647058823529413,0.29411764705882354,0.3333333333333333,0.1111111111111111,17,2,0,2,2,0,2,0,0
Oc1ncc(cc1CON)/C=C(\CC1CNNC1)/C,25/000000002,"InChI=1S/C13H20N4O2/c1-9(3-11-6-16-17-7-11)2-10-4-12(8-19-14)13(18)15-5-10/h2,4-5,11,16-17H,3,6-8,14H2,1H3,(H,15,18)/b9-2-",C13H20N4O2,264.15862588,0.6949,4.27,1.86,15.8,-170,3.929923302498876,1,ENAMINE,6,4,92.43,5,13,2,4,0.6842105263157895,0.10526315789473684,0.21052631578947367,0.46153846153846156,0.0,19,2,1,1,2,1,1,0,0
OCCc1noc(c1)C[NH2+]Cc1nonc1,2/000000001,"InChI=1S/C9H12N4O3/c14-2-1-7-3-9(15-12-7)6-10-4-8-5-11-16-13-8/h3,5,10,14H,1-2,4,6H2/p+1",C9H13N4O3,225.09821669609,-1.1439999999999992,4.27,-0.49,2.22,0,4.354082681567645,1,ENAMINE,6,2,101.79,6,9,3,4,0.5625,0.1875,0.25,0.4444444444444444,0.0,16,2,0,2,2,0,2,0,0
Oc1cc(cc(c1O)Br)/C=C/[C@H]1CC=CC1,23/000000022,"InChI=1S/C13H13BrO2/c14-11-7-10(8-12(15)13(11)16)6-5-9-3-1-2-4-9/h1-2,5-9,15-16H,3-4H2/b6-5+",C13H13O2Br,280.009891756,3.8397000000000014,4.27,-6.9,2.22,-170,2.977225398425256,1,ENAMINE,2,2,40.46,2,13,2,0,0.8125,0.125,0.0,0.23076923076923078,0.0,16,2,1,1,0,0,0,0,0
NNC(=O)Cc1nnc(o1)C/C=C/c1ncc2n(c1)cnn2,29/000000077,"InChI=1S/C12H12N8O2/c13-16-10(21)4-12-19-18-11(22-12)3-1-2-8-6-20-7-15-17-9(20)5-14-8/h1-2,5-7H,3-4,13H2,(H,16,21)/b2-1+",C12H12N8O2,300.10832162400004,-0.7044000000000008,4.26,4.79,5.21,-40,3.422808453340603,1,ENAMINE,9,2,137.12,5,12,2,8,0.5454545454545454,0.09090909090909091,0.36363636363636365,0.16666666666666666,0.0,22,3,0,3,3,0,3,0,0
SCC/C=C/Cc1nnc(o1)CC(=O)NN,29/000000338,"InChI=1S/C9H14N4O2S/c10-11-7(14)6-9-13-12-8(15-9)4-2-1-3-5-16/h1-2,16H,3-6,10H2,(H,11,14)/b2-1+",C9H14N4O2S,242.083746688,0.020600000000000118,4.26,7.07,3.72,0,3.2763330907329467,1,ENAMINE,6,3,94.03999999999999,6,9,2,4,0.5625,0.125,0.25,0.4444444444444444,0.0,16,1,0,1,1,0,1,0,0
N(C(=O)Cc1nnc(o1)C/C=C/CCCC[NH2+]CC)N,29/000000234,"InChI=1S/C13H23N5O2/c1-2-15-9-7-5-3-4-6-8-12-17-18-13(20-12)10-11(19)16-14/h4,6,15H,2-3,5,7-10,14H2,1H3,(H,16,19)/p+1/b6-4+",C13H24N5O2,282.19245142809,-0.5456999999999976,4.26,5.12,3.72,-170,3.8415433257558096,1,ENAMINE,5,3,110.65,10,13,2,5,0.65,0.1,0.25,0.6153846153846154,0.0,20,1,0,1,1,0,1,0,0
O[C@@H](c1ncc([nH]1)N(=O)=O)c1cnc2c(c1)[nH]cc2,19/000000020,"InChI=1S/C11H9N5O3/c17-10(11-14-5-9(15-11)16(18)19)6-3-8-7(13-4-6)1-2-12-8/h1-5,10,12,17H,(H,14,15)/t10-/m1/s1",C11H9N5O3,259.070539148,1.2758999999999998,4.26,5.1,20.7,-190,3.6074853477772097,1,ENAMINE,5,3,120.73000000000002,3,11,3,5,0.5789473684210527,0.15789473684210525,0.2631578947368421,0.09090909090909091,0.09090909090909091,19,3,0,3,3,0,3,0,0
N(C(=O)Cc1nnc(o1)C/C=C/c1nn(cc1)C[C@@H](CN)C)N,29/000000253,"InChI=1S/C14H21N7O2/c1-10(8-15)9-21-6-5-11(20-21)3-2-4-13-18-19-14(23-13)7-12(22)17-16/h2-3,5-6,10H,4,7-9,15-16H2,1H3,(H,17,22)/b3-2+/t10-/m1/s1",C14H21N7O2,319.1756729120001,-0.3507999999999993,4.25,4.51,5.08,-170,3.729926867561831,1,ENAMINE,8,3,137.88,8,14,2,7,0.6086956521739131,0.08695652173913043,0.30434782608695654,0.42857142857142855,0.07142857142857142,23,2,0,2,2,0,2,0,0
Oc1cc(C(=O)C#CCN)c(cc1I)c1nnsc1,4/000000001,"InChI=1S/C12H8IN3O2S/c13-9-4-7(10-6-19-16-15-10)8(5-12(9)18)11(17)2-1-3-14/h4-6,18H,3,14H2",C12H8N3O2SI,384.93819549600005,1.6601,4.25,-6.61,3.58,-160,3.58949190433729,1,ENAMINE,6,2,89.1,2,12,2,3,0.631578947368421,0.10526315789473684,0.15789473684210525,0.08333333333333333,0.0,19,2,0,2,1,0,1,0,0
c1nc(nc2c1c(c[nH]2)CCl)CN,3/000000005,"InChI=1S/C8H9ClN4/c9-1-5-3-12-8-6(5)4-11-7(2-10)13-8/h3-4H,1-2,10H2,(H,11,12,13)",C8H9N4Cl,196.05157396799999,1.1554,4.25,0.32,11.9,-40,3.1931241574932336,1,ENAMINE,3,2,67.59,2,8,0,4,0.6153846153846154,0.0,0.3076923076923077,0.25,0.0,13,2,0,2,2,0,2,0,0
OC(=O)[C@@H](N)C#Cc1nnn(c1)CCC,24/000000124,"InChI=1S/C9H12N4O2/c1-2-5-13-6-7(11-12-13)3-4-8(10)9(14)15/h6,8H,2,5,10H2,1H3,(H,14,15)/t8-/m0/s1",C9H12N4O2,208.096025624,-0.5485000000000004,4.25,-1.36,3.58,-170,3.8103851578283408,1,ENAMINE,5,2,94.03,3,9,2,4,0.6,0.13333333333333333,0.26666666666666666,0.4444444444444444,0.1111111111111111,15,1,0,1,1,0,1,0,0
OC(=O)[C@@](C=S)(N)C#Cc1nc[nH]c1,24/000000136,"InChI=1S/C8H7N3O2S/c9-8(4-14,7(12)13)2-1-6-3-10-5-11-6/h3-5H,9H2,(H,10,11)(H,12,13)/t8-/m1/s1",C8H7N3O2S,209.025897464,-0.4570000000000001,4.24,4.17,20.6,-150,4.833034263898947,1,ENAMINE,4,3,92.0,2,8,2,3,0.5714285714285714,0.14285714285714285,0.21428571428571427,0.125,0.125,14,1,0,1,1,0,1,0,0
O=N(=O)c1cnc([nH]1)[C@@H](C[NH3+])C,19/000000005,"InChI=1S/C6H10N4O2/c1-4(2-7)6-8-3-5(9-6)10(11)12/h3-4H,2,7H2,1H3,(H,8,9)/p+1/t4-/m1/s1",C6H11N4O2,171.08765201209,-0.3367000000000002,4.24,2.01,2.35,-170,4.587445593865658,1,ENAMINE,3,2,99.46,3,6,2,4,0.5,0.16666666666666666,0.3333333333333333,0.5,0.16666666666666666,12,1,0,1,1,0,1,0,0
OC(=O)COCc1c(O)ccc(c1Cl)C=C,18/000000017,"InChI=1S/C11H11ClO4/c1-2-7-3-4-9(13)8(11(7)12)5-16-6-10(14)15/h2-4,13H,1,5-6H2,(H,14,15)",C11H11O4Cl,242.034586512,2.2898000000000005,4.24,-2.96,3.72,0,2.744611444936883,1,ENAMINE,3,2,66.76,5,11,4,0,0.6875,0.25,0.0,0.18181818181818182,0.0,16,1,0,1,0,0,0,0,0
Oc1cc(C#CCC2=CCON2)c2c(c1)CCCC2,21/000000001,"InChI=1S/C16H17NO2/c18-15-10-12-4-1-2-7-16(12)13(11-15)5-3-6-14-8-9-19-17-14/h8,10-11,17-18H,1-2,4,6-7,9H2",C16H17NO2,255.125928784,2.4313000000000002,4.23,-4.44,16.8,-80,3.537864877590451,1,ENAMINE,3,2,41.49,1,16,2,1,0.8421052631578947,0.10526315789473684,0.05263157894736842,0.375,0.0,19,3,2,1,1,1,0,0,0
OP(=O)([C@@H]([NH2+]CC)c1cccc(c1)NCCCCN)O,22/000000006,"InChI=1S/C13H24N3O3P/c1-2-15-13(20(17,18)19)11-6-5-7-12(10-11)16-9-4-3-8-14/h5-7,10,13,15-16H,2-4,8-9,14H2,1H3,(H2,17,18,19)/p+1/t13-/m1/s1",C13H25N3O3P,302.16280471009,0.5969999999999998,4.23,-1.51,6.32,-190,3.757728796380727,1,ENAMINE,3,5,112.19,9,13,3,3,0.65,0.15,0.15,0.5384615384615384,0.07692307692307693,20,1,0,1,0,0,0,0,0
O=C(c1ccc2c(c1C(=O)NCC1=C[C@H](CO1)Cl)onc2)N,1/000000002,"InChI=1S/C14H12ClN3O4/c15-8-3-9(21-6-8)5-17-14(20)11-10(13(16)19)2-1-7-4-18-22-12(7)11/h1-4,8H,5-6H2,(H2,16,19)(H,17,20)/t8-/m1/s1",C14H12N3O4Cl,321.051633544,1.178,4.23,-1.31,3.58,-190,3.9056822593716234,1,ENAMINE,5,2,107.45,4,14,4,3,0.6363636363636364,0.18181818181818182,0.13636363636363635,0.21428571428571427,0.07142857142857142,22,3,1,2,2,1,1,0,0
OC(=O)Cc1cc(cc(c1)CCc1nccnc1)[C@@H](CCN)N,21/000000068,"InChI=1S/C17H22N4O2/c18-4-3-16(19)14-8-12(7-13(9-14)10-17(22)23)1-2-15-11-20-5-6-21-15/h5-9,11,16H,1-4,10,18-19H2,(H,22,23)/t16-/m1/s1",C17H22N4O2,314.17427594400004,1.2375,4.23,-3.31,5.09,-170,3.0579304178576896,1,ENAMINE,5,3,115.11999999999999,8,17,2,4,0.7391304347826086,0.08695652173913043,0.17391304347826086,0.35294117647058826,0.058823529411764705,23,2,0,2,1,0,1,0,0
N(C(=O)Cc1nnc(o1)C/C=C/c1cnoc1)N,29/000000030,"InChI=1S/C10H11N5O3/c11-13-8(16)4-10-15-14-9(18-10)3-1-2-7-5-12-17-6-7/h1-2,5-6H,3-4,11H2,(H,13,16)/b2-1+",C10H11N5O3,249.086189212,-0.15410000000000046,4.23,7.3,3.72,0,3.3573506330925067,1,ENAMINE,7,2,120.07000000000001,5,10,3,5,0.5555555555555556,0.16666666666666666,0.2777777777777778,0.2,0.0,18,2,0,2,2,0,2,0,0
NNC/C=C/C/C=C/[C@H]1C=NCC1,16/000000001,"InChI=1S/C10H17N3/c11-13-7-4-2-1-3-5-10-6-8-12-9-10/h2-5,9-10,13H,1,6-8,11H2/b4-2+,5-3+/t10-/m1/s1",C10H17N3,179.14224754399999,1.0429,4.22,7.68,2.22,-150,4.728682092183245,1,ENAMINE,3,2,50.41,5,10,0,3,0.7692307692307693,0.0,0.23076923076923078,0.5,0.1,13,1,1,0,1,1,0,0,0
Oc1cc(cc(c1O)CO)/C=C/CC/C=C\C,23/000000052,"InChI=1S/C14H18O3/c1-2-3-4-5-6-7-11-8-12(10-15)14(17)13(16)9-11/h2-3,6-9,15-17H,4-5,10H2,1H3/b3-2-,7-6+",C14H18O3,234.125594436,2.959600000000001,4.22,-7.05,2.35,-40,2.8358168273397375,1,ENAMINE,3,3,60.69,5,14,3,0,0.8235294117647058,0.17647058823529413,0.0,0.2857142857142857,0.0,17,1,0,1,0,0,0,0,0
OCCC(/C=C/Cc1cc(O)c(cc1I)I)(N)N,4/000000027,"InChI=1S/C12H16I2N2O2/c13-9-7-10(14)11(18)6-8(9)2-1-3-12(15,16)4-5-17/h1,3,6-7,17-18H,2,4-5,15-16H2/b3-1+",C12H16N2O2I2,473.93012375200004,1.6961999999999997,4.22,-2.31,3.58,-150,3.7155692721457614,1,ENAMINE,4,4,92.5,5,12,2,2,0.6666666666666666,0.1111111111111111,0.1111111111111111,0.3333333333333333,0.0,18,1,0,1,0,0,0,0,0
OCc1cc(c(nc1Cc1occc1)N)C(O)(F)F,17/000000049,"InChI=1S/C12H12F2N2O3/c13-12(14,18)9-4-7(6-17)10(16-11(9)15)5-8-2-1-3-19-8/h1-4,17-18H,5-6H2,(H2,15,16)",C12H12N2O3F2,270.081598684,1.3815,4.22,-5.71,20.0,-150,3.100399831098482,1,ENAMINE,5,3,92.51,4,12,3,2,0.631578947368421,0.15789473684210525,0.10526315789473684,0.25,0.0,19,2,0,2,2,0,2,0,0
Oc1c(I)cc(c(c1)C/C=C/CSCCCO)I,4/000000030,"InChI=1S/C13H16I2O2S/c14-11-9-12(15)13(17)8-10(11)4-1-2-6-18-7-3-5-16/h1-2,8-9,16-17H,3-7H2/b2-1+",C13H16O2SI2,489.89604675199996,3.815700000000002,4.22,-0.74,3.58,0,3.320424964453453,1,ENAMINE,3,2,40.46,7,13,2,0,0.7222222222222222,0.1111111111111111,0.0,0.38461538461538464,0.0,18,1,0,1,0,0,0,0,0
OCN[C@H](CS)c1cc[nH]c1,14/000000002,"InChI=1S/C7H12N2OS/c10-5-9-7(4-11)6-1-2-8-3-6/h1-3,7-11H,4-5H2/t7-/m1/s1",C7H12N2OS,172.067034004,0.5250000000000001,4.22,5.17,2.22,-150,4.183947079673165,1,ENAMINE,3,4,48.05,4,7,1,2,0.6363636363636364,0.09090909090909091,0.18181818181818182,0.42857142857142855,0.14285714285714285,11,1,0,1,1,0,1,0,0
OC(=O)CNN[C@H](CC)c1cc(O)c(cc1I)I,4/000000034,"InChI=1S/C11H14I2N2O3/c1-2-9(15-14-5-11(17)18)6-3-10(16)8(13)4-7(6)12/h3-4,9,14-16H,2,5H2,1H3,(H,17,18)/t9-/m1/s1",C11H14N2O3I2,475.90938830799996,2.2313,4.22,-5.29,16.2,-170,3.7669338815266578,1,ENAMINE,4,4,81.59,6,11,3,2,0.6111111111111112,0.16666666666666666,0.1111111111111111,0.36363636363636365,0.09090909090909091,18,1,0,1,0,0,0,0,0
OCC#Cc1nc(co1)/C=C/[C@H](CCCCO)C1=CCCC1,15/000000003,"InChI=1S/C18H23NO3/c20-12-4-3-8-16(15-6-1-2-7-15)10-11-17-14-22-18(19-17)9-5-13-21/h6,10-11,14,16,20-21H,1-4,7-8,12-13H2/b11-10+/t16-/m0/s1",C18H23NO3,301.167793596,2.920700000000002,4.22,-3.36,4.94,-190,4.196945178106116,1,ENAMINE,4,2,66.49000000000001,7,18,3,1,0.8181818181818182,0.13636363636363635,0.045454545454545456,0.5,0.05555555555555555,22,2,1,1,1,0,1,0,0
O[C@@H](/C=C/Cc1nnc([nH]1)C(=C)C)c1nnn[nH]1,21/000000033,"InChI=1S/C10H13N7O/c1-6(2)9-11-8(12-13-9)5-3-4-7(18)10-14-16-17-15-10/h3-4,7,18H,1,5H2,2H3,(H,11,12,13)(H,14,15,16,17)/b4-3+/t7-/m0/s1",C10H12N7O,247.11815803599998,0.18319999999999986,4.22,1.6,3.58,-170,4.65034564623254,1,ENAMINE,6,3,116.25999999999999,5,10,1,7,0.5555555555555556,0.05555555555555555,0.3888888888888889,0.3,0.1,18,2,0,2,2,0,2,0,0
OC(=O)[C@@H](N)C#CCSc1cccc(c1)S(=O)(=O)C,24/000000114,"InChI=1S/C12H13NO4S2/c1-19(16,17)10-5-2-4-9(8-10)18-7-3-6-11(13)12(14)15/h2,4-5,8,11H,7,13H2,1H3,(H,14,15)/t11-/m0/s1",C12H13NO4S2,299.028599896,0.5975000000000006,4.21,-2.23,2.22,-190,3.4557456796022468,1,ENAMINE,5,2,97.45999999999998,4,12,4,1,0.631578947368421,0.21052631578947367,0.05263157894736842,0.25,0.08333333333333333,19,1,0,1,0,0,0,0,0
c1cnc(n1C/C=C/C)CNS(=O)(=O)CN[C@@H]1NCCC1,24/000000056,"InChI=1S/C13H23N5O2S/c1-2-3-8-18-9-7-15-13(18)10-17-21(19,20)11-16-12-5-4-6-14-12/h2-3,7,9,12,14,16-17H,4-6,8,10-11H2,1H3/b3-2+",C13H22N5O2S,313.157245976,0.13520000000000088,4.21,4.41,24.1,-20,3.8743151528899897,1,ENAMINE,6,3,88.05,8,13,2,5,0.6190476190476191,0.09523809523809523,0.23809523809523808,0.6153846153846154,0.07692307692307693,21,2,1,1,2,1,1,0,0
Oc1cc(cc(c1O)CC)C(=C)CCCS,23/000000005,"InChI=1S/C13H18O2S/c1-3-10-7-11(8-12(14)13(10)15)9(2)5-4-6-16/h7-8,14-16H,2-6H2,1H3",C13H18O2S,238.102750816,3.383400000000002,4.21,-4.73,3.58,-60,2.946704110410945,1,ENAMINE,3,3,40.46,5,13,2,0,0.8125,0.125,0.0,0.38461538461538464,0.0,16,1,0,1,0,0,0,0,0
SCCC(/C=C/Cc1cc(O)c(cc1I)I)(N)N,4/000000028,"InChI=1S/C12H16I2N2OS/c13-9-7-10(14)11(17)6-8(9)2-1-3-12(15,16)4-5-18/h1,3,6-7,17-18H,2,4-5,15-16H2/b3-1+",C12H16N2OSI2,489.90728013200004,2.6337,4.21,-2.06,3.58,-178,3.9035481182996072,1,ENAMINE,4,4,72.27,5,12,1,2,0.6666666666666666,0.05555555555555555,0.1111111111111111,0.3333333333333333,0.0,18,1,0,1,0,0,0,0,0
Oc1c(I)cc(c(c1)[C@@H](c1[nH]ncc1)/C=C/N(=O)=O)I,4/000000004,"InChI=1S/C12H9I2N3O3/c13-9-6-10(14)12(18)5-8(9)7(2-4-17(19)20)11-1-3-15-16-11/h1-7,18H,(H,15,16)/b4-2+/t7-/m0/s1",C12H9N3O3I2,496.873337148,3.2468000000000004,4.21,-5.02,22.6,-189,4.160047677499608,1,ENAMINE,4,2,92.04999999999998,4,12,3,3,0.6,0.15,0.15,0.08333333333333333,0.08333333333333333,20,2,0,2,1,0,1,0,0
O=N(=O)c1cnc([nH]1)[C@@H](C[NH3+])CCC,19/000000004,"InChI=1S/C8H14N4O2/c1-2-3-6(4-9)8-10-5-7(11-8)12(13)14/h5-6H,2-4,9H2,1H3,(H,10,11)/p+1/t6-/m1/s1",C8H15N4O2,199.11895214009,0.4434999999999996,4.21,4.22,3.72,-170,4.3667322396074475,1,ENAMINE,3,2,99.46,5,8,2,4,0.5714285714285714,0.14285714285714285,0.2857142857142857,0.625,0.125,14,1,0,1,1,0,1,0,0
SCC(=O)Oc1c(O)c2ccc(=O)oc2c(c1)S(=O)=O,15/000000005,"InChI=1S/C11H8O7S2/c12-8-2-1-5-10(14)6(17-9(13)4-19)3-7(20(15)16)11(5)18-8/h1-3,14,19-20H,4H2",C11H8O7S2,315.97114459599993,0.3041,4.21,-2.46,22.8,-120,3.5997414364170783,1,ENAMINE,8,3,110.88,3,11,7,0,0.55,0.35,0.0,0.09090909090909091,0.0,20,2,0,2,1,0,1,0,0
Oc1cc(c(c(c1)Cl)Cl)NC(=C)[C@@](CO)(C)N(=O)=O,18/000000007,"InChI=1S/C11H12Cl2N2O4/c1-6(11(2,5-16)15(18)19)14-9-4-7(17)3-8(12)10(9)13/h3-4,14,16-17H,1,5H2,2H3/t11-/m0/s1",C11H12N2O4Cl2,306.01741222399994,2.6523000000000003,4.2,-5.1,18.8,-190,3.7562214021989777,1,ENAMINE,5,3,95.63,5,11,4,2,0.5789473684210527,0.21052631578947367,0.10526315789473684,0.2727272727272727,0.09090909090909091,19,1,0,1,0,0,0,0,0
OCCC[C@@H](CCNCc1[nH]nnn1)n1cnnc1,21/000000029,"InChI=1S/C10H18N8O/c19-5-1-2-9(18-7-12-13-8-18)3-4-11-6-10-14-16-17-15-10/h7-9,11,19H,1-6H2,(H,14,15,16,17)/t9-/m0/s1",C10H17N8O,266.160357196,-0.7152999999999989,4.2,4.23,3.58,-150,3.9179141023559634,1,ENAMINE,8,3,117.43,9,10,1,8,0.5263157894736842,0.05263157894736842,0.42105263157894735,0.7,0.1,19,2,0,2,2,0,2,0,0
SCc1c(Cl)nc([nH]1)[C@H]([NH2+]Cc1nnn[nH]1)/C=C/N(=O)=O,17/000000046,"InChI=1S/C9H11ClN8O2S/c10-8-6(4-21)12-9(13-8)5(1-2-18(19)20)11-3-7-14-16-17-15-7/h1-2,5,11,21H,3-4H2,(H,12,13)(H,14,15,16,17)/p+1/b2-1+/t5-/m1/s1",C9H12N8O2SCl,331.04869672408995,-0.3989000000000005,4.2,-2.38,3.58,-150,5.163695322381515,1,ENAMINE,7,4,142.89000000000001,7,9,2,8,0.42857142857142855,0.09523809523809523,0.38095238095238093,0.3333333333333333,0.1111111111111111,21,2,0,2,2,0,2,0,0
SC/C=C\c1ccc(cc1)CC#CC(N)N,7/000000001,"InChI=1S/C13H16N2S/c14-13(15)5-1-3-11-6-8-12(9-7-11)4-2-10-16/h2,4,6-9,13,16H,3,10,14-15H2/b4-2-",C13H16N2S,232.103419512,1.4189999999999996,4.19,1.62,2.22,-150,3.2706623215021784,1,ENAMINE,3,3,52.04,3,13,0,2,0.8125,0.0,0.125,0.23076923076923078,0.0,16,1,0,1,0,0,0,0,0
O[C@H](c1nocc1NCC)C#CCC[NH3+],17/000000001,"InChI=1S/C10H15N3O2/c1-2-12-8-7-15-13-10(8)9(14)5-3-4-6-11/h7,9,12,14H,2,4,6,11H2,1H3/p+1/t9-/m0/s1",C10H16N3O2,210.12370317209,-0.22480000000000022,4.19,-3.14,2.22,-190,4.762255969943055,1,ENAMINE,4,3,85.93,4,10,2,3,0.6666666666666666,0.13333333333333333,0.2,0.5,0.1,15,1,0,1,1,0,1,0,0
Oc1cc(cc(c1O)CO)/C=C/[C@@H](CC)C=C,23/000000040,"InChI=1S/C14H18O3/c1-3-10(4-2)5-6-11-7-12(9-15)14(17)13(16)8-11/h3,5-8,10,15-17H,1,4,9H2,2H3/b6-5+/t10-/m1/s1",C14H18O3,234.125594436,2.815500000000001,4.19,-5.31,2.35,-170,3.5701442346997148,1,ENAMINE,3,3,60.69,5,14,3,0,0.8235294117647058,0.17647058823529413,0.0,0.2857142857142857,0.07142857142857142,17,1,0,1,0,0,0,0,0
Oc1cc(/C=C\Cn2cnnc2)cc(c1O)CO,23/000000036,"InChI=1S/C12H13N3O3/c16-6-10-4-9(5-11(17)12(10)18)2-1-3-15-7-13-14-8-15/h1-2,4-5,7-8,16-18H,3,6H2/b2-1-",C12H13N3O3,247.095691276,0.895,4.19,-9.7,3.72,-60,3.0492651997475715,1,ENAMINE,6,3,91.4,4,12,3,3,0.6666666666666666,0.16666666666666666,0.16666666666666666,0.16666666666666666,0.0,18,2,0,2,1,0,1,0,0
Oc1cc(cc(c1O)Br)/C=C/Cc1oc(nc1C)C,23/000000008,"InChI=1S/C14H14BrNO3/c1-8-13(19-9(2)16-8)5-3-4-10-6-11(15)14(18)12(17)7-10/h3-4,6-7,17-18H,5H2,1-2H3/b4-3+",C14H14NO3Br,323.01570540800003,3.721040000000002,4.19,-7.61,2.22,-120,3.055825866601441,1,ENAMINE,4,2,66.49000000000001,3,14,3,1,0.7368421052631579,0.15789473684210525,0.05263157894736842,0.21428571428571427,0.0,19,2,0,2,1,0,1,0,0
Oc1cc(cc(c1O)Br)/C=C/[C@H]1OCCC1,23/000000014,"InChI=1S/C12H13BrO3/c13-10-6-8(7-11(14)12(10)15)3-4-9-2-1-5-16-9/h3-4,6-7,9,14-15H,1-2,5H2/b4-3+/t9-/m0/s1",C12H13O3Br,284.00480637600003,3.052500000000002,4.18,-6.73,2.22,-170,3.2715992385753827,1,ENAMINE,3,2,49.69,2,12,3,0,0.75,0.1875,0.0,0.3333333333333333,0.08333333333333333,16,2,1,1,1,1,0,0,0
S[C@@H](NC(=O)Cc1cccc2c1nc[nH]2)c1nccnc1,13/000000001,"InChI=1S/C14H13N5OS/c20-12(19-14(21)11-7-15-4-5-16-11)6-9-2-1-3-10-13(9)18-8-17-10/h1-5,7-8,14,21H,6H2,(H,17,18)(H,19,20)/t14-/m1/s1",C14H13N5OS,299.08408103600004,1.6401999999999999,4.18,1.02,3.58,-190,3.3796279019442155,1,ENAMINE,5,3,83.56,4,14,1,5,0.6666666666666666,0.047619047619047616,0.23809523809523808,0.14285714285714285,0.07142857142857142,21,3,0,3,2,0,2,0,0
Oc1c(Cl)ccc(c1)[C@@](C(=O)N)(N(=O)=O)Cl,24/000000189,"InChI=1S/C8H6Cl2N2O4/c9-5-2-1-4(3-6(5)13)8(10,7(11)14)12(15)16/h1-3,13H,(H2,11,14)/t8-/m0/s1",C8H6N2O4Cl2,263.970462032,1.1991999999999996,4.18,-3.56,17.0,-150,3.475417399926227,1,ENAMINE,4,2,106.46000000000001,3,8,4,2,0.5,0.25,0.125,0.125,0.125,16,1,0,1,0,0,0,0,0
N[C@H]1N(C/C=C/CONC(=O)C2=CC=CCN2)CC[C@H]1[NH3+],24/000000168,"InChI=1S/C14H23N5O2/c15-11-6-9-19(13(11)16)8-3-4-10-21-18-14(20)12-5-1-2-7-17-12/h1-5,11,13,17H,6-10,15-16H2,(H,18,20)/p+1/b4-3+/t11-,13?/m1/s1",C14H23N5O2,294.19245142809,-1.7652999999999963,4.17,1.49,3.58,-150,5.003768434659395,1,ENAMINE,5,4,107.26,6,14,2,5,0.6666666666666666,0.09523809523809523,0.23809523809523808,0.5,0.14285714285714285,21,2,2,0,2,2,0,0,0
OCc1nc(ccc1)NC(=O)[C@@H](c1ccccc1)C(=O)O,4/000000048,"InChI=1S/C15H14N2O4/c18-9-11-7-4-8-12(16-11)17-14(19)13(15(20)21)10-5-2-1-3-6-10/h1-8,13,18H,9H2,(H,20,21)(H,16,17,19)/t13-/m1/s1",C15H13N2O4,286.095356928,1.3808,4.17,-3.55,4.81,-150,2.59733182824853,1,ENAMINE,4,3,99.52000000000001,5,15,4,2,0.7142857142857143,0.19047619047619047,0.09523809523809523,0.13333333333333333,0.06666666666666667,21,2,0,2,1,0,1,0,0
Oc1cc(/C=C\Cc2ncsc2)cc(c1O)CO,23/000000047,"InChI=1S/C13H13NO3S/c15-6-10-4-9(5-12(16)13(10)17)2-1-3-11-7-18-8-14-11/h1-2,4-5,7-8,15-17H,3,6H2/b2-1-",C13H13NO3S,263.061614276,2.3025000000000007,4.17,-10.53,2.35,-40,2.9564932540462134,1,ENAMINE,5,3,73.58000000000001,4,13,3,1,0.7222222222222222,0.16666666666666666,0.05555555555555555,0.15384615384615385,0.0,18,2,0,2,1,0,1,0,0
NNCc1cccc(c1)Cc1oncc1,21/000000008,"InChI=1S/C11H13N3O/c12-13-8-10-3-1-2-9(6-10)7-11-4-5-14-15-11/h1-6,13H,7-8,12H2",C11H13N3O,203.105862036,1.2286999999999997,4.16,1.8,2.22,0,2.6113593425801405,1,ENAMINE,4,2,64.08,4,11,1,3,0.7333333333333333,0.06666666666666667,0.2,0.18181818181818182,0.0,15,2,0,2,1,0,1,0,0
Oc1c(O)cc(c(c1)C(=O)N)/C=C/C=C/CO,23/000000006,"InChI=1S/C12H13NO4/c13-12(17)9-7-11(16)10(15)6-8(9)4-2-1-3-5-14/h1-4,6-7,14-16H,5H2,(H2,13,17)/b3-1+,4-2+",C12H13NO4,235.084457896,0.7584,4.16,-5.38,15.2,-20,2.9316264480612926,1,ENAMINE,4,4,103.78,4,12,4,1,0.7058823529411765,0.23529411764705882,0.058823529411764705,0.08333333333333333,0.0,17,1,0,1,0,0,0,0,0
S[C@@H](CCl)c1c(Cl)nc([nH]1)C[NH2+]Cc1nnn[nH]1,17/000000038,"InChI=1S/C8H11Cl2N7S/c9-1-4(18)7-8(10)13-5(12-7)2-11-3-6-14-16-17-15-6/h4,11,18H,1-3H2,(H,12,13)(H,14,15,16,17)/p+1/t4-/m0/s1",C8H12N7SCl2,308.02464616409003,0.04949999999999932,4.16,-2.61,5.09,-190,5.224227999173717,1,ENAMINE,5,4,99.75,6,8,0,7,0.4444444444444444,0.0,0.3888888888888889,0.5,0.125,18,2,0,2,2,0,2,0,0
SC[C@H](/C=C/Cc1cc(O)c(cc1I)I)N,4/000000014,"InChI=1S/C11H13I2NOS/c12-9-5-10(13)11(15)4-7(9)2-1-3-8(14)6-16/h1,3-5,8,15-16H,2,6,14H2/b3-1+/t8-/m0/s1",C11H13NOSI2,460.88073103600004,2.9572000000000003,4.16,-1.84,2.22,-150,4.002299131240856,1,ENAMINE,3,3,46.25,4,11,1,1,0.6875,0.0625,0.0625,0.2727272727272727,0.09090909090909091,16,1,0,1,0,0,0,0,0
C#C/C=C(/CC(=O)NC)\c1ccc(c(c1)O)O,23/000000043,"InChI=1S/C13H13NO3/c1-3-4-9(8-13(17)14-2)10-5-6-11(15)12(16)7-10/h1,4-7,15-16H,8H2,2H3,(H,14,17)/b9-4-",C13H13NO3,231.089543276,1.2504999999999997,4.16,-4.23,2.22,-40,3.060916414616476,1,ENAMINE,3,3,69.56,3,13,3,1,0.7647058823529411,0.17647058823529413,0.058823529411764705,0.15384615384615385,0.0,17,1,0,1,0,0,0,0,0
OC[C@@H](c1cnc(cc1)NC(=O)C=C)F,4/000000052,"InChI=1S/C10H11FN2O2/c1-2-10(15)13-9-4-3-7(5-12-9)8(11)6-14/h2-5,8,14H,1,6H2,(H,12,13,15)/t8-/m0/s1",C10H11N2O2F,210.080455812,1.2089999999999999,4.16,3.07,3.58,-150,3.251942756327402,1,ENAMINE,3,2,62.220000000000006,4,10,2,2,0.6666666666666666,0.13333333333333333,0.13333333333333333,0.2,0.1,15,1,0,1,1,0,1,0,0
Oc1ccc(cc1O)/C(=C\Cc1ncsc1)/C=C,23/000000017,"InChI=1S/C14H13NO2S/c1-2-10(3-5-12-8-18-9-15-12)11-4-6-13(16)14(17)7-11/h2-4,6-9,16-17H,1,5H2/b10-3-",C14H13NO2S,259.066699656,3.3664000000000014,4.16,-9.54,2.22,-60,3.1565294531412356,1,ENAMINE,4,2,53.35,4,14,2,1,0.7777777777777778,0.1111111111111111,0.05555555555555555,0.07142857142857142,0.0,18,2,0,2,1,0,1,0,0
OCCn1c(n[nH]c1=S)c1nccnc1CSCCCC[NH3+],17/000000022,"InChI=1S/C13H20N6OS2/c14-3-1-2-8-22-9-10-11(16-5-4-15-10)12-17-18-13(21)19(12)6-7-20/h4-5,20H,1-3,6-9,14H2,(H,18,21)/p+1",C13H21N6OS2,341.12127771209003,0.6452899999999997,4.16,-3.9,23.1,-180,3.5910794011428013,1,ENAMINE,7,3,107.25999999999999,9,13,1,6,0.5909090909090909,0.045454545454545456,0.2727272727272727,0.5384615384615384,0.0,22,2,0,2,2,0,2,0,0
Oc1[nH]nc(c1)[C@H](CCNN)F,27/000000004,"InChI=1S/C6H11FN4O/c7-4(1-2-9-8)5-3-6(12)11-10-5/h3-4,9H,1-2,8H2,(H2,10,11,12)/t4-/m0/s1",C6H11N4OF,174.091689192,-0.020699999999999996,4.15,7.16,2.22,-150,4.387764912047475,1,ENAMINE,4,4,86.96,4,6,1,4,0.5,0.08333333333333333,0.3333333333333333,0.5,0.16666666666666666,12,1,0,1,1,0,1,0,0
OCc1nc([nH]c1)Cc1nnc[nH]1,5/000000029,"InChI=1S/C7H9N5O/c13-3-5-2-8-6(11-5)1-7-9-4-10-12-7/h2,4,13H,1,3H2,(H,8,11)(H,9,10,12)",C7H9N5O,179.080709908,-0.38909999999999995,4.15,6.3,15.9,0,3.997334081992632,1,ENAMINE,4,3,90.47999999999999,3,7,1,5,0.5384615384615384,0.07692307692307693,0.38461538461538464,0.2857142857142857,0.0,13,2,0,2,2,0,2,0,0
O=N(=O)c1cnc([nH]1)C[C@H]([NH3+])CF,19/000000011,"InChI=1S/C6H9FN4O2/c7-2-4(8)1-5-9-3-6(10-5)11(12)13/h3-4H,1-2,8H2,(H,9,10)/p+1/t4-/m0/s1",C6H10N4O2F,189.07823020009,-0.5596000000000008,4.15,1.18,2.22,-150,4.708762161587526,1,ENAMINE,3,2,99.46,4,6,2,4,0.46153846153846156,0.15384615384615385,0.3076923076923077,0.5,0.16666666666666666,13,1,0,1,1,0,1,0,0
[nH]1nc(cc1)/C=C/Cc1nnc(o1)CC(=O)NNS(=O)=O,29/000000323,"InChI=1S/C10H12N6O4S/c17-8(13-16-21(18)19)6-10-15-14-9(20-10)3-1-2-7-4-5-11-12-7/h1-2,4-5,21H,3,6H2,(H,11,12)(H,13,17)(H,16,18,19)/b2-1+",C10H12N6O4S,312.06407386399997,-1.2617,4.15,11.03,3.72,0,4.112584389662939,1,ENAMINE,7,4,142.86999999999998,7,10,4,6,0.47619047619047616,0.19047619047619047,0.2857142857142857,0.2,0.0,21,2,0,2,2,0,2,0,0
O=N[C@H](C)/C=C/Cc1nnc(o1)CC(=O)NN,29/000000160,"InChI=1S/C9H13N5O3/c1-6(14-16)3-2-4-8-12-13-9(17-8)5-7(15)11-10/h2-3,6H,4-5,10H2,1H3,(H,11,15)/b3-2+/t6-/m1/s1",C9H13N5O3,239.101839276,-0.14439999999999997,4.15,6.53,3.72,-170,3.994148048831928,1,ENAMINE,7,2,123.46999999999998,6,9,3,5,0.5294117647058824,0.17647058823529413,0.29411764705882354,0.4444444444444444,0.1111111111111111,17,1,0,1,1,0,1,0,0
c1nc(c(nc1)c1n[nH]c(=S)[nH]1)CSCCCC[NH3+],17/000000012,"InChI=1S/C11H16N6S2/c12-3-1-2-6-19-7-8-9(14-5-4-13-8)10-15-11(18)17-16-10/h4-5H,1-3,6-7,12H2,(H2,15,16,17,18)/p+1",C11H17N6S2,297.09506296409006,1.1795899999999997,4.15,-3.12,20.7,-140,3.967878314153888,1,ENAMINE,5,3,97.89,7,11,0,6,0.5789473684210527,0.0,0.3157894736842105,0.45454545454545453,0.0,19,2,0,2,2,0,2,0,0
O[C@@H](/C=C/Cc1nnc[nH]1)c1[nH]nnn1,21/000000007,"InChI=1S/C7H9N7O/c15-5(7-11-13-14-12-7)2-1-3-6-8-4-9-10-6/h1-2,4-5,15H,3H2,(H,8,9,10)(H,11,12,13,14)/b2-1+/t5-/m0/s1",C7H8N7O,207.08685790799998,-0.8499000000000003,4.14,1.99,2.22,-150,4.622985840072926,1,ENAMINE,6,3,116.26,4,7,1,7,0.4666666666666667,0.06666666666666667,0.4666666666666667,0.2857142857142857,0.14285714285714285,15,2,0,2,2,0,2,0,0
N(C(=O)Cc1cccc(c1)CC(=O)c1ccc(cc1Cl)F)N,21/000000010,"InChI=1S/C16H14ClFN2O2/c17-14-9-12(18)4-5-13(14)15(21)7-10-2-1-3-11(6-10)8-16(22)20-19/h1-6,9H,7-8,19H2,(H,20,22)",C16H14N2O2FCl,320.072783588,2.4368999999999996,4.14,-6.0,3.58,-60,2.0597586661401,1,ENAMINE,3,2,72.19,5,16,2,2,0.7272727272727273,0.09090909090909091,0.09090909090909091,0.125,0.0,22,2,0,2,0,0,0,0,0
OC(=O)[C@@H](NCC=C)C#Cc1nnc[nH]1,24/000000158,"InChI=1S/C9H10N4O2/c1-2-5-10-7(9(14)15)3-4-8-11-6-12-13-8/h2,6-7,10H,1,5H2,(H,14,15)(H,11,12,13)/t7-/m0/s1",C9H10N4O2,206.08037556,-0.615,4.14,3.49,3.85,-150,4.557230695217781,1,ENAMINE,4,3,90.9,4,9,2,4,0.6,0.13333333333333333,0.26666666666666666,0.2222222222222222,0.1111111111111111,15,1,0,1,1,0,1,0,0
SC[C@H](c1nnsc1)O,24/000000002,"InChI=1S/C4H6N2OS2/c7-4(1-8)3-2-9-6-5-3/h2,4,7-8H,1H2/t4-/m1/s1",C4H6N2OS2,161.992154812,0.5012999999999999,4.14,6.16,1.0,-150,4.278825231991069,1,ENAMINE,5,2,46.010000000000005,2,4,1,2,0.4444444444444444,0.1111111111111111,0.2222222222222222,0.5,0.25,9,1,0,1,1,0,1,0,0
C1=C(CNNC/C=C/C[C@H]([NH3+])c2[nH]ccc2)CC=CO1,28/000000013,"InChI=1S/C15H22N4O/c16-14(15-7-3-8-17-15)6-1-2-9-18-19-11-13-5-4-10-20-12-13/h1-4,7-8,10,12,14,17-19H,5-6,9,11,16H2/p+1/b2-1+/t14-/m0/s1",C15H23N4O,275.18663777609,1.1560999999999997,4.14,1.52,21.2,-190,5.0200767541856335,1,ENAMINE,3,4,76.72000000000001,8,15,1,4,0.75,0.05,0.2,0.3333333333333333,0.06666666666666667,20,2,1,1,2,1,1,0,0
Oc1cc(/C=C/CS(=O)(=O)C)c(cc1O)c1nscn1,23/000000011,"InChI=1S/C12H12N2O4S2/c1-20(17,18)4-2-3-8-5-10(15)11(16)6-9(8)12-13-7-19-14-12/h2-3,5-7,15-16H,4H2,1H3/b3-2+",C12H12N2O4S2,312.02384886400006,1.6741,4.14,-6.99,23.8,-180,3.471635795391437,1,ENAMINE,7,2,100.38,4,12,4,2,0.6,0.2,0.1,0.16666666666666666,0.0,20,2,0,2,1,0,1,0,0
SC/C=C/COCc1nc([nH]c1)CN(=O)=O,5/000000019,"InChI=1S/C9H13N3O3S/c13-12(14)6-9-10-5-8(11-9)7-15-3-1-2-4-16/h1-2,5,16H,3-4,6-7H2,(H,10,11)/b2-1+",C9H13N3O3S,243.067762276,1.1889999999999998,4.14,11.89,2.35,0,4.080791552271409,1,ENAMINE,5,2,81.04999999999998,7,9,3,3,0.5625,0.1875,0.1875,0.4444444444444444,0.0,16,1,0,1,1,0,1,0,0
OC(=O)CSCC/C=C/Cc1nnc(o1)CC(=O)NN,29/000000143,"InChI=1S/C11H16N4O4S/c12-13-8(16)6-10-15-14-9(19-10)4-2-1-3-5-20-7-11(17)18/h1-2H,3-7,12H2,(H,13,16)(H,17,18)/b2-1+",C11H16N4O4S,300.089225992,-0.09139999999999981,4.13,4.52,3.72,-150,3.121824586600229,1,ENAMINE,7,3,131.34,9,11,4,4,0.55,0.2,0.2,0.45454545454545453,0.0,20,1,0,1,1,0,1,0,0
SCc1c(Cl)nc([nH]1)[C@H]([NH2+]Cc1[nH]ncc1)Cc1[nH]ncc1,17/000000025,"InChI=1S/C13H16ClN7S/c14-12-11(7-22)18-13(19-12)10(5-8-1-3-16-20-8)15-6-9-2-4-17-21-9/h1-4,10,15,22H,5-7H2,(H,16,20)(H,17,21)(H,18,19)/p+1/t10-/m1/s1",C13H17N7SCl,338.09491864409006,0.9864999999999995,4.13,-4.49,3.58,-150,4.767021620413808,1,ENAMINE,4,5,102.64999999999999,7,13,0,7,0.5909090909090909,0.0,0.3181818181818182,0.3076923076923077,0.07692307692307693,22,3,0,3,3,0,3,0,0
Oc1cc(Cl)c(c(c1)CCO)C=C,18/000000027,"InChI=1S/C10H11ClO2/c1-2-9-7(3-4-12)5-8(13)6-10(9)11/h2,5-6,12-13H,1,3-4H2",C10H11O2Cl,198.044757272,2.2234,4.13,-5.37,2.22,0,2.7936353544044294,1,ENAMINE,2,2,40.46,3,10,2,0,0.7692307692307693,0.15384615384615385,0.0,0.2,0.0,13,1,0,1,0,0,0,0,0
OC/C(=C\C(=O)NCC1=C[C@H](CO1)Cl)/N(=O)=O,1/000000001,"InChI=1S/C9H11ClN2O5/c10-6-1-8(17-5-6)3-11-9(14)2-7(4-13)12(15)16/h1-2,6,13H,3-5H2,(H,11,14)/b7-2+/t6-/m1/s1",C9H11N2O5Cl,262.035649132,-0.2230000000000001,4.13,0.99,2.22,-150,4.4064428969070715,1,ENAMINE,5,2,101.69999999999999,5,9,5,2,0.5294117647058824,0.29411764705882354,0.11764705882352941,0.4444444444444444,0.1111111111111111,17,1,1,0,1,1,0,0,0
O[C@H](CNCc1[nH]ccc1)c1nc(ccc1)C,28/000000003,"InChI=1S/C13H17N3O/c1-10-4-2-6-12(16-10)13(17)9-14-8-11-5-3-7-15-11/h2-7,13-15,17H,8-9H2,1H3/t13-/m1/s1",C13H17N3O,231.137162164,1.5413199999999998,4.13,6.63,3.58,-170,3.050606073482051,1,ENAMINE,3,3,60.94,5,13,1,3,0.7647058823529411,0.058823529411764705,0.17647058823529413,0.3076923076923077,0.07692307692307693,17,2,0,2,2,0,2,0,0
O[C@H](c1nc(oc1CCC)CO)c1ccc(cc1)CO,20/000000003,"InChI=1S/C15H19NO4/c1-2-3-12-14(16-13(9-18)20-12)15(19)11-6-4-10(8-17)5-7-11/h4-7,15,17-19H,2-3,8-9H2,1H3/t15-/m0/s1",C15H19NO4,277.131408088,1.6934,4.13,-5.47,3.58,-190,3.212360624552554,1,ENAMINE,5,3,86.72000000000001,6,15,4,1,0.75,0.2,0.05,0.4,0.06666666666666667,20,2,0,2,1,0,1,0,0
N(C(=O)Cc1nnc(o1)C/C=C/CCN1OCCC1)N,29/000000330,"InChI=1S/C12H19N5O3/c13-14-10(18)9-12-16-15-11(20-12)5-2-1-3-6-17-7-4-8-19-17/h1-2H,3-9,13H2,(H,14,18)/b2-1+",C12H19N5O3,281.148789468,-0.27189999999999925,4.12,3.01,3.72,0,3.361836750298598,1,ENAMINE,7,2,106.51,7,12,3,5,0.6,0.15,0.25,0.5833333333333334,0.0,20,2,1,1,2,1,1,0,0
SCc1c(Cl)nc([nH]1)C[NH2+][C@H](c1nnn[nH]1)C=S,17/000000027,"InChI=1S/C8H10ClN7S2/c9-7-4(2-17)11-6(12-7)1-10-5(3-18)8-13-15-16-14-8/h3,5,10,17H,1-2H2,(H,11,12)(H,13,14,15,16)/p+1/t5-/m0/s1",C8H11N7S2Cl,304.02003945209,-0.18960000000000038,4.12,0.44,2.22,-150,5.279547456187291,1,ENAMINE,6,4,99.75,6,8,0,7,0.4444444444444444,0.0,0.3888888888888889,0.375,0.125,18,2,0,2,2,0,2,0,0
Oc1cc(c(cc1I)I)C/C=C/C(N)N,4/000000024,"InChI=1S/C10H12I2N2O/c11-7-5-8(12)9(15)4-6(7)2-1-3-10(13)14/h1,3-5,10,15H,2,13-14H2/b3-1+",C10H12N2OI2,429.90390900400007,1.9436000000000002,4.12,-3.73,2.22,-150,3.556245426496224,1,ENAMINE,3,3,72.27,3,10,1,2,0.6666666666666666,0.06666666666666667,0.13333333333333333,0.2,0.0,15,1,0,1,0,0,0,0,0
S[C@H](c1nc(cnc1)C=C)NC(=O)Cc1nocn1,13/000000007,"InChI=1S/C11H11N5O2S/c1-2-7-4-12-5-8(14-7)11(19)15-10(17)3-9-13-6-18-16-9/h2,4-6,11,19H,1,3H2,(H,15,17)/t11-/m1/s1",C11H11N5O2S,277.063345592,0.7898999999999996,4.12,4.16,22.5,-150,4.187693040084901,1,ENAMINE,7,2,93.80000000000001,5,11,2,5,0.5789473684210527,0.10526315789473684,0.2631578947368421,0.18181818181818182,0.09090909090909091,19,2,0,2,2,0,2,0,0
OC[C@@H](c1cnccc1)OCc1[nH]cc(c1)C(=O)OCC,14/000000005,"InChI=1S/C15H18N2O4/c1-2-20-15(19)12-6-13(17-8-12)10-21-14(9-18)11-4-3-5-16-7-11/h3-8,14,17-18H,2,9-10H2,1H3/t14-/m0/s1",C15H18N2O4,290.126657056,1.8366,4.12,0.36,3.58,-170,3.1571028451976817,1,ENAMINE,5,2,84.44000000000001,7,15,4,2,0.7142857142857143,0.19047619047619047,0.09523809523809523,0.3333333333333333,0.06666666666666667,21,2,0,2,2,0,2,0,0
Oc1cc(cc(c1O)Br)/C=C/[C@@H](CO)N,23/000000020,"InChI=1S/C10H12BrNO3/c11-8-3-6(1-2-7(12)5-13)4-9(14)10(8)15/h1-4,7,13-15H,5,12H2/b2-1+/t7-/m0/s1",C10H12NO3Br,273.00005534400003,1.1931000000000003,4.12,-7.06,2.22,-170,3.3779277281848135,1,ENAMINE,4,4,86.71,3,10,3,1,0.6666666666666666,0.2,0.06666666666666667,0.2,0.1,15,1,0,1,0,0,0,0,0
O[C@@H](c1ncc([nH]1)N(=O)=O)c1ncc(cc1)F,19/000000019,"InChI=1S/C9H7FN4O3/c10-5-1-2-6(11-3-5)8(15)9-12-4-7(13-9)14(16)17/h1-4,8,15H,(H,12,13)/t8-/m1/s1",C9H7N4O3F,238.050218304,0.9337,4.12,3.67,2.22,-150,3.5531126969497677,1,ENAMINE,5,2,104.94000000000001,3,9,3,4,0.5294117647058824,0.17647058823529413,0.23529411764705882,0.1111111111111111,0.1111111111111111,17,2,0,2,2,0,2,0,0
OCCC#Cc1c(O)ccc(c1Cl)C=C,18/000000026,"InChI=1S/C12H11ClO2/c1-2-9-6-7-11(15)10(12(9)13)5-3-4-8-14/h2,6-7,14-15H,1,4,8H2",C12H11O2Cl,222.044757272,2.4225000000000003,4.11,-3.28,13.9,0,3.133773268897725,1,ENAMINE,2,2,40.46,2,12,2,0,0.8,0.13333333333333333,0.0,0.16666666666666666,0.0,15,1,0,1,0,0,0,0,0
OC(=O)c1c[nH]c(c1)COCc1ncc(c(c1Cl)C[NH3+])Cl,14/000000003,"InChI=1S/C13H13Cl2N3O3/c14-10-4-18-11(12(15)9(10)2-16)6-21-5-8-1-7(3-17-8)13(19)20/h1,3-4,17H,2,5-6,16H2,(H,19,20)/p+1",C13H14N3O3Cl2,330.04067308809,1.8733999999999997,4.11,-2.0,2.35,-20,3.6129977318380058,1,ENAMINE,3,3,102.85,6,13,3,3,0.6190476190476191,0.14285714285714285,0.14285714285714285,0.23076923076923078,0.0,21,2,0,2,2,0,2,0,0
Oc1cc(cc(c1O)CO)/C=C\[C@@H]1OCCC1,23/000000049,"InChI=1S/C13H16O4/c14-8-10-6-9(7-12(15)13(10)16)3-4-11-2-1-5-17-11/h3-4,6-7,11,14-16H,1-2,5,8H2/b4-3-/t11-/m1/s1",C13H16O4,236.104858992,1.7822999999999996,4.11,-8.54,2.35,-170,3.285569652759915,1,ENAMINE,4,3,69.92,3,13,4,0,0.7647058823529411,0.23529411764705882,0.0,0.38461538461538464,0.07692307692307693,17,2,1,1,1,1,0,0,0
SCCCCc1cc(O)c(cc1c1oncc1)Cl,24/000000190,"InChI=1S/C13H14ClNO2S/c14-11-8-10(13-4-5-15-17-13)9(7-12(11)16)3-1-2-6-18/h4-5,7-8,16,18H,1-3,6H2",C13H14NO2SCl,283.043377368,3.953100000000002,4.11,-3.93,3.58,-120,2.916195516489653,1,ENAMINE,4,2,46.260000000000005,5,13,2,1,0.7222222222222222,0.1111111111111111,0.05555555555555555,0.3076923076923077,0.0,18,2,0,2,1,0,1,0,0
NNC(=O)Cc1cc(C(=O)O)cc(c1)c1s/c(=N/CC)/[nH]n1,21/000000070,"InChI=1S/C13H15N5O3S/c1-2-15-13-18-17-11(22-13)8-3-7(5-10(19)16-14)4-9(6-8)12(20)21/h3-4,6H,2,5,14H2,1H3,(H,15,18)(H,16,19)(H,20,21)",C13H14N5O3S,321.0895603400001,0.28939999999999927,4.11,-4.96,5.09,-160,3.155956396278812,1,ENAMINE,6,4,133.45999999999998,5,13,3,5,0.5909090909090909,0.13636363636363635,0.22727272727272727,0.23076923076923078,0.0,22,2,0,2,1,0,1,0,0
C=CCc1nc(n[nH]1)[C@@H](/C=C/C)N,12/000000001,"InChI=1S/C9H14N4/c1-3-5-7(10)9-11-8(6-4-2)12-13-9/h3-5,7H,2,6,10H2,1H3,(H,11,12,13)/b5-3+/t7-/m1/s1",C9H14N4,178.12184644799999,1.1091,4.11,7.03,3.58,-170,4.201219744005108,1,ENAMINE,3,2,67.59,4,9,0,4,0.6923076923076923,0.0,0.3076923076923077,0.3333333333333333,0.1111111111111111,13,1,0,1,1,0,1,0,0
O[C@H](CONC(=O)CC(=O)Nc1ncccc1)c1ncsc1,24/000000121,"InChI=1S/C13H14N4O4S/c18-10(9-7-22-8-15-9)6-21-17-13(20)5-12(19)16-11-3-1-2-4-14-11/h1-4,7-8,10,18H,5-6H2,(H,17,20)(H,14,16,19)/t10-/m1/s1",C13H14N4O4S,322.073575928,0.6480999999999997,4.11,-1.49,3.58,-190,3.3533473072269944,1,ENAMINE,7,3,113.44,7,13,4,4,0.5909090909090909,0.18181818181818182,0.18181818181818182,0.23076923076923078,0.07692307692307693,22,2,0,2,2,0,2,0,0
Oc1ccc(c(c1CO)Cl)Cl,10/000000002,"InChI=1S/C7H6Cl2O2/c8-5-1-2-6(11)4(3-10)7(5)9/h1-2,10-11H,3H2",C7H6O2Cl2,191.974484792,2.1913000000000005,4.1,-4.74,1.11,0,2.2309472858993527,1,ENAMINE,2,2,40.46,1,7,2,0,0.6363636363636364,0.18181818181818182,0.0,0.14285714285714285,0.0,11,1,0,1,0,0,0,0,0
SCSCC#C[C@@H](C(=O)O)N,24/000000073,"InChI=1S/C6H9NO2S2/c7-5(6(8)9)2-1-3-11-4-10/h5,10H,3-4,7H2,(H,8,9)/t5-/m0/s1",C6H9NO2S2,191.007470528,0.022200000000000053,4.1,1.13,1.11,-150,4.746090144617119,1,ENAMINE,4,3,63.31999999999999,3,6,2,1,0.5454545454545454,0.18181818181818182,0.09090909090909091,0.5,0.16666666666666666,11,0,0,0,0,0,0,0,0
SCc1c(Cl)nc([nH]1)[C@H]([NH2+]Cc1nnn[nH]1)/C=C\C,17/000000035,"InChI=1S/C10H14ClN7S/c1-2-3-6(12-4-8-15-17-18-16-8)10-13-7(5-19)9(11)14-10/h2-3,6,12,19H,4-5H2,1H3,(H,13,14)(H,15,16,17,18)/p+1/b3-2-/t6-/m1/s1",C10H15N7SCl,300.07926858009,0.38679999999999964,4.09,-2.77,3.58,-170,5.149536629828491,1,ENAMINE,5,4,99.75,6,10,0,7,0.5263157894736842,0.0,0.3684210526315789,0.4,0.1,19,2,0,2,2,0,2,0,0
OC/C=C/[C@H]([NH2+]Cc1oncc1)c1nnco1,2/000000007,"InChI=1S/C10H12N4O3/c15-5-1-2-9(10-14-12-7-16-10)11-6-8-3-4-13-17-8/h1-4,7,9,11,15H,5-6H2/p+1/b2-1+/t9-/m0/s1",C10H13N4O3,237.09821669609,-0.5892,4.09,-2.77,3.58,-150,4.871192421990684,1,ENAMINE,6,2,101.79,6,10,3,4,0.5882352941176471,0.17647058823529413,0.23529411764705882,0.3,0.1,17,2,0,2,2,0,2,0,0
Oc1cc(cc(c1O)CO)/C=C\C1CCCC1,23/000000042,"InChI=1S/C14H18O3/c15-9-12-7-11(8-13(16)14(12)17)6-5-10-3-1-2-4-10/h5-8,10,15-17H,1-4,9H2/b6-5-",C14H18O3,234.125594436,2.7935000000000008,4.09,-8.67,2.35,-190,2.6199867741482485,1,ENAMINE,3,3,60.69,3,14,3,0,0.8235294117647058,0.17647058823529413,0.0,0.42857142857142855,0.0,17,2,1,1,0,0,0,0,0
Oc1c(O)c(Br)cc(c1)C(=C)CC(=O)NC,23/000000026,"InChI=1S/C11H12BrNO3/c1-6(3-10(15)13-2)7-4-8(12)11(16)9(14)5-7/h4-5,14,16H,1,3H2,2H3,(H,13,15)",C11H12NO3Br,285.00005534400003,2.0096,4.09,-3.57,2.22,-40,2.8808979258977843,1,ENAMINE,3,3,69.56,3,11,3,1,0.6875,0.1875,0.0625,0.18181818181818182,0.0,16,1,0,1,0,0,0,0,0
O[C@@H](C=C)c1ncc2c(n1)[nH]cc2,3/000000001,"InChI=1S/C9H9N3O/c1-2-7(13)9-11-5-6-3-4-10-8(6)12-9/h2-5,7,13H,1H2,(H,10,11,12)/t7-/m0/s1",C9H9N3O,175.074561908,1.1772999999999998,4.09,1.47,3.58,-190,3.793882945668309,1,ENAMINE,3,2,61.800000000000004,2,9,1,3,0.6923076923076923,0.07692307692307693,0.23076923076923078,0.1111111111111111,0.1111111111111111,13,2,0,2,2,0,2,0,0
c1nc(ccc1)NC(=O)C(=C)c1cccc2c1CCCN2,4/000000042,"InChI=1S/C17H17N3O/c1-12(17(21)20-16-9-2-3-10-19-16)13-6-4-8-15-14(13)7-5-11-18-15/h2-4,6,8-10,18H,1,5,7,11H2,(H,19,20,21)",C17H17N3O,279.137162164,3.0916000000000006,4.09,-1.49,3.58,-120,2.607313733925233,1,ENAMINE,3,2,54.02,3,17,1,3,0.8095238095238095,0.047619047619047616,0.14285714285714285,0.17647058823529413,0.0,21,3,1,2,2,1,1,0,0
Oc1cc(cc(c1O)C[NH3+])/C(=C/Cc1[nH]ncc1)/CC(F)F,23/000000037,"InChI=1S/C15H17F2N3O2/c16-14(17)7-9(1-2-12-3-4-19-20-12)10-5-11(8-18)15(22)13(21)6-10/h1,3-6,14,21-22H,2,7-8,18H2,(H,19,20)/p+1/b9-1+",C15H18N3O2F2,310.13615967609,1.8440999999999999,4.08,-7.28,23.8,-170,3.961178338271247,1,ENAMINE,3,4,96.77999999999999,6,15,2,3,0.6818181818181818,0.09090909090909091,0.13636363636363635,0.26666666666666666,0.0,22,2,0,2,1,0,1,0,0
OC(=O)COC[C@@H](c1nc(c[nH]1)CCC)O,5/000000034,"InChI=1S/C10H16N2O4/c1-2-3-7-4-11-10(12-7)8(13)5-16-6-9(14)15/h4,8,13H,2-3,5-6H2,1H3,(H,11,12)(H,14,15)/t8-/m0/s1",C10H16N2O4,228.111006992,0.49679999999999974,4.08,7.6,5.09,-170,3.592219378435521,1,ENAMINE,4,3,95.44000000000001,7,10,4,2,0.625,0.25,0.125,0.6,0.1,16,1,0,1,1,0,1,0,0
O[C@H](CONC(=O)CNC(=O)c1ccccc1)c1sncn1,24/000000079,"InChI=1S/C13H14N4O4S/c18-10(13-15-8-16-22-13)7-21-17-11(19)6-14-12(20)9-4-2-1-3-5-9/h1-5,8,10,18H,6-7H2,(H,14,20)(H,17,19)/t10-/m1/s1",C13H14N4O4S,322.073575928,0.049300000000000344,4.08,-0.38,3.58,-190,3.2229451094247965,1,ENAMINE,7,3,113.44,7,13,4,4,0.5909090909090909,0.18181818181818182,0.18181818181818182,0.23076923076923078,0.07692307692307693,22,2,0,2,1,0,1,0,0
N(C(=O)Cc1nnc(o1)C/C=C/CC[C@@H]1C=CC=C1)N,29/000000293,"InChI=1S/C14H18N4O2/c15-16-12(19)10-14-18-17-13(20-14)9-3-1-2-6-11-7-4-5-8-11/h1,3-5,7-8,11H,2,6,9-10,15H2,(H,16,19)/b3-1+",C14H18N4O2,274.142975816,1.2230999999999996,4.08,3.94,3.72,-150,3.4204632754975375,1,ENAMINE,5,2,94.04,7,14,2,4,0.7,0.1,0.2,0.35714285714285715,0.0,20,2,1,1,1,0,1,0,0
Oc1ccc(cc1O)/C=C/C=C/CO,23/000000001,"InChI=1S/C11H12O3/c12-7-3-1-2-4-9-5-6-10(13)11(14)8-9/h1-6,8,12-14H,7H2/b3-1+,4-2+",C11H12O3,192.078644244,1.6594999999999998,4.07,-4.64,2.22,0,2.5812995206033804,1,ENAMINE,3,3,60.69,3,11,3,0,0.7857142857142857,0.21428571428571427,0.0,0.09090909090909091,0.0,14,1,0,1,0,0,0,0,0
[nH]1c(ccc1)c1oc(cc1)CC(=O)O,5/000000021,"InChI=1S/C10H9NO3/c12-10(13)6-7-3-4-9(14-7)8-2-1-5-11-8/h1-5,11H,6H2,(H,12,13)",C10H8NO3,191.058243148,1.9017999999999997,4.07,0.74,16.4,-80,2.621627508769061,1,ENAMINE,2,2,66.23,3,10,3,1,0.7142857142857143,0.21428571428571427,0.07142857142857142,0.1,0.0,14,2,0,2,2,0,2,0,0
SCc1c(Cl)nc([nH]1)[C@H]([NH2+]Cc1nncs1)Cc1[nH]ncc1,17/000000026,"InChI=1S/C12H14ClN7S2/c13-11-9(5-21)17-12(18-11)8(3-7-1-2-15-19-7)14-4-10-20-16-6-22-10/h1-2,6,8,14,21H,3-5H2,(H,15,19)(H,17,18)/p+1/t8-/m1/s1",C12H15N7S2Cl,356.0513395800901,1.1148999999999998,4.07,-3.84,3.58,-150,4.890453591567654,1,ENAMINE,6,4,99.74999999999999,7,12,0,7,0.5454545454545454,0.0,0.3181818181818182,0.3333333333333333,0.08333333333333333,22,3,0,3,3,0,3,0,0
OCC#Cc1nc(co1)/C=C/CNCc1nonc1,15/000000001,"InChI=1S/C12H12N4O3/c17-6-2-4-12-15-10(9-18-12)3-1-5-13-7-11-8-14-19-16-11/h1,3,8-9,13,17H,5-7H2/b3-1+",C12H12N4O3,260.090940244,0.20439999999999997,4.07,-2.92,5.09,-40,4.035461031436604,1,ENAMINE,7,2,97.21000000000001,5,12,3,4,0.631578947368421,0.15789473684210525,0.21052631578947367,0.25,0.0,19,2,0,2,2,0,2,0,0
NCNNCc1nnc([nH]1)C/C=C/[C@@H]1N=CCC1,16/000000002,"InChI=1S/C11H19N7/c12-8-15-14-7-11-16-10(17-18-11)5-1-3-9-4-2-6-13-9/h1,3,6,9,14-15H,2,4-5,7-8,12H2,(H,16,17,18)/b3-1+/t9-/m0/s1",C11H19N7,249.17019360799998,-0.35299999999999976,4.07,0.65,20.8,-170,4.985794258885148,1,ENAMINE,6,4,104.01,7,11,0,7,0.6111111111111112,0.0,0.3888888888888889,0.5454545454545454,0.09090909090909091,18,2,1,1,2,1,1,0,0
OCCNNC[C@@H](c1cccc(c1)Cc1oncc1)O,21/000000009,"InChI=1S/C14H19N3O3/c18-7-6-15-16-10-14(19)12-3-1-2-11(8-12)9-13-4-5-17-20-13/h1-5,8,14-16,18-19H,6-7,9-10H2/t14-/m0/s1",C14H19N3O3,277.142641468,0.3852999999999989,4.06,-1.84,3.58,-190,3.353181465780292,1,ENAMINE,6,4,90.55,8,14,3,3,0.7,0.15,0.15,0.35714285714285715,0.07142857142857142,20,2,0,2,1,0,1,0,0
c1nc(nc(c1)c1ncc([nH]1)CC#CC)N,9/000000007,"InChI=1S/C11H11N5/c1-2-3-4-8-7-14-10(15-8)9-5-6-13-11(12)16-9/h5-7H,4H2,1H3,(H,14,15)(H2,12,13,16)",C11H11N5,213.10144535199998,1.0146999999999997,4.06,5.54,16.9,-140,3.159744127522245,1,ENAMINE,4,2,80.48,2,11,0,5,0.6875,0.0,0.3125,0.18181818181818182,0.0,16,2,0,2,2,0,2,0,0
O[C@H](c1[nH]ccc1)c1noc(c1N)C(=C)N(=O)=O,17/000000004,"InChI=1S/C10H10N4O4/c1-5(14(16)17)10-7(11)8(13-18-10)9(15)6-3-2-4-12-6/h2-4,9,12,15H,1,11H2/t9-/m1/s1",C10H10N4O4,250.0702048,0.9140000000000001,4.06,-5.66,3.85,-150,4.2081637088422,1,ENAMINE,6,3,131.21,4,10,4,4,0.5555555555555556,0.2222222222222222,0.2222222222222222,0.1,0.1,18,2,0,2,2,0,2,0,0
OC(=O)Cc1cc(cc(c1)CCCS)C(=O)CO,21/000000065,"InChI=1S/C13H16O4S/c14-8-12(15)11-5-9(2-1-3-18)4-10(6-11)7-13(16)17/h4-6,14,18H,1-3,7-8H2,(H,16,17)",C13H16O4S,268.07692999200003,1.3511,4.06,-4.82,3.58,-20,2.506966760371821,1,ENAMINE,4,3,74.6,7,13,4,0,0.7222222222222222,0.2222222222222222,0.0,0.38461538461538464,0.0,18,1,0,1,0,0,0,0,0
ONCCNCCc1c2cccnc2cc(c1)COC,18/000000001,"InChI=1S/C15H21N3O2/c1-20-11-12-9-13(4-6-16-7-8-18-19)14-3-2-5-17-15(14)10-12/h2-3,5,9-10,16,18-19H,4,6-8,11H2,1H3",C15H21N3O2,275.163376912,1.492099999999999,4.06,-5.16,3.58,-140,2.5179996150200843,1,ENAMINE,5,3,66.41,8,15,2,3,0.75,0.1,0.15,0.4,0.0,20,2,0,2,1,0,1,0,0
c1nc(ccc1/N=c\1/scc[nH]1)NC(=O)C1=NCCCN1,4/000000040,"InChI=1S/C13H14N6OS/c20-12(11-14-4-1-5-15-11)19-10-3-2-9(8-17-10)18-13-16-6-7-21-13/h2-3,6-8H,1,4-5H2,(H,14,15)(H,16,18)(H,17,19,20)",C13H14N6OS,302.09498006800004,1.0338999999999996,4.06,1.62,23.6,0,3.5811540422683983,1,ENAMINE,6,3,94.53,3,13,1,6,0.6190476190476191,0.047619047619047616,0.2857142857142857,0.23076923076923078,0.0,21,3,1,2,3,1,2,0,0
OCc1nc([nH]c1)[C@H](c1nnc[nH]1)F,5/000000033,"InChI=1S/C7H8FN5O/c8-5(7-10-3-11-13-7)6-9-1-4(2-14)12-6/h1,3,5,14H,2H2,(H,9,12)(H,10,11,13)/t5-/m1/s1",C7H8N5OF,197.071288096,0.07900000000000024,4.06,7.27,18.6,-150,4.570646733534574,1,ENAMINE,4,3,90.47999999999999,3,7,1,5,0.5,0.07142857142857142,0.35714285714285715,0.2857142857142857,0.14285714285714285,14,2,0,2,2,0,2,0,0
OC(=O)Cc1cc(cc(c1)CC)[C@@H](CCN)N,21/000000018,"InChI=1S/C13H20N2O2/c1-2-9-5-10(8-13(16)17)7-11(6-9)12(15)3-4-14/h5-7,12H,2-4,8,14-15H2,1H3,(H,16,17)/t12-/m1/s1",C13H20N2O2,236.15247788,1.2247000000000001,4.05,-1.71,5.09,-170,2.8450271778435283,1,ENAMINE,3,3,89.33999999999999,6,13,2,2,0.7647058823529411,0.11764705882352941,0.11764705882352941,0.46153846153846156,0.07692307692307693,17,1,0,1,0,0,0,0,0
O[C@H](CONC(=O)CC#C)c1nnc[nH]1,24/000000126,"InChI=1S/C8H10N4O3/c1-2-3-7(14)12-15-4-6(13)8-9-5-10-11-8/h1,5-6,13H,3-4H2,(H,12,14)(H,9,10,11)/t6-/m1/s1",C8H10N4O3,210.07529018,-1.0907999999999998,4.05,0.89,2.22,-150,4.433676849063934,1,ENAMINE,5,3,100.13,5,8,3,4,0.5333333333333333,0.2,0.26666666666666666,0.375,0.125,15,1,0,1,1,0,1,0,0
NC/C=C\Cc1nc([nH]c1N(=O)=O)c1nc(ncc1)C=C,10/000000001,"InChI=1S/C13H14N6O2/c1-2-11-15-8-6-9(16-11)12-17-10(5-3-4-7-14)13(18-12)19(20)21/h2-4,6,8H,1,5,7,14H2,(H,17,18)/b4-3-",C13H14N6O2,286.117823688,1.4753,4.05,-6.22,22.5,-140,3.782713503091883,1,ENAMINE,6,2,123.62,6,13,2,6,0.6190476190476191,0.09523809523809523,0.2857142857142857,0.15384615384615385,0.0,21,2,0,2,2,0,2,0,0
OC(=O)c1ncnc2c1cc(cc2)NCCCCN,25/000000003,"InChI=1S/C13H16N4O2/c14-5-1-2-6-15-9-3-4-11-10(7-9)12(13(18)19)17-8-16-11/h3-4,7-8,15H,1-2,5-6,14H2,(H,18,19)",C13H16N4O2,260.127325752,1.4788,4.04,-1.08,14.8,-80,2.274582276857851,1,ENAMINE,5,3,101.13,6,13,2,4,0.6842105263157895,0.10526315789473684,0.21052631578947367,0.3076923076923077,0.0,19,2,0,2,1,0,1,0,0
SCNNC(=O)Cc1nnc(o1)CC=C,29/000000048,"InChI=1S/C8H12N4O2S/c1-2-3-7-11-12-8(14-7)4-6(13)10-9-5-15/h2,9,15H,1,3-5H2,(H,10,13)",C8H12N4O2S,228.068096624,-0.15130000000000043,4.04,10.1,3.85,0,3.4369298221006197,1,ENAMINE,6,3,80.05,6,8,2,4,0.5333333333333333,0.13333333333333333,0.26666666666666666,0.375,0.0,15,1,0,1,1,0,1,0,0
O[C@H](CCCSCc1ncc(nc1)CCC)C#CCN,17/000000024,"InChI=1S/C15H23N3OS/c1-2-5-13-10-18-14(11-17-13)12-20-9-4-7-15(19)6-3-8-16/h10-11,15,19H,2,4-5,7-9,12,16H2,1H3/t15-/m0/s1",C15H23N3OS,293.15618335600004,1.7654999999999998,4.04,0.57,18.1,-190,3.6024229148937916,1,ENAMINE,5,2,72.03,8,15,1,3,0.75,0.05,0.15,0.6,0.06666666666666667,20,1,0,1,1,0,1,0,0
OCCCc1cc(cc(c1)CC=C)[C@H](N)O,21/000000054,"InChI=1S/C13H19NO2/c1-2-4-10-7-11(5-3-6-15)9-12(8-10)13(14)16/h2,7-9,13,15-16H,1,3-6,14H2/t13-/m1/s1",C13H19NO2,221.141578848,1.2895999999999999,4.04,-3.31,3.58,-150,3.196766930883075,1,ENAMINE,3,3,66.48,6,13,2,1,0.8125,0.125,0.0625,0.38461538461538464,0.07692307692307693,16,1,0,1,0,0,0,0,0
Oc1cc(cc(c1O)CO)/C=C\[C@H]1C=NCC1,23/000000041,"InChI=1S/C13H15NO3/c15-8-11-5-10(6-12(16)13(11)17)2-1-9-3-4-14-7-9/h1-2,5-7,9,15-17H,3-4,8H2/b2-1-/t9-/m1/s1",C13H15NO3,233.10519334,1.6939999999999995,4.04,-8.98,2.35,-190,3.870056191221453,1,ENAMINE,4,3,73.05,3,13,3,1,0.7647058823529411,0.17647058823529413,0.058823529411764705,0.3076923076923077,0.07692307692307693,17,2,1,1,1,1,0,0,0
c1c(onc1[C@@H](CCNCC)N(=O)=O)C[NH3+],2/000000030,"InChI=1S/C9H16N4O3/c1-2-11-4-3-9(13(14)15)8-5-7(6-10)16-12-8/h5,9,11H,2-4,6,10H2,1H3/p+1/t9-/m1/s1",C9H17N4O3,229.12951682409,-0.2660999999999988,4.03,5.18,2.35,-170,4.386000497316641,1,ENAMINE,5,2,108.83999999999999,7,9,3,4,0.5625,0.1875,0.25,0.6666666666666666,0.1111111111111111,16,1,0,1,1,0,1,0,0
OC(=O)Cc1cc(n2nncn2)cc(c1)CC/C=C/N,21/000000072,"InChI=1S/C13H15N5O2/c14-4-2-1-3-10-5-11(8-13(19)20)7-12(6-10)18-16-9-15-17-18/h2,4-7,9H,1,3,8,14H2,(H,19,20)/b4-2+",C13H15N5O2,273.12257472000005,0.6944,4.03,-2.77,22.2,-120,3.190803244784151,1,ENAMINE,6,2,106.91999999999999,6,13,2,5,0.65,0.1,0.25,0.23076923076923078,0.0,20,2,0,2,1,0,1,0,0
OP(=O)(Cc1cccc(c1)NCCCCN)O,22/000000003,"InChI=1S/C11H19N2O3P/c12-6-1-2-7-13-11-5-3-4-10(8-11)9-17(14,15)16/h3-5,8,13H,1-2,6-7,9,12H2,(H2,14,15,16)",C11H19N2O3P,258.113329098,1.5150999999999997,4.03,1.31,4.81,0,2.330638431267726,1,ENAMINE,3,4,95.58,7,11,3,2,0.6470588235294118,0.17647058823529413,0.11764705882352941,0.45454545454545453,0.0,17,1,0,1,0,0,0,0,0
NNC(=O)Cc1cc(c2nnsc2)cc(c1)CCC,21/000000050,"InChI=1S/C13H16N4OS/c1-2-3-9-4-10(7-13(18)15-14)6-11(5-9)12-8-19-17-16-12/h4-6,8H,2-3,7,14H2,1H3,(H,15,18)",C13H16N4OS,276.104482132,1.6899999999999995,4.03,-5.08,5.09,-140,2.6112925332681076,1,ENAMINE,5,2,80.89999999999999,5,13,1,4,0.6842105263157895,0.05263157894736842,0.21052631578947367,0.3076923076923077,0.0,19,2,0,2,1,0,1,0,0
N[C@@H](C)C(=O)c1n[nH]c(=S)[nH]1,19/000000016,"InChI=1S/C5H8N4OS/c1-2(6)3(10)4-7-5(11)9-8-4/h2H,6H2,1H3,(H2,7,8,9,11)/t2-/m0/s1",C5H8N4OS,172.041881876,-0.00281000000000009,4.03,5.35,2.22,-170,4.086344786526933,1,ENAMINE,4,3,87.56,2,5,1,4,0.45454545454545453,0.09090909090909091,0.36363636363636365,0.4,0.2,11,1,0,1,1,0,1,0,0
Oc1ccc(c(c1C[C@H](CCCl)O)Cl)C=C,18/000000022,"InChI=1S/C12H14Cl2O2/c1-2-8-3-4-11(16)10(12(8)14)7-9(15)5-6-13/h2-4,9,15-16H,1,5-7H2/t9-/m0/s1",C12H14O2Cl2,260.037085048,3.220900000000002,4.02,-2.49,2.22,-150,3.4685331205074057,1,ENAMINE,2,2,40.46,5,12,2,0,0.75,0.125,0.0,0.3333333333333333,0.08333333333333333,16,1,0,1,0,0,0,0,0
OC/C=C/[C@H](CCl)c1nc(N)ccc1,17/000000048,"InChI=1S/C10H13ClN2O/c11-7-8(3-2-6-14)9-4-1-5-10(12)13-9/h1-5,8,14H,6-7H2,(H2,12,13)/b3-2+/t8-/m1/s1",C10H13N2OCl,212.071640716,1.5347,4.02,-1.36,3.72,-150,3.728313834126289,1,ENAMINE,3,2,59.14,4,10,1,2,0.7142857142857143,0.07142857142857142,0.14285714285714285,0.3,0.1,14,1,0,1,1,0,1,0,0
O[C@H](c1[nH]ccc1COC)c1noc(c1N)C(=C)N(=O)=O,17/000000023,"InChI=1S/C12H14N4O5/c1-6(16(18)19)12-8(13)10(15-21-12)11(17)9-7(5-20-2)3-4-14-9/h3-4,11,14,17H,1,5,13H2,2H3/t11-/m1/s1",C12H14N4O5,294.096419548,1.0604,4.02,-6.21,3.85,-190,4.224019565845455,1,ENAMINE,7,3,140.44,6,12,5,4,0.5714285714285714,0.23809523809523808,0.19047619047619047,0.25,0.08333333333333333,21,2,0,2,2,0,2,0,0
OC(=O)c1ncnc2c1cc(cc2)NCCC(=S)N,25/000000004,"InChI=1S/C12H12N4O2S/c13-10(19)3-4-14-7-1-2-9-8(5-7)11(12(17)18)16-6-15-9/h1-2,5-6,14H,3-4H2,(H2,13,19)(H,17,18)",C12H12N4O2S,276.068096624,1.4161,4.02,-0.06,17.9,-80,2.4713444442502066,1,ENAMINE,5,3,101.13,5,12,2,4,0.631578947368421,0.10526315789473684,0.21052631578947367,0.16666666666666666,0.0,19,2,0,2,1,0,1,0,0
NC[C@@H]1NC(=CN1)CC(=C)c1nscn1,24/000000184,"InChI=1S/C9H13N5S/c1-6(9-12-5-15-14-9)2-7-4-11-8(3-10)13-7/h4-5,8,11,13H,1-3,10H2/t8-/m0/s1",C9H13N5S,223.08916641599998,0.2603999999999998,4.01,0.45,20.5,-150,5.070125277379805,1,ENAMINE,6,3,75.86,4,9,0,5,0.6,0.0,0.3333333333333333,0.3333333333333333,0.1111111111111111,15,2,1,1,2,1,1,0,0
O=C1N[C@H](C1)/C(=C/CCOc1cc(ccc1N)C)/CCl,14/000000001,"InChI=1S/C15H19ClN2O2/c1-10-4-5-12(17)14(7-10)20-6-2-3-11(9-16)13-8-15(19)18-13/h3-5,7,13H,2,6,8-9,17H2,1H3,(H,18,19)/b11-3+/t13-/m1/s1",C15H19N2O2Cl,294.113505528,2.39982,4.01,0.9,5.09,-170,3.41782585931779,1,ENAMINE,3,2,64.35,6,15,2,2,0.75,0.1,0.1,0.4,0.06666666666666667,20,2,1,1,1,1,0,0,0
c1ncc(nc1/C=C/C[C@H]([NH3+])c1[nH]ccc1)/C=C/CNCN,28/000000011,"InChI=1S/C16H22N6/c17-12-19-8-2-5-14-11-20-10-13(22-14)4-1-6-15(18)16-7-3-9-21-16/h1-5,7,9-11,15,19,21H,6,8,12,17-18H2/p+1/b4-1+,5-2+/t15-/m0/s1",C16H23N6,299.19787115609006,0.710200000000001,4.01,1.67,5.09,-190,4.498821620413809,1,ENAMINE,4,4,107.26,8,16,0,6,0.7272727272727273,0.0,0.2727272727272727,0.25,0.0625,22,2,0,2,2,0,2,0,0
SCCOCc1cc(/C=C\2/SC(=O)NC2=O)cc(c1)N(=O)=O,9/000000001,"InChI=1S/C13H12N2O5S2/c16-12-11(22-13(17)14-12)6-8-3-9(7-20-1-2-21)5-10(4-8)15(18)19/h3-6,21H,1-2,7H2,(H,14,16,17)/b11-6+",C13H12N2O5S2,340.018763484,2.3651,4.01,-3.53,3.72,0,2.8409427771110956,1,ENAMINE,7,2,98.53999999999999,6,13,5,2,0.5909090909090909,0.22727272727272727,0.09090909090909091,0.23076923076923078,0.0,22,2,1,1,1,1,0,0,0
ON(CC)C/C(=C/c1cnc(cc1)O)/CC1CNNC1,25/000000005,"InChI=1S/C14H22N4O2/c1-2-18(20)10-12(6-13-8-16-17-9-13)5-11-3-4-14(19)15-7-11/h3-5,7,13,16-17,20H,2,6,8-10H2,1H3,(H,15,19)/b12-5+",C14H22N4O2,278.174275944,0.9957999999999998,4.01,-1.48,3.58,-170,3.959595147618159,1,ENAMINE,6,4,80.65,6,14,2,4,0.7,0.1,0.2,0.5,0.0,20,2,1,1,2,1,1,0,0
O=c1nc([nH]o1)/C=C/C[C@H]([NH3+])c1[nH]ccc1,28/000000002,"InChI=1S/C10H12N4O2/c11-7(8-4-2-6-12-8)3-1-5-9-13-10(15)16-14-9/h1-2,4-7,12H,3,11H2,(H,13,14,15)/p+1/b5-1+/t7-/m0/s1",C10H13N4O2,221.10330207609,0.07749999999999996,4.01,6.82,2.22,-150,4.681327466000132,1,ENAMINE,3,3,102.32,4,10,2,4,0.625,0.125,0.25,0.2,0.1,16,2,0,2,2,0,2,0,0
N(C(=O)Cc1nnc(o1)C/C=C/CC[C@@H]1CC=CC1)N,29/000000235,"InChI=1S/C14H20N4O2/c15-16-12(19)10-14-18-17-13(20-14)9-3-1-2-6-11-7-4-5-8-11/h1,3-5,11H,2,6-10,15H2,(H,16,19)/b3-1+",C14H20N4O2,276.15862588,1.4470999999999996,4.01,5.56,3.72,-150,3.2131959014922344,1,ENAMINE,5,2,94.04,7,14,2,4,0.7,0.1,0.2,0.5,0.0,20,2,1,1,1,0,1,0,0
Oc1cc(/C=C/C=C/CC[NH3+])cc(c1O)CC,23/000000034,"InChI=1S/C14H19NO2/c1-2-12-9-11(10-13(16)14(12)17)7-5-3-4-6-8-15/h3-5,7,9-10,16-17H,2,6,8,15H2,1H3/p+1/b4-3+,7-5+",C14H20NO2,234.14885530009,1.8615999999999997,4.0,-5.98,3.58,-60,3.421238103935483,1,ENAMINE,2,3,68.10000000000001,5,14,2,1,0.8235294117647058,0.11764705882352941,0.058823529411764705,0.2857142857142857,0.0,17,1,0,1,0,0,0,0,0
C(=C\CC1CNNC1)\c1n[nH]c(=O)o1,25/000000006,"InChI=1S/C8H12N4O2/c13-8-12-11-7(14-8)3-1-2-6-4-9-10-5-6/h1,3,6,9-10H,2,4-5H2,(H,12,13)/b3-1-",C8H12N4O2,196.096025624,-0.5098,4.0,1.37,2.22,-150,4.21504306223998,1,ENAMINE,5,3,82.95,3,8,2,4,0.5714285714285714,0.14285714285714285,0.2857142857142857,0.5,0.0,14,2,1,1,2,1,1,0,0
c1nc2c(o1)cccc2NC(=O)NC[C@H]1C=CNC(=O)C1,14/000000010,"InChI=1S/C14H14N4O3/c19-12-6-9(4-5-15-12)7-16-14(20)18-10-2-1-3-11-13(10)17-8-21-11/h1-5,8-9H,6-7H2,(H,15,19)(H2,16,18,20)/t9-/m0/s1",C14H14N4O3,286.10659030799997,1.5990999999999997,4.0,3.22,3.58,-190,3.625655896900078,1,ENAMINE,4,3,96.25999999999999,3,14,3,4,0.6666666666666666,0.14285714285714285,0.19047619047619047,0.21428571428571427,0.07142857142857142,21,3,1,2,2,1,1,0,0
SCc1c(Cl)nc([nH]1)[C@H]([NH2+]C/C=C/C(=O)N)Cc1[nH]ncc1,17/000000031,"InChI=1S/C13H17ClN6OS/c14-12-10(7-22)18-13(19-12)9(6-8-3-5-17-20-8)16-4-1-2-11(15)21/h1-3,5,9,16,22H,4,6-7H2,(H2,15,21)(H,17,20)(H,18,19)/p+1/b2-1+/t9-/m1/s1",C13H18N6OSCl,341.09458429609003,0.10470000000000007,4.0,-3.57,3.58,-190,4.871330894607356,1,ENAMINE,4,5,117.05999999999999,8,13,1,6,0.5909090909090909,0.045454545454545456,0.2727272727272727,0.3076923076923077,0.07692307692307693,22,2,0,2,2,0,2,0,0
